T-1 ; return any active toolG94 ; mm/min feed  
G28 ; home 
T1 ; pick up tool 1, nonplanar nozzleM104 S205 ; heat current tool to 205C for PLAM83 ; relative extrusion 
G1 E10 ; prime extruder 
G94 ; mm/min feed 
G90 ; absolute positioning 
G0 C0 X0 Z20 B0 ; go to start 
G93 ; inverse time feed 
T0
G01 C103.97876 X0.00816 Z19.58626 B0.33111 F13099.2366
G01 C108.97362 X-0.27783 Z18.96032 B0.72596 F13099.2366
G01 C118.22029 X-0.64960 Z17.71871 B1.25094 F13099.2366
G01 C122.02452 X-0.93492 Z17.12127 B1.65432 F13099.2366
G01 C125.54288 X-1.14779 Z16.52426 B1.96043 F13099.2366
G01 C134.38407 X-1.33009 Z14.74601 B2.29753 F13099.2366
G01 C143.10385 X-1.59109 Z14.06942 B2.73132 F13099.2366
G01 C149.59672 X-1.90147 Z13.38724 B3.24245 F13099.2366
G01 C146.32564 X-2.38186 Z11.31177 B4.06598 F13099.2366
G01 C142.54723 X-2.97154 Z10.45211 B4.74367 F13099.2366
G01 C160.62204 X0.72086 Z8.70646 B3.75790 E0.0062 F5914.1616
G01 C162.00040 X4.44070 Z6.94841 B2.77213 E0.0062 F5914.1616
G01 C162.50585 X8.16252 Z5.17794 B1.78636 E0.0062 F5914.1616
G01 C162.76813 X11.88511 Z3.39504 B0.80059 E0.0062 F5914.1616
G01 C163.99882 X12.45755 Z3.40146 B0.01133 E0.0066 F5914.1616
G01 C165.23015 X13.03575 Z3.39992 B-0.77792 E0.0066 F5914.1616
G01 C166.46097 X13.61959 Z3.39040 B-1.56718 E0.0066 F5914.1616
G01 C167.69016 X14.20897 Z3.37292 B-2.35644 E0.0066 F5914.1616
G01 C168.49647 X14.83220 Z3.35342 B-3.20809 E0.0088 F4435.6212
G01 C169.30266 X15.45738 Z3.32466 B-4.05974 E0.0088 F4435.6212
G01 C170.10841 X16.08437 Z3.28664 B-4.91139 E0.0088 F4435.6212
G01 C170.92636 X16.59598 Z3.23148 B-5.58451 E0.0088 F4435.6212
G01 C171.74149 X17.10957 Z3.17055 B-6.25763 E0.0088 F4435.6212
G01 C172.55351 X17.62505 Z3.10386 B-6.93075 E0.0088 F4435.6212
G01 C174.88939 X18.16728 Z3.06720 B-7.72889 E0.0130 F3065.1825
G01 C177.23560 X18.72933 Z3.02247 B-8.52703 E0.0130 F3065.1825
G01 C180.82602 X19.17214 Z2.93645 B-9.16189 E0.0136 F3065.1825
G01 C184.41212 X19.66318 Z2.84535 B-9.79674 E0.0136 F3065.1825
G01 C185.67603 X19.99373 Z2.77691 B-10.30238 E0.0145 F2871.8680
G01 C186.94631 X20.32981 Z2.70525 B-10.80802 E0.0145 F2871.8680
G01 C192.06944 X20.85252 Z2.57652 B-11.60724 E0.0282 F1435.9340
G01 C197.18251 X21.31097 Z2.48420 B-12.22096 E0.0248 F1435.9340
G01 C201.01228 X21.62122 Z2.43764 B-12.69691 E0.0192 F1928.9870
G01 C202.91361 X21.87752 Z2.40494 B-13.04219 E0.0176 F1928.9870
G01 C197.00542 X15.25909 Z4.02073 B-12.81662 F13855.8714
G01 C197.24413 X15.68925 Z3.92290 B-12.70050 F13855.8714
G94
G01 C197.24413 X15.62281 Z3.93781 B-12.60761 E1.8686 F20000
G93
G94
G01 C197.24413 X15.56964 Z3.94967 B-12.53330 F20000
G93
G01 C187.63593 X15.35856 Z4.02708 B-12.53785 E0.0328 F1463.6528
G01 C177.58966 X15.36900 Z4.07616 B-12.53281 E0.0329 F1463.6528
G01 C169.49352 X15.46676 Z3.98324 B-12.57347 E0.0248 F1791.4110
G01 C165.62528 X15.58529 Z3.94870 B-12.58364 E0.0248 F1791.4110
G01 C161.90481 X15.71464 Z3.91806 B-12.56944 E0.0248 F1791.4110
G01 C169.66756 X15.69689 Z3.97289 B-12.64751 E0.0274 F1756.6422
G01 C173.70680 X15.77139 Z3.95656 B-12.66575 E0.0274 F1756.6422
G01 C182.28354 X15.72167 Z4.00834 B-12.64465 E0.0328 F1463.0228
G01 C191.95585 X15.58982 Z3.95128 B-12.62916 E0.0307 F1463.0228
G01 C196.73115 X15.57985 Z3.94746 B-12.55706 E0.0307 F1463.0228
G01 C193.23009 X15.51772 Z4.29454 B-12.52382 F26000.0000
G01 C189.53758 X15.75130 Z4.25711 B-12.55802 F15632.3926
G01 C186.02204 X16.04321 Z4.23229 B-12.59204 F15632.3926
G01 C179.80027 X16.67601 Z4.18150 B-12.63501 F15632.3926
G94
G01 C179.80027 X16.70060 Z4.17598 B-12.66938 F20000
G93
G01 C178.78977 X16.75195 Z4.15176 B-12.70656 E0.0072 F6517.9754
G01 C176.89387 X16.78438 Z4.11997 B-12.75122 E0.0132 F3557.2845
G01 C172.54125 X16.74012 Z4.07699 B-12.81300 E0.0305 F1547.3055
G01 C163.71767 X16.75903 Z4.00267 B-12.89292 E0.0281 F1547.3055
G01 C159.44142 X16.86023 Z3.98285 B-12.91192 E0.0281 F1547.3055
G01 C156.20144 X16.90477 Z3.98157 B-12.88813 E0.0216 F2012.6021
G01 C151.90785 X16.85267 Z4.02874 B-12.75878 E0.0145 F2974.9953
G01 C150.61732 X17.08671 Z3.99691 B-12.63068 E0.0197 F2185.6760
G01 C156.20457 X17.07188 Z3.94407 B-12.69871 E0.0199 F2185.6760
G01 C166.83641 X17.08117 Z3.95505 B-12.83236 E0.0261 F1803.2722
G01 C170.46988 X17.16160 Z3.97033 B-12.91666 E0.0261 F1803.2722
G01 C174.07014 X17.24484 Z3.99202 B-12.96148 E0.0261 F1803.2722
G01 C177.60983 X17.33593 Z4.01890 B-12.97471 E0.0261 F1803.2722
G01 C182.80593 X17.20424 Z4.03818 B-12.97003 E0.0252 F1867.4852
G01 C186.28361 X17.12795 Z4.00995 B-12.97524 E0.0252 F1867.4852
G01 C189.82099 X17.08621 Z3.98040 B-12.98836 E0.0252 F1867.4852
G01 C196.93086 X17.09809 Z3.92437 B-13.00524 E0.0235 F1867.4852
G01 C200.24211 X17.05768 Z3.93623 B-12.95942 E0.0226 F1939.7701
G01 C207.36425 X16.99607 Z3.99111 B-12.79713 E0.0249 F1660.3018
G01 C210.59970 X16.82086 Z4.11532 B-12.48194 E0.0234 F1768.8148
G01 C204.50200 X16.37579 Z4.10166 B-12.42675 E0.0127 F3450.1250
G01 C201.09134 X16.38749 Z4.08927 B-12.44415 E0.0225 F1953.4776
G01 C192.64660 X16.38218 Z4.10495 B-12.54567 E0.0283 F1661.1041
G01 C188.43725 X16.46722 Z4.12440 B-12.61681 E0.0283 F1661.1041
G01 C184.28924 X16.57373 Z4.14770 B-12.66364 E0.0283 F1661.1041
G01 C180.24335 X16.70407 Z4.17410 B-12.69103 E0.0283 F1661.1041
G01 C176.10210 X16.61206 Z4.14346 B-12.73435 F13988.6687
G01 C171.83958 X16.56834 Z4.10401 B-12.79334 F13988.6687
G01 C163.22199 X16.58070 Z4.04310 B-12.85161 F13988.6687
G01 C159.03713 X16.66271 Z4.02849 B-12.85407 F13988.6687
G01 C147.37052 X17.06242 Z4.05103 B-12.62702 F13988.6687
G01 C143.81273 X17.19329 Z4.03000 B-12.48526 F13988.6687
G01 C155.67639 X17.34387 Z3.88478 B-12.61298 E0.0274 F1583.8273
G01 C166.77737 X17.42398 Z3.88568 B-12.79172 E0.0285 F1651.7819
G01 C170.56248 X17.53027 Z3.89820 B-12.90999 E0.0285 F1651.7819
G01 C174.31118 X17.63724 Z3.91852 B-12.97987 E0.0285 F1651.7819
G01 C181.63587 X17.62958 Z3.97366 B-12.99448 E0.0285 F1648.1963
G01 C185.37259 X17.54618 Z3.93877 B-13.01641 E0.0285 F1648.1963
G01 C189.18533 X17.50212 Z3.90290 B-13.04418 E0.0285 F1648.1963
G01 C200.48831 X17.45323 Z3.84671 B-13.02901 E0.0257 F1708.0037
G01 C207.63035 X17.42330 Z3.90046 B-12.89567 E0.0242 F1708.0037
G01 C210.26474 X17.27702 Z4.00595 B-12.63121 E0.0199 F2077.6793
G01 C215.74866 X17.10386 Z4.12408 B-12.28077 E0.0235 F2077.6793
G01 C216.71109 X16.73131 Z4.19316 B-12.01227 E0.0132 F3688.4007
G01 C215.77031 X16.46423 Z4.24395 B-11.78714 E0.0089 F5452.0428
G01 C203.72219 X15.62695 Z4.26351 B-11.84658 E0.0190 F2316.2360
G01 C200.56133 X15.69522 Z4.24151 B-11.94762 E0.0199 F2212.0969
G01 C191.58488 X15.71727 Z4.25279 B-12.12128 E0.0295 F1594.0953
G01 C186.98182 X15.85748 Z4.26495 B-12.24974 E0.0295 F1594.0953
G01 C178.09254 X16.13952 Z4.26607 B-12.35351 E0.0296 F1594.0953
G01 C177.44728 X16.20299 Z4.24422 B-12.44138 E0.0043 F10975.6098
G01 C172.99886 X16.17665 Z4.19770 B-12.53678 E0.0297 F1587.4342
G01 C163.95902 X16.20388 Z4.12873 B-12.62693 E0.0274 F1587.4342
G01 C159.56898 X16.30404 Z4.10876 B-12.65477 E0.0274 F1587.4342
G01 C147.60906 X16.67251 Z4.12665 B-12.45642 E0.0304 F1505.6756
G01 C144.03728 X16.93708 Z4.08021 B-12.34103 E0.0258 F1505.6756
T1
G01 C156.20545 X16.26749 Z4.12486 B-12.39783 F14397.6754
G01 C168.56873 X15.85212 Z4.22263 B-12.50803 F14397.6754
G01 C173.08254 X15.83844 Z4.26400 B-12.56496 F14397.6754
G01 C177.64147 X15.83639 Z4.31214 B-12.57929 F14397.6754
G94
G01 C177.64147 X15.84460 Z4.31031 B-12.59076 F20000
G93
G01 C190.64736 X15.60755 Z4.27925 B-12.59355 E0.0282 F1175.5183
G01 C195.00206 X15.59509 Z4.27340 B-12.54158 E0.0282 F1175.5183
G01 C199.29905 X15.58826 Z4.27446 B-12.44581 E0.0282 F1175.5183
G01 C168.80656 X15.43544 Z4.31913 B-12.48448 E0.0275 F1205.3987
G01 C164.61417 X15.57614 Z4.27785 B-12.49971 E0.0275 F1205.3987
G01 C160.60674 X15.73669 Z4.23955 B-12.49621 E0.0275 F1205.3987
G01 C168.77762 X15.69023 Z4.26578 B-12.57974 E0.0286 F1220.7380
G01 C180.48096 X15.76101 Z4.34835 B-12.57194 F19507.9877
G94
G01 C180.48096 X15.75655 Z4.34935 B-12.56570 E-1.9993 F20000
G93
G01 C180.47320 X15.82624 Z4.66109 B-12.56246 F26000.0000
G01 C189.70309 X15.75793 Z4.58735 B-12.56075 F14267.4253
G01 C214.06134 X16.58252 Z4.53910 B-12.15016 F14267.4253
G94
G01 C214.06134 X16.34699 Z4.58910 B-11.82168 E1.8547 F20000
G93
G01 C206.03621 X15.49693 Z4.69125 B-11.67855 E0.0325 F1527.1483
G01 C201.78475 X15.18219 Z4.70837 B-11.67313 E0.0325 F1527.1483
G01 C201.47736 X15.16646 Z4.70843 B-11.67683 E0.0022 F22471.9276
G01 C204.86423 X16.55154 Z4.38112 B-11.84808 F18700.3525
G94
G01 C204.86423 X16.64980 Z4.36039 B-11.98507 F20000
G93
G01 C204.57202 X16.73497 Z4.34098 B-12.10079 E0.0017 F20907.6297
G01 C204.63796 X16.87306 Z4.31084 B-12.19969 E0.0029 F12318.3694
G01 C193.28673 X16.25915 Z4.45181 B-12.35022 F13378.3708
G01 C179.70532 X16.06333 Z4.62360 B-12.41164 F13378.3708
G01 C165.74110 X16.20466 Z4.46489 B-12.52582 F13378.3708
G01 C146.03102 X17.30173 Z4.33799 B-12.35685 F13378.3708
G94
G01 C146.03102 X17.20491 Z4.35908 B-12.22168 E1.9437 F20000
G93
G01 C144.98641 X16.68150 Z4.45570 B-12.10700 E0.0299 F1655.2755
G01 C144.60063 X16.68643 Z4.45683 B-12.02106 E0.0051 F10632.4760
G01 C144.22506 X16.70891 Z4.45424 B-11.95811 E0.0056 F10600.7141
G01 C148.85900 X16.18142 Z4.54638 B-11.87924 F16745.0110
G01 C158.50753 X15.48285 Z4.63737 B-11.94074 F16745.0110
G94
G01 C158.50753 X15.51813 Z4.62989 B-11.98994 F20000
G93
G01 C172.47503 X15.48683 Z4.65844 B-12.14800 E0.0353 F1590.7914
G01 C187.16468 X15.44707 Z4.66834 B-12.24133 E0.0313 F1705.0562
G01 C191.62148 X15.45818 Z4.65017 B-12.26043 E0.0313 F1705.0562
G01 C200.41330 X15.50209 Z4.63464 B-12.16460 E0.0313 F1705.0562
G01 C201.53373 X15.44230 Z4.69385 B-12.09572 E0.0073 F6907.5625
G01 C200.46188 X15.37604 Z4.66272 B-12.02666 E0.0072 F7017.5572
G01 C196.18044 X15.20932 Z4.70019 B-12.00936 E0.0313 F1705.0342
G01 C172.74287 X15.12560 Z4.74472 B-12.10214 E0.0329 F1618.7024
G01 C167.94613 X15.27312 Z4.69366 B-12.15792 E0.0329 F1618.7024
G01 C163.33830 X15.44283 Z4.64715 B-12.18410 E0.0329 F1618.7024
G01 C158.96397 X15.63606 Z4.60431 B-12.18660 E0.0329 F1618.7024
G01 C162.20675 X15.60662 Z4.60746 B-12.22154 F19477.0064
T0
G01 C168.61484 X16.43901 Z4.43085 B-12.41168 F13302.5058
G01 C171.44516 X16.98048 Z4.34751 B-12.57502 F13302.5058
G94
G01 C171.44516 X17.07394 Z4.32655 B-12.70569 F20000
G93
G94
G01 C171.44516 X17.14868 Z4.30963 B-12.81023 E10.0227 F20000
G93
G94
G01 C171.44516 X17.20845 Z4.29599 B-12.89386 F20000
G93
G01 C172.24962 X17.38163 Z4.26896 B-12.96350 E0.0082 F5259.2025
G01 C171.91458 X17.73222 Z4.19437 B-13.04221 E0.0153 F2832.6828
G01 C170.22564 X18.16539 Z4.08732 B-13.14351 E0.0223 F1942.5355
G01 C169.97406 X18.28433 Z4.05871 B-13.23053 E0.0038 F12456.8220
G01 C167.37666 X18.51122 Z3.98392 B-13.33084 E0.0229 F2059.4480
G01 C170.44449 X18.60321 Z3.99617 B-13.39128 E0.0253 F1865.6306
G01 C181.58797 X18.60268 Z4.10460 B-13.36499 E0.0298 F1576.9368
G01 C185.15387 X18.46300 Z4.07939 B-13.35285 E0.0298 F1576.9368
G01 C187.80150 X18.41333 Z4.05501 B-13.35120 E0.0215 F2186.3151
G01 C190.47299 X18.38845 Z4.02921 B-13.35796 E0.0215 F2186.3151
G01 C189.29399 X18.32421 Z4.05504 B-13.35497 E0.0102 F4625.1867
G01 C188.56629 X18.19311 Z4.08963 B-13.34180 E0.0091 F5187.7723
G01 C187.06513 X17.93432 Z4.15892 B-13.30998 E0.0165 F2625.9498
G01 C186.36125 X17.52636 Z4.24826 B-13.25763 E0.0198 F2187.6517
G01 C178.57066 X17.54785 Z4.30944 B-13.20402 E0.0195 F2227.6849
G01 C176.43150 X17.51177 Z4.28822 B-13.17768 E0.0146 F2982.0785
G01 C174.16582 X17.45368 Z4.27139 B-13.17091 E0.0155 F2800.2484
G01 C171.87295 X17.41925 Z4.25196 B-13.17978 E0.0155 F2800.2484
G01 C174.82054 X17.26602 Z4.31584 B-13.15570 F17966.2347
G01 C177.86566 X17.11507 Z4.38411 B-13.10526 F17966.2347
G94
G01 C177.86566 X17.08626 Z4.39081 B-13.06491 F20000
G93
G01 C177.81430 X17.06552 Z4.39503 B-13.03317 E0.0004 F123624.5076
G01 C173.72676 X16.96852 Z4.36426 B-13.03238 E0.0267 F1624.9712
G01 C169.55455 X16.92825 Z4.32939 B-13.05638 E0.0267 F1624.9712
G01 C165.34018 X16.94206 Z4.29122 B-13.10019 E0.0267 F1624.9712
G01 C167.49537 X17.22734 Z4.24919 B-13.14121 E0.0190 F2283.5800
G01 C169.50886 X17.52117 Z4.20752 B-13.17999 E0.0190 F2283.5800
G01 C169.36229 X17.75505 Z4.15815 B-13.22648 E0.0104 F4186.5900
G01 C168.24298 X18.05661 Z4.08508 B-13.29017 E0.0154 F2810.5245
G01 C149.62136 X18.57048 Z4.00963 B-13.12217 E0.0127 F3401.0973
G01 C162.51459 X18.77545 Z3.88937 B-13.29939 E0.0306 F1541.0394
G01 C165.97378 X18.85617 Z3.89849 B-13.41715 E0.0292 F1615.4865
G01 C168.12490 X18.97191 Z3.89401 B-13.49949 E0.0184 F2555.5552
G01 C170.24647 X19.08019 Z3.89433 B-13.55349 E0.0184 F2555.5552
G01 C180.59556 X19.12793 Z4.01746 B-13.51543 E0.0210 F2235.2341
G01 C182.97650 X19.00724 Z4.00244 B-13.49123 E0.0210 F2235.2341
G01 C185.40724 X18.91068 Z3.98552 B-13.47810 E0.0210 F2235.2341
G01 C187.31587 X18.87082 Z3.96769 B-13.47369 E0.0161 F2910.9108
G01 C189.23784 X18.84608 Z3.94867 B-13.47624 E0.0161 F2910.9108
G01 C208.48602 X18.72906 Z3.95898 B-13.30112 E0.0144 F2872.5054
G01 C197.61080 X18.16355 Z4.01372 B-13.32452 E0.0266 F1770.4024
G01 C194.21444 X18.17499 Z4.03698 B-13.33507 E0.0266 F1770.4024
G01 C192.42024 X18.17264 Z4.05351 B-13.33794 E0.0141 F3344.0385
G01 C192.25630 X18.15560 Z4.05849 B-13.33854 E0.0016 F28749.4454
G01 C191.90140 X18.11713 Z4.06973 B-13.33546 E0.0048 F13505.2343
G01 C191.53682 X18.07671 Z4.08158 B-13.32940 E0.0045 F13324.9279
G01 C191.17576 X18.03510 Z4.09372 B-13.32099 E0.0040 F13505.2343
G01 C190.80495 X17.99232 Z4.10629 B-13.31066 E0.0037 F13324.9279
G01 C189.48479 X17.75147 Z4.16865 B-13.28318 E0.0149 F2908.5423
G01 C189.12211 X17.47446 Z4.22846 B-13.24344 E0.0131 F3308.4658
G01 C190.79633 X17.16736 Z4.27446 B-13.19867 E0.0176 F2460.7783
G01 C192.59505 X16.86434 Z4.32111 B-13.14989 E0.0176 F2460.7783
G01 C184.83178 X16.93539 Z4.38511 B-13.09305 E0.0244 F1773.8941
G01 C181.53178 X16.97384 Z4.42049 B-13.03893 E0.0212 F2037.3296
G01 C181.76349 X16.92898 Z4.42719 B-12.99577 F16438.4908
G01 C185.31248 X16.82313 Z4.40459 B-12.97001 F16438.4908
G94
G01 C192.59505 X16.73371 Z4.35141 B-12.96696 F20000
G93
G01 C164.07087 X16.77030 Z4.33000 B-12.99769 F13092.5878
G01 C159.83079 X16.96951 Z4.28414 B-13.00216 F13092.5878
G01 C165.34018 X16.91109 Z4.29841 B-13.05681 E0.0174 F2401.2447
G01 C169.40249 X16.81296 Z4.35080 B-13.06802 F14372.3799
G01 C173.56278 X16.72776 Z4.40894 B-13.04445 F14372.3799
G01 C177.77962 X16.66151 Z4.47166 B-12.99308 F14372.3799
G94
G01 C177.77962 X16.63215 Z4.47842 B-12.95199 F20000
G93
G01 C165.35868 X17.25281 Z4.22895 B-13.04303 E0.0194 F2236.5426
G01 C166.76245 X17.48062 Z4.19214 B-13.12001 E0.0129 F3373.1769
G01 C166.78773 X17.58551 Z4.16962 B-13.18572 E0.0030 F14559.7524
G01 C162.21951 X19.24952 Z3.78723 B-13.38424 E0.0295 F1595.5315
G01 C164.84679 X19.35328 Z3.78395 B-13.52486 E0.0232 F2034.1772
G01 C167.46663 X19.44398 Z3.78844 B-13.61916 E0.0232 F2034.1772
G01 C170.06820 X19.52812 Z3.79924 B-13.67640 E0.0232 F2034.1772
G01 C180.75389 X19.58206 Z3.92581 B-13.63741 E0.0222 F2119.0658
G01 C183.17207 X19.45663 Z3.90986 B-13.61279 E0.0222 F2119.0658
G01 C185.64089 X19.35681 Z3.89192 B-13.59968 E0.0222 F2119.0658
G01 C188.54201 X19.30373 Z3.86291 B-13.59874 E0.0255 F1846.4648
G01 C209.79463 X19.24010 Z3.88581 B-13.37486 E0.0242 F1704.3468
G01 C212.05824 X18.34260 Z4.15919 B-12.95011 E0.0203 F2031.5745
G01 C213.30585 X17.72041 Z4.33509 B-12.48749 E0.0203 F2031.5745
G01 C197.01722 X17.26966 Z4.21417 B-12.64410 E0.0274 F1578.4622
G01 C193.01723 X17.33751 Z4.22934 B-12.75841 E0.0274 F1578.4622
G01 C196.90082 X16.97016 Z4.27628 B-12.82495 E0.0237 F1734.6676
G01 C198.22837 X16.95962 Z4.28012 B-12.84819 E0.0096 F4705.5969
G01 C200.58341 X16.38978 Z4.42469 B-12.72684 E0.0343 F1563.6445
G01 C199.25786 X16.28667 Z4.44659 B-12.64509 E0.0105 F5112.8111
G01 C178.23727 X16.41966 Z4.53202 B-12.66946 E0.0219 F1981.9318
G01 C181.62633 X17.03013 Z4.41834 B-12.71831 F14439.7641
G01 C184.50162 X17.39937 Z4.30841 B-12.79012 F14439.7641
G01 C187.15368 X17.80056 Z4.19540 B-12.88030 F14439.7641
G94
G01 C187.15368 X17.85211 Z4.18358 B-12.95245 E1.9993 F20000
G93
G01 C177.32686 X18.16409 Z4.18211 B-13.01844 E0.0397 F7124.1035
G01 C175.06569 X18.15671 Z4.14962 B-13.08739 E0.0276 F10240.1633
G01 C172.77833 X18.16463 Z4.11667 B-13.15872 E0.0276 F10240.1633
G01 C181.64396 X17.59377 Z4.30039 B-13.12679 E0.0441 F6393.0042
G01 C185.56548 X17.48621 Z4.26974 B-13.11208 E0.0441 F6393.0042
G01 C352.37024 X16.22044 Z3.74859 B-13.59569 F13277.8133
G01 C353.00150 X17.09810 Z3.53572 B-14.07479 F13277.8133
G01 C348.29976 X17.44830 Z3.44227 B-14.50128 F13350.6803
G01 C356.18763 X17.42653 Z3.45863 B-14.74511 E0.0184 F2353.4379
G01 C356.22931 X17.99968 Z3.62403 B-15.00048 F26000.0000
G94
G01 C356.22931 X18.14427 Z3.58501 B-15.20477 F20000
G93
G01 C356.11489 X17.66792 Z3.69883 B-15.29305 F13271.9737
G01 C355.98010 X17.12596 Z3.83053 B-15.28851 F13271.9737
G01 C355.81895 X16.53153 Z3.97655 B-15.20972 F13271.9737
G01 C177.79824 X17.36285 Z4.59378 B-14.69013 F13271.9737
G01 C177.78406 X17.64697 Z4.55941 B-14.30996 F13271.9737
G94
G01 C177.78406 X17.43080 Z4.61395 B-14.00582 E2.0045 F20000
G93
G01 C169.92657 X17.50064 Z4.52121 B-13.83144 E0.0200 F1882.9253
G01 C178.24165 X17.15762 Z4.68696 B-13.61962 E0.0227 F1631.3318
G01 C175.14848 X16.99460 Z4.68634 B-13.46944 F19491.7178
G94
G01 C175.14848 X16.90892 Z4.70677 B-13.34929 E-2.0045 F20000
G93
G01 C175.30690 X17.32732 Z4.63044 B-13.28297 F15772.1558
G01 C175.44719 X17.77648 Z4.54683 B-13.25971 F15772.1558
G01 C175.57231 X18.25026 Z4.45743 B-13.27091 F15772.1558
G01 C175.68458 X18.74374 Z4.36337 B-13.30967 F15772.1558
G01 C175.78588 X19.25298 Z4.26556 B-13.37047 F15772.1558
G94
G01 C175.78588 X19.28767 Z4.25730 B-13.41912 E2.0045 F20000
G93
G94
G01 C175.78588 X19.31541 Z4.25067 B-13.45803 F20000
G93
G01 C172.85722 X19.28569 Z4.21248 B-13.51173 E0.0240 F1810.7058
G01 C169.89408 X19.28945 Z4.17221 B-13.57725 E0.0240 F1810.7058
G01 C169.29346 X19.34702 Z4.15197 B-13.63576 E0.0055 F8823.1054
G01 C168.68906 X19.40182 Z4.13255 B-13.68873 E0.0062 F8737.4523
G01 C168.09275 X19.45429 Z4.11398 B-13.73720 E0.0067 F8823.1054
G01 C167.49293 X19.50544 Z4.09589 B-13.78214 E0.0073 F8737.4523
G01 C152.00261 X19.44434 Z4.09055 B-13.69513 E0.0326 F1613.4701
G01 C158.43741 X19.97527 Z3.93110 B-13.84846 E0.0239 F1973.6368
G01 C161.15739 X20.07228 Z3.91882 B-13.95159 E0.0288 F1887.3068
G01 C169.55611 X20.30866 Z3.94566 B-13.98531 E0.0209 F2192.6320
G01 C171.43598 X20.36112 Z3.93839 B-14.00188 E0.0174 F2636.1214
G01 C181.36457 X20.45810 Z3.97511 B-13.95528 E0.0218 F2098.6428
G01 C192.30655 X20.16624 Z3.95881 B-13.93697 E0.0295 F1591.5766
G01 C203.36055 X19.87888 Z3.94150 B-13.90855 E0.0233 F1885.0803
G01 C203.44383 X19.82238 Z3.95506 B-13.87959 E0.0021 F20924.5750
G01 C200.89450 X19.33600 Z4.08249 B-13.86039 E0.0261 F2358.2765
G01 C198.54861 X19.34794 Z4.07381 B-13.82855 E0.0256 F2349.2930
G01 C196.23010 X19.36968 Z4.08749 B-13.80032 E0.0256 F2349.2930
G01 C194.77072 X19.31968 Z4.11114 B-13.77160 E0.0162 F3699.3209
G01 C193.30166 X19.27645 Z4.13467 B-13.74256 E0.0147 F3697.7282
G01 C191.83362 X19.23838 Z4.15832 B-13.71322 E0.0131 F3714.5077
G01 C179.41326 X19.49840 Z4.26774 B-13.65975 E0.0252 F1724.3347
G01 C177.04417 X19.48257 Z4.23196 B-13.64071 E0.0194 F2233.2231
G01 C176.13875 X19.44980 Z4.22422 B-13.63257 E0.0075 F5786.2560
G01 C178.17657 X19.08640 Z4.32674 B-13.58505 F15778.1954
G94
G01 C178.17657 X19.05931 Z4.33328 B-13.54703 F20000
G93
G01 C177.43150 X19.04257 Z4.32551 B-13.52379 E0.0059 F7376.8014
G01 C174.19264 X18.96009 Z4.29345 B-13.52937 E0.0257 F1689.2429
G01 C170.90261 X18.92373 Z4.25744 B-13.55802 E0.0257 F1689.2429
G01 C151.90458 X18.86451 Z4.22324 B-13.46922 E0.0258 F1536.3273
G01 C149.41959 X18.68906 Z4.30745 B-13.26922 E0.0198 F2004.2381
G01 C146.92125 X18.46707 Z4.40587 B-12.98026 E0.0198 F2004.2381
G01 C148.31898 X18.71502 Z4.32793 B-12.84767 E0.0216 F1836.6391
G01 C164.77943 X20.02492 Z3.97392 B-13.16457 E0.0186 F2465.6516
G01 C167.54910 X20.21797 Z3.92724 B-13.40244 E0.0262 F1750.3350
G01 C170.30007 X20.39018 Z3.89076 B-13.57711 E0.0262 F1750.3350
G01 C173.02003 X20.55030 Z3.86270 B-13.70121 E0.0262 F1750.3350
G01 C181.67407 X20.66060 Z3.88781 B-13.74814 E0.0222 F2052.9500
G01 C183.96267 X20.61023 Z3.87815 B-13.78986 E0.0222 F2052.9500
G01 C198.53547 X18.85897 Z4.17785 B-13.74240 E0.0161 F2684.7019
G01 C196.41142 X18.87054 Z4.19161 B-13.70229 E0.0161 F2684.7019
G01 C192.84023 X18.83487 Z4.23121 B-13.65967 E0.0270 F1600.2598
G01 C178.90917 X19.09755 Z4.33597 B-13.59962 E0.0271 F1600.2598
G01 C178.54288 X19.06528 Z4.33775 B-13.55514 E0.0029 F15000.0000
G01 C178.11056 X18.67102 Z4.40664 B-13.50114 F20440.8524
G94
G01 C178.11056 X18.64022 Z4.41402 B-13.45795 F20000
G93
G01 C177.85020 X18.61745 Z4.41548 B-13.42582 E0.0020 F21951.2195
G01 C174.20270 X18.51993 Z4.38215 B-13.42616 E0.0278 F1559.5792
G01 C162.59228 X20.68222 Z3.78920 B-13.67046 E0.0194 F2362.8111
G01 C164.55692 X20.87520 Z3.73120 B-13.86040 E0.0194 F2362.8111
G01 C167.31451 X20.99405 Z3.70034 B-13.99628 E0.0269 F1700.8114
G01 C170.05452 X21.10708 Z3.67697 B-14.08892 E0.0269 F1700.8114
G01 C172.76476 X21.22013 Z3.65970 B-14.14696 E0.0269 F1700.8114
G01 C181.96392 X21.28829 Z3.69527 B-14.13815 E0.0227 F2009.2044
G01 C184.22978 X21.20654 Z3.69336 B-14.13536 E0.0227 F2009.2044
G01 C186.52525 X21.14556 Z3.69059 B-14.13738 E0.0227 F2009.2044
G01 C207.41337 X20.43172 Z3.86125 B-14.04027 E0.0221 F1872.7894
G01 C208.41513 X19.94683 Z4.00804 B-13.83070 E0.0221 F1872.7894
G01 C213.35063 X18.12620 Z4.58189 B-13.11373 E0.0228 F1838.9311
G01 C196.59562 X18.13467 Z4.35430 B-13.17499 E0.0283 F1530.6078
G01 C192.89688 X18.15585 Z4.37984 B-13.21354 E0.0269 F1610.1390
G01 C178.48458 X18.46981 Z4.46003 B-13.22414 E0.0269 F1610.1390
G01 C182.69048 X18.66333 Z4.40482 B-13.24350 F14198.6495
G01 C185.92143 X18.82906 Z4.32476 B-13.28332 F14198.6495
G01 C189.04754 X19.03473 Z4.24192 B-13.33950 F14198.6495
G01 C192.05618 X19.27653 Z4.15681 B-13.40876 F14198.6495
G01 C194.93825 X19.55100 Z4.06985 B-13.48850 F14198.6495
G94
G01 C194.93825 X19.59647 Z4.05892 B-13.55229 E1.9993 F20000
G93
G01 C171.22265 X19.78980 Z4.08775 B-13.63097 E0.0324 F8721.5915
G01 C173.59227 X19.68849 Z4.13915 B-13.66351 E0.0343 F8257.3803
G01 C176.01879 X19.57801 Z4.19694 B-13.65915 E0.0343 F8257.3803
G94
G01 C176.01879 X19.57553 Z4.19755 B-13.65566 E-2.0045 F20000
G93
G01 C175.42876 X19.00410 Z4.29914 B-13.62228 F13283.4376
G01 C22.70882 X17.11433 Z3.85290 B-14.08409 F13283.4376
G01 C21.53322 X17.92677 Z3.62896 B-14.51281 F13283.4376
G01 C20.50897 X18.72259 Z3.40774 B-14.91508 F13283.4376
G94
G01 C20.50897 X18.95037 Z3.34638 B-15.23689 E1.9318 F20000
G93
G94
G01 C20.50897 X19.13235 Z3.29638 B-15.49434 F20000
G93
G01 C-11.19955 X18.77945 Z3.40009 B-15.69699 F13958.2698
G01 C-15.37977 X18.96864 Z3.33956 B-15.85615 F13958.2698
G01 C-19.45390 X19.17218 Z3.28574 B-15.98052 F13958.2698
G94
G01 C-19.45390 X19.24228 Z3.26560 B-16.08002 E1.9623 F20000
G93
G94
G01 C-19.45390 X19.29834 Z3.24940 B-16.15962 F20000
G93
G01 C-19.73184 X19.34475 Z3.23657 B-16.22226 E0.0019 F23717.0825
G01 C-22.06595 X19.32986 Z3.24735 B-16.25599 E0.0166 F2777.3776
G01 C-24.42005 X19.31139 Z3.26287 B-16.26660 E0.0166 F2777.3776
G01 C-27.74332 X19.51838 Z3.22746 B-16.27608 E0.0253 F1820.6746
G01 C-30.88910 X19.74945 Z3.19223 B-16.28466 E0.0253 F1820.6746
G01 C-27.37661 X19.76363 Z3.15757 B-16.31728 E0.0260 F1771.9263
G01 C-23.86958 X19.82126 Z3.11893 B-16.36913 E0.0260 F1771.9263
G01 C-20.39401 X19.91938 Z3.07707 B-16.43636 E0.0260 F1771.9263
G01 C10.46202 X20.05673 Z3.04123 B-16.53739 E0.0211 F2147.7845
G01 C14.17299 X20.18194 Z2.99369 B-16.60586 E0.0274 F1659.4973
G01 C17.26963 X20.22029 Z2.98015 B-16.64181 E0.0228 F1989.9953
G01 C20.34743 X20.26418 Z2.97205 B-16.65175 E0.0228 F1989.9953
G01 C23.65318 X20.15942 Z3.01388 B-16.62422 E0.0252 F1799.6653
G01 C25.73519 X20.11643 Z3.03790 B-16.58263 E0.0155 F2936.9373
G01 C27.82150 X20.07630 Z3.06424 B-16.52978 E0.0155 F2936.9373
G01 C30.30702 X20.02217 Z3.10123 B-16.46259 E0.0185 F2457.4667
G01 C32.79209 X19.97523 Z3.14055 B-16.38392 E0.0185 F2457.4667
G01 C29.74861 X19.70139 Z3.18603 B-16.33057 E0.0250 F1816.9809
G01 C26.52698 X19.46539 Z3.22731 B-16.29748 E0.0250 F1816.9809
G01 C24.13160 X19.48218 Z3.20923 B-16.29309 E0.0169 F2693.9588
G01 C-13.30390 X19.36750 Z3.22748 B-16.34624 E0.0264 F1749.6890
G01 C-17.10032 X19.44263 Z3.20393 B-16.38149 E0.0264 F1749.6890
G01 C-19.01351 X19.46590 Z3.19954 B-16.40245 E0.0134 F3453.9339
T1
G01 C157.23516 X18.66751 Z4.20987 B-15.57457 E0.0319 F1646.8098
G01 C156.98730 X18.21441 Z4.33547 B-14.90903 E0.0021 F24990.3605
G01 C167.06058 X18.44678 Z4.27681 B-14.60168 E0.0258 F1819.1633
G01 C170.61323 X18.27765 Z4.35480 B-14.33335 E0.0258 F1819.1633
G01 C196.25196 X17.95518 Z4.38282 B-14.05815 E0.0251 F1781.5468
G01 C201.82678 X17.52792 Z4.52767 B-13.71517 E0.0083 F5027.8545
G01 C157.18540 X17.50267 Z4.50981 B-13.50130 F15573.9889
G01 C154.14389 X17.65075 Z4.49602 B-13.29971 F15573.9889
G94
G01 C154.14389 X17.53567 Z4.52306 B-13.13844 E1.9266 F20000
G93
G01 C153.76479 X17.12780 Z4.62997 B-12.93320 E0.0148 F2769.1390
G01 C154.87304 X16.67145 Z4.73392 B-12.73049 E0.0167 F2463.5262
G01 C151.85753 X16.75666 Z4.73809 B-12.52220 E0.0207 F1979.9285
G94
G01 C204.28284 X16.60748 Z4.75641 B-12.35188 F20000
G93
G01 C206.25362 X16.40570 Z4.84524 B-12.10217 E0.0116 F2860.2072
G01 C182.20579 X17.24022 Z4.70579 B-12.29657 E0.0263 F1781.4018
G01 C211.01701 X16.52509 Z4.86727 B-11.91378 E0.0228 F1708.4455
G01 C210.12238 X15.80491 Z4.97698 B-11.60327 E0.0200 F1952.2765
G01 C163.66744 X16.99747 Z4.60587 B-12.00852 E0.0258 F1818.6028
G01 C167.05789 X17.20518 Z4.58818 B-12.31025 E0.0258 F1818.6028
G01 C180.26556 X17.41668 Z4.69784 B-12.45737 F19481.9267
G01 C183.41744 X14.57248 Z5.15394 B-12.24998 F13102.4961
G01 C184.44191 X13.85558 Z5.24086 B-11.92559 F13102.4961
G01 C361.92321 X16.42900 Z4.02063 B-12.73494 E0.0293 F1591.7835
G01 C371.15039 X16.88816 Z3.89209 B-13.45896 E0.0215 F2171.8879
G01 C343.63273 X17.24375 Z3.83133 B-14.03283 E0.0042 F11303.1081
G01 C384.25589 X17.95446 Z3.96380 B-14.44791 F13081.5025
G01 C388.25262 X18.42546 Z3.85610 B-14.76129 F13081.5025
G01 C383.77863 X18.32050 Z3.85893 B-15.02242 E0.0169 F2857.0853
G01 C381.62931 X18.36430 Z3.83537 B-15.23787 E0.0165 F2965.2588
G01 C379.41848 X18.39272 Z3.81836 B-15.41678 E0.0165 F2965.2588
G01 C344.78493 X18.31145 Z3.83121 B-15.56587 F13225.2355
G01 C340.34687 X18.58328 Z3.76714 B-15.69058 F13225.2355
G01 C334.81903 X18.96007 Z3.69370 B-15.79673 E0.0218 F2425.7681
G01 C334.19756 X19.21302 Z3.62755 B-15.89829 F37688.6365
G94
G01 C334.19756 X19.27029 Z3.61120 B-15.97955 F20000
G93
G01 C334.40245 X19.25194 Z3.61436 B-16.03904 E0.0038 F13087.5349
G01 C334.81903 X19.15657 Z3.63759 B-16.07550 E0.0081 F6512.6829
G01 C333.34996 X19.26042 Z3.61803 B-16.10469 E0.0126 F4193.9018
G01 C331.91362 X19.36506 Z3.59964 B-16.12807 E0.0119 F4193.9018
G01 C329.43660 X19.57495 Z3.56401 B-16.14963 E0.0207 F2278.3332
G01 C327.08300 X19.79784 Z3.52867 B-16.16974 E0.0207 F2278.3332
G01 C330.83489 X19.79532 Z3.49106 B-16.21313 E0.0289 F1633.2284
G01 C334.60137 X19.84070 Z3.44959 B-16.27515 E0.0289 F1633.2284
G01 C375.03995 X18.79983 Z3.69153 B-16.25623 F13264.2049
G01 C348.91949 X18.67496 Z3.72327 B-16.24594 E0.0331 F1636.7679
G01 C375.26700 X18.94844 Z3.65365 B-16.24702 E0.0264 F1897.9773
G01 C385.80095 X19.43002 Z3.56117 B-16.21977 F16345.4117
G94
G01 C388.70983 X19.66080 Z3.51781 B-16.19526 F20000
G93
G01 C387.93604 X19.96942 Z3.42630 B-16.21086 E0.0181 F2556.6841
G01 C391.43054 X19.95055 Z3.46334 B-16.18795 E0.0264 F1723.4510
G01 C391.69886 X19.66087 Z3.54554 B-16.14373 E0.0297 F1642.1143
G01 C388.25262 X19.38403 Z3.59136 B-16.11794 E0.0316 F1642.0624
G01 C388.48919 X19.48512 Z3.56538 B-16.10540 E0.0071 F7347.2448
G01 C536.85116 X18.40146 Z4.66827 B-15.44337 F13119.9141
G01 C552.27135 X18.31447 Z4.63668 B-14.90237 E0.0225 F1828.8301
G01 C555.86925 X18.00602 Z4.71268 B-14.41758 E0.0225 F1828.8301
G01 C556.52515 X17.71955 Z4.78514 B-14.01772 E0.0042 F9909.2745
G01 C524.47573 X17.22468 Z4.90973 B-13.71377 E0.0265 F1555.9928
G01 C563.87505 X17.25573 Z4.98925 B-13.18476 E0.0226 F1725.4284
G01 C520.74794 X16.51311 Z5.09025 B-12.92877 E0.0226 F1692.3177
G01 C526.98505 X17.43803 Z4.85354 B-13.02375 E0.0243 F1788.1144
G01 C530.54784 X17.49702 Z4.87410 B-13.07690 E0.0243 F1788.1144
G01 C567.53583 X17.11096 Z5.04859 B-12.59555 E0.0221 F1761.8929
G01 C570.90637 X16.69497 Z5.13613 B-12.11037 E0.0221 F1761.8929
G01 C570.61102 X15.96902 Z5.25336 B-11.70542 E0.0136 F2865.8024
G01 C524.03871 X15.12903 Z5.37399 B-11.71679 E0.0225 F1698.7058
G01 C508.65846 X15.99755 Z5.19708 B-11.56940 E0.0223 F1717.2600
G01 C530.55450 X17.04581 Z4.98271 B-11.93911 E0.0257 F1689.2429
G01 C534.12907 X17.29539 Z4.97216 B-12.21071 E0.0257 F1689.2429
G01 C537.64382 X17.52082 Z4.97308 B-12.40380 E0.0257 F1689.2429
G01 C540.26738 X17.55925 Z4.99389 B-12.53492 F19467.3587
G01 C541.14312 X16.57474 Z5.16228 B-12.58093 E0.0185 F2652.9281
G01 C538.69455 X16.35930 Z5.19957 B-12.60826 E0.0244 F2010.5351
G01 C534.03867 X16.42978 Z5.12996 B-12.66612 E0.0244 F2010.5351
G01 C542.31169 X17.50306 Z4.96844 B-12.74204 F13505.6975
G01 C544.87862 X17.96151 Z4.84321 B-12.83924 F13505.6975
G01 C547.21987 X18.44789 Z4.71507 B-12.95347 F13505.6975
G94
G01 C547.21987 X18.51316 Z4.70000 B-13.04485 E1.9993 F20000
G93
G94
G01 C547.21987 X18.56536 Z4.68788 B-13.11796 F20000
G93
G01 C539.72126 X18.44186 Z4.81239 B-13.13547 F13201.7575
G01 C535.97857 X18.46855 Z4.74858 B-13.18377 F13201.7575
G01 C532.24527 X18.55072 Z4.68060 B-13.25672 F13201.7575
G01 C528.55262 X18.68446 Z4.60922 B-13.34938 F13201.7575
G01 C524.92992 X18.86610 Z4.53504 B-13.45780 F13201.7575
G94
G01 C524.92992 X18.92793 Z4.52020 B-13.54454 E2.0045 F20000
G93
G94
G01 C524.92992 X18.97737 Z4.50825 B-13.61393 F20000
G93
G01 C524.73990 X19.04686 Z4.49080 B-13.67286 E0.0018 F21154.5223
T0
G01 C521.08625 X15.58085 Z5.21080 B-13.12785 F13166.8167
G01 C520.06366 X14.67831 Z5.35265 B-12.54261 F13166.8167
G01 C377.98223 X18.37565 Z3.79770 B-13.41311 F13410.7694
G01 C381.66537 X18.97650 Z3.65470 B-14.09186 F13410.7694
G01 C381.63671 X19.42392 Z3.53857 B-14.64090 E0.0291 F1560.7176
G01 C353.02332 X19.50042 Z3.54883 B-15.14722 E0.0280 F1517.2838
G01 C350.50709 X19.80455 Z3.45104 B-15.55022 E0.0162 F2356.6186
G01 C348.00696 X20.06624 Z3.36786 B-15.87056 E0.0162 F2356.6186
G01 C344.77787 X20.30598 Z3.29375 B-16.12303 E0.0255 F1806.9157
G01 C340.96990 X20.48345 Z3.24541 B-16.31265 E0.0303 F1523.7192
G01 C337.21669 X20.66334 Z3.20708 B-16.45198 E0.0303 F1523.7192
G01 C371.56142 X20.92512 Z3.11999 B-16.61398 E0.0260 F1744.0161
G01 C374.80051 X21.04006 Z3.07728 B-16.72675 E0.0260 F1744.0161
G01 C343.24045 X19.63988 Z3.46663 B-16.67513 E0.0160 F2003.9624
G01 C341.01065 X19.65223 Z3.46948 B-16.62988 E0.0106 F2951.2004
G01 C349.83902 X19.83811 Z3.42046 B-16.64411 E0.0160 F2004.4549
G01 C349.05929 X20.31146 Z3.29407 B-16.70682 E0.0270 F1572.2011
G01 C345.20877 X20.43111 Z3.25132 B-16.75530 E0.0270 F1572.2011
G01 C343.32962 X20.47101 Z3.23912 B-16.78852 E0.0132 F3215.4959
G01 C327.60707 X21.17648 Z3.13355 B-16.79133 E0.0275 F1584.0260
G01 C330.04623 X21.16648 Z3.10827 B-16.81329 E0.0194 F2248.9117
G01 C332.49470 X21.18365 Z3.07973 B-16.85057 E0.0194 F2248.9117
G01 C334.94359 X21.22588 Z3.04857 B-16.90011 E0.0194 F2248.9117
G01 C370.54229 X21.53385 Z2.94972 B-17.01949 E0.0245 F1746.3911
G01 C373.64010 X21.59820 Z2.90845 B-17.09573 E0.0245 F1746.3911
G01 C376.73028 X21.66420 Z2.87673 B-17.14256 E0.0245 F1746.3911
G01 C378.53474 X21.69421 Z2.86530 B-17.16890 E0.0143 F2989.0436
G01 C381.36960 X21.61559 Z2.89525 B-17.15799 E0.0208 F1871.8803
G01 C394.10834 X20.98824 Z3.20788 B-16.97451 E0.0260 F1749.8971
G01 C390.81086 X20.88554 Z3.19078 B-16.84791 E0.0260 F1749.8971
G01 C387.55505 X20.84405 Z3.17351 B-16.78132 E0.0260 F1749.8971
G01 C386.06458 X20.75264 Z3.18852 B-16.73705 E0.0120 F3769.9167
G01 C384.10015 X20.66650 Z3.20088 B-16.71330 E0.0169 F2903.7924
G01 C368.94536 X20.38093 Z3.28166 B-16.76574 E0.0196 F1981.1527
G01 C367.92084 X20.33387 Z3.29649 B-16.80507 E0.0074 F5255.9729
G01 C383.39127 X17.56141 Z4.01809 B-16.49769 F13262.2638
G01 C553.30488 X19.57403 Z4.30815 B-15.84000 F13262.2638
G01 C553.34191 X19.77887 Z4.29238 B-15.35131 F13262.2638
G94
G01 C553.34191 X19.50226 Z4.36731 B-14.96037 E1.9993 F20000
G93
G94
G01 C553.34191 X19.28060 Z4.42589 B-14.64761 F20000
G93
G01 C547.51014 X19.14017 Z4.52775 B-14.38015 E0.0246 F2095.1616
G01 C539.45356 X19.22215 Z4.62195 B-14.15131 E0.0258 F2114.8783
G01 C539.27177 X19.09949 Z4.65012 B-13.97036 E0.0018 F30168.0685
G01 C538.71760 X18.89647 Z4.68540 B-13.82465 F16340.5710
G01 C535.68005 X18.82384 Z4.65747 B-13.73529 F16340.5710
G01 C532.64486 X18.80817 Z4.62163 B-13.69100 F16340.5710
G94
G01 C532.64486 X18.78294 Z4.62777 B-13.65556 F20000
G93
G01 C529.60375 X18.72877 Z4.60312 B-13.64819 E0.0304 F1883.1234
G01 C526.53746 X18.71566 Z4.57459 B-13.66326 E0.0304 F1883.1234
G01 C524.44332 X18.72921 Z4.55308 B-13.68935 E0.0190 F2765.1075
G01 C522.34958 X18.76078 Z4.53003 B-13.72426 E0.0190 F2765.1075
G01 C522.25779 X18.78219 Z4.52421 B-13.75284 E0.0008 F62858.7266
G01 C524.82881 X18.77669 Z4.54456 B-13.75831 F19514.6415
G01 C538.07085 X20.05095 Z4.41417 B-13.74687 F15173.9107
G94
G01 C538.07085 X20.04444 Z4.41576 B-13.73772 E1.9483 F20000
G93
G94
G01 C538.07085 X20.03923 Z4.41704 B-13.73040 F20000
G93
G01 C537.87343 X20.02782 Z4.41803 B-13.72573 E0.0017 F24904.1040
G01 C529.91807 X20.08814 Z4.33093 B-13.79176 E0.0237 F1831.0085
G01 C516.32505 X21.41503 Z3.92855 B-14.03828 E0.0049 F9277.8575
G01 C518.87104 X21.51459 Z3.88199 B-14.22220 E0.0258 F1776.0040
G01 C521.42618 X21.60070 Z3.84413 B-14.35605 E0.0258 F1776.0040
G01 C523.88427 X21.67389 Z3.81592 B-14.44976 E0.0228 F1846.6969
G01 C526.33493 X21.74481 Z3.79350 B-14.51135 E0.0228 F1846.6969
G01 C541.53889 X21.86511 Z3.84632 B-14.45691 E0.0236 F1781.0045
G01 C544.03766 X21.79799 Z3.83242 B-14.42285 E0.0236 F1781.0045
G01 C546.42941 X21.71353 Z3.83390 B-14.40021 E0.0226 F1862.1801
G01 C548.84610 X21.65541 Z3.83371 B-14.38670 E0.0226 F1862.1801
G01 C551.27941 X21.62260 Z3.83219 B-14.38050 E0.0226 F1862.1801
G01 C553.34720 X21.56854 Z3.84562 B-14.37544 E0.0192 F2188.1056
G01 C559.81790 X19.62243 Z4.32074 B-14.23933 E0.0151 F2860.0267
G01 C558.32379 X19.57143 Z4.34455 B-14.12921 E0.0118 F3655.2462
G01 C537.71069 X19.94069 Z4.46543 B-14.01908 F21664.3892
G01 C536.97143 X19.54724 Z4.53193 B-13.91765 F21664.3892
G94
G01 C536.97143 X19.48949 Z4.54619 B-13.83651 F20000
G93
G01 C536.21564 X19.25056 Z4.58267 B-13.76650 E0.0113 F3851.2212
G01 C534.51045 X19.59358 Z4.49221 B-13.75005 E0.0231 F1881.0636
G01 C533.78974 X19.65147 Z4.47063 B-13.74767 E0.0067 F6435.6348
G01 C532.60318 X19.69410 Z4.44528 B-13.75907 E0.0100 F4331.4808
G01 C530.17282 X19.72949 Z4.40560 B-13.79066 E0.0202 F2151.0728
G01 C521.74578 X21.73622 Z3.77429 B-14.04605 E0.0232 F1976.0790
G01 C523.97037 X21.88627 Z3.72752 B-14.23844 E0.0232 F1976.0790
G01 C526.46637 X22.00392 Z3.69434 B-14.37722 E0.0260 F1758.9099
G01 C541.57618 X22.16794 Z3.73810 B-14.38213 E0.0277 F1648.4063
G01 C544.19466 X22.13292 Z3.71364 B-14.39635 E0.0277 F1648.4063
G01 C546.58331 X22.07549 Z3.70790 B-14.41248 E0.0253 F1808.8468
G01 C566.34198 X20.01699 Z4.25430 B-14.18948 E0.0246 F1701.1671
G01 C557.04779 X19.19025 Z4.43477 B-14.06320 E0.0188 F2302.9279
G01 C555.98915 X19.38275 Z4.40601 B-13.97697 E0.0153 F2836.1830
G01 C537.71630 X19.72333 Z4.51195 B-13.88924 E0.0136 F3194.3828
G01 C537.15919 X19.52368 Z4.54358 B-13.81514 E0.0087 F5000.5402
G01 C538.11517 X18.91222 Z4.67774 B-13.71221 F13076.4666
G94
G01 C538.11517 X18.85357 Z4.69201 B-13.62986 F20000
G93
G01 C537.25032 X18.77906 Z4.69509 B-13.57000 E0.0079 F6408.8195
G01 C536.06455 X18.71132 Z4.69196 B-13.53034 E0.0100 F4715.0802
G01 C534.92824 X18.68572 Z4.68166 B-13.50805 E0.0095 F5027.6191
G01 C533.78423 X18.67462 Z4.66869 B-13.49977 E0.0105 F5002.7028
G01 C532.64486 X18.67393 Z4.65410 B-13.50258 E0.0113 F5027.6191
G01 C533.00386 X18.75933 Z4.64180 B-13.50745 E0.0065 F8749.8312
G01 C533.35012 X18.84638 Z4.62912 B-13.51403 E0.0060 F8787.7049
G01 C533.69011 X18.93472 Z4.61620 B-13.52197 E0.0055 F8787.7049
G01 C533.65525 X19.02723 Z4.59735 B-13.53432 E0.0043 F10081.8585
G01 C532.93756 X19.17724 Z4.55763 B-13.55958 E0.0089 F4857.4195
G01 C529.89813 X19.23786 Z4.50606 B-13.60759 E0.0243 F1785.1908
G01 C527.20714 X19.31069 Z4.46014 B-13.66957 E0.0216 F2010.8080
G01 C526.59001 X22.05966 Z3.64605 B-13.95705 E0.0293 F1561.5096
G01 C528.55531 X22.19272 Z3.61926 B-14.16966 E0.0211 F2166.6785
G01 C541.60888 X22.42951 Z3.64030 B-14.24863 E0.0298 F1535.3618
G01 C544.33777 X22.43451 Z3.60345 B-14.32284 E0.0298 F1535.3618
G01 C569.97069 X19.42827 Z4.52406 B-13.78076 E0.0262 F1599.2769
G01 C571.29095 X18.63795 Z4.77170 B-13.16536 E0.0262 F1599.2769
G01 C556.70625 X18.23224 Z4.65691 B-13.21849 E0.0211 F2055.3195
G01 C555.02019 X18.27267 Z4.66087 B-13.25757 E0.0136 F3503.4576
G01 C553.34191 X18.31158 Z4.66689 B-13.28538 E0.0148 F3507.3662
G01 C553.85030 X18.43458 Z4.63653 B-13.31601 E0.0078 F6652.8097
G01 C554.34235 X18.55869 Z4.60606 B-13.34881 E0.0071 F6722.9733
G01 C554.15033 X18.73806 Z4.57029 B-13.38498 E0.0081 F5413.7358
G01 C539.46643 X19.11832 Z4.67432 B-13.38260 E0.0273 F1589.5479
G01 C538.74719 X18.97424 Z4.68915 B-13.37902 E0.0091 F4770.4595
G01 C538.73885 X18.85989 Z4.71064 B-13.36948 E0.0060 F7894.4331
G01 C538.73044 X18.74312 Z4.73276 B-13.35522 E0.0064 F7964.2899
G01 C536.77971 X19.59541 Z4.53035 B-13.41633 F15229.7175
G01 C540.46265 X21.00253 Z4.09861 B-13.55458 E0.0338 F6387.4136
G01 C543.27305 X20.97333 Z4.07547 B-13.67056 E0.0338 F6387.4136
G01 C554.53806 X20.82668 Z4.06242 B-13.77935 E0.0299 F7218.7788
G01 C557.14346 X20.85733 Z4.06245 B-13.86623 E0.0299 F7218.7788
G01 C559.76972 X20.89735 Z4.07241 B-13.94689 E0.0299 F7218.7788
G01 C539.68039 X20.85148 Z4.17818 B-13.94137 E0.0331 F6534.7638
G01 C536.87995 X20.97958 Z4.09657 B-13.97599 E0.0331 F6534.7638
G01 C534.13890 X21.15587 Z4.00923 B-14.04271 E0.0331 F6534.7638
G01 C532.49195 X21.16678 Z3.99524 B-14.10776 E0.0193 F11205.2248
G01 C530.83570 X21.18582 Z3.98143 B-14.17148 E0.0193 F11205.2248
G01 C529.18210 X21.23142 Z3.96157 B-14.23576 E0.0192 F11272.5622
G01 C527.52986 X21.28640 Z3.94157 B-14.30048 E0.0192 F11272.5622
G01 C540.27930 X20.72453 Z4.23776 B-14.19471 E0.0203 F10650.8410
G01 C553.63572 X20.48563 Z4.19701 B-14.14237 E0.0187 F11893.5501
G01 C555.23444 X20.35805 Z4.20844 B-14.09914 E0.0187 F11893.5501
G01 C556.56313 X20.19024 Z4.23225 B-14.05890 E0.0170 F13049.9898
G01 C558.87309 X20.20000 Z4.21288 B-14.03447 E0.0252 F8803.9167
G01 C561.16686 X20.23492 Z4.19126 B-14.02268 E0.0252 F8803.9167
G01 C562.11822 X19.77239 Z4.28439 B-13.98434 E0.0304 F7301.0147
G01 C560.16212 X19.70426 Z4.31033 B-13.94733 E0.0206 F10766.0730
G01 C558.19121 X19.64814 Z4.33606 B-13.91138 E0.0206 F10766.0730
G01 C537.60567 X19.94320 Z4.45250 B-13.85669 F13231.3115
G01 C534.38590 X20.07490 Z4.37208 B-13.85470 F13231.3115
G01 C531.26014 X20.26736 Z4.28424 B-13.89486 F13231.3115
G94
G01 C531.26014 X20.29022 Z4.27857 B-13.92700 E1.9483 F20000
G93
G94
G01 C531.26014 X20.30851 Z4.27403 B-13.95271 F20000
G93
G01 C517.41826 X21.16723 Z3.98610 B-14.13392 E0.0277 F8048.2101
G01 C522.15077 X20.67454 Z4.11794 B-14.20331 E0.0325 F6845.4519
G01 C521.27533 X20.66288 Z4.11175 B-14.26101 E0.0105 F21251.2388
G01 C359.97900 X17.11469 Z4.49244 B-14.56011 F13115.5233
G01 C358.41203 X18.48211 Z4.13901 B-14.95697 F13115.5233
G01 C333.94039 X20.49962 Z3.57943 B-15.41586 F14059.6049
G94
G01 C333.94039 X20.75881 Z3.50707 B-15.78297 E1.7279 F20000
G93
G94
G01 C333.94039 X20.96583 Z3.44798 B-16.07665 F20000
G93
G01 C335.83632 X21.14584 Z3.38295 B-16.32715 E0.0156 F2810.4355
G01 C337.72869 X21.31155 Z3.32436 B-16.54308 E0.0156 F2810.4355
G01 C339.61521 X21.46725 Z3.27124 B-16.73129 E0.0139 F2808.7037
G01 C341.49027 X21.61737 Z3.22241 B-16.89730 E0.0139 F2808.7037
G01 C367.33898 X21.83640 Z3.20497 B-17.04446 E0.0314 F1654.3084
G01 C370.57854 X21.88342 Z3.15956 B-17.14622 E0.0314 F1623.1927
G01 C373.82427 X21.93544 Z3.12192 B-17.21167 E0.0314 F1623.1927
G01 C376.05185 X21.97282 Z3.10144 B-17.25140 E0.0225 F2364.6087
G01 C377.36123 X21.97649 Z3.09803 B-17.27265 E0.0132 F4017.5369
G01 C378.67858 X21.97506 Z3.09775 B-17.27912 E0.0123 F4000.7904
G01 C390.94957 X21.65412 Z3.27806 B-17.13639 F18407.2751
G01 C393.12122 X21.37382 Z3.39544 B-16.97531 F18407.2751
G94
G01 C393.12122 X21.28345 Z3.42292 B-16.84644 F20000
G93
G01 C390.44618 X21.21937 Z3.40988 B-16.77386 E0.0193 F2037.5711
G01 C387.76925 X21.20675 Z3.38729 B-16.74631 E0.0193 F2037.5711
G01 C343.16977 X21.29685 Z3.32905 B-16.86547 E0.0228 F1761.5103
G01 C342.01119 X21.35260 Z3.31158 B-16.95498 E0.0084 F4751.6069
G01 C331.69593 X21.80150 Z3.21352 B-17.02479 E0.0149 F2502.7776
G01 C332.33344 X22.05966 Z3.12391 B-17.12116 E0.0120 F3395.3562
G01 C335.13900 X22.10833 Z3.08684 B-17.21918 E0.0221 F1835.1825
G01 C337.94940 X22.18115 Z3.04937 B-17.31852 E0.0221 F1835.1825
G01 C340.75117 X22.27791 Z3.01154 B-17.41892 E0.0221 F1835.1825
G01 C343.53107 X22.39827 Z2.97340 B-17.52017 E0.0221 F1835.1825
G01 C361.68168 X22.68465 Z3.01135 B-17.61664 E0.0107 F3721.6465
G01 C364.18948 X22.68210 Z2.97170 B-17.68310 E0.0200 F1991.0113
G01 C366.71726 X22.68195 Z2.93735 B-17.72554 E0.0200 F1991.0113
G01 C369.25533 X22.68774 Z2.90728 B-17.74876 E0.0200 F1991.0113
G01 C371.55794 X22.68181 Z2.88940 B-17.75522 E0.0181 F2200.9920
G01 C373.86170 X22.68249 Z2.87452 B-17.74827 E0.0181 F2200.9920
G01 C376.15917 X22.69162 Z2.86204 B-17.73059 E0.0181 F2200.9920
G01 C378.42237 X22.61874 Z2.88324 B-17.69351 E0.0180 F2217.3777
G01 C394.30055 X21.32453 Z3.44558 B-17.40128 E0.0059 F7031.0354
G01 C390.92007 X21.16221 Z3.43661 B-17.17354 E0.0243 F1722.2231
G01 C345.97290 X21.10106 Z3.40642 B-17.20004 E0.0251 F1692.2330
G01 C342.59433 X21.16754 Z3.36494 B-17.18065 E0.0251 F1692.2330
G01 C329.15767 X21.93384 Z3.20036 B-17.18295 E0.0172 F2171.5732
G01 C330.07562 X22.22596 Z3.09467 B-17.23970 E0.0162 F2506.1764
G01 C330.94717 X22.55095 Z2.97942 B-17.34003 E0.0162 F2506.1764
G01 C333.99296 X22.58930 Z2.93886 B-17.44381 E0.0249 F1632.6961
G01 C337.05099 X22.65794 Z2.89756 B-17.55035 E0.0249 F1632.6961
G01 C369.22287 X22.93205 Z2.82201 B-17.65119 E0.0202 F1974.9441
G01 C371.56451 X22.96833 Z2.78969 B-17.71913 E0.0190 F2098.0231
G01 C373.90738 X23.00326 Z2.76319 B-17.76075 E0.0190 F2098.0231
G01 C376.24365 X23.04048 Z2.74140 B-17.78131 E0.0190 F2098.0231
G01 C378.59410 X22.98547 Z2.75705 B-17.77320 E0.0188 F2070.2336
G01 C380.96345 X22.93170 Z2.77783 B-17.74215 E0.0188 F2070.2336
G01 C383.62876 X22.86240 Z2.81103 B-17.68780 E0.0211 F1843.0957
G01 C547.80102 X22.20494 Z4.09144 B-16.89673 F13233.4611
G01 C548.26956 X22.33056 Z4.02449 B-16.31535 F13233.4611
G01 C539.47974 X22.09393 Z4.17358 B-15.82764 E0.0203 F2075.4242
G01 C527.06450 X23.66508 Z3.51297 B-15.71402 E0.0220 F1920.9545
G01 C541.35333 X23.62508 Z3.62606 B-15.50786 E0.0227 F1854.7783
G01 C550.37015 X23.42128 Z3.58933 B-15.37569 E0.0243 F1731.7301
G01 C552.52259 X23.28409 Z3.62334 B-15.27004 E0.0220 F1912.8681
G01 C563.37929 X20.70109 Z4.39307 B-14.94443 E0.0240 F1714.9423
G01 C550.00459 X21.06590 Z4.37666 B-14.74428 E0.0227 F1854.1206
G01 C548.56635 X21.09291 Z4.36612 B-14.59246 E0.0140 F2995.8752
G01 C540.02857 X20.73906 Z4.57906 B-14.41832 E0.0275 F1532.9462
G01 C513.51747 X19.41145 Z4.76812 B-14.08321 E0.0257 F1623.1042
G01 C515.34455 X21.99409 Z4.07440 B-14.29449 E0.0251 F1532.7395
G01 C565.78039 X20.07856 Z4.60984 B-14.02345 E0.0267 F1569.1126
G01 C566.88817 X19.41777 Z4.82552 B-13.62182 E0.0267 F1569.1126
G01 C555.31162 X19.22181 Z4.77930 B-13.62546 E0.0271 F1598.4807
G01 C552.49438 X19.53248 Z4.74290 B-13.63991 E0.0271 F1598.4807
G01 C557.12326 X22.91724 Z3.66387 B-13.90574 E0.0236 F1797.9997
G94
G01 C540.78142 X20.99834 Z4.44166 B-13.92180 F20000
G93
G01 C537.39915 X20.97875 Z4.42412 B-13.95416 E0.0134 F3665.0406
G01 C538.33734 X21.23315 Z4.35293 B-13.99111 E0.0125 F3955.6756
G01 C539.23743 X21.49300 Z4.28108 B-14.03172 E0.0125 F3955.6756
G94
G01 C522.94210 X20.66130 Z4.45443 B-14.11674 F20000
G93
G01 C517.11224 X21.14029 Z4.31099 B-14.25528 E0.0287 F2018.9153
G01 C520.17828 X21.19283 Z4.33043 B-14.35290 E0.0166 F3485.0458
G01 C522.02021 X20.93686 Z4.38074 B-14.38703 E0.0222 F2607.2360
G01 C520.40107 X20.92399 Z4.37013 B-14.42292 E0.0146 F3965.7938
G01 C518.77133 X20.92053 Z4.35924 B-14.46022 E0.0146 F3965.7938
G01 C519.04240 X20.96337 Z4.35083 B-14.49001 E0.0030 F21757.1317
G01 C519.56753 X21.87713 Z4.09617 B-14.58895 F16921.7453
G01 C519.98806 X22.38192 Z3.96392 B-14.73451 F16921.7453
G01 C525.97819 X22.72889 Z3.79036 B-14.81730 E0.0427 F6056.1679
G01 C539.89323 X22.83149 Z3.90789 B-14.78041 E0.0425 F6056.1679
G01 C542.65186 X22.75593 Z3.86330 B-14.73924 E0.0424 F6070.3468
G01 C545.42031 X22.70300 Z3.84366 B-14.71746 E0.0424 F6070.3468
G01 C548.19954 X22.68929 Z3.82113 B-14.71119 E0.0424 F6070.3468
G01 C539.13351 X22.66400 Z3.91976 B-14.67390 E0.0341 F7579.1489
G01 C537.85046 X22.17942 Z4.06122 B-14.61826 E0.0391 F6601.2278
G01 C535.24823 X22.10429 Z4.05109 B-14.59614 E0.0384 F6719.3882
G01 C529.99004 X22.07680 Z4.01764 B-14.62324 E0.0384 F6719.3882
G01 C527.35601 X22.12107 Z3.99526 B-14.66730 E0.0384 F6719.3882
G01 C524.73346 X22.19916 Z3.97032 B-14.72495 E0.0384 F6719.3882
G01 C522.13321 X22.30889 Z3.94331 B-14.79346 E0.0384 F6719.3882
G01 C519.53905 X22.45162 Z3.94129 B-14.88857 E0.0384 F6719.3882
G01 C520.23647 X22.22443 Z3.99037 B-14.91662 E0.0221 F11676.8699
G01 C521.48653 X21.91542 Z4.08989 B-14.90156 E0.0291 F8865.8119
G01 C524.08580 X21.82720 Z4.10987 B-14.86801 E0.0369 F6998.3111
G01 C526.71009 X21.75147 Z4.13261 B-14.81967 E0.0369 F6998.3111
G01 C540.85242 X21.81643 Z4.20821 B-14.67870 F21623.5585
G94
G01 C540.85242 X21.73644 Z4.22908 B-14.56592 F20000
G93
G01 C543.32871 X21.75348 Z4.18308 B-14.49546 E0.0360 F7162.7534
G01 C545.77114 X21.81526 Z4.13084 B-14.45885 E0.0360 F7162.7534
G01 C548.17173 X21.91651 Z4.07363 B-14.44931 E0.0360 F7162.7534
G01 C550.52336 X22.05281 Z4.01246 B-14.46144 E0.0360 F7162.7534
G01 C552.81985 X22.22046 Z3.94811 B-14.49089 E0.0360 F7162.7534
G01 C555.05602 X22.41627 Z3.88120 B-14.53421 E0.0360 F7162.7534
G01 C556.48793 X22.42318 Z3.88349 B-14.56893 E0.0215 F11963.7483
G01 C557.92322 X22.43263 Z3.88704 B-14.59675 E0.0215 F11963.7483
G01 C558.25376 X22.20358 Z3.96849 B-14.59728 E0.0185 F13894.5401
G01 C556.11104 X22.00765 Z4.02837 B-14.57879 E0.0344 F7479.8697
G01 C553.90191 X21.81741 Z4.09106 B-14.54507 E0.0344 F7479.8697
G01 C551.63009 X21.63576 Z4.15597 B-14.49917 E0.0344 F7479.8697
G01 C549.30031 X21.46513 Z4.22264 B-14.44353 E0.0344 F7479.8697
G01 C546.91831 X21.30754 Z4.29069 B-14.38009 E0.0344 F7479.8697
G01 C547.70302 X21.25909 Z4.29791 B-14.33102 E0.0109 F23745.4414
G01 C548.95179 X21.17251 Z4.31663 B-14.29063 E0.0176 F14618.6942
G01 C551.18008 X20.92524 Z4.38874 B-14.24451 E0.0342 F7540.6769
G01 C551.34651 X20.90034 Z4.39437 B-14.20811 E0.0022 F115174.2039
G01 C560.01343 X20.97304 Z4.36313 B-14.19942 E0.0226 F2558.2632
G01 C560.81884 X20.53144 Z4.45140 B-14.16499 E0.0226 F2558.2632
G01 C555.62138 X20.27905 Z4.54512 B-14.10981 E0.0218 F2644.9874
G01 C553.48256 X20.48842 Z4.53309 B-14.07930 E0.0218 F2644.9874
G01 C558.54349 X20.79813 Z4.41378 B-14.08634 F19240.6025
G01 C558.45225 X20.40557 Z4.49670 B-14.06551 F19240.6025
G94
G01 C558.45225 X20.39372 Z4.49967 B-14.04884 F20000
G93
G01 C558.61621 X20.43841 Z4.48943 B-14.03947 E0.0039 F19066.8445
G01 C558.42466 X20.48527 Z4.48127 B-14.03498 E0.0040 F18949.9933
T1
G01 C713.54848 X15.66712 Z4.81581 B-14.24975 F13313.5725
G01 C714.87079 X16.35564 Z4.64852 B-14.48744 F13313.5725
G01 C715.97678 X17.05958 Z4.47712 B-14.74349 F13313.5725
G01 C721.34777 X18.99563 Z4.01254 B-15.15413 E0.0189 F2115.2360
G01 C719.21654 X18.42375 Z4.14905 B-15.37500 E0.0110 F4971.2378
G01 C717.42826 X18.54873 Z4.10467 B-15.56802 E0.0142 F3855.1764
G01 C716.61837 X18.77000 Z4.04256 B-15.74388 E0.0040 F12202.3383
G01 C713.86859 X19.24148 Z3.91175 B-15.93207 F15359.9233
G01 C710.42951 X19.20017 Z3.93587 B-16.06684 E0.0023 F18413.4190
G01 C713.39857 X19.66566 Z3.79790 B-16.20957 F25033.1637
G01 C706.87603 X19.04237 Z3.94096 B-16.22657 E0.0242 F1665.3371
G01 C702.88806 X19.19950 Z3.90197 B-16.24470 E0.0242 F1665.3371
G01 C699.06937 X19.39190 Z3.86279 B-16.26373 E0.0242 F1665.3371
G01 C730.20229 X19.50961 Z3.82187 B-16.32704 F13112.9273
G94
G01 C730.20229 X19.54523 Z3.81141 B-16.37769 E1.7953 F20000
G93
G01 C730.33873 X19.46796 Z3.83006 B-16.40735 E0.0028 F15947.3230
G01 C729.94840 X19.50398 Z3.82113 B-16.43479 E0.0028 F15947.3230
G01 C729.88239 X19.57235 Z3.80306 B-16.46218 E0.0028 F16071.4286
G01 C728.04892 X19.78295 Z3.77612 B-16.53686 F23843.1511
G01 C727.63105 X20.03533 Z3.68910 B-16.59366 E0.0086 F4511.4624
G01 C730.82408 X20.03825 Z3.67668 B-16.62095 E0.0197 F1967.8631
G01 C734.02009 X20.04956 Z3.66922 B-16.62463 E0.0197 F1967.8631
G01 C737.11590 X20.04640 Z3.67233 B-16.60757 E0.0192 F2026.3590
G01 C740.19598 X20.05498 Z3.67891 B-16.57394 E0.0192 F2026.3590
G01 C727.99088 X19.15591 Z3.90848 B-16.54019 E0.0250 F1675.9747
G01 C723.77239 X19.04468 Z3.95059 B-16.49302 E0.0237 F1675.9747
G01 C725.46726 X19.29829 Z3.89094 B-16.51406 E0.0150 F2654.4140
G01 C726.47623 X19.96494 Z3.71151 B-16.57663 E0.0049 F8494.7252
G01 C696.19588 X19.32613 Z3.88662 B-16.48758 E0.0239 F1691.2088
G01 C692.60848 X19.51187 Z3.86551 B-16.42091 E0.0239 F1691.2088
G01 C689.24538 X19.73830 Z3.84063 B-16.37214 E0.0239 F1691.2088
G01 C694.84636 X20.06178 Z3.71163 B-16.40790 E0.0253 F1596.5489
G01 C736.92987 X20.29225 Z3.61286 B-16.46926 E0.0187 F2075.1158
G01 C739.83213 X20.34412 Z3.61589 B-16.50668 E0.0187 F2075.1158
G01 C752.87291 X18.58553 Z4.13026 B-16.27401 F13194.4389
G01 C754.61404 X17.91241 Z4.30558 B-16.03281 F13194.4389
G01 C902.98932 X18.79662 Z4.92255 B-15.39821 F13194.4389
G01 C903.70652 X19.00789 Z4.90015 B-14.92815 F13194.4389
G01 C893.45772 X17.51362 Z5.20653 B-14.42971 E0.0262 F1569.5605
G01 C889.00819 X17.32327 Z5.23696 B-14.01277 E0.0262 F1569.5605
G01 C899.82265 X18.82418 Z5.07443 B-13.86546 E0.0211 F2054.1106
G01 C902.35491 X19.09673 Z4.95844 B-13.75390 E0.0197 F2199.0681
G01 C926.19927 X17.55915 Z5.25533 B-13.13217 E0.0259 F1503.0597
G01 C930.11272 X17.02942 Z5.36875 B-12.51745 E0.0259 F1503.0597
G01 C872.26729 X16.20198 Z5.44768 B-12.20226 E0.0221 F1727.0623
G01 C898.08285 X16.19466 Z5.55432 B-12.31040 E0.0255 F2269.5695
G01 C899.83285 X17.56669 Z5.35229 B-12.48441 E0.0285 F2021.8236
G01 C903.61513 X17.63745 Z5.25248 B-12.61432 E0.0273 F2112.3814
G01 C906.53774 X17.33437 Z5.27099 B-12.70689 E0.0274 F2106.9831
G01 C898.30808 X16.90334 Z5.41396 B-12.73790 E0.0312 F2280.5612
G01 C895.74742 X16.93819 Z5.37344 B-12.78302 E0.0204 F3452.9479
G01 C893.19357 X16.99633 Z5.33106 B-12.83944 E0.0204 F3452.9479
G01 C736.36729 X18.41391 Z4.42717 B-13.61848 F13133.0244
G01 C710.71384 X17.92540 Z4.56699 B-14.19006 E0.0230 F2440.3129
G01 C708.20635 X18.31160 Z4.46203 B-14.64950 E0.0205 F2607.6005
G01 C730.38532 X19.09688 Z4.25773 B-15.06988 E0.0353 F1592.9372
G01 C730.64133 X19.21334 Z4.22354 B-15.39316 E0.0078 F6825.6289
G01 C734.02869 X19.14775 Z4.23233 B-15.60957 E0.0321 F1653.9089
G01 C738.16485 X19.37918 Z4.17397 B-15.76669 F13110.4267
G01 C742.15763 X19.61725 Z4.12484 B-15.87637 F13110.4267
G01 C745.97787 X19.86637 Z4.08320 B-15.94810 F13110.4267
G94
G01 C745.97787 X19.90681 Z4.07162 B-16.00549 F20000
G93
G01 C748.49594 X19.81515 Z4.11465 B-16.01814 E0.0251 F2252.7260
G01 C745.69155 X19.62008 Z4.14107 B-16.03658 E0.0288 F1964.4641
G01 C706.48599 X18.96092 Z4.27521 B-16.07777 E0.0220 F1835.1814
G01 C702.88231 X19.12104 Z4.23530 B-16.11499 E0.0220 F1835.1814
G01 C699.41879 X19.30734 Z4.19602 B-16.14905 E0.0220 F1835.1814
G01 C696.11114 X19.51851 Z4.15725 B-16.18057 E0.0220 F1835.1814
G01 C692.96958 X19.75301 Z4.11888 B-16.21006 E0.0220 F1835.1814
G01 C725.60554 X20.38684 Z3.92498 B-16.38070 E0.0224 F1736.2913
G01 C729.00548 X20.49755 Z3.87666 B-16.50295 E0.0224 F1736.2913
G01 C732.37406 X20.61093 Z3.83627 B-16.58647 E0.0224 F1736.2913
G01 C733.12956 X20.32757 Z3.90717 B-16.61742 E0.0157 F2477.1497
G01 C736.06205 X20.14459 Z3.95443 B-16.60516 E0.0206 F1881.9188
G01 C737.05032 X20.11781 Z3.96303 B-16.58699 E0.0070 F6202.7677
G01 C738.03314 X20.09077 Z3.97244 B-16.56420 E0.0076 F6259.5160
G01 C739.02699 X20.06291 Z3.98279 B-16.53760 E0.0083 F6202.7677
G01 C740.11586 X20.08410 Z3.98152 B-16.51163 E0.0093 F5534.9256
G01 C741.13464 X20.14911 Z3.96943 B-16.49020 E0.0101 F5279.0691
G01 C742.13976 X20.21958 Z3.95651 B-16.47240 E0.0108 F5248.7281
G01 C747.07110 X20.62790 Z3.88655 B-16.45032 F16350.9078
G94
G01 C747.07110 X20.61548 Z3.89021 B-16.43265 F20000
G93
G01 C750.13121 X20.46026 Z3.95939 B-16.37646 E0.0218 F1780.1288
G01 C753.26540 X20.30854 Z4.03488 B-16.28944 E0.0218 F1780.1288
G01 C705.28085 X18.74793 Z4.32591 B-16.23667 E0.0252 F1601.3759
G01 C701.00626 X18.88945 Z4.29648 B-16.19937 E0.0252 F1601.3759
G01 C696.94847 X19.07766 Z4.26450 B-16.17442 E0.0252 F1601.3759
G01 C740.14723 X20.44316 Z3.92972 B-16.30156 E0.0082 F4758.6421
G01 C752.90238 X18.81169 Z4.39204 B-16.12250 F13188.7106
G01 C754.69475 X18.17375 Z4.55788 B-15.92343 F13188.7106
G01 C899.82155 X19.87068 Z5.12316 B-15.38928 F13188.7106
G01 C900.20155 X20.13925 Z5.06363 B-14.96983 E0.0179 F2420.5052
G01 C920.18067 X18.18300 Z5.39665 B-14.21050 E0.0225 F1736.4114
G01 C885.02263 X16.93859 Z5.60705 B-13.69192 E0.0223 F1715.5269
G01 C901.21787 X19.54672 Z5.22197 B-13.63952 E0.0281 F1538.4256
G01 C922.30729 X17.70500 Z5.54355 B-13.11562 E0.0257 F1515.5862
G01 C926.11154 X17.19085 Z5.68119 B-12.59852 E0.0257 F1515.5862
G01 C902.23248 X17.88879 Z5.54693 B-12.70803 E0.0259 F2224.8782
G01 C899.81582 X18.33730 Z5.49281 B-12.80921 E0.0260 F2224.8782
G01 C898.22525 X16.92817 Z5.73042 B-12.81580 E0.0274 F2113.5328
G01 C894.79919 X17.68553 Z5.53975 B-12.89457 E0.0244 F2373.4844
G01 C897.31909 X18.05557 Z5.50201 B-12.95736 E0.0244 F2373.4844
G01 C897.53469 X18.09160 Z5.49692 B-13.00576 E0.0016 F36297.0362
T0
G01 C749.33634 X18.81935 Z4.39139 B-13.66915 F13091.6893
G01 C748.35849 X19.69879 Z4.12024 B-14.26509 F13091.6893
G01 C747.47173 X20.54134 Z3.85481 B-14.80706 F13091.6893
G94
G01 C747.47173 X20.84830 Z3.77243 B-15.24064 F20000
G93
G94
G01 C747.47173 X21.09342 Z3.70484 B-15.58751 E8.4652 F20000
G93
G94
G01 C747.47173 X21.28922 Z3.64971 B-15.86500 F20000
G93
G01 C744.90178 X21.57234 Z3.54280 B-16.12684 E0.0230 F1870.3865
G01 C709.45291 X21.90905 Z3.46988 B-16.54202 E0.0288 F1778.4712
G01 C708.04076 X22.14609 Z3.38881 B-16.87418 E0.0134 F3582.1339
G01 C706.63025 X22.31845 Z3.32863 B-17.13596 E0.0134 F3582.2190
G01 C705.22142 X22.45605 Z3.28032 B-17.34125 E0.0126 F3591.8486
G01 C703.29524 X22.56193 Z3.24257 B-17.49877 E0.0161 F2627.7960
G01 C701.36782 X22.65137 Z3.21329 B-17.61793 E0.0149 F2625.4358
G01 C699.69912 X22.63674 Z3.22127 B-17.69219 E0.0138 F2893.8308
G01 C698.00923 X22.60550 Z3.23721 B-17.73055 E0.0153 F2893.8308
G01 C695.14868 X22.43959 Z3.30725 B-17.71224 E0.0269 F1644.2368
G01 C695.87731 X22.72353 Z3.20867 B-17.75057 E0.0170 F2596.7944
G01 C696.56900 X23.04062 Z3.09992 B-17.83420 E0.0170 F2596.7944
G01 C734.57237 X23.30834 Z2.97959 B-17.85826 E0.0202 F2350.9034
G01 C736.36755 X23.27515 Z2.98470 B-17.86027 E0.0179 F2662.7219
G01 C738.17805 X23.24017 Z2.99368 B-17.84463 E0.0165 F2655.4681
G01 C739.98830 X23.20628 Z3.00562 B-17.81499 E0.0151 F2665.7453
G01 C742.82011 X23.14419 Z3.03451 B-17.76139 E0.0216 F1702.4339
G01 C701.49243 X22.42469 Z3.29055 B-17.76664 F13066.3024
G94
G01 C701.49243 X22.42762 Z3.28961 B-17.77084 E1.7279 F20000
G93
G94
G01 C701.49243 X22.42996 Z3.28886 B-17.77420 F20000
G93
G01 C700.54737 X22.40511 Z3.29791 B-17.76851 E0.0069 F5431.1556
G01 C698.12608 X22.22481 Z3.36362 B-17.72274 E0.0191 F1955.6425
G01 C695.63209 X22.03950 Z3.43643 B-17.64491 E0.0191 F1955.6425
G01 C693.07194 X21.85436 Z3.51484 B-17.54144 E0.0191 F1955.6425
G01 C690.45355 X21.67362 Z3.59762 B-17.41745 E0.0191 F1955.6425
G01 C740.14839 X23.30584 Z2.96489 B-17.51190 E0.0241 F1651.6604
G01 C742.98229 X23.31323 Z2.97238 B-17.55667 E0.0241 F1651.6604
G01 C745.21379 X23.30766 Z2.98801 B-17.56679 E0.0190 F2098.0204
G01 C747.44721 X23.29887 Z3.00978 B-17.54917 E0.0190 F2098.0204
G01 C747.84894 X23.14232 Z3.06695 B-17.51418 E0.0082 F4863.7281
G01 C749.17958 X22.66962 Z3.24149 B-17.42101 E0.0235 F1559.5420
G01 C750.62133 X22.17020 Z3.42607 B-17.28129 E0.0235 F1559.5420
G01 C752.18662 X21.65129 Z3.61845 B-17.10433 E0.0235 F1559.5420
G01 C749.48644 X21.65681 Z3.58206 B-17.00360 E0.0194 F1887.7144
G01 C705.78126 X22.00070 Z3.45634 B-17.19509 E0.0241 F1542.9825
G94
G01 C701.92885 X21.77030 Z3.50253 B-17.25927 F20000
G93
G01 C701.60511 X21.79693 Z3.49446 B-17.30787 E0.0023 F16342.0413
G01 C698.61177 X21.60405 Z3.56468 B-17.30005 E0.0230 F1627.8165
G01 C695.46942 X21.40223 Z3.65262 B-17.26586 E0.0230 F1627.8165
G01 C687.20775 X21.37180 Z3.73176 B-17.14313 E0.0211 F1771.2383
G01 C688.64972 X21.70711 Z3.60421 B-17.12260 E0.0211 F1771.2383
G01 C743.15125 X23.43411 Z2.92481 B-17.28284 E0.0244 F1596.1718
G01 C745.93449 X23.48836 Z2.92705 B-17.37801 E0.0238 F1634.4251
G01 C712.00508 X21.80201 Z3.53750 B-17.37559 E0.0249 F1751.4557
G01 C730.48926 X21.05977 Z3.70144 B-17.29144 F13156.2352
G01 C904.48604 X21.90164 Z4.53638 B-16.55881 F13053.8985
G01 C878.12939 X23.77284 Z3.84488 B-16.30230 E0.0212 F1822.0072
G01 C921.30202 X22.27915 Z4.33514 B-15.88277 E0.0257 F1686.3009
G01 C911.20499 X21.41887 Z4.61146 B-15.48006 E0.0259 F1621.2990
G01 C908.79281 X21.52523 Z4.57039 B-15.18105 E0.0259 F1621.2990
G01 C873.89971 X19.85689 Z4.99810 B-14.63855 E0.0253 F1568.7764
G01 C870.62316 X19.37448 Z5.14088 B-14.11267 E0.0253 F1568.7764
G01 C875.58143 X22.09447 Z4.35660 B-14.33211 E0.0206 F1816.8780
G01 C876.41781 X22.60080 Z4.15443 B-14.50816 E0.0206 F1816.8780
G01 C911.81253 X24.22609 Z3.57840 B-14.66226 E0.0234 F1814.1483
G01 C913.84975 X24.25159 Z3.57048 B-14.77585 E0.0234 F1814.1483
G01 C924.37517 X20.91544 Z4.72695 B-14.49491 E0.0274 F1531.5917
G01 C875.19652 X19.13477 Z5.21876 B-14.06017 E0.0215 F1666.8918
G01 C872.07111 X18.70606 Z5.30140 B-13.60722 E0.0215 F1666.8918
G01 C915.91577 X23.92301 Z3.62392 B-13.90208 E0.0222 F1765.7467
G01 C885.77644 X22.99921 Z3.96855 B-14.20351 F13327.7332
G01 C882.54544 X23.43545 Z3.80790 B-14.45228 E0.0140 F3662.4024
G01 C880.18401 X22.94897 Z4.02124 B-14.63021 F19710.1401
G94
G01 C880.18401 X23.04990 Z3.99476 B-14.77256 F20000
G93
G01 C882.19725 X23.34180 Z3.88804 B-14.89423 E0.0214 F2406.0344
G01 C884.14325 X23.63691 Z3.78427 B-14.99938 E0.0214 F2406.0344
G01 C886.02104 X23.93685 Z3.68290 B-15.09130 E0.0214 F2406.0344
G01 C878.60198 X22.38347 Z4.27905 B-15.08817 E0.0249 F2259.1020
G01 C881.03825 X22.60775 Z4.18409 B-15.09666 E0.0260 F2159.1047
G01 C883.38098 X22.85891 Z4.08734 B-15.11442 E0.0260 F2159.1047
G01 C885.62810 X23.13443 Z3.98918 B-15.13961 E0.0260 F2159.1047
G01 C887.77884 X23.43207 Z3.88986 B-15.17075 E0.0260 F2159.1047
G01 C889.83360 X23.74983 Z3.78962 B-15.20663 E0.0260 F2159.1047
G01 C891.79373 X24.08590 Z3.68863 B-15.24632 E0.0260 F2159.1047
G01 C893.16842 X24.10536 Z3.69580 B-15.26418 E0.0149 F3776.1063
G01 C894.54088 X24.11996 Z3.70633 B-15.26457 E0.0149 F3776.1063
G01 C886.86109 X22.92545 Z4.06773 B-15.22331 E0.0246 F2280.9896
G01 C884.71305 X22.64089 Z4.16443 B-15.17991 E0.0246 F2280.9896
G01 C882.47258 X22.37218 Z4.26144 B-15.13479 E0.0246 F2280.9896
G01 C880.14086 X22.12067 Z4.35868 B-15.08831 E0.0246 F2280.9896
G01 C877.67335 X21.88808 Z4.47070 B-15.06505 E0.0246 F2280.9896
G01 C882.05938 X21.83256 Z4.44369 B-14.99926 E0.0265 F2120.1425
G01 C884.57096 X22.05562 Z4.35648 B-14.95781 E0.0265 F2120.1425
G01 C886.96762 X22.31303 Z4.26557 B-14.93583 E0.0265 F2120.1425
G01 C889.24924 X22.60063 Z4.17172 B-14.92943 E0.0265 F2120.1425
G01 C891.41719 X22.91482 Z4.07551 B-14.93549 E0.0265 F2120.1425
G01 C893.47401 X23.25250 Z3.97742 B-14.95152 E0.0265 F2120.1425
G01 C895.42312 X23.61100 Z3.87781 B-14.97553 E0.0265 F2120.1425
G01 C897.26859 X23.98800 Z3.77698 B-15.00592 E0.0265 F2120.1425
G01 C899.83220 X24.03502 Z3.80655 B-15.00160 E0.0281 F2002.4685
G01 C881.49250 X21.31144 Z4.60344 B-14.90760 E0.0286 F2022.4720
G01 C885.79935 X21.33733 Z4.59823 B-14.81373 E0.0220 F2254.2257
G01 C896.68071 X22.75785 Z4.17757 B-14.78376 E0.0264 F2132.5160
G01 C898.58448 X23.11148 Z4.08542 B-14.77092 E0.0264 F2132.5160
G01 C902.67319 X23.46251 Z3.94593 B-14.79074 E0.0247 F2268.7918
G01 C901.05291 X23.10356 Z4.09395 B-14.76546 E0.0247 F2268.7918
G01 C899.97303 X22.64393 Z4.27145 B-14.70663 F14090.5867
G01 C901.99805 X22.93517 Z4.13151 B-14.69344 F14090.5867
G01 C905.75200 X23.61808 Z3.84823 B-14.76204 F14090.5867
G94
G01 C905.75200 X23.65698 Z3.83796 B-14.81692 E1.9429 F20000
G93
G94
G01 C905.75200 X23.68809 Z3.82972 B-14.86082 F20000
G93
G01 C904.09826 X23.28945 Z3.98769 B-14.85110 E0.0269 F2081.6390
G01 C902.33931 X22.87152 Z4.15370 B-14.79848 E0.0269 F2081.6390
G01 C900.46841 X22.44142 Z4.32608 B-14.71153 E0.0269 F2081.6390
G01 C911.53354 X21.05868 Z4.68418 B-14.57063 E0.0261 F2147.3579
G01 C918.65841 X21.99097 Z4.36397 B-14.55678 E0.0267 F2101.7514
G01 C917.89567 X22.52086 Z4.17782 B-14.59344 E0.0267 F2101.7514
G01 C911.99495 X23.66224 Z3.78045 B-14.70099 E0.0225 F2309.7029
G01 C907.88377 X23.78810 Z3.76882 B-14.79188 E0.0207 F2714.3417
G01 C905.97686 X23.84047 Z3.77415 B-14.85634 E0.0207 F2714.3417
G01 C907.17362 X23.49652 Z3.88179 B-14.88003 E0.0220 F2549.9556
G01 C909.74021 X23.52333 Z3.85361 B-14.90972 E0.0270 F2073.2069
G01 C915.79400 X22.90264 Z4.05603 B-14.89031 E0.0260 F2157.1346
G01 C916.43602 X22.36237 Z4.24248 B-14.82826 E0.0260 F2157.1346
G01 C917.13527 X21.79949 Z4.43524 B-14.73210 E0.0260 F2157.1346
G01 C917.89951 X21.21903 Z4.63294 B-14.60866 E0.0260 F2157.1346
G01 C913.80638 X21.16449 Z4.63878 B-14.50721 E0.0247 F2270.5321
G01 C911.52110 X21.40403 Z4.55581 B-14.44796 E0.0247 F2270.5321
G01 C909.35390 X21.68402 Z4.46665 B-14.42248 E0.0247 F2270.5321
G01 C907.46518 X21.94375 Z4.38984 B-14.41983 E0.0219 F2562.7807
G01 C905.19444 X22.13010 Z4.34817 B-14.42487 E0.0234 F2395.5723
G01 C902.91128 X22.19648 Z4.35450 B-14.42342 E0.0223 F2511.4937
G01 C904.21198 X22.49283 Z4.23697 B-14.45438 E0.0193 F2905.9183
G01 C905.45397 X22.81348 Z4.11466 B-14.51129 E0.0193 F2905.9183
G01 C906.64004 X23.15436 Z3.98848 B-14.58894 E0.0193 F2905.9183
G01 C908.04120 X22.96797 Z4.04296 B-14.63655 E0.0180 F3112.6860
G01 C909.68629 X23.00637 Z4.02040 B-14.68139 E0.0169 F3326.8451
G01 C911.72683 X22.97880 Z4.02242 B-14.71844 E0.0209 F2676.8964
G01 C913.78266 X22.96255 Z4.02558 B-14.74926 E0.0209 F2676.8964
G01 C914.28948 X22.48414 Z4.19141 B-14.73070 E0.0241 F2322.1742
G01 C914.83785 X21.97872 Z4.36459 B-14.67263 E0.0241 F2322.1742
G01 C915.43298 X21.45200 Z4.54356 B-14.58296 E0.0241 F2322.1742
G01 C913.10036 X21.69000 Z4.45758 B-14.53340 E0.0252 F2223.8663
G01 C910.88278 X21.96834 Z4.36569 B-14.51593 E0.0252 F2223.8663
G01 C908.77808 X22.28118 Z4.26907 B-14.52413 E0.0252 F2223.8663
G01 C906.41319 X22.50119 Z4.21399 B-14.54067 E0.0252 F2222.4890
G01 C907.50117 X22.79332 Z4.10497 B-14.58298 E0.0175 F3208.0402
G01 C909.25241 X22.63855 Z4.14670 B-14.60741 E0.0194 F2886.1084
G01 C909.63776 X22.65583 Z4.13954 B-14.62850 E0.0029 F14564.9946
G01 C911.04819 X22.63049 Z4.14217 B-14.64620 E0.0107 F3968.2433
G01 C912.46667 X22.61055 Z4.14529 B-14.66118 E0.0107 F3968.2433
G01 C912.88628 X22.16765 Z4.29742 B-14.63402 E0.0166 F2563.6286
G01 C911.41966 X22.35187 Z4.23670 B-14.62666 E0.0129 F3308.0956
G01 C743.69193 X22.23269 Z3.59128 B-15.28412 E0.0220 F1664.5645
G01 C744.60164 X22.20789 Z3.62858 B-15.75521 E0.0198 F1852.4870
G01 C745.57337 X22.08025 Z3.69356 B-16.07721 E0.0198 F1852.4870
G01 C709.68771 X21.82778 Z3.85842 B-16.48105 F13093.2504
G01 C706.37532 X22.10946 Z3.72119 B-16.79802 F13093.2504
G94
G01 C706.37532 X22.28729 Z3.66708 B-17.05159 E1.7191 F20000
G93
G94
G01 C706.37532 X22.42938 Z3.62323 B-17.25445 F20000
G93
G01 C752.06681 X21.61505 Z3.95761 B-17.06139 E0.0240 F1540.2953
G01 C748.90571 X21.63319 Z3.91178 B-16.95489 E0.0230 F1608.2767
G01 C745.81570 X21.72783 Z3.85107 B-16.91764 E0.0230 F1608.2767
G01 C709.04117 X22.37191 Z3.65873 B-17.14017 E0.0129 F2885.4566
G01 C707.30851 X22.51958 Z3.59954 B-17.33090 E0.0129 F2885.4566
G01 C706.70069 X22.59902 Z3.57164 B-17.47973 E0.0047 F7980.8688
G01 C703.91456 X22.07259 Z3.74144 B-17.47198 E0.0219 F1695.6051
G01 C701.13652 X21.83911 Z3.81721 B-17.41718 E0.0219 F1695.6051
G01 C740.97721 X23.59088 Z3.19267 B-17.52446 E0.0203 F3028.4255
G01 C910.85663 X22.37330 Z4.65670 B-16.79317 E0.0270 F1558.3481
G01 C908.36869 X22.31277 Z4.67053 B-16.23223 E0.0270 F1558.3481
G01 C876.58942 X20.60777 Z5.11524 B-15.53088 E0.0237 F1674.0085
G01 C924.19510 X21.37772 Z4.93856 B-15.11687 E0.0244 F1517.1981
G01 C909.33701 X20.74545 Z5.14372 B-14.84394 E0.0279 F1505.2046
G01 C877.73724 X19.47592 Z5.41419 B-14.36452 E0.0205 F3489.1532
G01 C874.77718 X19.01383 Z5.53996 B-13.89835 E0.0205 F3489.1532
G01 C871.73752 X18.58312 Z5.66122 B-13.44279 E0.0205 F3489.1532
G01 C912.67579 X24.84512 Z3.60211 B-13.82803 E0.0218 F7193.7844
G01 C905.45648 X20.09395 Z5.32865 B-13.80296 E0.0278 F3022.9324
G01 C903.04655 X20.48328 Z5.22164 B-13.80774 E0.0278 F3022.9324
G01 C900.81177 X20.90677 Z5.11044 B-13.83639 E0.0278 F3022.9324
G01 C900.70792 X20.93118 Z5.10530 B-13.85943 E0.0010 F83562.9022
G01 C914.98131 X23.79629 Z4.00884 B-14.13456 F18257.1685
G94
G01 C915.97909 X23.61073 Z4.10157 B-14.35173 F20000
G93
G01 C914.20358 X23.98650 Z3.96929 B-14.52581 E0.0212 F2471.4412
G01 C916.90796 X23.35606 Z4.20040 B-14.61062 E0.0022 F27937.2118
G01 C912.96886 X23.48701 Z4.15928 B-14.69453 E0.0238 F2200.1594
G01 C911.00013 X23.84127 Z4.04793 B-14.78538 E0.0238 F2200.1594
G01 C909.11861 X24.21425 Z3.93544 B-14.88177 E0.0238 F2200.1594
G01 C907.32241 X24.60418 Z3.82199 B-14.98261 E0.0238 F2200.1594
G01 C905.60916 X25.00948 Z3.70774 B-15.08700 E0.0238 F2200.1594
G01 C905.15651 X24.69982 Z3.83426 B-15.16518 E0.0253 F2070.3022
G01 C907.02994 X24.36741 Z3.93624 B-15.20297 E0.0271 F2070.3022
G01 C918.60854 X22.29912 Z4.61107 B-15.05944 E0.0250 F2238.4904
G01 C916.28608 X22.47441 Z4.53281 B-14.96281 E0.0251 F2232.3161
G01 C914.06600 X22.69267 Z4.45109 B-14.90688 E0.0251 F2232.3161
G01 C909.91690 X23.25711 Z4.26690 B-14.90491 E0.0251 F2232.3161
G01 C907.98538 X23.57689 Z4.17088 B-14.92472 E0.0251 F2232.3161
G01 C906.14624 X23.92282 Z4.07156 B-14.96195 E0.0251 F2232.3161
G01 C904.39653 X24.29144 Z3.96957 B-15.01312 E0.0251 F2232.3161
G01 C902.73291 X24.67983 Z3.86544 B-15.07544 E0.0251 F2232.3161
G01 C901.15179 X25.08556 Z3.75954 B-15.14668 E0.0251 F2232.3161
G01 C900.51646 X24.75188 Z3.88659 B-15.16751 E0.0262 F2136.5432
G01 C902.19576 X24.37248 Z3.98412 B-15.16183 E0.0262 F2136.5432
G01 C903.97032 X23.99023 Z4.08571 B-15.13494 E0.0262 F2136.5432
G01 C907.82346 X23.25767 Z4.29123 B-15.06873 E0.0262 F2136.5432
G01 C909.91015 X22.88418 Z4.40198 B-14.99341 E0.0262 F2136.5432
G01 C912.10797 X22.52232 Z4.51405 B-14.91081 E0.0262 F2136.5432
G01 C914.41902 X22.17444 Z4.62711 B-14.82238 E0.0262 F2136.5432
G01 C916.84418 X21.84276 Z4.74096 B-14.72929 E0.0262 F2136.5432
G01 C919.38278 X21.52936 Z4.85538 B-14.63247 E0.0262 F2136.5432
G01 C917.51706 X21.23272 Z4.94384 B-14.53298 E0.0267 F2101.2628
G01 C914.92904 X21.45744 Z4.85624 B-14.47610 E0.0267 F2101.2628
G01 C901.99439 X23.50619 Z4.25133 B-14.56691 E0.0267 F2101.2628
G01 C900.23638 X23.95716 Z4.13565 B-14.66227 E0.0267 F2101.2628
G01 C899.98343 X23.53389 Z4.28968 B-14.70030 E0.0270 F2072.7405
G01 C915.50609 X21.04845 Z5.00547 B-14.56577 E0.0270 F2072.7405
G01 C899.36903 X23.08636 Z4.41976 B-14.59372 E0.0260 F2164.2139
G01 C897.66783 X23.50118 Z4.25351 B-14.67029 E0.0260 F2164.2139
G01 C896.06070 X23.95427 Z4.07992 B-14.78576 E0.0260 F2164.2139
G01 C894.54238 X24.43920 Z3.90029 B-14.93235 E0.0260 F2164.2139
G01 C896.62310 X23.38374 Z4.29178 B-14.92606 E0.0238 F2360.8480
G01 C898.18574 X23.00726 Z4.44166 B-14.87132 E0.0238 F2360.8480
G01 C899.83583 X22.61290 Z4.59876 B-14.77781 E0.0238 F2360.8480
G01 C899.25312 X22.46824 Z4.63362 B-14.70179 F19094.9338
G01 C892.09513 X23.89449 Z4.06165 B-14.85059 E0.0253 F2226.5235
G01 C893.55584 X23.55849 Z4.19205 B-14.91256 E0.0253 F2226.5235
G01 C895.10108 X23.17948 Z4.34062 B-14.90942 E0.0253 F2226.5235
G01 C896.74211 X22.77313 Z4.49899 B-14.85419 E0.0253 F2226.5235
G01 C893.89876 X22.86649 Z4.43154 B-14.84978 E0.0145 F3877.4035
G01 C880.76974 X22.26396 Z4.60902 B-14.87859 E0.0245 F2011.6469
G01 C881.58398 X22.80773 Z4.40531 B-14.93445 E0.0245 F2011.6469
G01 C890.68619 X23.80739 Z4.11055 B-15.05087 E0.0224 F2505.8046
G01 C891.98999 X23.50409 Z4.20490 B-15.07283 E0.0224 F2505.8046
G01 C882.98867 X22.57591 Z4.50414 B-15.06702 E0.0243 F2023.7480
G01 C886.27115 X24.18775 Z3.90938 B-15.15898 E0.0129 F3808.9960
G01 C887.60387 X24.26638 Z3.89454 B-15.23131 E0.0129 F3808.9960
G01 C888.55586 X24.00395 Z4.00505 B-15.26794 E0.0167 F2946.2783
G01 C889.55093 X23.72507 Z4.12107 B-15.27600 E0.0167 F2946.2783
G01 C886.92040 X23.16465 Z4.30771 B-15.25190 E0.0215 F3125.2861
G01 C885.39396 X22.95579 Z4.37949 B-15.22610 E0.0215 F3125.2861
T1
G01 C736.06462 X18.94000 Z4.59766 B-15.43951 F13155.6216
G01 C734.95283 X19.59147 Z4.44152 B-15.64505 F13155.6216
G01 C733.96971 X20.24110 Z4.28613 B-15.84429 F13155.6216
G94
G01 C733.96971 X20.35346 Z4.25407 B-16.00368 F20000
G93
G01 C729.92383 X20.37262 Z4.24961 B-16.15368 E0.0269 F1565.8880
G01 C733.58989 X20.51945 Z4.20564 B-16.25334 E0.0269 F1565.8880
G01 C696.44687 X19.56402 Z4.45221 B-16.25284 E0.0254 F1714.2529
G01 C731.37413 X20.89401 Z4.11819 B-16.36490 E0.0222 F1896.1256
G01 C689.71310 X20.10406 Z4.37565 B-16.33638 E0.0252 F1731.5433
G01 C713.46545 X19.94763 Z4.35016 B-16.40655 F14426.6067
G01 C725.79912 X20.23255 Z4.28232 B-16.47777 E0.0351 F2183.5894
G01 C640.77352 X12.48571 Z4.84530 B-15.96899 E0.0128 F3052.9768
G01 C558.60645 X19.56215 Z5.40508 B-15.46021 E0.0128 F3052.9768
G01 C538.11491 X19.61426 Z5.45636 B-15.00646 E0.0266 F2177.5353
G01 C370.82842 X19.68620 Z4.77045 B-15.29187 F13092.2128
G01 C370.45076 X20.39926 Z4.60047 B-15.55331 F13092.2128
G94
G01 C370.45076 X20.54689 Z4.55909 B-15.76247 E1.9484 F20000
G93
G01 C357.58967 X18.96897 Z4.94543 B-15.81517 E0.0295 F1511.8386
G01 C370.08404 X20.68896 Z4.51929 B-15.97404 E0.0280 F1508.7314
G01 C376.72415 X20.60196 Z4.53131 B-16.04533 E0.0257 F1638.0670
G01 C345.09848 X19.00597 Z4.90027 B-16.03932 E0.0262 F1666.1839
G01 C386.31973 X20.36980 Z4.62631 B-16.00828 E0.0248 F1699.8780
G01 C389.50214 X20.20302 Z4.69138 B-15.94982 E0.0248 F1699.8780
G01 C344.39633 X18.59188 Z4.99927 B-15.93495 E0.0262 F1663.8926
G01 C340.39341 X18.74898 Z4.97087 B-15.92086 E0.0258 F1688.5353
G94
G01 C362.16067 X19.65473 Z4.78393 B-15.91101 E2.0534 F20000
G93
G94
G01 C362.16067 X19.64918 Z4.78551 B-15.90313 F20000
G93
G01 C371.72448 X19.88454 Z4.69778 B-15.98664 E0.0172 F2702.1956
G01 C363.74688 X19.39032 Z4.83437 B-16.00802 E0.0179 F3314.2975
G01 C525.10849 X17.96975 Z5.95676 B-15.03322 E0.0221 F1729.3878
G01 C558.43206 X18.75305 Z5.93655 B-14.26912 E0.0281 F1520.6500
G01 C516.30022 X16.98158 Z6.19470 B-13.51778 E0.0242 F1729.3878
G01 C530.70575 X19.37774 Z5.78686 B-13.56862 E0.0287 F1511.0673
G01 C534.87614 X18.08412 Z6.10549 B-13.46219 E0.0216 F2540.3769
G01 C537.20983 X18.33005 Z6.08297 B-13.40423 E0.0228 F2540.3769
G01 C538.39811 X17.75551 Z6.23280 B-13.33555 E0.0272 F2128.0209
G01 C538.06956 X17.77331 Z6.21624 B-13.27698 E0.0050 F16970.5627
G01 C540.25925 X21.37917 Z5.25609 B-13.47228 F14257.5966
G01 C540.44738 X22.02617 Z5.04752 B-13.67502 F14257.5966
G01 C540.62050 X22.67739 Z4.83739 B-13.88371 F14257.5966
G01 C540.78034 X23.33197 Z4.62587 B-14.09716 F14257.5966
G01 C540.79223 X23.39430 Z4.61473 B-14.26299 E0.0007 F52849.8198
G01 C539.47342 X22.67641 Z4.86729 B-14.32795 E0.0260 F1621.3269
T0
G01 C707.67163 X20.00280 Z4.70509 B-14.83111 F13201.1331
G01 C704.91435 X20.63862 Z4.49762 B-15.31852 E0.0232 F1606.4127
G01 C702.02439 X20.66418 Z4.49853 B-15.65719 E0.0232 F1606.4127
G01 C699.00703 X20.63027 Z4.52197 B-15.87688 E0.0232 F1606.4127
G01 C711.43566 X22.82292 Z3.74854 B-16.38929 E0.0226 F2398.2125
G01 C733.69643 X23.67764 Z3.39420 B-16.72539 E0.0221 F2144.5366
G01 C735.06326 X23.81484 Z3.35702 B-16.98902 E0.0128 F4150.3613
G01 C736.44194 X23.91687 Z3.33195 B-17.19463 E0.0141 F4145.0839
G01 C898.27816 X25.34449 Z4.04536 B-16.77410 F14414.6282
G01 C896.27813 X24.84153 Z4.17495 B-16.43785 F14414.6282
G01 C894.19667 X24.40208 Z4.28942 B-16.16902 F14414.6282
G01 C912.24567 X25.82775 Z3.71838 B-16.03814 E0.0190 F2022.6739
G01 C923.01353 X22.23407 Z5.01087 B-15.69421 E0.0247 F1503.4309
G01 C909.12440 X21.08637 Z5.37124 B-15.29995 E0.0280 F1501.0639
G01 C906.54633 X21.24158 Z5.31998 B-15.00955 E0.0280 F1501.0639
G01 C904.14614 X21.47495 Z5.25215 B-14.80222 E0.0280 F1501.0639
G01 C906.35800 X23.35935 Z4.57788 B-14.81929 E0.0240 F3275.3412
G01 C907.81980 X23.74208 Z4.43034 B-14.85603 E0.0240 F3275.3412
G01 C909.20252 X24.14394 Z4.27983 B-14.90850 E0.0240 F3275.3412
G01 C895.58026 X23.69137 Z4.49433 B-14.94454 E0.0279 F3026.6903
G01 C879.46181 X19.62887 Z5.70084 B-14.46529 E0.0228 F3138.0242
G01 C876.21537 X19.13374 Z5.83299 B-13.99037 E0.0228 F3138.0242
G01 C894.20253 X23.44040 Z4.51022 B-14.23702 F13322.6490
G01 C892.90188 X24.02021 Z4.29036 B-14.46623 F13322.6490
G01 C891.67961 X24.59650 Z4.07245 B-14.68148 F13322.6490
G01 C890.52986 X25.17071 Z3.85607 B-14.88556 F13322.6490
G01 C880.98867 X23.65919 Z4.38400 B-15.04162 E0.0224 F2095.4775
G01 C882.33114 X24.65840 Z3.99582 B-15.13674 E0.0239 F2095.4775
G01 C888.48803 X22.70658 Z4.78013 B-15.08646 E0.0152 F3226.7393
G01 C888.90665 X23.22728 Z4.58629 B-15.07943 E0.0246 F2000.5491
G01 C889.29093 X23.77308 Z4.38585 B-15.10699 E0.0246 F2000.5491
G01 C889.64490 X24.33899 Z4.18010 B-15.16224 E0.0246 F2000.5491
G01 C889.97200 X24.92102 Z3.97004 B-15.23964 E0.0246 F2000.5491
G01 C890.27515 X25.51598 Z3.75648 B-15.33474 E0.0246 F2000.5491
G01 C890.26784 X25.64562 Z3.71332 B-15.41555 E0.0034 F14533.9814
G01 C889.28670 X25.46088 Z3.77469 B-15.46898 E0.0142 F3464.1269
G01 C888.27112 X25.26872 Z3.83901 B-15.50414 E0.0146 F3464.1269
G01 C888.05257 X24.98837 Z3.95471 B-15.53192 E0.0183 F3688.3813
G01 C882.86594 X22.61407 Z4.81322 B-15.40106 E0.0172 F2943.7130
G01 C883.35976 X22.91088 Z4.69490 B-15.32508 E0.0172 F2943.7130
G01 C911.05952 X25.83461 Z3.70106 B-15.39674 F13953.9309
G01 C913.42525 X24.23095 Z4.24792 B-15.33016 E0.0174 F3061.3515
G01 C913.81614 X24.55676 Z4.12529 B-15.31403 E0.0174 F3061.3515
G01 C913.55933 X25.02095 Z3.95966 B-15.34090 E0.0224 F2386.6294
G01 C916.74408 X22.13673 Z4.98230 B-15.13400 E0.0258 F2032.8688
G01 C909.40266 X22.04347 Z5.01803 B-14.96471 E0.0238 F2354.6522
G01 C910.77955 X22.31659 Z4.90993 B-14.86573 E0.0220 F2548.9771
G01 C913.23396 X22.95838 Z4.67301 B-14.83226 E0.0206 F2548.9771
G01 C745.34814 X22.40472 Z4.19747 B-15.39721 E0.0234 F1582.5522
G01 C746.44756 X22.28398 Z4.27498 B-15.78665 E0.0234 F1582.5522
G01 C747.62967 X22.06813 Z4.37919 B-16.03567 E0.0234 F1582.5522
G01 C702.54727 X21.08095 Z4.71276 B-16.18838 E0.0238 F1560.4937
G01 C699.46502 X20.93077 Z4.76784 B-16.25772 E0.0238 F1560.4937
G01 C696.25583 X20.76131 Z4.83657 B-16.26036 E0.0238 F1560.4937
G01 C710.16752 X23.20473 Z3.93952 B-16.71361 E0.0149 F3758.8201
G01 C712.65881 X24.71781 Z3.32732 B-17.09620 E0.0227 F2421.4051
G01 C709.04002 X23.93989 Z3.66590 B-17.38430 E0.0209 F2597.3965
G01 C704.84164 X24.03948 Z3.64822 B-17.66244 F18161.0950
G94
G01 C704.84164 X24.19480 Z3.59843 B-17.88495 F20000
G93
G01 C705.16950 X24.56615 Z3.43905 B-18.03085 E0.0154 F3755.3122
G01 C708.26294 X24.94154 Z3.27071 B-18.09009 E0.0094 F6768.4360
G01 C709.09534 X24.99387 Z3.25676 B-18.14322 E0.0101 F6814.9924
G01 C709.93091 X25.04614 Z3.24357 B-18.19154 E0.0109 F6768.4360
G01 C709.25784 X24.97242 Z3.27235 B-18.21927 E0.0105 F7012.3898
G01 C738.57326 X23.59044 Z3.87335 B-18.08498 E0.0245 F2010.4655
G01 C741.43883 X23.28343 Z3.98221 B-17.92649 E0.0245 F2010.4655
G01 C744.40749 X22.98967 Z4.09509 B-17.74863 E0.0245 F2010.4655
G01 C745.40360 X22.71607 Z4.19569 B-17.57655 E0.0113 F4356.6138
G01 C745.46443 X22.55889 Z4.24866 B-17.43127 E0.0027 F16326.9084
G01 C728.86701 X24.81771 Z3.34573 B-17.61449 E0.0262 F2121.6518
G01 C553.61446 X26.49659 Z3.81287 B-17.20080 E0.0177 F1988.4951
G01 C563.50265 X22.59147 Z5.23572 B-16.59201 E0.0218 F1701.5599
G01 C564.45004 X21.77823 Z5.48020 B-15.99397 E0.0218 F1701.5599
G01 C549.05347 X21.25553 Z5.64679 B-15.53747 E0.0278 F1512.9850
G01 C554.39210 X26.15243 Z3.82361 B-15.35365 E0.0200 F1792.4367
G01 C554.45256 X26.20222 Z3.79669 B-15.13623 E0.0100 F4432.0458
G01 C554.14434 X26.14489 Z3.80956 B-14.95827 E0.0057 F8363.1421
G01 C567.95724 X20.36141 Z5.90348 B-14.51577 E0.0216 F1574.1899
G01 C528.39844 X23.76550 Z4.64375 B-14.68578 F14290.6994
G01 C526.69680 X24.24301 Z4.46466 B-14.89380 F14290.6994
G01 C520.75436 X24.31421 Z4.41760 B-15.04481 E0.0225 F1564.8884
G01 C521.42532 X24.85536 Z4.21233 B-15.14983 E0.0225 F1564.8884
G01 C520.41747 X25.30580 Z4.03080 B-15.18407 E0.0263 F1611.7308
G01 C524.70616 X20.18391 Z5.89173 B-14.78458 E0.0218 F1644.7619
G01 C521.80958 X19.69994 Z6.01108 B-14.37780 E0.0218 F1644.7619
G01 C518.79636 X19.23597 Z6.12940 B-13.96520 E0.0218 F1644.7619
G01 C525.94616 X21.26637 Z5.52347 B-14.08639 E0.0208 F2433.8452
G01 C523.73902 X21.11876 Z5.58199 B-14.19889 E0.0208 F2433.8452
G01 C522.32186 X22.88268 Z4.93182 B-14.48326 E0.0244 F2073.8553
G01 C522.98245 X23.56957 Z4.69322 B-14.75159 E0.0244 F2073.8553
G01 C524.02036 X23.31061 Z4.80727 B-14.90583 E0.0200 F2534.7408
G01 C525.12087 X22.99130 Z4.93836 B-14.96883 E0.0200 F2534.7408
G01 C527.52548 X22.23207 Z5.23639 B-14.90202 E0.0194 F2534.7408
G01 C551.41836 X23.08474 Z4.95083 B-14.85954 E0.0241 F2126.5952
G01 C552.84547 X23.50978 Z4.78512 B-14.88118 E0.0241 F2126.5952
G01 C554.18277 X23.97856 Z4.60973 B-14.95413 E0.0241 F2126.5952
G01 C553.46518 X23.08901 Z4.93654 B-14.92081 E0.0218 F2352.0766
G01 C552.14974 X22.66077 Z5.09717 B-14.84387 E0.0218 F2352.0766
G01 C556.67660 X21.82274 Z5.37249 B-14.75261 E0.0243 F2108.7547
G01 C555.95466 X22.29172 Z5.20077 B-14.72138 E0.0243 F2108.7547
G01 C554.07675 X22.18148 Z5.24578 B-14.67064 E0.0167 F3068.6924
G01 C554.49553 X21.80642 Z5.37538 B-14.60253 E0.0164 F3199.7156
T1
G01 C725.68020 X17.49501 Z5.62962 B-14.79129 F13064.8635
G01 C717.19456 X21.17573 Z4.67529 B-15.36987 E0.0177 F2024.3908
G01 C719.20684 X19.99335 Z5.02314 B-15.42940 F14342.3065
G94
G01 C712.70539 X19.43047 Z5.16186 B-15.47497 F20000
G93
G01 C725.02728 X19.39946 Z5.17237 B-15.44159 E0.0210 F2827.9436
G01 C722.01533 X19.31522 Z5.20699 B-15.34824 E0.0210 F2827.9436
G01 C554.89567 X19.22001 Z6.16541 B-14.59848 E0.0247 F1735.2240
G01 C520.17696 X16.95450 Z6.50203 B-13.76910 E0.0244 F1714.9808
G94
G01 C546.16676 X17.48245 Z6.51944 B-13.42005 F20000
G93
G01 C546.74856 X23.31715 Z4.83357 B-13.73899 E0.0230 F1710.9950
G94
G01 C544.11765 X24.39087 Z4.49639 B-14.10808 F20000
G93
G01 C542.89286 X24.29194 Z4.57624 B-14.36700 E0.0174 F2570.2086
G01 C541.61768 X24.13688 Z4.67153 B-14.53780 E0.0174 F2570.2086
G01 C540.29028 X23.93875 Z4.77954 B-14.63809 E0.0174 F2570.2086
G01 C535.84103 X24.41143 Z4.52076 B-14.76274 E0.0208 F2159.9645
G01 C534.42407 X24.87101 Z4.32819 B-14.91030 E0.0208 F2159.9645
G01 C536.71632 X25.03754 Z4.31929 B-15.05393 E0.0221 F2034.3060
G01 C538.98405 X25.22417 Z4.31074 B-15.19440 E0.0221 F2034.3060
G01 C539.84376 X24.72596 Z4.52707 B-15.22511 E0.0108 F3914.6504
G01 C364.42616 X18.70068 Z5.67159 B-15.06533 F13223.6132
G01 C371.28458 X19.67979 Z5.42091 B-15.13418 E0.0225 F2170.6265
G01 C364.78516 X19.91383 Z5.33901 B-15.21867 E0.0224 F2149.0102
G01 C361.07393 X20.36586 Z5.20949 B-15.40912 E0.0073 F6593.3071
G01 C358.63674 X20.05039 Z5.30402 B-15.45253 E0.0224 F2134.2116
G01 C356.01239 X19.66006 Z5.41988 B-15.37539 E0.0224 F2134.2116
G01 C523.68849 X17.63464 Z6.68076 B-14.43915 E0.0212 F1971.4042
G01 C516.05702 X17.06258 Z6.83447 B-13.60000 E0.0210 F1993.2207
G01 C532.23576 X18.22577 Z6.71040 B-13.36871 E0.0228 F2235.1849
G01 C538.29792 X17.24334 Z6.88370 B-13.00545 E0.0197 F2282.4147
G01 C524.16591 X24.66353 Z4.42252 B-13.41977 F13292.1842
G01 C532.36136 X24.05347 Z4.80316 B-13.86164 F14002.5689
G94
G01 C538.75594 X22.84712 Z5.39982 B-14.05310 F20000
G93
G01 C537.05909 X23.34817 Z5.18948 B-14.25670 E0.0233 F1536.3550
G01 C535.45406 X23.86677 Z4.97685 B-14.47003 E0.0233 F1536.3550
G01 C533.93592 X24.40067 Z4.76222 B-14.69113 E0.0233 F1536.3550
G01 C532.24982 X24.41986 Z4.76715 B-14.84793 E0.0233 F1535.2568
G01 C539.89767 X25.89380 Z4.35493 B-15.21033 E0.0146 F3074.4959
G01 C538.84247 X24.00688 Z5.05470 B-15.19008 E0.0190 F2362.3568
G01 C537.39175 X24.33788 Z4.89700 B-15.21813 E0.0192 F2340.1447
G01 C536.00812 X24.70433 Z4.73184 B-15.28480 E0.0192 F2340.1447
G01 C534.68856 X25.10020 Z4.56062 B-15.38238 E0.0192 F2340.1447
G01 C533.43002 X25.52056 Z4.38444 B-15.50468 E0.0192 F2340.1447
G01 C536.12460 X25.85179 Z4.31553 B-15.65816 E0.0163 F2757.9339
G01 C534.49360 X25.95948 Z4.25102 B-15.77381 E0.0163 F2757.9339
G01 C535.89203 X25.62815 Z4.41062 B-15.81746 E0.0212 F2116.8441
G01 C537.36282 X25.26509 Z4.58171 B-15.80352 E0.0212 F2116.8441
G01 C538.90965 X24.87911 Z4.76198 B-15.74350 E0.0212 F2116.8441
G01 C538.48380 X25.97913 Z4.33456 B-15.85982 E0.0170 F2642.2490
T0
G01 C713.66269 X23.11691 Z4.30382 B-16.33068 E0.0166 F2535.1409
G01 C711.41940 X23.03665 Z4.36707 B-16.68820 E0.0267 F1575.5680
G01 C742.36530 X23.83598 Z4.03076 B-16.90685 E0.0260 F1518.5429
G01 C743.38779 X23.47732 Z4.22775 B-17.06083 E0.0260 F1518.5429
G01 C745.14659 X23.67847 Z4.16427 B-17.16319 E0.0222 F1665.9203
G01 C728.82360 X24.10729 Z3.93695 B-17.32983 E0.0221 F2382.7165
G01 C731.12401 X23.87938 Z4.03578 B-17.43709 E0.0253 F2084.3932
G01 C731.25115 X24.79726 Z3.64820 B-17.56240 E0.0245 F2272.7852
G01 C728.51854 X25.68098 Z3.33554 B-17.78092 E0.0202 F2873.2729
G01 C730.09713 X25.79469 Z3.28187 B-17.94080 E0.0172 F3296.2990
G01 C731.67399 X25.88537 Z3.23856 B-18.05377 E0.0172 F3296.2990
G01 C736.31472 X25.34907 Z3.44143 B-18.04729 E0.0223 F2506.0865
G01 C736.80529 X24.90199 Z3.62789 B-18.02510 E0.0223 F2506.0865
G01 C711.69112 X24.91519 Z3.63717 B-18.10213 E0.0259 F2096.6843
G01 C713.44604 X25.70832 Z3.32476 B-18.21405 E0.0249 F2208.4307
G01 C711.48338 X25.42601 Z3.42520 B-18.26867 E0.0249 F2208.4307
G01 C703.63103 X24.90713 Z3.65759 B-18.39189 E0.0262 F2069.9414
G01 C705.96122 X25.20199 Z3.51667 B-18.43892 E0.0262 F2069.9414
G01 C708.18210 X25.47235 Z3.40428 B-18.45695 E0.0262 F2069.9414
G01 C704.82315 X25.86466 Z3.21854 B-18.45082 E0.0268 F2005.9767
G01 C707.09923 X26.18500 Z3.08627 B-18.48420 E0.0268 F2005.9767
G01 C709.26934 X26.54669 Z2.94661 B-18.54919 E0.0268 F2005.9767
G01 C551.05166 X22.87967 Z5.47120 B-17.60735 E0.0227 F1693.5765
G01 C562.45676 X23.34302 Z5.32964 B-17.07756 E0.0219 F1689.9619
G01 C563.33340 X22.56870 Z5.56553 B-16.54194 E0.0219 F1689.9619
G01 C567.32217 X21.46455 Z5.92046 B-15.85328 E0.0202 F1687.2508
G01 C568.53394 X20.59017 Z6.18662 B-15.08227 E0.0202 F1687.2508
G01 C531.11894 X23.53156 Z5.09085 B-15.06665 F13009.8171
G01 C529.11196 X23.92280 Z4.92374 B-15.13323 F13009.8171
G01 C527.21101 X24.37560 Z4.74391 B-15.26558 F13009.8171
G01 C525.39357 X24.88211 Z4.57987 B-15.46826 F13009.8171
G01 C525.90284 X21.35713 Z5.89441 B-15.26799 E0.0238 F1690.6417
G01 C526.41961 X20.82974 Z6.05669 B-14.97868 E0.0221 F1556.3621
G01 C527.88311 X20.36938 Z6.18686 B-14.69274 E0.0222 F1613.7081
G01 C520.91976 X23.48757 Z5.04695 B-14.98314 E0.0257 F2087.9506
G01 C525.39204 X22.95329 Z5.25740 B-15.05380 E0.0220 F2300.2309
G01 C526.70098 X22.55178 Z5.41696 B-15.04378 E0.0220 F2300.2309
G01 C528.10087 X22.11106 Z5.58877 B-14.96921 E0.0220 F2300.2309
G01 C525.98308 X21.83718 Z5.67544 B-14.92517 E0.0208 F2437.3670
G01 C519.94532 X21.70638 Z5.75994 B-15.03121 E0.0241 F2223.8344
G01 C520.74823 X22.24789 Z5.54994 B-15.13736 E0.0241 F2223.8344
G01 C521.48726 X22.79147 Z5.33978 B-15.24361 E0.0241 F2223.8344
G01 C522.16951 X23.33686 Z5.12946 B-15.34993 E0.0241 F2223.8344
G01 C522.80153 X23.88549 Z4.92543 B-15.46677 E0.0227 F2223.8344
G01 C523.21559 X23.52642 Z5.06640 B-15.51004 F17438.6601
G01 C523.65673 X23.12646 Z5.21890 B-15.49447 F17438.6601
G01 C556.42957 X23.82995 Z4.98627 B-15.44681 E0.0222 F2310.8255
G01 C551.05993 X21.47500 Z5.85768 B-15.14702 E0.0236 F2172.9445
G01 C554.97469 X24.43183 Z4.75813 B-15.22739 E0.0226 F2262.1259
G01 C554.81849 X24.06862 Z4.89325 B-15.25278 F18102.5525
G01 C554.65288 X23.67441 Z5.03684 B-15.23418 F18102.5525
G94
G01 C554.65288 X23.66389 Z5.03971 B-15.21930 F20000
G93
G01 C555.24369 X23.12485 Z5.23003 B-15.16484 E0.0245 F2087.1156
G01 C553.46838 X21.46911 Z5.83249 B-14.95939 E0.0230 F2392.0807
G01 C551.27498 X21.61714 Z5.78050 B-14.79604 E0.0214 F2392.0807
G01 C549.18556 X21.80520 Z5.72466 B-14.66848 E0.0214 F2392.0807
G01 C550.54487 X22.08775 Z5.60364 B-14.61179 E0.0196 F2607.7065
G01 C551.82924 X22.41662 Z5.47212 B-14.61179 E0.0196 F2607.7065
G01 C715.90770 X20.67922 Z5.41405 B-15.08351 F13158.0145
G01 C742.09676 X23.06326 Z4.57149 B-15.61076 E0.0261 F1514.7990
G01 C743.05016 X22.87334 Z4.72029 B-15.99637 E0.0261 F1514.7990
G01 C701.31726 X20.85949 Z5.45915 B-16.02993 E0.0231 F3255.0485
G01 C714.30132 X24.51672 Z4.03964 B-16.55631 E0.0140 F3930.1773
G01 C713.09199 X24.65327 Z3.99790 B-16.94843 E0.0140 F3930.1773
G01 C707.70608 X24.50721 Z4.06346 B-17.30538 F18611.2337
G01 C708.39849 X25.43926 Z3.66717 B-17.55306 E0.0201 F2733.1378
G01 C708.75293 X25.99101 Z3.45029 B-17.78446 E0.0201 F2733.1378
G01 C710.11473 X26.17264 Z3.39730 B-17.98100 E0.0147 F3745.3167
G01 C711.46662 X26.34209 Z3.35021 B-18.14964 E0.0147 F3745.3167
G01 C712.27968 X26.20550 Z3.42639 B-18.27064 E0.0147 F3733.8949
G01 C713.12059 X26.04505 Z3.51120 B-18.35353 E0.0147 F3733.8949
G01 C712.02586 X25.92601 Z3.55143 B-18.40236 E0.0134 F4110.6257
G01 C710.24015 X25.63987 Z3.65643 B-18.40905 E0.0228 F2413.5418
G01 C726.32467 X25.78152 Z3.67134 B-18.39202 E0.0265 F2093.4082
G01 C730.33163 X25.98086 Z3.54389 B-18.37103 E0.0254 F2188.0561
G01 C727.55041 X27.01538 Z3.17374 B-18.50646 E0.0270 F2060.4720
G01 C729.46803 X26.69368 Z3.27827 B-18.54930 E0.0270 F2060.4720
G01 C731.48710 X26.33623 Z3.40005 B-18.51807 E0.0270 F2060.4720
G01 C734.73848 X26.68814 Z3.24518 B-18.54130 E0.0272 F2003.6083
G01 C736.90296 X26.36045 Z3.37081 B-18.45894 E0.0272 F2003.6083
G01 C737.17136 X26.38636 Z3.35797 B-18.39233 F13264.9980
G01 C735.25504 X26.76234 Z3.20925 B-18.41076 F13264.9980
G01 C733.44104 X27.19992 Z3.04473 B-18.49722 F13264.9980
G01 C731.72474 X27.68844 Z2.86738 B-18.63811 F13264.9980
G94
G01 C731.72474 X27.76670 Z2.84090 B-18.75082 E1.8895 F20000
G93
G94
G01 C731.72474 X27.82928 Z2.81960 B-18.84099 F20000
G93
G01 C559.05804 X24.75577 Z5.11972 B-18.12063 E0.0246 F1676.4600
G01 C548.67059 X22.94588 Z5.75632 B-17.28418 E0.0226 F1696.2352
G01 C546.45128 X22.79275 Z5.81453 B-16.61828 E0.0226 F1696.2352
G01 C563.19054 X22.35141 Z5.95257 B-16.22166 E0.0221 F1678.1683
G01 C546.33539 X21.73602 Z6.16166 B-15.74831 E0.0252 F1522.0718
G01 C566.07738 X21.52445 Z6.20895 B-15.42227 E0.0204 F1672.1018
G01 C567.21515 X20.84559 Z6.41812 B-14.93938 E0.0204 F1672.1018
G01 C568.43166 X20.08109 Z6.64727 B-14.33100 E0.0204 F1672.1018
G01 C528.53896 X20.97586 Z6.27674 B-14.37129 E0.0231 F1744.7464
G01 C526.10575 X20.74585 Z6.37147 B-14.44730 E0.0239 F1683.3984
G01 C527.00504 X20.42450 Z6.47763 B-14.39286 E0.0228 F1509.7013
G01 C528.45298 X20.08527 Z6.58667 B-14.24012 E0.0221 F1622.8627
G01 C525.67815 X19.69976 Z6.67526 B-14.00751 E0.0221 F1622.8627
G01 C528.04702 X24.07648 Z5.09212 B-14.41485 E0.0250 F1517.9868
G01 C529.44665 X23.82022 Z5.22541 B-14.66512 E0.0250 F1517.9868
G01 C530.94054 X23.48313 Z5.38153 B-14.78975 E0.0250 F1517.9868
G01 C527.69675 X21.47718 Z6.11527 B-14.77672 E0.0166 F3239.5036
G01 C520.60074 X23.31778 Z5.43748 B-15.10122 E0.0239 F2248.4488
G01 C525.99528 X21.91860 Z5.96754 B-15.08946 E0.0221 F2432.6956
G01 C520.01760 X21.82979 Z6.03864 B-15.22404 E0.0260 F2062.9950
G01 C520.86919 X22.42584 Z5.80867 B-15.35498 E0.0260 F2062.9950
G01 C521.64801 X23.02205 Z5.57907 B-15.48299 E0.0260 F2062.9950
G01 C522.36275 X23.61856 Z5.34972 B-15.60867 E0.0260 F2062.9950
G01 C523.02080 X24.21546 Z5.12055 B-15.73249 E0.0260 F2062.9950
G01 C526.30509 X23.06345 Z5.57167 B-15.66449 E0.0199 F2536.6039
G01 C554.88142 X22.85442 Z5.66915 B-15.50614 F14035.7970
G01 C557.46149 X22.93877 Z5.64711 B-15.43327 F14035.7970
G01 C553.48208 X21.20014 Z6.27944 B-15.18452 E0.0252 F2186.5197
G01 C551.00449 X21.33964 Z6.20553 B-14.96945 E0.0252 F2186.5197
G01 C549.80188 X22.69562 Z5.71228 B-14.90730 E0.0240 F2135.4665
G01 C551.33212 X23.09811 Z5.55051 B-14.91297 E0.0240 F2135.4665
G01 C552.76530 X23.54724 Z5.37848 B-14.97289 E0.0240 F2135.4665
G01 C554.10872 X24.03453 Z5.19814 B-15.07622 E0.0240 F2135.4665
G01 C556.25071 X23.70694 Z5.31892 B-15.15000 E0.0211 F2611.0609
G01 C556.72727 X23.33011 Z5.47065 B-15.18394 E0.0211 F2611.0609
G01 C555.45352 X22.82783 Z5.65383 B-15.14973 E0.0177 F3116.3681
G01 C555.02022 X23.20925 Z5.50377 B-15.14623 E0.0201 F2740.9085
G01 C553.39059 X21.47766 Z6.15520 B-14.98649 E0.0228 F2417.6722
G01 C555.64976 X21.14835 Z6.28109 B-14.87304 E0.0228 F2417.6722
G01 C557.15301 X21.39774 Z6.18979 B-14.82791 E0.0273 F2017.6326
T1
G01 C711.16080 X20.54395 Z5.47492 B-15.17145 E0.0215 F1670.8686
G01 C720.02859 X21.05069 Z5.31414 B-15.55158 F13005.2633
G01 C719.42808 X20.79216 Z5.38692 B-15.72444 E0.0207 F2312.0528
G01 C713.27623 X19.42651 Z5.79002 B-15.48314 F18649.5897
G01 C716.34274 X19.67317 Z5.71315 B-15.38119 E0.0236 F2023.0160
G01 C721.62347 X20.50326 Z5.46736 B-15.53163 E0.0238 F2023.0160
G01 C724.28629 X20.15489 Z5.56932 B-15.52558 E0.0236 F2046.7775
G01 C727.60010 X19.34907 Z5.80648 B-15.31632 E0.0164 F2989.9497
G01 C895.67534 X19.10259 Z6.82015 B-14.72328 E0.0218 F2311.7568
G01 C898.30076 X19.10403 Z6.87374 B-14.30830 E0.0218 F2311.7568
G01 C898.74516 X23.10799 Z5.61537 B-14.47364 F14051.0651
G94
G01 C898.74516 X23.20184 Z5.59103 B-14.60592 E1.6552 F20000
G93
G94
G01 C898.74516 X23.27689 Z5.57140 B-14.71174 F20000
G93
G01 C900.60682 X23.47341 Z5.52306 B-14.81763 F13146.9976
G01 C900.33658 X24.15604 Z5.27966 B-14.99481 E0.0189 F2369.9890
G01 C894.74373 X25.95201 Z4.50218 B-15.36042 E0.0186 F2413.2196
G01 C896.57215 X26.13624 Z4.49117 B-15.66089 E0.0186 F2413.2196
G01 C898.40564 X26.29854 Z4.48954 B-15.90924 E0.0186 F2413.2196
G01 C904.90840 X26.25217 Z4.48121 B-16.05441 F18138.6275
G01 C903.52415 X26.15157 Z4.54524 B-16.15471 F18138.6275
G01 C898.88404 X25.08849 Z4.98217 B-16.08829 E0.0211 F2127.3471
G01 C897.36590 X25.42206 Z4.81816 B-16.08312 E0.0208 F2159.9350
G01 C895.92121 X25.79935 Z4.64420 B-16.12694 E0.0208 F2159.9350
G01 C894.54648 X26.21278 Z4.46220 B-16.20995 E0.0208 F2159.9350
G01 C896.72644 X26.23965 Z4.50002 B-16.28659 E0.0217 F2074.1071
G01 C898.91141 X26.28391 Z4.53882 B-16.35813 E0.0217 F2074.1071
G01 C899.02145 X25.79519 Z4.72916 B-16.33829 F13574.7153
G94
G01 C899.02145 X25.78402 Z4.73243 B-16.32241 F20000
G93
G01 C899.21920 X25.82675 Z4.72055 B-16.31800 E0.0038 F17141.1081
G01 C899.14843 X25.88903 Z4.69510 B-16.32371 E0.0038 F17230.9958
G01 C724.92206 X21.39500 Z5.50792 B-16.34836 E0.0165 F2193.9462
G01 C722.14678 X19.00189 Z6.20814 B-15.74020 E0.0226 F1598.5160
G01 C733.52075 X20.45424 Z5.81905 B-15.67583 E0.0218 F1686.1510
G01 C736.42888 X20.18366 Z5.91751 B-15.57142 E0.0218 F1686.1510
G01 C718.04613 X18.15601 Z6.45356 B-15.03216 E0.0215 F1665.8805
G01 C719.11212 X21.97570 Z5.33616 B-15.68554 E0.0223 F1609.9417
G01 C721.97492 X18.92985 Z6.22422 B-15.29103 F13650.6323
G94
G01 C721.97492 X18.70652 Z6.28461 B-14.97543 E1.6706 F20000
G93
G94
G01 C721.97492 X18.52762 Z6.33205 B-14.72294 F20000
G93
G01 C721.53663 X20.65896 Z5.71358 B-15.12802 E0.0206 F2342.8528
G01 C725.96860 X20.15333 Z5.86618 B-15.23511 E0.0201 F2392.9972
G01 C728.39568 X19.86893 Z5.95714 B-15.21229 E0.0201 F2392.9972
G01 C723.36918 X18.66383 Z6.29540 B-14.90816 E0.0193 F2501.1927
G01 C723.14686 X18.89409 Z6.22483 B-14.77273 E0.0155 F3115.3702
G01 C726.58914 X18.83912 Z6.24266 B-14.65282 E0.0200 F2409.5402
G01 C719.13735 X19.59851 Z6.02143 B-14.80489 E0.0231 F2072.4128
G01 C702.75566 X11.06404 Z6.69963 B-14.29033 E0.0113 F4853.8252
G01 C542.12632 X17.54043 Z7.37455 B-13.77577 E0.0113 F4853.8252
G01 C526.15461 X17.63057 Z7.41807 B-13.18507 E0.0221 F2259.9814
G01 C529.25890 X17.60548 Z7.45593 B-12.82715 E0.0221 F2259.9814
G01 C532.18697 X17.73623 Z7.46249 B-12.65546 E0.0221 F2259.9814
G01 C538.28717 X17.90165 Z7.46560 B-12.59271 E0.0182 F2728.0267
G01 C537.87837 X16.74137 Z7.60075 B-12.20697 E0.0222 F2240.0753
G94
G01 C538.74293 X21.91688 Z6.18754 B-12.85570 E1.5574 F20000
G93
G94
G01 C538.74293 X22.28739 Z6.10122 B-13.37469 F20000
G93
G01 C540.24973 X25.32130 Z5.06980 B-14.21363 E0.0178 F1883.7665
G01 C535.51605 X23.25275 Z5.78071 B-14.46248 E0.0215 F1666.3397
G01 C534.04811 X23.78344 Z5.58770 B-14.68307 E0.0215 F1666.3397
G01 C540.69858 X22.67515 Z6.09987 B-14.74202 E0.0211 F1593.6263
G94
G01 C538.48653 X25.76789 Z4.92245 B-15.23508 E1.5574 F20000
G93
G94
G01 C538.48653 X26.04661 Z4.84551 B-15.62952 F20000
G93
G01 C538.81786 X24.25929 Z5.54688 B-15.65214 E0.0189 F2383.3908
G01 C536.01890 X24.95469 Z5.22613 B-15.75743 E0.0189 F2379.4867
G01 C537.77070 X26.34139 Z4.74417 B-16.04420 E0.0169 F2663.6159
G01 C537.78063 X26.12525 Z4.84056 B-16.21846 E0.0144 F3122.2909
G01 C536.18611 X26.23275 Z4.77285 B-16.35106 E0.0158 F2849.4863
G01 C535.95527 X25.94499 Z4.88429 B-16.40306 E0.0205 F2192.4808
G01 C537.38294 X25.59967 Z5.04813 B-16.39738 E0.0205 F2192.4808
G01 C538.88235 X25.23086 Z5.22150 B-16.34555 E0.0205 F2192.4808
G01 C538.51323 X26.29381 Z4.80894 B-16.46259 E0.0164 F2745.6727
G01 C539.20792 X25.93573 Z4.96678 B-16.49681 E0.0180 F2498.3307
T0
G01 C716.71877 X19.81977 Z5.97302 B-16.06089 F13065.0958
G01 C716.80174 X20.19865 Z5.86066 B-15.87904 F13065.0958
G01 C716.87557 X20.72079 Z5.70732 B-15.90044 F13065.0958
G01 C733.32903 X21.56274 Z5.50248 B-16.03738 E0.0223 F3246.1169
G01 C730.80484 X21.98405 Z5.35996 B-16.26688 E0.0223 F3246.1169
G01 C728.41015 X22.47604 Z5.20133 B-16.57044 E0.0223 F3246.1169
G01 C730.96584 X23.48111 Z4.83555 B-16.78762 E0.0261 F2019.3294
G01 C730.02287 X24.29158 Z4.49032 B-17.01022 E0.0229 F2300.4248
G01 C739.84275 X24.61345 Z4.35781 B-17.17087 E0.0211 F2496.2718
G01 C735.72654 X23.61573 Z4.81160 B-17.24219 E0.0245 F2153.7615
G01 C733.38597 X23.93740 Z4.67189 B-17.32489 E0.0245 F2153.7615
G01 C731.15452 X24.28360 Z4.53010 B-17.41668 E0.0245 F2153.7615
G01 C732.59848 X24.73491 Z4.32236 B-17.51399 E0.0254 F2075.2751
G01 C738.22047 X24.73991 Z4.33029 B-17.57032 E0.0224 F2356.5857
G01 C738.90460 X24.34442 Z4.52032 B-17.58434 E0.0224 F2356.5857
G01 C739.63792 X23.92707 Z4.71784 B-17.56451 E0.0224 F2356.5857
G01 C735.53261 X24.28838 Z4.53428 B-17.58812 E0.0213 F3032.4091
G01 C731.72004 X25.86300 Z3.86485 B-17.71646 E0.0268 F2075.7284
G01 C733.06050 X26.39845 Z3.65179 B-17.86030 E0.0268 F2075.7284
G01 C733.02084 X27.18597 Z3.34940 B-18.06004 E0.0267 F2080.4543
G01 C731.74506 X26.83472 Z3.50275 B-18.17877 E0.0267 F2080.4543
G01 C730.38674 X26.44554 Z3.67082 B-18.23269 E0.0267 F2080.4543
G01 C728.93927 X26.02823 Z3.85077 B-18.23476 E0.0267 F2080.4543
G01 C725.98504 X25.84030 Z3.96713 B-18.24835 E0.0246 F2201.5185
G01 C717.54945 X25.22926 Z4.25511 B-18.21272 E0.0127 F4132.0883
G01 C717.79010 X25.61525 Z4.08102 B-18.23098 E0.0275 F2107.0974
G01 C719.65048 X26.01507 Z3.94386 B-18.28677 E0.0275 F2107.0974
G01 C714.75955 X26.58009 Z3.62275 B-18.43433 E0.0265 F2041.0692
G01 C710.91467 X26.38033 Z3.67528 B-18.48040 E0.0265 F2078.7069
G01 C716.05999 X27.95428 Z3.05351 B-18.75816 E0.0248 F2183.4891
G01 C714.41236 X27.72141 Z3.15091 B-18.89806 E0.0248 F2183.4891
G01 C712.68739 X27.42426 Z3.27437 B-18.92768 E0.0219 F2183.4891
G01 C705.57761 X26.67348 Z3.54329 B-18.84571 E0.0270 F2039.0309
G01 C707.71116 X26.95265 Z3.42750 B-18.81794 E0.0270 F2039.0309
G01 C709.74909 X27.27968 Z3.30145 B-18.83355 E0.0270 F2039.0309
G01 C711.69289 X27.64734 Z3.16717 B-18.88385 E0.0270 F2039.0309
G01 C715.28055 X28.47481 Z2.83959 B-19.09419 E0.0265 F2039.0309
G01 C714.75434 X28.94348 Z2.64858 B-19.30462 E0.0269 F2013.3633
G01 C710.94533 X28.78078 Z2.70034 B-19.34033 F16472.2004
G01 C709.28008 X28.59828 Z2.76034 B-19.32697 F16472.2004
G01 C706.18650 X16.05764 Z4.46507 B-18.74864 F26274.3578
G01 C530.92939 X22.69056 Z6.16575 B-18.17030 F26274.3578
G01 C530.82771 X23.43851 Z5.86491 B-17.46260 E0.0220 F1831.0173
G01 C557.40813 X25.14005 Z5.23322 B-17.12717 E0.0255 F1618.4242
G01 C558.01178 X24.44718 Z5.48890 B-16.82806 E0.0255 F1618.4242
G01 C562.40460 X22.84396 Z6.12732 B-16.51483 E0.0241 F1537.5203
G01 C529.02159 X21.35073 Z6.56019 B-16.00858 E0.0213 F3361.5786
G01 C526.29608 X20.76817 Z6.70818 B-15.49535 E0.0218 F3291.6440
G01 C523.44852 X20.20335 Z6.85399 B-14.97653 E0.0218 F3291.6440
G01 C520.48551 X19.65853 Z6.99728 B-14.45325 E0.0218 F3291.6440
G01 C517.26044 X19.11061 Z7.14530 B-13.91585 E0.0231 F3101.8909
G01 C565.27202 X20.82939 Z6.70133 B-14.08499 E0.0221 F3077.6690
G01 C566.47948 X20.39059 Z6.84519 B-13.98062 E0.0220 F3095.3969
G01 C543.31938 X20.44449 Z6.84203 B-13.92527 E0.0234 F3279.1762
G94
G01 C555.32978 X23.88899 Z5.51769 B-14.33508 F20000
G93
G01 C555.74886 X23.68419 Z5.60305 B-14.62112 E0.0218 F2522.0840
G01 C553.44021 X20.76403 Z6.71989 B-14.57774 E0.0250 F2199.4254
G01 C550.96963 X21.01667 Z6.61562 B-14.52683 E0.0250 F2199.4254
G01 C548.63560 X21.28344 Z6.51242 B-14.46992 E0.0250 F2199.4254
G01 C553.67221 X23.61106 Z5.65618 B-14.70881 E0.0243 F2268.4999
G01 C554.89454 X24.17352 Z5.43547 B-14.92626 E0.0243 F2268.4999
G01 C554.71264 X23.88822 Z5.55674 B-15.06564 F18001.2117
G01 C554.51964 X23.55882 Z5.68976 B-15.14257 F18001.2117
G94
G01 C554.51964 X23.60236 Z5.67795 B-15.20411 F20000
G93
G01 C555.09014 X23.12485 Z5.86700 B-15.22368 E0.0258 F2137.8645
G01 C555.70888 X22.62490 Z6.06250 B-15.20969 E0.0258 F2137.8645
G01 C556.38208 X22.10742 Z6.26315 B-15.16884 E0.0258 F2137.8645
G01 C557.11707 X21.57641 Z6.46789 B-15.10651 E0.0258 F2137.8645
G01 C555.57468 X21.25210 Z6.57633 B-15.01242 E0.0225 F2444.1525
G01 C553.33115 X21.43242 Z6.49105 B-14.92258 E0.0225 F2444.1525
G01 C551.19151 X21.63066 Z6.40503 B-14.83615 E0.0225 F2444.1525
G01 C549.15428 X21.84525 Z6.31842 B-14.75243 E0.0225 F2444.1525
G01 C550.48185 X22.14624 Z6.19682 B-14.73210 E0.0207 F2666.1318
G01 C524.87400 X23.74687 Z5.55172 B-15.03859 E0.0256 F2098.0548
G01 C526.19924 X23.43291 Z5.68981 B-15.20775 E0.0256 F2098.0548
G01 C527.61958 X23.04830 Z5.84883 B-15.26705 E0.0256 F2098.0548
G01 C529.14370 X22.60944 Z6.02478 B-15.23846 E0.0256 F2098.0548
G01 C518.45815 X22.27587 Z6.20933 B-15.47303 E0.0258 F2080.1311
G01 C519.35275 X22.91926 Z5.96492 B-15.68370 E0.0258 F2080.1311
G01 C523.03036 X24.26630 Z5.42105 B-15.85373 F17677.0680
G94
G01 C523.03036 X24.36219 Z5.39369 B-15.98976 F20000
G93
G01 C524.17690 X23.98771 Z5.54041 B-16.02953 E0.0232 F2310.3869
G01 C525.39990 X23.56427 Z5.70270 B-15.99229 E0.0232 F2310.3869
G01 C526.70604 X23.10324 Z5.87737 B-15.89345 E0.0232 F2310.3869
G01 C528.10259 X22.61385 Z6.06173 B-15.74532 E0.0232 F2310.3869
G01 C525.99464 X22.29614 Z6.17841 B-15.66686 E0.0221 F2430.7883
G01 C523.78640 X22.03330 Z6.28402 B-15.64412 E0.0221 F2430.7883
G01 C519.91246 X22.12164 Z6.29027 B-15.75556 E0.0243 F2208.9375
G01 C520.75770 X22.66528 Z6.06536 B-15.83849 E0.0243 F2208.9375
G01 C521.49996 X23.19924 Z5.85660 B-15.92650 E0.0243 F2208.9375
G01 C522.18443 X23.73784 Z5.64692 B-16.01858 E0.0243 F2208.9375
G01 C522.81744 X24.28031 Z5.43647 B-16.11391 E0.0243 F2208.9375
G01 C523.23859 X23.90743 Z5.58411 B-16.14403 F17342.9924
G01 C700.38799 X23.69812 Z5.08484 B-16.61276 E0.0261 F1611.0002
G01 C707.26928 X26.69973 Z3.73181 B-17.09062 E0.0262 F1575.0195
G01 C708.49804 X26.53506 Z3.83879 B-17.44815 E0.0262 F1575.0195
G01 C709.80155 X26.30950 Z3.96573 B-17.70943 E0.0262 F1575.0195
G01 C711.18535 X26.03740 Z4.10922 B-17.89370 E0.0262 F1575.0195
G01 C707.52981 X27.31719 Z3.54775 B-18.10968 F14100.5514
G01 C706.39094 X27.86037 Z3.32387 B-18.30641 F14100.5514
G01 C732.58626 X27.75611 Z3.46017 B-18.42251 F13863.6032
G01 C732.08649 X27.27475 Z3.65598 B-18.45577 F13863.6032
G01 C730.95619 X26.21730 Z4.08365 B-18.37863 F13863.6032
G01 C729.74210 X25.21944 Z4.53267 B-18.26412 F13863.6032
G01 C739.73082 X25.35623 Z4.45478 B-18.15515 E0.0239 F2203.2528
G01 C740.49299 X24.83654 Z4.69167 B-18.03439 E0.0242 F2177.0675
G01 C731.61819 X24.60798 Z4.77422 B-17.95629 E0.0187 F2815.0561
G01 C732.97723 X24.94597 Z4.60641 B-17.91648 E0.0241 F2189.7459
G01 C734.25536 X25.31168 Z4.43170 B-17.90730 E0.0241 F2189.7459
G01 C737.76978 X25.23160 Z4.47312 B-17.88274 E0.0225 F2338.7068
G01 C738.41961 X24.78617 Z4.67931 B-17.83181 E0.0225 F2338.7068
G01 C739.11561 X24.32765 Z4.89018 B-17.75980 E0.0225 F2338.7068
G01 C739.86265 X23.85916 Z5.10474 B-17.67091 E0.0225 F2338.7068
G01 C710.27510 X25.23188 Z4.46912 B-17.83930 E0.0272 F2065.7998
G01 C703.93585 X24.79783 Z4.68825 B-17.96476 E0.0180 F3116.3681
G01 C703.31532 X24.39198 Z4.89076 B-18.00483 E0.0238 F2359.9232
G01 C702.64583 X23.93995 Z5.10873 B-17.97660 E0.0238 F2359.9232
G01 C709.45578 X24.99365 Z4.60082 B-18.03894 E0.0252 F2223.4576
G01 C708.10028 X25.46332 Z4.38360 B-18.16112 E0.0252 F2223.4576
G01 C532.56285 X22.15429 Z6.66797 B-17.32130 F13025.3001
G01 C530.87715 X22.98732 Z6.31712 B-16.84524 E0.0214 F1885.1979
G01 C528.85109 X22.46914 Z6.48894 B-16.50222 E0.0214 F1885.1979
G01 C526.71836 X22.03933 Z6.63753 B-16.26563 E0.0214 F1885.1979
G01 C517.34478 X23.10646 Z6.27695 B-16.40475 E0.0231 F1742.6025
G01 C518.19673 X23.63731 Z6.06819 B-16.53607 E0.0231 F1742.6025
G01 C528.36705 X21.78609 Z6.73592 B-16.22563 E0.0219 F1575.2665
G01 C515.36932 X23.17572 Z6.27756 B-16.42843 E0.0264 F1526.5336
G01 C516.41286 X23.80005 Z6.03176 B-16.61363 E0.0264 F1526.5336
G01 C526.86683 X21.17376 Z6.90815 B-16.05158 E0.0143 F2503.9251
G01 C524.76913 X20.64703 Z7.04793 B-15.52147 E0.0162 F2210.9582
G01 C522.55741 X20.15018 Z7.20685 B-15.04421 E0.0162 F2210.9582
G01 C557.23676 X23.89262 Z5.90996 B-15.24033 E0.0237 F1746.3864
G01 C557.78503 X23.53523 Z6.06272 B-15.36872 E0.0237 F1746.3864
G01 C558.37435 X23.14072 Z6.22588 B-15.44292 E0.0237 F1746.3864
G01 C561.91803 X22.31591 Z6.58570 B-15.48044 E0.0259 F1595.3431
G01 C543.88920 X21.70451 Z6.77091 B-15.18961 E0.0250 F1536.9992
G01 C566.91270 X20.85203 Z7.06574 B-14.76199 E0.0208 F1637.8024
G01 C533.09067 X21.86581 Z6.61269 B-14.75501 F17129.6597
G01 C530.77019 X21.87260 Z6.59746 B-14.81577 F17129.6597
G01 C518.56626 X22.10496 Z6.56342 B-15.19874 E0.0268 F2004.1803
G01 C519.49031 X22.85188 Z6.28872 B-15.52888 E0.0268 F2004.1803
G01 C524.73577 X24.25378 Z5.72259 B-15.74549 E0.0240 F2240.2558
G01 C525.97125 X23.91903 Z5.86173 B-15.84753 E0.0240 F2240.2558
G01 C527.28953 X23.52580 Z6.01916 B-15.85790 E0.0240 F2240.2558
G01 C528.69765 X23.08767 Z6.19126 B-15.79494 E0.0240 F2240.2558
G01 C530.20326 X22.61565 Z6.37494 B-15.67332 E0.0240 F2240.2558
G01 C528.08023 X22.50665 Z6.40595 B-15.63234 E0.0190 F2828.9222
G01 C525.97977 X22.24936 Z6.50570 B-15.63924 E0.0220 F2441.1197
G01 C523.77917 X22.03449 Z6.59787 B-15.68442 E0.0220 F2441.1197
G01 C519.99538 X22.18903 Z6.57640 B-15.83977 E0.0259 F2076.7049
G01 C520.87577 X22.79000 Z6.33652 B-15.97002 E0.0259 F2076.7049
G01 C521.66002 X23.38170 Z6.10756 B-16.09714 E0.0259 F2076.7049
G01 C522.37979 X23.97359 Z5.87890 B-16.22175 E0.0259 F2076.7049
G01 C523.04252 X24.56580 Z5.65048 B-16.34436 E0.0259 F2076.7049
G01 C551.92746 X23.29326 Z6.18270 B-16.08949 F14118.4306
G01 C554.49314 X23.31279 Z6.17020 B-15.94001 F14118.4306
G01 C557.00008 X23.41480 Z6.14056 B-15.87482 F14118.4306
G94
G01 C557.00008 X23.37803 Z6.15100 B-15.82268 E1.9089 F20000
G93
G94
G01 C557.00008 X23.34860 Z6.15933 B-15.78096 F20000
G93
G01 C557.76713 X22.80276 Z6.37127 B-15.71751 E0.0267 F2064.6233
G01 C558.60438 X22.24686 Z6.58661 B-15.63666 E0.0267 F2064.6233
G01 C553.41707 X21.35988 Z6.88920 B-15.44095 E0.0250 F2206.6229
G01 C550.94829 X21.52462 Z6.80586 B-15.26026 E0.0250 F2206.6229
G01 C548.61721 X21.71663 Z6.72366 B-15.09947 E0.0250 F2206.6229
G01 C546.41819 X21.93668 Z6.63814 B-14.95461 E0.0250 F2206.6229
G01 C547.96212 X22.23245 Z6.50931 B-14.89056 E0.0230 F2391.3362
G01 C549.41566 X22.58184 Z6.36827 B-14.89115 E0.0230 F2391.3362
G01 C550.78478 X22.97500 Z6.21748 B-14.94346 E0.0230 F2391.3362
G01 C551.99821 X23.36720 Z6.07266 B-15.03308 E0.0211 F2606.6231
G01 C553.14883 X23.78580 Z5.92203 B-15.15254 E0.0211 F2606.6231
G01 C554.24054 X24.22613 Z5.76661 B-15.29588 E0.0211 F2606.6231
G01 C555.27701 X24.68443 Z5.60721 B-15.45832 E0.0211 F2606.6231
G01 C556.24810 X23.80288 Z5.95968 B-15.52944 E0.0244 F2257.4526
G01 C556.78968 X23.35790 Z6.13749 B-15.55692 E0.0244 F2257.4526
G01 C555.03368 X23.26883 Z6.16009 B-15.54240 E0.0177 F3116.7885
G01 C554.74321 X23.55116 Z6.04992 B-15.54828 E0.0145 F3793.4768
G01 C554.46561 X23.84532 Z5.93655 B-15.57047 E0.0145 F3793.4768
G01 C553.25391 X23.45337 Z6.08180 B-15.53685 E0.0228 F2418.2944
G01 C551.96742 X23.03568 Z6.23577 B-15.45860 E0.0228 F2418.2944
G01 C550.60045 X22.59907 Z6.39660 B-15.34464 E0.0228 F2418.2944
G01 C549.14689 X22.14916 Z6.56277 B-15.20210 E0.0228 F2418.2944
G01 C551.16873 X21.80796 Z6.68291 B-15.10258 E0.0223 F2468.2099
G01 C553.29112 X21.50530 Z6.79638 B-15.03748 E0.0223 F2468.2099
G01 C555.51550 X21.23738 Z6.90459 B-14.99990 E0.0223 F2468.2099
T1
G94
G01 C721.47574 X21.19913 Z5.85694 B-15.43401 F20000
G93
G01 C723.14616 X21.13778 Z5.87659 B-15.69291 E0.0164 F2208.9927
G01 C725.99689 X18.62482 Z6.61211 B-15.17995 E0.0210 F1720.8287
G01 C722.10173 X18.31582 Z6.69311 B-14.78097 E0.0210 F1720.8287
G01 C728.22662 X20.48627 Z6.07075 B-15.06232 E0.0218 F1660.3392
G01 C717.91342 X17.83426 Z6.83235 B-14.58237 E0.0213 F1688.0965
G01 C734.70864 X20.04837 Z6.23653 B-14.76111 E0.0215 F1708.6349
G01 C717.46615 X17.26168 Z6.99444 B-14.24406 E0.0236 F1520.2210
G01 C719.18995 X21.49211 Z5.76696 B-15.02689 E0.0215 F1670.8506
G01 C721.08690 X21.56905 Z5.75022 B-15.55142 F13062.6686
G01 C714.94826 X19.94529 Z6.23242 B-15.45993 E0.0201 F2373.9669
G01 C717.28748 X20.25997 Z6.13612 B-15.48758 E0.0201 F2373.9669
G01 C725.70110 X18.80513 Z6.55718 B-15.09574 E0.0209 F2307.5512
G01 C721.94558 X18.57078 Z6.61853 B-14.79464 E0.0209 F2307.5512
G01 C715.07948 X18.39386 Z6.67104 B-14.55544 E0.0190 F2517.5977
G01 C711.05919 X18.50996 Z6.65513 B-14.44056 F18677.9205
G01 C721.61330 X19.85786 Z6.23856 B-14.71314 E0.0227 F2124.2816
G01 C724.11601 X19.60028 Z6.31586 B-14.81141 E0.0222 F2173.1421
G01 C726.80502 X19.26205 Z6.41923 B-14.77024 E0.0222 F2173.1421
G01 C729.69231 X18.86660 Z6.54405 B-14.62231 E0.0222 F2173.1421
G01 C725.81149 X18.72478 Z6.56874 B-14.51144 E0.0227 F2120.1281
G01 C721.89072 X18.64369 Z6.58862 B-14.43503 E0.0227 F2120.1281
G94
G01 C721.24034 X23.97529 Z4.86694 B-15.19410 E1.8788 F20000
G93
G94
G01 C721.24034 X24.40424 Z4.74800 B-15.80135 F20000
G93
G01 C719.48454 X26.84710 Z3.74955 B-16.67082 E0.0234 F1856.7575
G01 C717.64901 X25.97424 Z4.15094 B-17.15690 F14697.7073
G01 C716.95248 X26.77179 Z3.82428 B-17.64945 F14697.7073
G01 C716.33277 X27.52690 Z3.51999 B-18.09138 F14697.7073
G01 C721.30197 X27.84450 Z3.47074 B-18.42283 E0.0200 F2789.5580
G01 C722.81239 X27.97680 Z3.42581 B-18.65267 E0.0187 F2991.2582
G01 C724.32747 X28.06262 Z3.39950 B-18.80120 E0.0187 F2991.2582
G01 C722.34117 X20.21091 Z4.63206 B-18.12984 E0.0069 F7318.0359
G01 C607.36977 X13.15603 Z5.85915 B-17.45847 E0.0069 F7318.0359
G01 C549.87844 X19.80729 Z7.08074 B-16.78711 E0.0069 F7318.0359
G01 C540.67719 X19.77094 Z7.15389 B-16.22178 E0.0115 F4350.9671
G01 C532.45718 X19.92045 Z7.22313 B-15.65646 E0.0115 F4350.9671
G01 C535.46293 X19.69114 Z7.34789 B-14.88324 E0.0248 F2015.5482
G01 C534.77210 X18.83509 Z7.48820 B-14.37419 E0.0118 F4562.7108
G01 C533.99498 X17.97959 Z7.62529 B-13.86515 E0.0118 F4562.7108
G01 C538.49725 X20.68079 Z7.05994 B-13.91127 F14065.3105
G01 C538.56701 X21.25149 Z6.84658 B-14.03644 F14065.3105
G01 C538.68494 X22.41555 Z6.42025 B-14.30171 F14065.3105
G01 C538.73607 X23.11340 Z6.17814 B-14.59416 F14065.3105
G01 C536.53655 X25.96673 Z5.07436 B-15.21070 E0.0204 F1648.4297
G01 C538.52904 X26.30526 Z5.02972 B-15.71234 E0.0204 F1648.4297
G01 C533.60897 X24.01923 Z5.88526 B-15.65381 E0.0224 F1599.9283
G01 C547.28741 X24.79129 Z5.63259 B-15.62854 E0.0195 F1856.8862
G01 C546.01422 X24.43669 Z5.75851 B-15.60568 E0.0195 F1856.8862
G01 C544.67440 X24.09029 Z5.88405 B-15.58476 E0.0195 F1856.8862
G01 C543.31788 X23.75497 Z6.00836 B-15.56399 E0.0190 F1899.6851
G01 C539.02965 X23.49268 Z6.11768 B-15.55585 F13245.8225
G01 C541.74048 X24.89905 Z5.58270 B-15.75031 E0.0187 F2395.2169
G01 C534.98510 X26.36800 Z4.97452 B-16.05813 E0.0208 F2288.4462
G01 C538.87728 X26.50300 Z5.00690 B-16.35074 E0.0196 F2288.4462
G01 C542.52656 X26.67588 Z4.93867 B-16.57542 E0.0184 F2438.2486
G01 C538.86824 X25.33450 Z5.47136 B-16.55075 E0.0205 F2195.3566
G01 C537.37606 X25.68249 Z5.30464 B-16.57778 E0.0203 F2212.5142
G01 C536.64712 X26.42107 Z5.00911 B-16.70139 E0.0202 F2222.5528
G01 C538.69970 X26.48260 Z5.03899 B-16.80869 E0.0202 F2222.5528
G01 C535.65095 X15.73242 Z6.10381 B-16.26472 F26084.1459
G01 C362.46825 X17.80368 Z7.16500 B-15.72076 F26084.1459
G01 C361.50073 X21.55804 Z6.05390 B-15.97982 F13042.0730
G94
G01 C361.50073 X21.70402 Z6.01181 B-16.18707 E1.6706 F20000
G93
G94
G01 C361.50073 X21.82069 Z5.97776 B-16.35287 F20000
G93
G01 C368.09192 X18.99685 Z6.81224 B-15.67696 E0.0163 F2214.9183
G01 C365.08172 X18.58241 Z6.92012 B-15.14502 E0.0163 F2214.9183
G01 C362.04935 X18.26987 Z7.00311 B-14.72825 E0.0163 F2214.9183
G01 C368.38811 X20.38992 Z6.39591 B-14.98327 E0.0208 F1736.5067
G01 C370.82925 X20.18908 Z6.46938 B-15.07394 E0.0208 F1736.5067
G01 C358.00280 X17.81442 Z7.13537 B-14.56666 E0.0212 F1694.8176
G01 C357.79488 X17.12155 Z7.32489 B-14.05291 E0.0217 F1655.6132
G01 C354.39701 X20.45204 Z6.36814 B-14.60305 E0.0231 F1552.0080
G01 C356.79705 X21.18016 Z6.15936 B-15.15874 E0.0231 F1552.0080
G01 C359.04101 X21.92713 Z5.94588 B-15.71888 E0.0231 F1552.0080
G01 C362.29198 X20.07424 Z6.48623 B-15.58045 F13851.7997
G01 C362.11146 X19.40817 Z6.67894 B-15.31379 F13851.7997
G01 C361.90894 X18.66931 Z6.89022 B-14.94455 F13851.7997
G94
G01 C361.90894 X18.45996 Z6.94552 B-14.64915 E1.6706 F20000
G93
G94
G01 C361.90894 X18.29227 Z6.98898 B-14.41284 F20000
G93
G01 C361.56036 X20.37977 Z6.38497 B-14.81635 E0.0201 F2394.6827
G01 C363.66798 X20.23563 Z6.43060 B-15.03135 E0.0199 F2428.6264
G01 C365.91046 X19.99811 Z6.50460 B-15.09556 E0.0199 F2428.6264
G01 C370.73657 X18.64358 Z6.91840 B-14.76233 E0.0165 F2914.3517
G01 C367.03808 X18.38648 Z6.96799 B-14.48782 E0.0208 F2316.5850
G01 C363.30598 X18.20231 Z7.01127 B-14.27950 E0.0208 F2316.5850
G01 C363.09931 X18.48790 Z6.92557 B-14.22096 E0.0155 F3107.7656
G01 C366.29130 X18.47571 Z6.93110 B-14.16402 E0.0185 F2603.0124
G01 C369.45162 X18.48965 Z6.93637 B-14.10837 E0.0185 F2603.0124
G01 C366.66055 X18.82677 Z6.82942 B-14.18123 E0.0216 F2230.7843
G01 C359.23558 X19.24275 Z6.71081 B-14.36812 E0.0221 F2163.1440
G01 C356.66356 X18.93415 Z6.80339 B-14.40704 E0.0221 F2163.1440
G01 C353.88542 X18.55998 Z6.91751 B-14.32758 E0.0221 F2163.1440
G01 C357.81604 X18.50124 Z6.92575 B-14.26584 E0.0227 F2108.2786
G01 C357.89466 X24.13166 Z5.08518 B-15.08445 E0.0222 F1614.0786
G01 C354.31593 X25.01650 Z4.72081 B-15.86206 E0.0233 F1539.9771
G01 C352.85766 X25.85651 Z4.40950 B-16.49152 E0.0233 F1539.9771
G01 C361.23980 X25.51375 Z4.69989 B-16.84524 F18690.9484
G94
G01 C361.23980 X25.71213 Z4.63929 B-17.12822 F20000
G93
G01 C359.97464 X27.74477 Z3.79577 B-17.71644 E0.0220 F2539.4778
G01 C373.81008 X15.95063 Z5.68494 B-16.79202 E0.0102 F4859.1328
G01 C526.38485 X19.25256 Z7.56365 B-15.86761 E0.0102 F4859.1328
G01 C524.60997 X18.79539 Z7.70104 B-15.14941 E0.0102 F4859.1328
G01 C522.85936 X18.34390 Z7.83206 B-14.43121 E0.0102 F4859.1328
G01 C534.81704 X18.83156 Z7.87139 B-13.78612 E0.0228 F2266.8020
G01 C538.70738 X21.73608 Z6.95397 B-14.06239 F14103.0148
G01 C538.71922 X22.43573 Z6.70735 B-14.37044 F14103.0148
G01 C536.54676 X25.83663 Z5.40549 B-15.07266 E0.0216 F1656.7260
G01 C538.91758 X23.57880 Z6.33953 B-15.27438 E0.0225 F1593.9637
G01 C538.68252 X23.12246 Z6.52488 B-15.33919 F13414.8006
G94
G01 C538.68252 X23.15911 Z6.51481 B-15.39104 F20000
G93
G01 C536.86878 X23.60024 Z6.33333 B-15.45662 E0.0238 F1507.9554
G01 C538.83996 X22.72263 Z6.69107 B-15.40782 E0.0189 F1890.4974
G01 C537.37490 X22.92756 Z6.59703 B-15.37424 F19459.9053
G94
G01 C537.37490 X22.90857 Z6.60225 B-15.34738 E-1.6532 F20000
G93
G01 C537.51980 X23.42538 Z6.40286 B-15.41319 F14375.6762
G01 C537.65399 X23.99461 Z6.18889 B-15.55315 F14375.6762
G01 C537.77862 X24.60569 Z5.96289 B-15.75242 F14375.6762
G01 C538.82214 X26.31699 Z5.34215 B-16.16621 E0.0201 F2232.8062
G01 C538.70390 X26.16988 Z5.41436 B-16.44112 E0.0144 F3118.9143
G01 C538.86607 X25.25874 Z5.77482 B-16.50556 E0.0200 F2246.7568
T0
G01 C382.61175 X23.52394 Z5.52031 B-16.65746 E0.0255 F1551.9450
G01 C370.11192 X25.71018 Z4.52952 B-16.95663 E0.0266 F1564.7228
G01 C371.46316 X26.32987 Z4.28943 B-17.23680 E0.0266 F1564.7228
G01 C340.36018 X23.27693 Z5.70708 B-17.31753 E0.0220 F2178.1511
G01 C348.86595 X25.47074 Z4.66148 B-17.58922 E0.0273 F2053.3026
G01 C342.09858 X23.18894 Z5.69336 B-17.52904 F18734.6202
G94
G01 C342.09858 X23.15528 Z5.70397 B-17.48090 F20000
G93
G01 C344.04840 X24.56940 Z5.10261 B-17.63222 E0.0239 F2350.7724
G01 C344.62688 X25.13299 Z4.84976 B-17.81374 E0.0239 F2350.7724
G01 C345.16559 X25.71446 Z4.59104 B-18.01942 E0.0239 F2350.7724
G01 C347.12288 X24.08445 Z5.35728 B-18.10321 E0.0191 F2501.4359
G01 C345.08715 X23.84863 Z5.45006 B-18.07454 E0.0191 F2501.4359
G01 C379.62269 X25.29381 Z4.80896 B-17.98470 E0.0232 F2268.8947
G01 C381.10792 X24.36843 Z5.23950 B-17.84872 E0.0231 F2280.4871
G01 C381.93372 X23.85807 Z5.47096 B-17.70788 E0.0231 F2280.4871
G01 C372.96678 X24.80523 Z4.99226 B-17.69556 E0.0240 F2198.2576
G01 C374.24040 X25.18455 Z4.81340 B-17.70826 E0.0240 F2198.2576
G01 C375.43963 X25.58363 Z4.63006 B-17.74099 E0.0240 F2198.2576
G01 C546.65662 X24.51478 Z6.11900 B-17.18520 E0.0242 F1710.2646
G01 C548.13157 X24.60071 Z6.05458 B-16.79488 E0.0242 F1710.2646
G01 C549.52294 X24.78693 Z5.96079 B-16.53695 E0.0242 F1710.2646
G01 C550.68246 X24.99300 Z5.86792 B-16.37757 E0.0208 F1987.0667
G94
G01 C532.08404 X22.91234 Z6.61821 B-16.14579 E1.8606 F20000
G93
G94
G01 C532.08404 X22.78172 Z6.65579 B-15.96036 F20000
G93
G01 C532.76779 X22.50132 Z6.75820 B-15.78237 E0.0100 F4027.5008
G01 C517.45346 X22.91895 Z6.63749 B-16.08356 E0.0239 F1686.8957
G01 C518.32352 X23.55664 Z6.39644 B-16.34525 E0.0239 F1686.8957
G01 C515.23534 X23.25484 Z6.58497 B-16.61953 E0.0264 F1525.0725
G01 C516.32786 X23.91439 Z6.31294 B-16.82950 E0.0264 F1525.0725
G01 C551.53393 X26.06919 Z5.47026 B-16.69384 E0.0208 F3967.9390
G01 C555.66125 X25.04123 Z5.87491 B-16.59180 E0.0221 F2487.5916
G01 C556.12506 X24.54324 Z6.06360 B-16.48375 E0.0221 F2487.5916
G01 C556.62091 X24.04272 Z6.25314 B-16.37088 E0.0221 F2487.5916
G01 C557.15216 X23.54041 Z6.44331 B-16.25416 E0.0221 F2487.5916
G01 C557.90090 X22.98220 Z6.65640 B-16.13255 E0.0252 F2184.9755
G01 C558.71479 X22.42329 Z6.87010 B-16.00705 E0.0252 F2184.9755
G01 C552.35475 X24.08747 Z6.18854 B-15.94083 E0.0240 F2299.0136
G01 C553.61327 X24.47217 Z6.04213 B-15.94183 E0.0240 F2299.0136
G01 C554.79869 X24.90063 Z5.88487 B-15.99661 E0.0240 F2299.0136
G01 C554.60969 X24.51863 Z6.03245 B-16.00542 F17799.5346
G01 C554.40900 X24.11086 Z6.18746 B-15.97748 F17799.5346
G94
G01 C554.40900 X24.09511 Z6.19196 B-15.95512 F20000
G93
G01 C554.86239 X23.63996 Z6.36698 B-15.91107 E0.0222 F2485.5937
G01 C555.34861 X23.17338 Z6.54544 B-15.84966 E0.0222 F2485.5937
G01 C555.90078 X22.73061 Z6.71438 B-15.77737 E0.0207 F2662.2034
G01 C556.49251 X22.28279 Z6.88497 B-15.69636 E0.0207 F2662.2034
G01 C523.65513 X24.79167 Z5.84467 B-16.00770 E0.0253 F2124.7367
G01 C524.88288 X24.47945 Z5.97773 B-16.18175 E0.0253 F2124.7367
G01 C526.19650 X24.09613 Z6.13301 B-16.24597 E0.0253 F2124.7367
G01 C528.46754 X22.45334 Z6.77703 B-16.11584 E0.0243 F2210.8268
G01 C526.07083 X22.11811 Z6.90147 B-16.05530 E0.0243 F2210.8268
G01 C520.93613 X24.28153 Z6.08488 B-16.31701 E0.0257 F2089.3635
G01 C523.05284 X24.62473 Z5.94787 B-16.48153 F17731.2916
G94
G01 C523.05284 X24.71722 Z5.92039 B-16.61315 F20000
G93
G01 C524.18114 X24.34881 Z6.06435 B-16.65082 E0.0228 F2356.8771
G01 C525.38368 X23.93271 Z6.22408 B-16.61334 E0.0228 F2356.8771
G01 C526.66689 X23.47996 Z6.39635 B-16.51573 E0.0228 F2356.8771
G01 C528.03772 X22.99953 Z6.57845 B-16.37002 E0.0228 F2356.8771
G01 C525.94728 X22.68343 Z6.69544 B-16.29268 E0.0219 F2454.1516
G01 C523.75708 X22.42102 Z6.80114 B-16.27005 E0.0219 F2454.1516
G01 C359.61830 X17.62527 Z7.50267 B-15.27349 F13228.1857
G01 C358.88135 X17.66982 Z7.47721 B-14.63931 F13228.1857
G01 C358.24089 X17.92014 Z7.39482 B-14.29502 F13228.1857
G01 C357.67925 X18.33582 Z7.26964 B-14.18264 F13228.1857
G01 C357.18283 X18.88401 Z7.11102 B-14.25580 F13228.1857
G01 C338.61635 X22.57780 Z6.10856 B-15.02268 E0.0253 F1665.8247
G01 C379.51570 X23.62072 Z5.64549 B-15.52425 E0.0226 F2326.0791
G01 C380.30370 X23.42276 Z5.79197 B-15.89035 E0.0253 F2079.7865
G01 C381.15422 X23.15048 Z5.95896 B-16.14807 E0.0253 F2079.7865
G01 C378.93485 X22.17391 Z6.28586 B-16.21438 E0.0216 F2233.7088
G01 C376.48547 X22.50490 Z6.15735 B-16.38442 E0.0216 F2233.7088
G01 C374.13544 X22.91277 Z6.01112 B-16.63744 E0.0216 F2233.7088
G01 C374.24992 X24.57658 Z5.34489 B-16.83861 E0.0238 F2209.7045
G01 C375.44142 X25.07966 Z5.13054 B-17.02201 E0.0238 F2209.7045
G01 C378.40316 X23.19395 Z5.97986 B-17.05674 E0.0191 F2527.0534
G01 C359.58474 X25.02321 Z5.32431 B-17.76118 F14004.9829
G01 C343.64001 X25.81875 Z4.88453 B-17.96798 E0.0278 F2016.3068
G01 C342.95029 X25.37844 Z5.11052 B-18.06297 E0.0278 F2016.3068
G01 C349.18410 X23.87216 Z5.69643 B-18.07537 E0.0228 F2099.3141
G01 C351.49077 X24.24919 Z5.56536 B-18.19934 E0.0228 F2099.3141
G01 C353.67671 X24.70535 Z5.41349 B-18.41255 E0.0228 F2099.3141
G01 C345.68268 X26.48860 Z4.61144 B-18.51221 F15080.7369
G94
G01 C345.68268 X26.54401 Z4.59284 B-18.59195 F20000
G93
G01 C346.89058 X26.14116 Z4.78432 B-18.58332 E0.0253 F2218.3723
G01 C348.18810 X25.69094 Z4.99390 B-18.50420 E0.0269 F2218.3723
G01 C349.63839 X25.19301 Z5.22235 B-18.38402 E0.0278 F2218.3723
G01 C365.50282 X14.19037 Z6.28037 B-17.81802 E0.0115 F3117.2903
G01 C525.17316 X21.85634 Z7.33449 B-17.25202 E0.0115 F3117.2903
G01 C523.57695 X25.70966 Z5.88150 B-17.31900 E0.0238 F2259.0338
G01 C524.72256 X25.28780 Z6.04383 B-17.30212 E0.0238 F2259.0338
G01 C527.25045 X24.36507 Z6.39451 B-17.13590 E0.0218 F2259.0338
G01 C528.65399 X23.80305 Z6.59643 B-16.90408 E0.0218 F2259.0338
G01 C530.15676 X23.21142 Z6.80872 B-16.61976 E0.0218 F2259.0338
G01 C521.65469 X23.76349 Z6.62112 B-16.73287 E0.0236 F2086.9142
G01 C557.16195 X23.74188 Z6.68608 B-16.55542 F14167.5270
G94
G01 C557.16195 X23.64209 Z6.71561 B-16.41346 E1.5454 F20000
G93
G94
G01 C557.16195 X23.56221 Z6.73905 B-16.29989 F20000
G93
G01 C548.23220 X23.03568 Z6.88673 B-16.04902 E0.0232 F2179.8993
G01 C556.29473 X24.08075 Z6.54054 B-16.08151 E0.0213 F2098.0072
G01 C556.93723 X23.55713 Z6.72836 B-16.05279 E0.0213 F2098.0072
G01 C555.16039 X23.42678 Z6.75640 B-15.98414 E0.0143 F3108.7144
G01 C554.77962 X23.74406 Z6.64154 B-15.96490 E0.0139 F3215.4946
G01 C550.69354 X22.84998 Z6.93053 B-15.76772 E0.0181 F2467.5402
G01 C551.25782 X22.24219 Z7.17647 B-15.79963 E0.0228 F2512.0212
G01 C553.37838 X22.00959 Z7.28344 B-15.79187 E0.0195 F2512.0212
T1
G01 C720.36777 X19.67788 Z6.90228 B-15.50967 F13063.5515
G01 C720.78520 X20.13805 Z6.76546 B-15.44822 F13063.5515
G01 C721.15815 X20.72340 Z6.59406 B-15.56338 F13063.5515
G01 C721.49333 X21.40874 Z6.39437 B-15.81982 F13063.5515
G01 C731.91260 X18.73066 Z7.20129 B-15.21490 E0.0189 F1913.0280
G01 C728.46126 X18.33309 Z7.29162 B-14.74084 E0.0189 F1913.0280
G01 C725.13787 X18.02674 Z7.36439 B-14.37129 E0.0180 F2006.6777
G01 C721.78707 X17.80524 Z7.42059 B-14.08536 E0.0180 F2006.6777
G01 C721.42535 X21.16033 Z6.45276 B-14.79422 F25976.5595
G94
G01 C721.42535 X21.56171 Z6.34462 B-15.36130 F20000
G93
G01 C723.53583 X21.47867 Z6.37161 B-15.69843 E0.0215 F1681.3500
G01 C721.95122 X18.15403 Z7.34110 B-15.03896 E0.0178 F2031.5911
G01 C732.02117 X20.50866 Z6.68353 B-15.16262 E0.0209 F1732.4612
G01 C734.57481 X20.26123 Z6.77669 B-15.14842 E0.0209 F1732.4612
G01 C717.40327 X17.42688 Z7.54531 B-14.49355 E0.0231 F1554.2660
G01 C712.69499 X17.07616 Z7.64312 B-13.96773 E0.0231 F1554.2660
G01 C703.84001 X18.98520 Z7.16657 B-14.10386 E0.0223 F1610.5483
G01 C706.79400 X19.37498 Z7.02124 B-14.29055 E0.0223 F1610.5483
G01 C709.57263 X19.82711 Z6.87334 B-14.55120 E0.0223 F1610.5483
G01 C712.18995 X20.34151 Z6.71349 B-14.87102 E0.0223 F1610.5483
G01 C714.64962 X20.90782 Z6.54326 B-15.23819 E0.0223 F1610.5483
G01 C716.95719 X21.51750 Z6.36390 B-15.64322 E0.0223 F1610.5483
G01 C719.11954 X22.16345 Z6.17637 B-16.07855 E0.0223 F1610.5483
G01 C721.15429 X22.82849 Z5.97947 B-16.53441 E0.0225 F1610.5483
G01 C722.84971 X22.82747 Z5.97677 B-16.82354 F19524.1150
G94
G01 C722.84971 X22.98967 Z5.92736 B-17.05485 E-1.6706 F20000
G93
G01 C721.12755 X22.61163 Z6.03990 B-17.11136 F13272.4898
G94
G01 C707.21464 X19.76649 Z6.92539 B-16.35533 F20000
G93
G01 C710.52381 X19.71293 Z6.91792 B-15.86865 E0.0236 F2023.6733
G01 C713.59884 X19.83630 Z6.86534 B-15.59745 E0.0236 F2023.6733
G01 C716.44782 X20.10406 Z6.77828 B-15.49864 E0.0236 F2023.6733
G01 C719.08221 X20.48954 Z6.66413 B-15.53773 E0.0236 F2023.6733
G01 C730.74269 X19.56968 Z6.94972 B-15.25671 E0.0197 F2452.7028
G01 C733.40221 X19.10333 Z7.09811 B-14.92538 E0.0197 F2452.7028
G01 C732.44703 X18.53540 Z7.24931 B-14.57176 E0.0226 F2135.7783
G01 C728.46009 X18.27146 Z7.29922 B-14.30607 E0.0226 F2135.7783
G01 C725.17238 X18.08273 Z7.34031 B-14.10356 E0.0184 F2620.0624
G01 C718.51063 X17.94550 Z7.37713 B-13.95436 E0.0185 F2590.9226
G01 C715.17237 X17.86352 Z7.40086 B-13.83345 E0.0185 F2590.9226
G01 C721.60218 X19.40528 Z6.95256 B-14.16287 E0.0217 F2218.8143
G01 C723.99554 X19.19617 Z7.01765 B-14.31148 E0.0212 F2273.8250
G01 C726.56127 X18.90078 Z7.10881 B-14.31543 E0.0212 F2273.8250
G01 C729.30722 X18.54146 Z7.22087 B-14.20366 E0.0212 F2273.8250
G01 C725.52638 X18.42971 Z7.23957 B-14.12702 E0.0221 F2183.7131
G01 C721.70908 X18.37395 Z7.25319 B-14.07848 E0.0221 F2183.7131
G01 C725.36425 X25.22778 Z4.92755 B-14.99784 E0.0233 F2330.0192
G01 C724.06633 X25.36583 Z4.94894 B-15.69120 E0.0233 F2330.0192
G01 C722.70221 X25.38256 Z5.00160 B-16.20374 E0.0233 F2330.0192
G01 C719.58208 X25.74470 Z4.91256 B-16.64111 E0.0283 F2047.1096
G01 C717.92629 X26.44240 Z4.60808 B-17.09739 E0.0283 F2047.1096
G01 C716.35814 X27.16104 Z4.29772 B-17.56878 E0.0283 F2047.1096
G01 C720.21633 X27.92967 Z4.06928 B-17.97072 E0.0233 F2396.1042
G01 C722.05396 X28.12649 Z3.99707 B-18.25595 E0.0233 F2396.1042
G01 C719.46035 X20.10481 Z5.28540 B-17.54657 E0.0079 F7452.1225
G01 C623.65226 X12.84632 Z6.56759 B-16.83719 E0.0079 F7452.1225
G01 C549.59337 X19.36733 Z7.84362 B-16.12781 E0.0079 F7452.1225
G01 C540.77050 X19.32851 Z7.91187 B-15.57234 E0.0121 F4241.4954
G01 C532.85728 X19.46143 Z7.97633 B-15.01686 E0.0121 F4241.4954
G01 C540.65253 X19.20079 Z8.08821 B-14.27791 E0.0208 F2303.5889
G01 C539.37649 X18.34992 Z8.21791 B-13.75126 E0.0102 F4695.9449
G01 C537.94720 X17.50286 Z8.34416 B-13.22462 E0.0102 F4695.9449
G01 C547.54692 X23.49914 Z6.58060 B-13.76198 E0.0213 F1695.6982
G01 C546.17806 X23.42388 Z6.62808 B-14.16080 E0.0213 F1695.6982
G94
G01 C546.73461 X25.45649 Z5.88323 B-14.73222 F20000
G93
G01 C545.32380 X25.36389 Z5.94757 B-15.18429 E0.0237 F2031.9102
G01 C543.83048 X25.21242 Z6.02819 B-15.54088 E0.0237 F2031.9102
G01 C542.24941 X25.01670 Z6.12255 B-15.82110 E0.0237 F2031.9102
G01 C540.57524 X24.78861 Z6.22834 B-16.04021 E0.0237 F2031.9102
G01 C533.99226 X25.76617 Z5.81818 B-16.21334 E0.0237 F2011.9768
G01 C532.57293 X26.30505 Z5.61581 B-16.37620 E0.0237 F2011.9768
G01 C531.23526 X26.84643 Z5.41483 B-16.53085 E0.0237 F2011.9768
G01 C533.10050 X26.86166 Z5.41638 B-16.70313 E0.0204 F2337.9054
G01 C534.99057 X26.90257 Z5.41457 B-16.88952 E0.0204 F2337.9054
G01 C536.90180 X26.96744 Z5.40990 B-17.08720 E0.0204 F2337.9054
G01 C542.43472 X27.06963 Z5.40630 B-17.24405 E0.0193 F2496.6414
G01 C538.84814 X25.71682 Z5.92886 B-17.19111 E0.0208 F2297.4130
G01 C362.07650 X19.19151 Z7.34552 B-16.26660 F13241.3376
G01 C361.93257 X19.28675 Z7.31447 B-15.69169 F13241.3376
G01 C361.80573 X19.57868 Z7.22539 B-15.39646 F13241.3376
G01 C361.69311 X20.02862 Z7.09220 B-15.32497 F13241.3376
G01 C374.01191 X18.45228 Z7.58607 B-14.77742 E0.0222 F1625.7899
G01 C369.98481 X18.05877 Z7.66674 B-14.35475 E0.0222 F1625.7899
G01 C365.87869 X17.77435 Z7.72750 B-14.03199 E0.0222 F1625.7899
G01 C361.73422 X17.58596 Z7.77305 B-13.78915 E0.0222 F1625.7899
G01 C361.43882 X20.93996 Z6.80895 B-14.52530 F25976.5595
G94
G01 C361.43882 X21.35730 Z6.69853 B-15.11422 F20000
G93
G01 C363.53823 X21.28969 Z6.72233 B-15.46963 E0.0213 F1694.0023
G01 C361.89594 X17.99933 Z7.68022 B-14.83143 E0.0215 F1679.0928
G01 C371.98280 X20.34857 Z7.02441 B-14.96790 E0.0207 F1749.9203
G01 C374.51493 X20.11106 Z7.11452 B-14.96504 E0.0207 F1749.9203
G01 C377.17361 X19.81362 Z7.22565 B-14.85072 E0.0207 F1749.9203
G01 C357.39565 X17.23282 Z7.89289 B-14.23079 E0.0228 F1572.6204
G01 C352.73777 X16.90214 Z7.98380 B-13.73320 E0.0228 F1572.6204
G01 C348.58254 X19.34494 Z7.30548 B-14.03707 E0.0238 F1507.4459
G01 C351.44606 X19.90130 Z7.13344 B-14.39880 E0.0238 F1507.4459
G01 C354.12765 X20.51219 Z6.95111 B-14.80681 E0.0238 F1507.4459
G01 C356.63346 X21.16876 Z6.75960 B-15.25184 E0.0238 F1507.4459
G01 C358.97153 X21.86364 Z6.55976 B-15.72649 E0.0238 F1507.4459
G01 C362.73376 X21.74292 Z6.59363 B-15.99195 F14076.2066
G01 C362.58778 X21.31439 Z6.72005 B-16.05100 F14076.2066
G01 C362.42692 X20.76959 Z6.87985 B-15.94494 F14076.2066
G01 C362.24881 X20.13163 Z7.06583 B-15.70677 F14076.2066
G01 C362.05051 X19.41890 Z7.27171 B-15.36292 F14076.2066
G01 C361.82839 X18.64601 Z7.49215 B-14.93453 F14076.2066
G94
G01 C361.82839 X18.40308 Z7.55616 B-14.59182 F20000
G93
G01 C361.53801 X20.37038 Z6.98455 B-14.89415 E0.0236 F2046.6617
G01 C373.30260 X18.86105 Z7.45928 B-14.60883 E0.0194 F2479.1837
G01 C373.08746 X18.32908 Z7.60451 B-14.28719 E0.0184 F2616.0963
G01 C369.84291 X18.08382 Z7.65009 B-14.04314 E0.0184 F2616.0963
G01 C366.54955 X17.90828 Z7.68406 B-13.86116 E0.0184 F2616.0963
G01 C363.22840 X17.79419 Z7.70899 B-13.72885 E0.0184 F2616.0963
G01 C363.02475 X18.12197 Z7.61263 B-13.73084 E0.0155 F3115.8322
G01 C366.13542 X18.13476 Z7.61175 B-13.72050 E0.0180 F2680.9602
G01 C369.22174 X18.16447 Z7.61258 B-13.70032 E0.0180 F2680.9602
G01 C366.50914 X18.51051 Z7.50494 B-13.79760 E0.0209 F2304.6903
G01 C363.97301 X18.94120 Z7.38059 B-13.98886 E0.0209 F2304.6903
G01 C361.60568 X19.44128 Z7.24225 B-14.25529 E0.0209 F2304.6903
G01 C367.56499 X26.00086 Z4.93183 B-15.17351 E0.0258 F2100.8186
G01 C366.24264 X26.08336 Z4.96966 B-15.86140 E0.0258 F2100.8186
G01 C380.98799 X14.68322 Z6.73594 B-15.08266 E0.0120 F4277.6188
G01 C531.65421 X17.96433 Z8.49473 B-14.30392 E0.0120 F4277.6188
G01 C535.04898 X18.57441 Z8.54603 B-13.55368 E0.0208 F2297.9459
G01 C537.52583 X18.51292 Z8.59394 B-13.11710 E0.0208 F2297.9459
G01 C538.31741 X17.81321 Z8.69785 B-12.62249 E0.0175 F2737.8999
G01 C537.40166 X21.54918 Z7.57252 B-13.59187 F19507.2556
G94
G01 C537.40166 X22.10081 Z7.43519 B-14.36738 E-1.6886 F20000
G93
G01 C537.13366 X24.06158 Z6.70559 B-15.02786 E0.0241 F2019.1093
G01 C538.84522 X25.90194 Z6.04329 B-15.68916 E0.0213 F2286.8790
G01 C538.72461 X25.91850 Z6.07560 B-16.19509 E0.0157 F3110.3326
G01 C538.87983 X25.22786 Z6.38336 B-16.56734 E0.0220 F2300.5337
T0
G01 C698.88597 X22.78098 Z6.47338 B-16.66939 E0.0223 F1609.2605
G01 C699.71911 X23.39571 Z6.28335 B-16.90738 E0.0223 F1609.2605
G01 C717.41950 X24.72805 Z5.71170 B-17.56825 E0.0205 F1913.9294
G01 C718.94104 X24.74386 Z5.69855 B-18.00208 E0.0205 F1913.9294
G01 C699.65847 X23.04668 Z6.36339 B-17.69174 E0.0208 F2294.1867
G01 C700.44149 X23.39608 Z6.25546 B-17.58970 E0.0208 F2294.1867
G01 C701.16516 X23.86374 Z6.11052 B-17.65429 E0.0208 F2294.1867
G01 C709.54759 X23.65429 Z6.06187 B-17.73583 E0.0215 F2222.6881
G01 C707.26635 X23.36499 Z6.16824 B-17.69351 E0.0215 F2222.6881
G01 C704.87452 X23.02408 Z6.29656 B-17.55210 E0.0215 F2222.6881
G01 C702.37281 X22.64653 Z6.44199 B-17.33142 E0.0215 F2222.6881
G01 C699.76364 X22.24452 Z6.60047 B-17.04733 E0.0215 F2222.6881
G01 C701.04535 X22.45019 Z6.52463 B-16.93223 F18562.4862
G01 C702.25661 X22.75547 Z6.41985 B-16.95234 F18562.4862
G94
G01 C702.25661 X22.76675 Z6.41641 B-16.96843 F20000
G93
G01 C711.13792 X24.03999 Z5.94287 B-17.40241 E0.0215 F2224.9084
G01 C736.06509 X23.18016 Z6.24539 B-17.32572 E0.0232 F2077.2245
G01 C739.41680 X24.95514 Z5.58465 B-17.34759 E0.0220 F2399.5894
G01 C740.16234 X24.50937 Z5.79671 B-17.33161 E0.0241 F2184.4569
G01 C740.96376 X24.04459 Z6.01538 B-17.28535 E0.0241 F2184.4569
G94
G01 C905.27654 X23.20885 Z7.21261 B-17.12679 E1.6968 F20000
G93
G94
G01 C905.27654 X23.11996 Z7.23990 B-16.99995 F20000
G93
G94
G01 C892.07260 X23.44846 Z7.06058 B-17.05569 E1.8661 F20000
G93
G01 C877.72391 X23.92552 Z6.94775 B-17.33543 E0.0245 F1607.8984
G01 C895.51899 X23.42632 Z7.12110 B-17.27284 E0.0100 F3915.8203
G01 C890.75460 X22.17733 Z7.68724 B-16.94762 E0.0227 F3160.5717
G01 C916.62605 X24.28088 Z6.75835 B-16.72791 E0.0173 F2573.5431
G01 C913.63920 X22.06927 Z7.64656 B-16.45210 E0.0219 F2231.3013
G01 C908.76708 X22.56031 Z7.41419 B-16.40997 E0.0219 F2231.3013
G01 C906.50894 X22.89226 Z7.28567 B-16.48276 E0.0219 F2231.3013
G01 C912.39261 X24.28688 Z6.71366 B-16.31187 E0.0220 F2298.4565
G01 C913.63144 X24.63317 Z6.59410 B-16.24691 E0.0194 F2298.4565
G01 C914.79603 X25.04867 Z6.45669 B-16.27273 E0.0194 F2298.4565
G01 C915.90657 X23.17680 Z7.18709 B-16.45522 E0.0190 F2575.0239
G01 C883.66856 X25.22042 Z6.33992 B-16.71483 E0.0232 F2122.4013
G01 C884.90399 X24.84782 Z6.48043 B-16.81740 E0.0232 F2122.4013
G01 C877.39081 X22.53916 Z7.42910 B-16.60367 E0.0255 F2080.8222
G01 C879.28114 X23.68346 Z6.99580 B-16.98108 E0.0252 F2080.8222
G01 C880.16081 X24.25964 Z6.74977 B-17.11862 E0.0259 F2080.8222
G01 C880.93869 X24.84685 Z6.52542 B-17.23598 E0.0237 F2080.8222
G01 C881.64911 X25.45509 Z6.29753 B-17.37899 E0.0237 F2080.8222
G01 C888.00223 X23.66401 Z6.98913 B-17.44721 E0.0222 F2358.3850
G01 C880.71130 X23.74495 Z7.00955 B-17.53787 E0.0235 F2229.7285
G01 C854.05632 X14.79148 Z7.39385 B-16.95014 F26365.8780
G01 C719.98042 X18.75633 Z7.77393 B-16.36241 F26365.8780
G01 C719.26898 X18.70410 Z7.78459 B-15.58575 F13182.9390
G01 C718.64663 X18.87673 Z7.72740 B-15.12812 F13182.9390
G01 C717.17414 X20.45791 Z7.26533 B-15.25313 F13182.9390
G01 C716.78201 X21.14298 Z7.06802 B-15.51684 F13182.9390
G01 C716.42748 X21.90648 Z6.84766 B-15.89151 F13182.9390
G01 C698.05066 X21.81284 Z7.06207 B-15.94709 E0.0222 F1613.6572
G01 C698.94898 X22.39844 Z6.88220 B-16.14748 E0.0222 F1613.6572
G01 C699.77558 X23.06778 Z6.67786 B-16.46371 E0.0222 F1613.6572
G01 C718.50917 X23.65319 Z6.33174 B-16.97427 F13231.5950
G94
G01 C718.50917 X23.93925 Z6.24331 B-17.38272 F20000
G93
G01 C697.10508 X24.47112 Z6.23292 B-17.46826 E0.0270 F1559.2878
G94
G01 C726.82932 X24.24229 Z6.15167 B-17.74438 F20000
G93
G01 C728.49895 X24.83656 Z5.97856 B-18.06518 E0.0220 F1640.8858
G01 C744.93892 X24.19900 Z6.40714 B-17.82154 E0.0226 F1600.1415
G01 C724.84046 X24.60469 Z6.03266 B-18.08676 F19246.0635
G01 C726.80987 X24.67700 Z6.01261 B-18.26313 F19246.0635
G94
G01 C728.79427 X24.71346 Z6.00865 B-18.36841 F20000
G93
G01 C730.26610 X25.18509 Z5.87549 B-18.54415 E0.0202 F2387.3943
G01 C739.33577 X25.67283 Z5.68846 B-18.30306 E0.0214 F2462.4696
G01 C740.14235 X25.04169 Z5.96715 B-18.07386 E0.0262 F2013.5942
G01 C742.82402 X23.28288 Z6.60980 B-17.64812 E0.0239 F2013.5942
G01 C741.33345 X22.66834 Z6.76518 B-17.24532 E0.0200 F2410.1148
G01 C738.77271 X22.72003 Z6.71508 B-17.04093 E0.0217 F2222.3951
G01 C736.31076 X22.90289 Z6.63062 B-16.99525 E0.0217 F2222.3951
G01 C733.95057 X23.19358 Z6.51890 B-17.07655 E0.0217 F2222.3951
G01 C732.89518 X24.47150 Z6.08998 B-17.28331 E0.0290 F2227.8186
G01 C739.70196 X23.53031 Z6.49641 B-17.25213 E0.0205 F2353.5278
G01 C718.39992 X24.06708 Z6.20255 B-17.59768 F14022.8507
G01 C715.65838 X24.30503 Z6.13124 B-17.88383 F14022.8507
G01 C712.94130 X24.53545 Z6.06980 B-18.12245 F14022.8507
G01 C710.26034 X24.76467 Z6.01643 B-18.32305 F14022.8507
G01 C707.62626 X24.99748 Z5.96964 B-18.49323 F14022.8507
G01 C712.07333 X25.28047 Z5.84060 B-18.71380 E0.0232 F2059.9415
G01 C713.86037 X24.93546 Z5.92950 B-18.77384 E0.0232 F2059.9415
G01 C711.67214 X24.58091 Z6.04771 B-18.70793 E0.0228 F2098.5078
G01 C709.36238 X24.17344 Z6.18943 B-18.54126 E0.0228 F2098.5078
G01 C706.92882 X23.72831 Z6.34939 B-18.29398 E0.0228 F2098.5078
G01 C701.72302 X24.61022 Z6.16937 B-18.29942 E0.0194 F2461.7283
G01 C702.44757 X24.98335 Z6.00935 B-18.21226 E0.0250 F2461.7283
G01 C704.17395 X24.90150 Z6.02266 B-18.23894 E0.0198 F3115.1078
G01 C703.55595 X24.47288 Z6.18069 B-18.25353 E0.0200 F2391.7225
G01 C702.96595 X23.97264 Z6.33540 B-18.12493 E0.0200 F2391.7225
G01 C702.32985 X23.39371 Z6.51576 B-17.88179 E0.0200 F2391.7225
G01 C704.69685 X23.54914 Z6.44091 B-17.79256 E0.0211 F2271.2750
G01 C706.96590 X23.80804 Z6.33842 B-17.82646 E0.0211 F2271.2750
G01 C709.13626 X24.15208 Z6.21372 B-17.95885 E0.0211 F2271.2750
G01 C711.20843 X24.56630 Z6.07083 B-18.17005 E0.0211 F2271.2750
G01 C709.64509 X25.13022 Z5.91201 B-18.44651 E0.0214 F2231.4930
G01 C877.17479 X23.36822 Z7.50712 B-17.89165 E0.0238 F2230.2125
G01 C878.11179 X23.73828 Z7.40579 B-17.83259 E0.0238 F2230.2125
G01 C879.78252 X24.75988 Z6.94256 B-18.12228 E0.0235 F2230.2125
G01 C881.29481 X25.63167 Z6.54576 B-18.08900 E0.0241 F2230.2125
G01 C888.71495 X24.61032 Z6.95860 B-18.21317 E0.0235 F2232.1933
G01 C890.20354 X24.22357 Z7.14053 B-18.16830 E0.0235 F2232.1933
G01 C888.04896 X24.13584 Z7.17639 B-18.13140 E0.0185 F2833.4294
G01 C885.90452 X23.83974 Z7.31254 B-18.03433 E0.0216 F2425.9989
G01 C883.67102 X23.52586 Z7.45942 B-17.88912 E0.0216 F2425.9989
G01 C880.77948 X24.10025 Z7.22428 B-17.96701 E0.0255 F2055.5240
G01 C908.69964 X24.26138 Z7.12965 B-17.90970 F13050.2043
G01 C911.11851 X23.04516 Z7.61714 B-17.49949 E0.0222 F2201.9012
G01 C908.70656 X23.15765 Z7.55069 B-17.27907 E0.0222 F2201.9012
G01 C908.09868 X23.84589 Z7.26519 B-17.34991 E0.0229 F2137.7784
G01 C916.92871 X24.58085 Z7.01288 B-17.57814 E0.0228 F2149.3353
G01 C915.14561 X24.61434 Z6.99289 B-17.74729 E0.0157 F3116.7885
G01 C911.94448 X24.55469 Z7.00568 B-17.85383 E0.0204 F2395.2591
G01 C910.60374 X24.19177 Z7.15307 B-17.81465 E0.0204 F2395.2591
G01 C909.18209 X23.75403 Z7.32644 B-17.65887 E0.0204 F2395.2591
T1
G01 C1079.89942 X20.05842 Z7.40491 B-16.80847 F13273.2334
G01 C1080.36193 X20.18611 Z7.35307 B-16.26962 F13273.2334
G01 C1080.78057 X20.49191 Z7.26148 B-16.00020 F13273.2334
G01 C1081.15511 X20.94990 Z7.12587 B-15.94633 F13273.2334
G01 C1097.02733 X18.85571 Z7.80371 B-15.25003 E0.0209 F1727.1689
G01 C1093.28565 X18.35373 Z7.90535 B-14.69232 E0.0209 F1727.1689
G01 C1089.46849 X17.96888 Z7.98584 B-14.26175 E0.0209 F1727.1689
G01 C1085.58877 X17.69028 Z8.04614 B-13.93287 E0.0209 F1727.1689
G01 C1081.68105 X17.50437 Z8.09102 B-13.68536 E0.0209 F1727.1689
G01 C1081.26195 X20.20841 Z7.31449 B-14.24580 E0.0221 F1634.1027
G01 C1081.34770 X20.84191 Z7.14136 B-14.77785 F25847.7670
G01 C1081.42922 X21.45845 Z6.96913 B-15.28720 F25847.7670
G01 C1089.96639 X17.90802 Z8.01485 B-14.62955 E0.0209 F1730.4880
G01 C1085.92437 X17.49708 Z8.10933 B-14.11900 E0.0209 F1730.4880
G01 C1081.84861 X17.20561 Z8.18020 B-13.72613 E0.0209 F1730.4880
G01 C1083.26233 X21.07133 Z7.06573 B-14.49353 E0.0201 F1801.2079
G01 C1085.25053 X21.13963 Z7.05875 B-14.99841 E0.0201 F1801.2079
G01 C1087.35140 X21.07175 Z7.08949 B-15.29328 E0.0201 F1801.2079
G01 C1062.35134 X19.49773 Z7.64161 B-15.01968 E0.0237 F1511.9577
G01 C1065.57863 X19.67522 Z7.55386 B-14.91926 E0.0237 F1511.9577
G01 C1068.62075 X19.97736 Z7.43990 B-14.95738 E0.0237 F1511.9577
G01 C1071.47750 X20.38216 Z7.30481 B-15.10633 E0.0237 F1511.9577
G01 C1074.15240 X20.87157 Z7.15231 B-15.34394 E0.0237 F1511.9577
G01 C1081.16721 X22.32098 Z6.72235 B-15.88567 E0.0239 F1511.9577
G01 C1082.87123 X22.36804 Z6.70820 B-16.24322 F19493.9091
G94
G01 C1082.87123 X22.56920 Z6.64904 B-16.52926 E-1.6706 F20000
G93
G01 C1081.17159 X22.22815 Z6.75089 B-16.63111 F13457.9538
G01 C1070.26661 X19.87559 Z7.46794 B-16.05386 F13457.9538
G01 C1067.47048 X19.11164 Z7.70531 B-15.45961 F13457.9538
G94
G01 C1067.47048 X18.77538 Z7.79680 B-14.98421 E1.6576 F20000
G93
G94
G01 C1067.47048 X18.50583 Z7.86799 B-14.60389 F20000
G93
G01 C1070.71555 X18.65702 Z7.79832 B-14.41535 E0.0232 F2065.5685
G01 C1073.73375 X18.94157 Z7.70043 B-14.38024 E0.0232 F2065.5685
G01 C1076.53300 X19.33518 Z7.58014 B-14.46786 E0.0232 F2065.5685
G01 C1079.12431 X19.81798 Z7.44160 B-14.65367 E0.0232 F2065.5685
G01 C1084.13167 X19.90976 Z7.41463 B-14.78292 E0.0241 F2001.9436
G01 C1086.93338 X19.55268 Z7.52436 B-14.75553 E0.0241 F2001.9436
G01 C1089.94934 X19.12956 Z7.65734 B-14.60282 E0.0241 F2001.9436
G01 C1093.18639 X18.66061 Z7.80830 B-14.34987 E0.0241 F2001.9436
G01 C1096.27200 X18.23019 Z7.95042 B-14.03857 E0.0209 F2305.4766
G01 C1092.76526 X17.96020 Z7.99318 B-13.80464 E0.0203 F2379.6386
G01 C1081.60198 X19.29047 Z7.57894 B-14.07771 E0.0209 F2308.3958
G01 C1083.95576 X19.05608 Z7.65036 B-14.18327 E0.0208 F2319.2478
G01 C1086.47719 X18.74229 Z7.74577 B-14.15481 E0.0208 F2319.2478
G01 C1089.17397 X18.36983 Z7.86028 B-14.01914 E0.0208 F2319.2478
G01 C1085.54360 X18.26046 Z7.87825 B-13.92635 E0.0211 F2288.8003
G01 C1081.88924 X18.20848 Z7.89009 B-13.86786 E0.0211 F2288.8003
G01 C1087.78286 X25.79850 Z5.29648 B-14.82691 E0.0205 F2650.6023
G01 C1086.59721 X25.95136 Z5.31096 B-15.55268 E0.0231 F2343.3329
G01 C1076.43258 X26.18900 Z5.26437 B-16.19604 E0.0277 F2087.9074
G01 C1074.48089 X14.49040 Z6.98617 B-15.45553 F26012.4557
G01 C898.06490 X18.55407 Z8.70121 B-14.71502 F26012.4557
G01 C898.19303 X18.34687 Z8.83947 B-13.75213 F13006.2278
G01 C899.95205 X17.27647 Z8.99649 B-13.09288 E0.0103 F3480.4153
G01 C902.00363 X16.21335 Z9.14810 B-12.43362 E0.0103 F3480.4153
G94
G01 C907.69123 X16.03897 Z9.24247 B-11.91169 E0.8555 F20000
G93
G94
G01 C913.02953 X15.93231 Z9.33342 B-11.38975 E0.8555 F20000
G93
G94
G01 C913.02953 X15.33135 Z9.44993 B-10.55465 F20000
G93
G01 C909.29317 X14.76796 Z9.51329 B-9.92166 E0.0199 F2485.3219
G01 C905.51308 X14.34763 Z9.55538 B-9.44827 E0.0192 F2485.3219
G01 C901.78374 X14.03646 Z9.58769 B-9.09727 E0.0192 F2485.3219
G01 C894.30239 X13.89635 Z9.62558 B-8.78584 E0.0193 F2485.3219
G01 C886.75004 X13.89195 Z9.64548 B-8.57828 E0.0208 F2467.4440
G01 C900.70117 X15.24754 Z9.50085 B-9.00598 E0.0208 F2298.7829
G01 C898.19015 X14.19791 Z9.58730 B-8.88457 E0.0202 F2372.9378
G01 C895.83902 X18.51216 Z8.28971 B-9.87761 E0.0109 F3349.6643
G01 C894.62356 X22.83410 Z6.97969 B-10.87066 E0.0109 F3349.6643
G01 C895.60674 X23.38621 Z6.88125 B-11.70070 E0.0109 F3349.6643
G01 C896.59554 X23.94094 Z6.77418 B-12.53075 E0.0109 F3349.6643
G01 C895.97750 X23.01904 Z7.20980 B-13.10732 E0.0112 F3211.6837
G01 C895.22397 X22.09808 Z7.64127 B-13.68389 E0.0112 F3211.6837
G01 C906.82784 X23.77317 Z7.11360 B-14.52667 E0.0214 F1678.3567
G01 C905.40391 X23.89252 Z7.11747 B-15.23897 E0.0214 F1678.3567
G01 C906.68800 X26.18772 Z6.27985 B-15.84320 F13419.6927
G94
G01 C906.68800 X26.52819 Z6.18167 B-16.32659 E1.6578 F20000
G93
G94
G01 C906.68800 X26.79996 Z6.10107 B-16.71330 F20000
G93
G01 C905.27661 X26.62607 Z6.17699 B-17.06464 E0.0234 F2042.6536
G01 C903.78072 X26.44112 Z6.25760 B-17.38768 E0.0234 F2042.6536
G01 C902.19473 X26.25001 Z6.34199 B-17.68808 E0.0234 F2042.6536
G01 C900.54723 X26.01717 Z6.47743 B-17.84897 E0.0245 F2042.6536
G01 C895.52947 X26.53816 Z6.22149 B-18.01306 E0.0239 F2037.5158
G01 C894.03327 X27.02587 Z6.02851 B-18.11015 E0.0239 F2037.5158
G01 C892.62532 X27.48518 Z5.84767 B-18.15366 E0.0239 F2037.5158
G01 C891.29958 X27.92282 Z5.67662 B-18.15430 E0.0239 F2037.5158
G01 C898.85284 X26.41962 Z6.31942 B-18.26772 E0.0220 F2300.5449
G01 C894.39790 X15.51133 Z6.96586 B-17.74777 F26285.6962
G01 C721.91968 X20.30410 Z7.60902 B-17.22783 F26285.6962
G01 C721.79243 X20.34116 Z7.60272 B-16.56184 F13142.8481
G01 C721.67964 X20.58737 Z7.53038 B-16.19498 F13142.8481
G01 C729.42692 X18.78592 Z8.06706 B-15.43705 E0.0208 F1738.3677
G01 C725.56366 X18.32501 Z8.18137 B-14.84656 E0.0208 F1738.3677
G01 C721.67403 X17.99278 Z8.26707 B-14.39002 E0.0208 F1738.3677
G01 C721.34411 X20.87453 Z7.43114 B-14.86218 F25756.4298
G01 C721.43129 X21.45810 Z7.26735 B-15.32388 F25756.4298
G01 C725.88629 X17.85848 Z8.31471 B-14.64794 E0.0208 F1740.3833
G01 C721.82586 X17.47527 Z8.41155 B-14.12303 E0.0208 F1740.3833
G01 C725.24794 X20.88300 Z7.42504 B-14.67170 E0.0200 F1806.2748
G01 C727.34649 X20.84090 Z7.45012 B-15.00183 E0.0200 F1806.2748
G01 C721.16856 X22.07986 Z7.08819 B-15.58119 E0.0238 F1522.1259
G01 C722.87684 X22.14854 Z7.06931 B-15.96885 F19493.9091
G94
G01 C723.27110 X18.92692 Z8.01119 B-15.36199 F20000
G93
G01 C726.56899 X18.59096 Z8.10557 B-14.86257 E0.0182 F2644.3889
G01 C729.64852 X19.18048 Z7.94001 B-14.67046 E0.0233 F2072.2043
G01 C726.74504 X19.46753 Z7.84391 B-14.64321 E0.0233 F2072.2043
G01 C724.04226 X19.86928 Z7.72330 B-14.74786 E0.0233 F2072.2043
G01 C721.53091 X20.36472 Z7.58266 B-14.95801 E0.0233 F2072.2043
G01 C721.86514 X18.35894 Z8.16352 B-14.55927 E0.0199 F2418.6763
G01 C721.88325 X18.53601 Z8.10596 B-14.34762 E0.0155 F3114.8244
G01 C721.59875 X19.54985 Z7.81160 B-14.48105 E0.0205 F2349.9636
G01 C723.92546 X19.24076 Z7.90167 B-14.47631 E0.0205 F2350.2435
G01 C726.41635 X18.86863 Z8.01191 B-14.36101 E0.0205 F2350.2435
G01 C729.07898 X18.45070 Z8.13789 B-14.15729 E0.0205 F2350.2435
G01 C726.16137 X18.30811 Z8.16566 B-14.00720 E0.0169 F2851.9316
G01 C723.22561 X18.21726 Z8.18560 B-13.90003 E0.0169 F2851.9316
G01 C721.28342 X18.60698 Z8.07361 B-13.94064 E0.0204 F2358.0008
G94
G01 C721.22583 X21.44656 Z7.23005 B-14.59485 F20000
G93
G94
G01 C721.18890 X24.28477 Z6.38118 B-15.24906 F20000
G93
G01 C715.63869 X26.21711 Z5.54184 B-15.94195 E0.0245 F2358.1143
G01 C714.38123 X27.02259 Z5.22881 B-16.58866 E0.0245 F2358.1143
G01 C711.26838 X15.20331 Z7.14293 B-15.66835 F26323.8083
G01 C537.65838 X18.02608 Z9.04662 B-14.74805 F26323.8083
G01 C537.77150 X17.81657 Z9.14360 B-14.12172 F26323.8083
G01 C537.87782 X17.60586 Z9.23571 B-13.49538 F26323.8083
G01 C538.07231 X17.51770 Z9.33077 B-12.71306 F13161.9041
G94
G01 C538.31505 X18.12295 Z9.27322 B-12.53821 F20000
G93
G01 C542.94289 X17.05476 Z9.44810 B-11.96919 E0.0196 F2438.9774
G01 C545.46572 X16.39183 Z9.56422 B-11.36663 E0.0196 F2438.9774
G01 C548.13047 X15.72529 Z9.67945 B-10.73725 E0.0196 F2438.9774
G01 C536.25837 X14.66606 Z9.78939 B-10.04694 E0.0215 F2225.3905
G01 C532.10171 X14.34538 Z9.86696 B-9.46241 E0.0215 F2225.3905
G01 C532.27579 X15.16725 Z9.81297 B-9.38933 E0.0206 F2326.8834
G01 C534.91943 X15.47099 Z9.77496 B-9.49253 E0.0206 F2326.8834
G01 C538.23218 X15.44334 Z9.76037 B-9.59187 E0.0175 F2741.8564
G01 C538.58714 X17.97613 Z9.06507 B-10.51389 F51982.3146
G01 C538.83325 X20.50721 Z8.35908 B-11.43591 F51982.3146
G01 C537.94409 X21.57122 Z8.02154 B-12.26362 E0.0123 F4090.6815
G01 C537.11884 X22.63619 Z7.67543 B-13.09133 E0.0123 F4090.6815
G01 C538.08344 X23.82020 Z7.29534 B-13.79812 E0.0078 F6450.6283
G01 C538.95722 X25.00623 Z6.90904 B-14.50491 E0.0078 F6450.6283
G01 C539.01288 X25.22469 Z6.87737 B-15.04813 E0.0081 F6224.1995
G01 C539.06984 X25.44219 Z6.84205 B-15.59135 E0.0081 F6224.1995
T0
G01 C714.79655 X17.56217 Z8.40825 B-14.76039 F13177.2294
G01 C715.52514 X20.18916 Z7.63906 B-14.92283 F13177.2294
G01 C715.62637 X20.90075 Z7.43502 B-15.21822 F13177.2294
G01 C715.71781 X21.68718 Z7.20898 B-15.61997 F13177.2294
G01 C698.99698 X22.16909 Z7.24446 B-15.85693 E0.0219 F1637.9110
G01 C699.80916 X22.85140 Z7.03780 B-16.20012 E0.0219 F1637.9110
G01 C700.55937 X23.59504 Z6.81191 B-16.62827 E0.0219 F1637.9110
G01 C715.68208 X23.76450 Z6.59937 B-17.09080 E0.0222 F1619.5836
G01 C698.82183 X24.17875 Z6.65729 B-17.27495 E0.0270 F1710.7682
G01 C722.13618 X23.87147 Z6.55547 B-17.53298 F16273.0573
G01 C738.09141 X21.62394 Z7.31606 B-16.94662 E0.0239 F1511.0048
G01 C729.22453 X22.43816 Z7.00055 B-16.88763 E0.0189 F1917.1982
G01 C727.32162 X22.72116 Z6.90818 B-16.94129 E0.0207 F1969.5953
G01 C725.50764 X23.07835 Z6.79642 B-17.08507 E0.0207 F1969.5953
G01 C723.77991 X23.49619 Z6.66871 B-17.30096 E0.0207 F1969.5953
G01 C722.13533 X23.96369 Z6.52770 B-17.57452 E0.0207 F1969.5953
G01 C721.78507 X24.17586 Z6.46161 B-17.81072 E0.0044 F10143.1392
G01 C721.67243 X24.32648 Z6.41354 B-18.00516 E0.0016 F31661.8895
G01 C740.99117 X22.85862 Z6.99767 B-17.51701 E0.0229 F2107.7786
G01 C730.95904 X23.89009 Z6.57854 B-17.62146 E0.0228 F2117.9797
G01 C728.73442 X24.32215 Z6.43327 B-17.82877 E0.0228 F2117.9797
G01 C730.20078 X24.84888 Z6.28321 B-18.08577 E0.0201 F2399.7818
G01 C740.92350 X24.52614 Z6.51629 B-17.98705 E0.0226 F2131.7388
G01 C741.71803 X23.90985 Z6.71003 B-17.75119 E0.0226 F2131.7388
G01 C742.63525 X23.21872 Z6.94533 B-17.43323 E0.0226 F2131.7388
G01 C741.99246 X22.76663 Z7.06481 B-17.12159 F19618.2498
G01 C740.43266 X22.88245 Z6.99375 B-16.95046 F19618.2498
G94
G01 C740.43266 X22.78642 Z7.02289 B-16.81357 F20000
G93
G01 C731.35917 X23.93648 Z6.57523 B-17.16854 E0.0214 F2256.9263
G01 C732.84934 X24.59432 Z6.40634 B-17.55646 E0.0217 F2224.9036
G01 C708.55286 X22.29924 Z7.06681 B-17.26960 F13929.3803
G01 C705.35994 X22.08227 Z7.16505 B-16.99733 F13929.3803
G01 C702.15987 X21.90377 Z7.25992 B-16.73675 F13929.3803
G01 C699.83878 X22.31028 Z7.18304 B-16.63884 E0.0219 F2187.9452
G01 C701.36552 X23.35765 Z6.86093 B-16.86715 E0.0219 F2187.9452
G01 C702.04122 X24.03931 Z6.65185 B-17.20312 E0.0219 F2187.9452
G01 C707.66568 X25.71203 Z5.88576 B-17.39163 E0.0290 F2059.9509
G01 C710.46643 X25.08748 Z6.21935 B-17.87232 E0.0299 F2059.9509
G01 C712.11565 X24.90017 Z6.26414 B-18.18996 E0.0232 F2059.9509
G01 C713.89946 X24.60835 Z6.33597 B-18.32730 E0.0232 F2059.9509
G01 C711.84335 X24.32037 Z6.43154 B-18.33035 E0.0214 F2234.9541
G01 C709.67996 X23.97268 Z6.55181 B-18.22598 E0.0214 F2234.9541
G01 C707.40732 X23.58129 Z6.69149 B-18.03567 E0.0214 F2234.9541
G01 C705.02466 X23.15925 Z6.84615 B-17.77660 E0.0214 F2234.9541
G01 C702.53263 X22.71719 Z7.01211 B-17.46254 E0.0214 F2234.9541
G01 C699.90708 X22.26229 Z7.20111 B-17.12682 E0.0214 F2234.9541
G01 C701.19114 X22.43820 Z7.12068 B-16.94698 F18771.6526
G01 C702.37984 X22.70452 Z7.02818 B-16.91418 F18771.6526
G01 C703.00763 X23.20086 Z6.87665 B-17.02989 E0.0202 F2363.2011
G01 C703.58928 X23.78155 Z6.69918 B-17.26442 E0.0202 F2363.2011
G01 C704.12959 X24.42955 Z6.50004 B-17.59399 E0.0202 F2363.2011
G01 C527.96960 X26.31020 Z6.55749 B-17.84344 E0.0244 F1580.4902
G01 C529.30418 X26.04102 Z6.67798 B-18.06423 E0.0244 F1580.4902
G01 C530.72760 X25.76322 Z6.80314 B-18.26209 E0.0244 F1580.4902
G01 C532.24710 X25.48081 Z6.93209 B-18.44161 E0.0244 F1580.4902
G01 C524.94284 X26.00812 Z6.70674 B-18.62652 E0.0259 F2082.4035
G01 C526.25421 X25.78882 Z6.81186 B-18.94575 E0.0259 F2082.4035
G01 C529.20326 X24.97897 Z7.18901 B-18.90766 E0.0252 F2082.4035
G01 C528.48291 X24.14443 Z7.56163 B-18.64733 E0.0241 F2174.4482
G01 C526.01271 X23.69073 Z7.75464 B-18.36387 E0.0241 F2174.4482
G01 C517.88987 X22.34902 Z8.15014 B-17.37949 E0.0244 F2174.4482
G01 C516.43677 X21.88253 Z8.28804 B-16.84068 E0.0122 F4348.8965
G01 C514.95777 X21.42132 Z8.42238 B-16.30187 E0.0122 F4348.8965
G01 C516.15921 X21.55169 Z8.38703 B-15.85983 E0.0260 F2043.1799
G01 C518.26931 X22.77740 Z8.03488 B-16.32979 E0.0257 F2043.1799
G01 C519.19672 X23.60401 Z7.69728 B-16.87133 E0.0257 F2043.1799
G01 C520.84887 X25.03949 Z7.08272 B-17.63572 E0.0257 F2043.1799
G01 C524.17490 X25.24905 Z7.00509 B-18.17881 E0.0228 F2296.0941
G01 C525.40131 X25.08589 Z7.10427 B-18.47304 E0.0228 F2296.0941
G01 C526.70616 X24.78986 Z7.24910 B-18.56817 E0.0228 F2296.0941
G01 C528.09573 X24.38943 Z7.43104 B-18.50404 E0.0228 F2296.0941
G01 C525.92119 X24.07372 Z7.57471 B-18.38409 E0.0219 F2391.7243
G01 C523.65473 X23.74313 Z7.72845 B-18.21947 E0.0219 F2391.7243
G01 C555.68772 X26.01782 Z6.74131 B-18.12863 E0.0223 F2562.6518
G01 C558.92387 X23.71489 Z7.73363 B-17.81744 E0.0238 F2058.9089
G01 C556.33774 X22.23011 Z8.22528 B-17.03810 E0.0222 F2185.4181
G01 C547.97244 X23.69650 Z7.63808 B-17.18766 E0.0219 F2231.9349
G01 C549.49071 X24.22080 Z7.42719 B-17.43422 E0.0219 F2231.9349
G01 C550.91880 X24.80750 Z7.20477 B-17.76529 E0.0219 F2231.9349
G01 C552.29848 X25.33692 Z6.99673 B-17.96201 E0.0256 F2231.9349
G01 C554.91771 X25.13481 Z7.11635 B-18.17728 E0.0184 F2665.1864
G01 C555.41357 X24.80090 Z7.26368 B-18.20821 E0.0184 F2665.1864
G01 C556.04654 X24.32503 Z7.46178 B-18.07866 E0.0201 F2435.1738
G01 C556.72417 X23.76101 Z7.68859 B-17.82073 E0.0201 F2435.1738
G01 C557.45117 X23.12657 Z7.93724 B-17.46009 E0.0201 F2435.1738
G01 C589.97694 X14.99038 Z8.30527 B-16.76582 F26371.9878
G01 C708.87703 X18.09115 Z8.66739 B-16.07155 F26371.9878
G01 C710.06224 X17.90056 Z8.68784 B-15.12499 F13185.9939
G01 C714.58051 X20.99806 Z7.70905 B-15.35505 F13185.9939
G01 C715.06411 X21.74126 Z7.49331 B-15.70387 F13185.9939
G01 C700.42841 X23.18901 Z7.23010 B-16.17838 E0.0190 F1889.1446
G01 C700.99014 X23.93761 Z7.00487 B-16.69112 E0.0190 F1889.1446
G94
G01 C728.67637 X23.76486 Z6.90526 B-17.05736 F20000
G93
G01 C730.41977 X24.46272 Z6.70771 B-17.45950 E0.0240 F2007.8718
G01 C740.71499 X24.28852 Z6.89953 B-17.51605 E0.0204 F2361.9539
G01 C741.40300 X23.82265 Z7.05120 B-17.41187 E0.0230 F2361.9539
G01 C742.16774 X23.26747 Z7.23957 B-17.19365 E0.0230 F2361.9539
G01 C736.11539 X22.92061 Z7.21734 B-17.06688 E0.0215 F2247.5099
G01 C733.78276 X23.16494 Z7.12056 B-17.08225 E0.0215 F2247.5099
G01 C729.42332 X23.85459 Z6.88031 B-17.32811 E0.0215 F2247.5099
G01 C731.30077 X24.18699 Z6.79362 B-17.55306 E0.0171 F2825.4698
G01 C732.78872 X24.77209 Z6.63188 B-17.83180 E0.0217 F2218.3700
G01 C718.32905 X24.37627 Z6.69878 B-18.02156 F14065.3543
G01 C715.60444 X24.53645 Z6.65192 B-18.18546 F14065.3543
G01 C712.90771 X24.70773 Z6.60950 B-18.32868 F14065.3543
G01 C710.25014 X24.89255 Z6.57068 B-18.45534 F14065.3543
G01 C704.47552 X23.26742 Z7.11237 B-18.05519 E0.0228 F2101.6932
G01 C707.02772 X23.37976 Z7.05578 B-17.84945 E0.0228 F2101.6932
G01 C709.45404 X23.62037 Z6.96398 B-17.79922 E0.0228 F2101.6932
G01 C711.75550 X23.96615 Z6.84424 B-17.87342 E0.0228 F2101.6932
G01 C713.93463 X24.39824 Z6.70190 B-18.04715 E0.0228 F2101.6932
G01 C712.15276 X24.96468 Z6.53968 B-18.30324 E0.0232 F2059.5261
G01 C708.24407 X25.60011 Z6.38005 B-18.60953 E0.0216 F2211.8592
G01 C546.57782 X26.09456 Z7.07552 B-18.94725 E0.0216 F3394.8568
G01 C532.79263 X23.79346 Z7.78375 B-18.27159 E0.0109 F4873.4586
G01 C514.82394 X22.31866 Z8.48644 B-17.59594 E0.0109 F4873.4586
G01 C515.88438 X22.18790 Z8.53698 B-16.87355 E0.0222 F2393.6503
G01 C516.86784 X22.41218 Z8.47697 B-16.65429 E0.0222 F2393.6503
G01 C518.63160 X23.47488 Z8.12903 B-17.08324 E0.0219 F2393.6503
G01 C519.52121 X24.27600 Z7.79481 B-17.59134 E0.0255 F2052.5800
G01 C520.34473 X25.12282 Z7.44299 B-18.16276 E0.0255 F2052.5800
G01 C521.10895 X26.00581 Z7.07527 B-18.78484 E0.0255 F2052.5800
G01 C524.78827 X26.49502 Z6.85356 B-19.31678 E0.0241 F2179.5612
G01 C526.05142 X26.30223 Z6.96177 B-19.59453 E0.0241 F2179.5612
G01 C527.39602 X25.97515 Z7.11947 B-19.66893 E0.0241 F2179.5612
G01 C528.82857 X25.54270 Z7.31722 B-19.58066 E0.0241 F2179.5612
G01 C525.96436 X24.69153 Z7.70346 B-19.29516 E0.0221 F2367.9823
G01 C523.66178 X24.27032 Z7.89061 B-18.99844 E0.0221 F2367.9823
G01 C548.96086 X24.90399 Z7.55121 B-18.79194 F13142.4990
G01 C551.76156 X24.93015 Z7.53163 B-18.68413 F13142.4990
G01 C554.55210 X25.03324 Z7.50052 B-18.63315 F13142.4990
G01 C557.27060 X25.19476 Z7.45874 B-18.62764 F13142.4990
G01 C559.00874 X24.01649 Z7.95243 B-18.25118 E0.0242 F2020.0618
G01 C550.16419 X23.28687 Z8.19299 B-17.74984 E0.0205 F2571.1085
G01 C548.15276 X23.30142 Z8.16667 B-17.42957 E0.0205 F2571.1085
G01 C546.23107 X23.42966 Z8.10773 B-17.25417 E0.0205 F2571.1085
G01 C551.80278 X25.04754 Z7.42037 B-17.75027 E0.0199 F2454.5133
G01 C552.98962 X25.74095 Z7.16786 B-18.26842 E0.0199 F2454.5133
G01 C555.75774 X26.31670 Z6.99090 B-18.76337 E0.0229 F2135.3196
G01 C556.37059 X26.02224 Z7.11925 B-18.96874 E0.0229 F2135.3196
G01 C557.03054 X25.57384 Z7.31484 B-18.95669 E0.0229 F2135.3196
G01 C554.86292 X25.83375 Z7.18813 B-19.04616 E0.0146 F3364.3089
G01 C554.49283 X26.24302 Z7.02173 B-19.22965 E0.0146 F3364.3089
G01 C553.25457 X25.88676 Z7.16449 B-19.24493 E0.0215 F2277.0406
T1
G01 C578.91258 X15.62831 Z7.36313 B-18.69944 F26327.7475
G01 C720.30169 X21.44253 Z7.55817 B-18.15395 F26327.7475
G01 C708.81910 X21.73057 Z7.52331 B-17.49245 E0.0233 F1537.6759
G01 C715.33223 X21.20727 Z7.64966 B-16.95071 F13629.2856
G01 C710.47889 X19.98436 Z8.04346 B-16.25465 F13629.2856
G01 C707.67314 X19.16702 Z8.32449 B-15.56696 F13629.2856
G01 C713.88910 X19.51265 Z8.14524 B-15.24425 E0.0227 F2107.2845
G01 C721.51552 X20.59766 Z7.81786 B-15.32440 E0.0229 F2107.2845
G01 C726.76051 X19.78438 Z8.05817 B-15.13406 E0.0234 F2062.6130
G01 C721.85263 X18.42120 Z8.44549 B-14.67217 E0.0200 F2405.4289
G01 C721.58307 X19.68382 Z8.07528 B-14.70941 E0.0203 F2375.0479
G01 C723.88723 X19.32341 Z8.17867 B-14.62873 E0.0203 F2375.3348
G01 C726.35314 X18.91113 Z8.29929 B-14.45371 E0.0203 F2375.3348
G01 C725.44311 X18.43496 Z8.43099 B-14.21935 E0.0205 F2355.7460
G01 C721.87807 X18.30613 Z8.46242 B-14.04800 E0.0205 F2355.7460
G01 C715.80103 X24.79722 Z6.40545 B-14.91829 F14166.7987
G01 C717.61308 X25.00700 Z6.40813 B-15.50952 E0.0146 F4217.3179
G01 C719.47887 X25.22977 Z6.40651 B-16.10075 E0.0146 F4217.3179
G01 C720.06498 X18.07694 Z7.47580 B-15.35363 F39693.6821
G01 C742.81082 X10.95087 Z8.53820 B-14.60651 F39693.6821
G01 C897.53691 X16.36038 Z9.59370 B-13.85939 F39693.6821
G01 C897.63783 X16.03333 Z9.71077 B-13.07193 F26462.4548
G01 C897.73177 X15.70451 Z9.82011 B-12.28448 F26462.4548
G01 C897.81941 X15.56541 Z9.88231 B-11.76360 F26462.4548
G01 C897.90139 X15.42562 Z9.94111 B-11.24272 F26462.4548
G01 C906.14161 X14.51558 Z10.10593 B-10.26247 E0.0208 F1724.0001
G01 C901.86820 X13.90612 Z10.19093 B-9.50835 E0.0208 F1724.0001
G01 C903.03076 X16.64955 Z9.88039 B-10.12151 F15076.5712
G01 C906.68417 X15.67025 Z10.04891 B-9.97262 F15076.5712
G01 C908.62538 X15.13634 Z10.11782 B-9.67139 F15076.5712
G01 C910.72212 X14.52409 Z10.20005 B-9.24827 F15076.5712
G01 C913.07075 X13.84385 Z10.29592 B-8.72423 F15076.5712
G01 C910.33738 X13.45464 Z10.32914 B-8.32279 E0.0142 F3378.3521
G01 C906.32425 X13.13941 Z10.34969 B-8.03143 E0.0207 F2311.0833
G01 C898.05752 X12.93051 Z10.35725 B-7.82960 E0.0207 F2311.0833
G01 C893.95560 X12.87264 Z10.38096 B-7.63730 E0.0207 F2311.0833
G01 C889.96461 X12.85667 Z10.40349 B-7.45262 E0.0207 F2311.0833
G01 C894.59237 X15.16387 Z9.84928 B-8.26613 E0.0047 F7656.9252
G01 C897.74118 X17.51043 Z9.28670 B-9.07963 E0.0047 F7656.9252
G01 C900.00975 X19.87936 Z8.71575 B-9.89314 E0.0047 F7656.9252
G01 C901.11216 X20.59692 Z8.51527 B-10.59183 F40073.6251
G01 C902.17823 X21.31794 Z8.30866 B-11.29051 F40073.6251
G01 C903.20902 X22.04212 Z8.09592 B-11.98920 F40073.6251
G01 C904.44330 X23.09514 Z7.77982 B-12.85307 F26715.7500
G01 C905.60146 X24.15202 Z7.45442 B-13.71695 F26715.7500
G01 C906.15675 X24.86624 Z7.24812 B-14.39510 F26715.7500
G01 C906.69441 X25.58031 Z7.03613 B-15.07326 F26715.7500
G94
G01 C906.69441 X25.96383 Z6.93089 B-15.61578 E0.8289 F20000
G93
G94
G01 C906.69441 X26.34632 Z6.82202 B-16.15831 E0.8289 F20000
G93
G01 C903.77191 X26.16736 Z6.93840 B-17.07783 E0.0246 F2032.3537
G01 C902.20289 X26.26702 Z6.96795 B-17.73164 E0.0246 F2032.3537
G01 C898.79487 X25.84865 Z7.17777 B-18.16329 E0.0249 F2032.3537
G01 C897.13299 X26.51884 Z6.89013 B-18.61659 E0.0246 F2055.2128
G01 C896.94613 X28.26738 Z6.18896 B-19.15794 E0.0211 F2390.9005
G01 C898.83723 X28.49224 Z6.15720 B-19.50663 E0.0211 F2390.9005
G01 C895.51349 X17.10302 Z7.21348 B-18.75212 F26075.3103
G01 C722.12104 X20.26672 Z8.26287 B-17.99761 F26075.3103
G01 C722.03443 X20.15686 Z8.28795 B-17.47558 F26075.3103
G01 C721.95347 X20.04596 Z8.30971 B-16.95356 F26075.3103
G01 C729.53595 X19.16972 Z8.62033 B-16.01641 E0.0232 F1758.4210
G01 C718.99985 X22.12390 Z7.67633 B-16.22060 E0.0232 F1544.1005
G01 C732.87807 X19.51514 Z8.53603 B-15.59802 E0.0257 F2113.1182
G01 C729.70248 X19.52061 Z8.48520 B-15.21488 E0.0262 F2079.4502
G01 C726.73528 X19.68568 Z8.39638 B-15.02330 E0.0262 F2079.4502
G01 C721.56713 X19.83374 Z8.33398 B-14.95931 E0.0200 F2407.4662
G01 C723.85774 X19.41791 Z8.46319 B-14.81515 E0.0201 F2403.1395
G01 C729.56987 X25.22017 Z6.58102 B-15.56657 E0.0230 F1556.2939
G01 C728.22629 X25.26100 Z6.63148 B-16.19416 E0.0230 F1556.2939
G01 C723.93646 X25.58870 Z6.57973 B-16.75886 E0.0129 F4763.5853
G01 C719.62675 X25.99131 Z6.52408 B-17.32355 E0.0129 F4763.5853
G01 C718.27147 X26.81376 Z6.19246 B-17.94556 E0.0259 F2381.7926
G01 C723.39145 X26.95115 Z6.13030 B-18.33348 E0.0303 F2132.6449
G01 C721.71222 X26.95873 Z6.20152 B-18.99038 E0.0303 F2132.6449
G01 C723.04501 X19.80976 Z7.31052 B-18.02070 F39118.8000
G01 C764.88362 X12.77885 Z8.40808 B-17.05102 F39118.8000
G01 C897.28156 X17.79121 Z9.49413 B-16.08134 F39118.8000
G01 C897.37038 X17.45430 Z9.62187 B-15.37948 F39118.8000
G01 C897.45485 X17.11573 Z9.74353 B-14.67761 F39118.8000
G01 C897.53529 X16.77558 Z9.85910 B-13.97575 F39118.8000
G01 C897.64899 X16.49201 Z9.96764 B-13.24432 F26079.2000
G01 C897.75510 X16.20690 Z10.06952 B-12.51290 F26079.2000
G01 C897.94736 X16.00199 Z10.17932 B-11.56425 F13039.6000
G01 C900.70494 X15.25448 Z10.28669 B-11.01726 E0.0100 F3573.9395
G01 C903.73889 X14.52468 Z10.39031 B-10.47027 E0.0100 F3573.9395
G01 C899.54057 X17.87353 Z9.98148 B-11.19096 F18575.2608
G01 C898.94725 X17.67932 Z9.98965 B-11.51292 F18575.2608
G01 C903.92300 X16.05676 Z10.23871 B-10.96488 E0.0228 F2095.1248
G01 C896.33728 X14.50711 Z10.41725 B-10.09875 E0.0221 F2170.6782
G01 C891.95975 X14.08608 Z10.51243 B-9.37242 E0.0221 F2170.6782
G01 C887.72963 X13.78595 Z10.58855 B-8.75792 E0.0221 F2170.6782
G01 C886.39429 X13.85350 Z10.61788 B-8.37860 E0.0202 F2366.6962
G01 C889.35419 X13.93354 Z10.60228 B-8.23372 E0.0202 F2366.6962
G01 C892.16906 X14.16947 Z10.57267 B-8.27645 E0.0202 F2366.6962
G01 C897.38242 X15.19235 Z10.40923 B-8.84394 E0.0253 F2366.6962
G01 C898.19767 X14.89990 Z10.43952 B-9.03814 E0.0215 F2780.0057
G94
G01 C898.54334 X17.55478 Z9.64930 B-9.87531 E0.5834 F20000
G93
G94
G01 C898.77474 X20.20838 Z8.85024 B-10.71249 E0.5834 F20000
G93
G94
G01 C898.94049 X22.86045 Z8.04237 B-11.54967 E0.5834 F20000
G93
G94
G01 C898.94049 X23.34087 Z7.94127 B-12.21941 F20000
G93
G94
G01 C898.94049 X23.82008 Z7.83455 B-12.88916 F20000
G93
G94
G01 C898.94049 X24.29801 Z7.72224 B-13.55890 F20000
G93
G01 C901.50780 X24.59645 Z7.66274 B-14.36239 E0.0106 F4714.0350
G01 C904.17038 X24.92239 Z7.59523 B-15.16589 E0.0106 F4714.0350
G01 C903.50972 X25.19579 Z7.55073 B-15.77342 E0.0106 F4714.0350
G01 C902.83404 X25.46978 Z7.50168 B-16.38095 E0.0106 F4714.0350
G01 C901.43633 X25.80033 Z7.45889 B-17.28247 E0.0213 F2357.0175
G01 C900.14404 X25.98354 Z7.45103 B-17.93943 E0.0194 F2587.9189
G01 C897.13162 X26.47991 Z7.21977 B-18.58116 E0.0245 F2060.0205
G01 C895.56856 X27.27659 Z6.88951 B-19.20215 E0.0245 F2060.0205
G01 C896.48574 X28.69538 Z6.34340 B-19.79041 E0.0193 F2621.9579
T0
G01 C1074.41421 X24.47435 Z6.93614 B-19.29993 F13115.2272
G01 C1071.54884 X23.92252 Z7.12968 B-18.82063 F13115.2272
G01 C1058.90137 X22.86604 Z7.69594 B-18.09164 F13115.2272
G94
G01 C1058.90137 X22.45901 Z7.82663 B-17.50845 E1.8803 F20000
G93
G94
G01 C1058.90137 X22.13244 Z7.92819 B-17.04190 F20000
G93
G01 C1059.70457 X22.34749 Z7.84366 B-16.80404 E0.0220 F2471.2056
G01 C1060.44970 X22.69268 Z7.71999 B-16.74913 E0.0220 F2471.2056
G01 C1061.10982 X23.16108 Z7.56043 B-16.84496 E0.0227 F2393.1579
G01 C1061.72337 X23.71533 Z7.37492 B-17.06139 E0.0227 F2393.1579
G01 C1062.29499 X24.33814 Z7.16777 B-17.37428 E0.0227 F2393.1579
G01 C1066.35302 X26.39413 Z6.27181 B-17.82601 E0.0287 F2046.6663
G01 C1070.50295 X25.29609 Z6.75536 B-18.21867 E0.0234 F2046.6663
G01 C1072.17559 X25.03044 Z6.81484 B-18.41462 E0.0234 F2046.6663
G01 C1073.96494 X24.66599 Z6.91052 B-18.45320 E0.0234 F2046.6663
G01 C1071.91452 X24.31714 Z7.02596 B-18.37585 E0.0215 F2227.0675
G01 C1067.48000 X23.58020 Z7.28660 B-18.09757 E0.0244 F2227.0675
G01 C1065.05017 X23.11543 Z7.48251 B-17.76734 E0.0244 F2227.0675
G01 C1064.10651 X24.63633 Z7.02807 B-17.94045 E0.0199 F2400.3322
G01 C1064.55927 X25.24425 Z6.84003 B-18.21865 E0.0199 F2400.3322
G01 C1100.57941 X22.66721 Z7.71065 B-17.60535 F13237.1574
G01 C1101.18077 X22.57645 Z7.75555 B-17.16607 E0.0242 F2244.3986
G01 C1098.41819 X22.61332 Z7.68195 B-16.92879 E0.0260 F2093.5787
G01 C1095.76753 X22.78657 Z7.57349 B-16.85309 E0.0260 F2093.5787
G01 C1088.62798 X23.81905 Z7.18564 B-17.15975 E0.0230 F2093.5787
G01 C1090.36245 X24.47873 Z6.99932 B-17.51324 E0.0238 F2025.1211
G01 C1091.97882 X25.17418 Z6.80304 B-17.90419 E0.0238 F2025.1211
G01 C1100.88507 X24.41659 Z7.18730 B-17.81729 E0.0263 F2069.3039
G01 C1101.70897 X23.79926 Z7.39777 B-17.59384 E0.0263 F2069.3039
G01 C1102.60408 X23.10779 Z7.63146 B-17.26115 E0.0263 F2069.3039
G01 C1095.63614 X23.46316 Z7.36110 B-17.24310 E0.0242 F2252.0573
G01 C920.32973 X23.46669 Z8.44679 B-17.22393 E0.0219 F1679.8566
G01 C889.86225 X25.84616 Z7.37714 B-18.13952 E0.0197 F3983.6337
G01 C890.98426 X25.97343 Z7.38104 B-18.75010 E0.0197 F3983.6337
G01 C894.09740 X25.29884 Z7.75117 B-18.78368 E0.0251 F3129.0049
G01 C888.30379 X26.34017 Z7.25045 B-19.29368 F13232.1480
G01 C886.26527 X27.01049 Z6.98049 B-19.82872 F13232.1480
G01 C884.32294 X27.70873 Z6.70197 B-20.38379 F13232.1480
G94
G01 C882.49701 X28.28912 Z6.48366 B-20.70434 E1.9161 F20000
G93
G94
G01 C882.49701 X28.46482 Z6.41681 B-20.96078 F20000
G93
G01 C883.66802 X28.21252 Z6.52498 B-21.25760 E0.0258 F2030.3446
G01 C884.94201 X27.84682 Z6.69339 B-21.33618 E0.0258 F2030.3446
G01 C886.30324 X27.36851 Z6.90828 B-21.24016 E0.0258 F2030.3446
G01 C887.75929 X26.80196 Z7.15988 B-21.00447 E0.0258 F2030.3446
G01 C889.03007 X25.27278 Z7.84734 B-20.21673 E0.0213 F2455.9194
G01 C886.86483 X24.57583 Z8.12330 B-19.53548 E0.0213 F2455.9194
G01 C881.09062 X23.42464 Z8.50196 B-18.63168 E0.0275 F2003.3443
G01 C877.96529 X22.76214 Z8.69501 B-17.99969 E0.0132 F4006.6886
G01 C874.70458 X22.12847 Z8.88321 B-17.36771 E0.0132 F4006.6886
G01 C878.67890 X24.00281 Z8.28937 B-17.73552 E0.0233 F2247.4487
G01 C879.49616 X24.71938 Z7.98508 B-18.18023 E0.0233 F2247.4487
G01 C880.25801 X25.48011 Z7.66397 B-18.68648 E0.0233 F2247.4487
G01 C880.96966 X26.27584 Z7.32788 B-19.24195 E0.0233 F2247.4487
G01 C882.61645 X27.17241 Z6.93348 B-19.85694 F17537.0699
G01 C882.99278 X27.06724 Z7.00663 B-20.21862 F17537.0699
G94
G01 C882.99278 X27.26608 Z6.93283 B-20.50796 F20000
G93
G01 C884.18183 X26.93520 Z7.08524 B-20.59316 E0.0238 F2205.6259
G01 C885.44894 X26.49780 Z7.27968 B-20.51503 E0.0238 F2205.6259
G01 C883.71030 X24.90627 Z8.00886 B-19.93798 E0.0226 F2320.1879
G01 C915.70399 X27.37819 Z6.91064 B-20.15720 E0.0193 F2543.6948
G01 C916.21231 X27.02614 Z7.06550 B-20.18454 E0.0193 F2543.6948
G01 C916.75158 X26.56950 Z7.25909 B-20.05839 E0.0193 F2543.6948
G01 C917.32462 X26.02927 Z7.48308 B-19.80943 E0.0193 F2543.6948
G01 C918.03296 X25.39095 Z7.74424 B-19.45182 E0.0206 F2371.3928
G01 C918.79153 X24.69373 Z8.02464 B-19.00727 E0.0206 F2371.3928
G01 C919.26016 X23.48644 Z8.43821 B-18.29282 E0.0105 F4940.1125
G01 C919.79822 X22.27790 Z8.84557 B-17.57837 E0.0105 F4940.1125
G01 C910.96507 X22.75017 Z8.70997 B-17.12288 E0.0253 F2083.3001
G01 C908.42515 X22.84801 Z8.64944 B-16.85518 E0.0253 F2083.3001
G01 C911.60528 X24.79426 Z7.82050 B-17.45094 E0.0187 F2623.9708
G01 C912.72742 X25.51579 Z7.56239 B-18.04092 E0.0187 F2623.9708
G01 C913.79496 X26.23730 Z7.30113 B-18.62628 E0.0187 F2623.9708
G01 C917.64443 X23.58331 Z8.45231 B-18.18150 E0.0229 F2299.8124
G01 C915.82042 X22.98347 Z8.63252 B-17.60692 E0.0295 F2341.5735
G01 C1060.25279 X24.20100 Z7.60066 B-17.64081 E0.0236 F1722.6364
G01 C1060.89459 X24.73915 Z7.41702 B-17.81354 E0.0236 F1722.6364
G01 C1091.82793 X25.27630 Z7.06455 B-18.11146 E0.0231 F2091.5085
G01 C1100.73312 X24.66367 Z7.43913 B-18.01139 E0.0237 F2295.8907
G01 C1101.45397 X24.09440 Z7.63319 B-17.79261 E0.0237 F2295.8907
G01 C1102.23009 X23.46049 Z7.84762 B-17.47887 E0.0237 F2295.8907
G01 C1103.06775 X22.77512 Z8.07726 B-17.08916 E0.0237 F2295.8907
G01 C1101.20963 X22.26395 Z8.18481 B-16.74041 E0.0244 F2229.7092
G01 C1098.62319 X22.33343 Z8.10416 B-16.56841 E0.0243 F2238.7111
G01 C1096.13492 X22.52253 Z7.99376 B-16.53783 E0.0243 F2238.7111
G01 C1093.74818 X22.81025 Z7.85971 B-16.62038 E0.0243 F2238.7111
G01 C1091.46466 X23.17940 Z7.70646 B-16.79343 E0.0243 F2238.7111
G01 C1091.21275 X23.82431 Z7.52045 B-17.09475 E0.0193 F2821.1875
G01 C1092.70721 X24.44738 Z7.32912 B-17.41296 E0.0248 F2198.2520
G01 C1094.13451 X25.09497 Z7.15764 B-17.77870 E0.0219 F2198.2520
G01 C1078.26074 X24.31029 Z7.31526 B-17.93335 F14110.5266
G01 C1075.54789 X24.45730 Z7.27322 B-18.07071 F14110.5266
G01 C1061.95201 X24.66210 Z7.40829 B-18.09243 E0.0255 F2125.4054
G01 C1067.01692 X23.34376 Z7.70874 B-17.82425 E0.0259 F2096.5537
G01 C1069.49433 X23.54051 Z7.60185 B-17.72435 E0.0259 F2096.5537
G01 C1064.54317 X25.12957 Z7.19769 B-18.02721 E0.0175 F3107.9636
G01 C1069.26678 X24.12400 Z7.41785 B-18.01051 E0.0241 F2255.7587
G01 C1067.03768 X23.79531 Z7.56461 B-17.89101 E0.0241 F2255.7587
G01 C889.50986 X26.38562 Z7.51967 B-18.76940 E0.0256 F3067.4343
G01 C891.32014 X24.25864 Z8.52286 B-18.38665 F13464.1325
G94
G01 C891.32014 X24.04545 Z8.59309 B-18.08046 F20000
G93
G01 C888.81878 X23.54093 Z8.78980 B-17.77441 E0.0257 F2039.7206
G01 C886.18313 X23.05767 Z8.98534 B-17.46847 E0.0257 F2039.7206
G01 C880.61077 X22.14616 Z9.24823 B-16.85275 E0.0248 F2216.9938
G01 C877.75078 X21.43772 Z9.44139 B-16.13446 E0.0248 F2216.9938
G01 C874.77678 X20.69479 Z9.64415 B-15.33413 E0.0248 F2216.9938
G01 C875.87274 X20.96958 Z9.56316 B-15.13649 E0.0257 F2145.1330
G01 C878.78936 X22.87112 Z8.95811 B-16.02974 E0.0244 F2145.1330
G01 C879.63263 X23.91071 Z8.56334 B-16.90204 E0.0244 F2145.1330
G01 C880.41643 X24.93812 Z8.16301 B-17.75759 E0.0244 F2145.1330
G01 C881.14659 X25.95547 Z7.75689 B-18.59972 E0.0244 F2145.1330
G01 C888.46790 X24.33578 Z8.47938 B-18.43173 E0.0186 F2810.9135
G01 C886.44545 X23.99479 Z8.62294 B-18.24877 E0.0204 F2569.9834
G01 C884.34443 X23.65935 Z8.76881 B-18.05382 E0.0204 F2569.9834
G01 C894.20268 X24.17044 Z8.51294 B-17.89255 F13155.0932
G01 C897.19242 X24.10485 Z8.50921 B-17.77521 F13155.0932
G01 C900.16547 X24.09433 Z8.49749 B-17.69299 F13155.0932
G01 C906.00015 X24.24856 Z8.44664 B-17.65082 F13155.0932
G01 C911.80804 X24.61574 Z8.25603 B-17.88771 F13155.0932
G01 C914.39946 X24.95349 Z8.13526 B-18.16410 F13155.0932
G01 C916.99995 X25.32836 Z8.01929 B-18.43101 F13155.0932
G94
G01 C916.99995 X25.47676 Z7.96952 B-18.64454 E1.6968 F20000
G93
G94
G01 C916.99995 X25.59535 Z7.92931 B-18.81537 F20000
G93
G01 C917.75671 X25.12675 Z8.13312 B-18.77434 E0.0231 F2115.5332
G01 C918.57296 X24.54260 Z8.37663 B-18.56382 E0.0231 F2115.5332
G01 C913.00628 X22.98963 Z9.00006 B-17.77732 E0.0239 F2203.9395
G01 C907.46863 X23.99441 Z8.54617 B-17.63283 E0.0217 F2432.0054
T1
G01 C1079.77597 X19.81519 Z8.74483 B-16.64487 F13051.5821
G01 C1080.27803 X19.87824 Z8.69240 B-16.01632 F13051.5821
G01 C1080.72238 X20.14354 Z8.57867 B-15.67530 F13051.5821
G01 C1097.39203 X18.63311 Z9.19989 B-14.99822 E0.0217 F1877.6658
G01 C1063.24494 X19.29372 Z9.00288 B-14.70090 E0.0210 F1934.3098
G01 C1070.45223 X18.66738 Z9.08011 B-14.40074 F13753.1207
G01 C1067.70950 X18.06975 Z9.29359 B-14.03143 F13753.1207
G94
G01 C1067.70950 X17.85950 Z9.34556 B-13.73597 E2.0956 F20000
G93
G94
G01 C1067.70950 X17.69110 Z9.38636 B-13.49961 F20000
G93
G01 C1070.87818 X17.90654 Z9.27133 B-13.42251 E0.0282 F2141.4853
G01 C1073.83516 X18.23612 Z9.13458 B-13.47283 E0.0282 F2141.4853
G01 C1076.58674 X18.65928 Z8.98025 B-13.62508 E0.0282 F2141.4853
G01 C1079.14876 X19.16365 Z8.82046 B-13.87008 E0.0282 F2141.4853
G01 C1092.81569 X17.76552 Z9.34561 B-13.60660 E0.0247 F2449.3341
G01 C1089.22969 X17.54237 Z9.37823 B-13.40104 E0.0247 F2449.3341
G01 C1085.58721 X17.38328 Z9.40256 B-13.24180 E0.0247 F2449.3341
G01 C1081.91678 X17.28224 Z9.42042 B-13.11963 E0.0247 F2449.3341
G01 C1077.61871 X17.19989 Z9.44641 B-13.01728 E0.0289 F2094.7091
G01 C1073.33447 X17.17235 Z9.46967 B-12.93078 E0.0289 F2094.7091
G01 C1069.11116 X17.19680 Z9.49076 B-12.85697 E0.0289 F2094.7091
G01 C1071.86454 X17.30465 Z9.42674 B-12.85341 F19187.0163
G01 C1081.58800 X20.84670 Z8.23540 B-13.50479 E0.0103 F3492.8304
G01 C1086.98597 X24.56524 Z7.03878 B-14.15617 E0.0103 F3492.8304
G01 C1086.37878 X24.77036 Z7.02003 B-14.68905 E0.0103 F3492.8304
G01 C1085.75658 X24.97619 Z6.99776 B-15.22194 E0.0103 F3492.8304
G01 C1089.35667 X25.45410 Z6.86078 B-16.04642 E0.0223 F1606.7167
G01 C1088.03935 X25.54817 Z6.88980 B-16.73163 E0.0223 F1606.7167
G01 C1077.62383 X25.65462 Z6.92652 B-17.61187 F14252.5298
G01 C1076.60342 X26.63099 Z6.61372 B-18.40129 F14252.5298
G01 C1074.13042 X28.35015 Z5.82131 B-18.79809 F14252.5298
G01 C1082.85654 X27.43362 Z6.32291 B-19.29258 E0.0314 F2053.9183
G01 C1083.82134 X22.08793 Z7.21737 B-18.48068 F52603.6725
G01 C1087.09261 X16.74801 Z8.10384 B-17.66877 F52603.6725
G01 C1233.69411 X13.08885 Z8.98227 B-16.85686 F52603.6725
G01 C1256.80872 X17.21780 Z9.85262 B-16.04496 F52603.6725
G01 C1256.92571 X16.81503 Z9.99771 B-15.25223 F39452.7543
G01 C1257.03650 X16.41016 Z10.13504 B-14.45949 F39452.7543
G01 C1257.14157 X16.00331 Z10.26459 B-13.66676 F39452.7543
G01 C1257.28940 X15.63828 Z10.38842 B-12.82543 F26301.8362
G01 C1257.42661 X15.27127 Z10.50342 B-11.98410 F26301.8362
G01 C1257.55430 X15.10243 Z10.56966 B-11.42099 F26301.8362
G01 C1257.67342 X14.93281 Z10.63193 B-10.85788 F26301.8362
G01 C1262.61594 X16.43227 Z10.47718 B-10.79925 E0.0229 F1956.5535
G01 C1267.82699 X15.27780 Z10.65227 B-10.26720 E0.0109 F3303.2274
G01 C1274.11663 X14.20080 Z10.82380 B-9.73515 E0.0109 F3303.2274
G01 C1269.81794 X13.44046 Z10.91322 B-8.90656 E0.0217 F1651.6137
G01 C1265.34157 X12.85623 Z10.97432 B-8.26640 E0.0217 F1651.6137
G01 C1245.45287 X14.74294 Z10.86916 B-8.33020 E0.0210 F1707.4065
G01 C1267.99895 X14.05258 Z10.89917 B-8.29095 F13122.8504
G01 C1270.40492 X13.52165 Z10.96020 B-8.04999 F13122.8504
G01 C1273.04094 X12.88819 Z11.03640 B-7.64767 F13122.8504
G94
G01 C1273.04094 X12.65426 Z11.06714 B-7.32581 E1.6573 F20000
G93
G01 C1257.08180 X12.23479 Z11.06058 B-7.12459 E0.0197 F2433.8318
G01 C1249.59528 X13.11685 Z11.01829 B-7.19000 E0.0214 F2238.4939
G01 C1252.56224 X13.49949 Z10.97102 B-7.41091 E0.0214 F2238.4939
G01 C1258.01043 X16.04311 Z10.25023 B-8.39825 F39869.2292
G01 C1261.73997 X18.64640 Z9.51710 B-9.38559 F39869.2292
G01 C1264.43231 X21.28379 Z8.77167 B-10.37292 F39869.2292
G01 C1264.74397 X22.04047 Z8.58580 B-11.19103 E0.0076 F6557.9525
G01 C1265.04819 X22.79588 Z8.39153 B-12.00914 E0.0076 F6557.9525
G01 C1265.34522 X23.54990 Z8.18888 B-12.82725 E0.0076 F6557.9525
G01 C1264.66114 X24.05165 Z8.10985 B-13.77096 E0.0115 F4371.9683
G01 C1263.96026 X24.55273 Z8.01975 B-14.71467 E0.0115 F4371.9683
G01 C1259.83883 X24.84252 Z7.94819 B-15.48333 E0.0122 F4128.8974
G01 C1255.58372 X25.20327 Z7.86935 B-16.25200 E0.0122 F4128.8974
G01 C1255.33148 X26.20748 Z7.50391 B-16.94397 E0.0105 F4823.0648
G01 C1255.09728 X27.21017 Z7.13262 B-17.63594 E0.0105 F4823.0648
G01 C1256.03182 X27.54803 Z7.04413 B-18.14755 E0.0105 F4823.0648
G01 C1256.96858 X27.88871 Z6.95247 B-18.65915 E0.0105 F4823.0648
G01 C1258.84674 X28.37909 Z6.83038 B-19.39378 E0.0209 F2411.5324
G01 C1255.65296 X16.99655 Z7.92167 B-18.61428 F26444.6321
G01 C1081.99946 X20.13759 Z9.00559 B-17.83479 F26444.6321
G01 C1081.97206 X20.01783 Z9.04258 B-17.30590 F26444.6321
G01 C1081.94643 X19.89701 Z9.07615 B-16.77701 F26444.6321
G94
G01 C1081.48426 X21.77054 Z8.40274 B-16.58558 E2.0956 F20000
G93
G94
G01 C1081.48426 X21.66291 Z8.43464 B-16.43243 F20000
G93
G01 C1084.00646 X21.14215 Z8.61410 B-16.19172 E0.0297 F1528.2878
G01 C1086.71818 X20.59146 Z8.80692 B-15.88096 E0.0297 F1528.2878
G01 C1089.11405 X20.08922 Z8.98307 B-15.53461 E0.0246 F1846.4466
G01 C1091.64913 X19.58280 Z9.16321 B-15.15978 E0.0246 F1846.4466
G01 C1094.32508 X19.07754 Z9.34587 B-14.76218 E0.0246 F1846.4466
G01 C1063.30113 X19.14262 Z9.37867 B-14.48711 E0.0228 F1992.2179
G01 C1083.17805 X19.09611 Z9.23770 B-14.39093 F14355.0009
G01 C1083.27401 X18.47356 Z9.44464 B-14.16584 F14355.0009
G01 C1092.86661 X18.29113 Z9.54902 B-13.92320 E0.0280 F2158.9300
G01 C1089.72999 X18.51006 Z9.43725 B-13.84354 E0.0287 F2104.1121
G01 C1086.79942 X18.84550 Z9.30256 B-13.89426 E0.0287 F2104.1121
G01 C1084.06911 X19.27650 Z9.14934 B-14.04929 E0.0287 F2104.1121
G01 C1081.53040 X19.78589 Z8.98077 B-14.28777 E0.0287 F2104.1121
G01 C1079.17890 X19.49351 Z9.09391 B-14.36711 E0.0280 F2157.6163
G01 C1076.64405 X19.12720 Z9.23016 B-14.31913 E0.0280 F2157.6163
G01 C1073.91471 X18.70694 Z9.38472 B-14.16930 E0.0280 F2157.6163
G01 C1070.98147 X18.24921 Z9.55343 B-13.93799 E0.0280 F2157.6163
G01 C1080.28641 X21.49985 Z8.45440 B-14.56795 E0.0102 F3504.3790
G01 C1085.71160 X24.91852 Z7.35046 B-15.19791 E0.0102 F3504.3790
G01 C1089.32187 X25.51372 Z7.17818 B-16.18756 E0.0223 F1608.7518
G01 C1080.31372 X24.75098 Z7.49733 B-16.99539 F18669.7044
G01 C1080.71987 X25.62661 Z7.22870 B-17.75348 F18669.7044
G01 C1081.67961 X26.61405 Z6.91864 B-18.50697 E0.0214 F2249.2442
G01 C1081.07557 X27.46308 Z6.64644 B-19.22771 E0.0174 F2769.8045
G01 C1081.72376 X22.02578 Z7.52301 B-18.46066 F53035.1665
G01 C1084.03425 X16.59009 Z8.39244 B-17.69362 F53035.1665
G01 C1245.81717 X13.35346 Z9.25470 B-16.92657 F53035.1665
G01 C1257.30481 X17.69352 Z10.10975 B-16.15953 F53035.1665
G01 C1257.39431 X17.32333 Z10.24688 B-15.41400 F39776.3749
G01 C1257.47940 X16.95127 Z10.37715 B-14.66848 F39776.3749
G01 C1257.56039 X16.57741 Z10.50054 B-13.92296 F39776.3749
G01 C1257.67483 X16.25110 Z10.61794 B-13.13732 F26517.5833
G01 C1257.78156 X15.92302 Z10.72766 B-12.35168 F26517.5833
G01 C1257.88134 X15.78429 Z10.79011 B-11.83216 F26517.5833
G01 C1257.97482 X15.64487 Z10.84917 B-11.31264 F26517.5833
G01 C1264.48213 X16.26552 Z10.78783 B-10.97919 E0.0211 F2128.3939
G01 C1263.59559 X15.07308 Z10.94539 B-10.42835 E0.0097 F3681.1312
G01 C1262.49804 X13.88216 Z11.09912 B-9.87751 E0.0097 F3681.1312
G01 C1244.19427 X15.42271 Z11.06494 B-9.48969 E0.0231 F1555.7985
G01 C1259.59493 X17.14791 Z10.70933 B-10.35140 F18710.8713
G01 C1259.00901 X17.03942 Z10.70491 B-10.78779 F18710.8713
G01 C1258.36657 X16.68674 Z10.74592 B-10.88393 F18710.8713
G01 C1258.48903 X14.13385 Z11.07379 B-9.91372 E0.0196 F2442.8801
G01 C1254.42918 X13.62400 Z11.17594 B-9.10798 E0.0196 F2442.8801
G01 C1250.47240 X13.24246 Z11.25585 B-8.43381 E0.0196 F2442.8801
G01 C1246.65084 X12.96920 Z11.31952 B-7.86490 E0.0196 F2442.8801
G01 C1242.98974 X12.78742 Z11.37121 B-7.38020 E0.0196 F2442.8801
G01 C1246.00833 X12.77361 Z11.36883 B-7.14506 E0.0194 F2474.6471
G01 C1255.41869 X15.13927 Z10.73244 B-8.09093 E0.0048 F7483.7767
G01 C1261.81684 X17.67391 Z10.08473 B-9.03680 E0.0048 F7483.7767
G01 C1266.34541 X20.30488 Z9.42571 B-9.98266 E0.0048 F7483.7767
G01 C1266.03959 X20.74701 Z9.36768 B-10.69518 E0.0053 F7483.7767
G01 C1265.73038 X21.18831 Z9.30327 B-11.40769 E0.0053 F7483.7767
G01 C1265.41773 X21.62871 Z9.23249 B-12.12020 E0.0053 F7483.7767
G01 C1264.64482 X22.01171 Z9.19422 B-12.86641 E0.0107 F3464.2540
G01 C1263.85339 X22.39550 Z9.14901 B-13.61263 E0.0107 F3464.2540
G01 C1263.08124 X22.61268 Z9.11789 B-14.15288 E0.0107 F3464.2540
G01 C1262.28802 X22.83125 Z9.08316 B-14.69312 E0.0107 F3464.2540
G01 C1260.41429 X24.28447 Z8.56288 B-15.50251 F29175.6498
G01 C1258.77874 X25.74763 Z8.03453 B-16.31190 F29175.6498
G01 C1258.88717 X26.45174 Z7.80061 B-16.98254 F29175.6498
G01 C1258.99209 X27.15422 Z7.56119 B-17.65318 F29175.6498
G94
G01 C1258.99209 X27.52843 Z7.44017 B-18.18970 E0.8751 F20000
G93
G94
G01 C1258.99209 X27.90148 Z7.31565 B-18.72621 E0.8751 F20000
G93
G94
G01 C1258.99209 X28.49589 Z7.10917 B-19.58463 F20000
G93
G01 C1264.66339 X28.62824 Z7.02278 B-20.30408 E0.0172 F2920.9187
G01 C1255.48582 X28.35885 Z7.15453 B-20.76090 E0.0254 F2057.0895
T0
G01 C1294.91115 X16.95597 Z7.53579 B-20.22170 E0.0123 F3322.0742
G01 C1417.78390 X24.33212 Z7.91357 B-19.68251 E0.0123 F3322.0742
G01 C1418.63839 X24.26633 Z7.93568 B-18.97082 E0.0245 F1661.0371
G01 C1419.42669 X24.40465 Z7.88377 B-18.55250 E0.0245 F1661.0371
G01 C1420.15595 X24.70758 Z7.77585 B-18.36887 E0.0245 F1661.0371
G01 C1420.83233 X25.14279 Z7.62436 B-18.37299 E0.0245 F1661.0371
G01 C1446.51009 X24.57511 Z7.53093 B-18.33629 E0.0157 F2600.4502
G01 C1448.13540 X24.97752 Z7.41907 B-18.40378 E0.0239 F1705.7726
G01 C1449.66385 X25.44673 Z7.28775 B-18.55463 E0.0239 F1705.7726
G01 C1451.10187 X25.97022 Z7.14044 B-18.77216 E0.0239 F1705.7726
G01 C1450.33545 X24.16381 Z7.71056 B-18.46392 E0.0250 F1629.3293
G01 C1435.74919 X23.98649 Z7.71030 B-18.27198 F14031.1323
G01 C1433.17102 X23.59113 Z7.86925 B-18.03131 F14031.1323
G01 C1430.48527 X23.19068 Z8.03622 B-17.75166 F14031.1323
G01 C1427.69757 X22.79183 Z8.20910 B-17.44081 F14031.1323
G01 C1424.81592 X22.40012 Z8.38618 B-17.10501 F14031.1323
G01 C1421.85075 X22.02015 Z8.56610 B-16.74926 F14031.1323
G01 C1418.81490 X21.65571 Z8.74777 B-16.37753 F14031.1323
G94
G01 C1418.81490 X21.44641 Z8.80869 B-16.08015 E1.8803 F20000
G93
G94
G01 C1418.81490 X21.27874 Z8.85665 B-15.84224 F20000
G93
G01 C1419.60184 X21.64817 Z8.72493 B-15.79381 E0.0230 F2357.1326
G01 C1420.32885 X22.12629 Z8.56290 B-15.89697 E0.0230 F2357.1326
G01 C1421.00231 X22.69137 Z8.37613 B-16.12138 E0.0230 F2357.1326
G01 C1421.62776 X23.32591 Z8.16868 B-16.44281 E0.0230 F2357.1326
G01 C1422.21002 X24.01581 Z7.94351 B-16.84184 E0.0230 F2357.1326
G01 C1423.42644 X25.32871 Z7.42527 B-17.60836 E0.0203 F2414.4500
G01 C1424.04312 X26.30913 Z7.03416 B-18.46863 E0.0224 F2414.4500
G01 C1428.98769 X26.09579 Z7.12025 B-18.80117 E0.0267 F2035.9851
G01 C1430.56068 X25.78272 Z7.18959 B-18.94806 E0.0267 F2035.9851
G01 C1432.24360 X25.37644 Z7.29416 B-18.94641 E0.0267 F2035.9851
G01 C1434.04513 X24.89859 Z7.42692 B-18.82595 E0.0267 F2035.9851
G01 C1431.94065 X24.46896 Z7.59744 B-18.62105 E0.0245 F2217.5270
G01 C1429.72704 X24.00787 Z7.78306 B-18.34861 E0.0245 F2217.5270
G01 C1427.40272 X23.52574 Z7.98006 B-18.02212 E0.0245 F2217.5270
G01 C1424.96740 X23.03117 Z8.18539 B-17.65241 E0.0245 F2217.5270
G01 C1422.42238 X22.53131 Z8.39657 B-17.24811 E0.0245 F2217.5270
G01 C1419.77077 X22.03215 Z8.61163 B-16.81614 E0.0245 F2217.5270
G01 C1421.03789 X22.15048 Z8.54431 B-16.58280 F18613.1280
G01 C1422.23600 X22.38504 Z8.44338 B-16.50836 F18613.1280
G94
G01 C1422.23600 X22.34318 Z8.45576 B-16.44881 F20000
G93
G01 C1422.86853 X22.83880 Z8.28859 B-16.54817 E0.0238 F2275.1031
G01 C1423.45333 X23.42488 Z8.09450 B-16.77468 E0.0238 F2275.1031
G01 C1423.99550 X24.08314 Z7.87792 B-17.10289 E0.0238 F2275.1031
G01 C1424.49946 X24.79886 Z7.64212 B-17.51247 E0.0238 F2275.1031
G01 C1457.31246 X22.21741 Z8.44819 B-17.06288 F13291.5015
G01 C1460.69201 X21.96939 Z8.59485 B-16.65339 F13291.5015
G94
G01 C1464.07310 X21.75434 Z8.72088 B-16.22970 E1.9392 F20000
G93
G01 C1461.23858 X21.75745 Z8.66795 B-16.04012 E0.0247 F2206.6095
G01 C1458.46227 X21.93836 Z8.54944 B-16.00381 E0.0261 F2082.2665
G01 C1455.80045 X22.22899 Z8.40609 B-16.09012 E0.0261 F2082.2665
G01 C1453.25694 X22.61050 Z8.24256 B-16.27453 E0.0261 F2082.2665
G01 C1450.83338 X23.06741 Z8.06227 B-16.53741 E0.0261 F2082.2665
G01 C1448.52955 X23.58703 Z7.86781 B-16.86307 E0.0261 F2082.2665
G01 C1450.22679 X24.24541 Z7.68370 B-17.22958 E0.0262 F2079.2147
G01 C1451.81108 X24.93578 Z7.49070 B-17.62877 E0.0262 F2079.2147
G01 C1453.28288 X25.65613 Z7.28451 B-18.06263 E0.0229 F2079.2147
G01 C1454.50643 X26.44736 Z6.96690 B-18.63886 E0.0245 F2079.2147
G01 C1460.93425 X24.82942 Z7.72072 B-18.39158 E0.0271 F2007.2962
G01 C1461.77476 X24.10510 Z7.96794 B-18.03510 E0.0271 F2007.2962
G01 C1462.69037 X23.32187 Z8.23301 B-17.59128 E0.0271 F2007.2962
G01 C1463.71161 X22.49898 Z8.51312 B-17.09642 E0.0271 F2007.2962
G01 C1462.09662 X22.48626 Z8.47319 B-16.77673 F19730.0084
G01 C1460.56527 X22.58649 Z8.40526 B-16.61602 F19730.0084
G94
G01 C1460.56527 X22.49615 Z8.43211 B-16.48746 F20000
G93
G01 C1458.07862 X22.69758 Z8.31315 B-16.49265 E0.0245 F2224.1335
G01 C1455.68593 X22.99375 Z8.17185 B-16.60484 E0.0245 F2224.1335
G01 C1453.38985 X23.36836 Z8.01230 B-16.80264 E0.0245 F2224.1335
G01 C1451.19158 X23.80810 Z7.83757 B-17.06892 E0.0245 F2224.1335
G01 C1452.71324 X24.42500 Z7.66898 B-17.38296 E0.0249 F2181.3045
G01 C1454.13553 X25.07605 Z7.49067 B-17.73521 E0.0249 F2181.3045
G01 C1279.64701 X24.33297 Z8.75969 B-17.87913 E0.0226 F1580.5347
G01 C1254.33774 X24.77685 Z8.58682 B-17.97986 E0.0229 F3247.5947
G01 C1248.18116 X25.98501 Z8.05456 B-18.73657 F13255.3523
G01 C1246.21361 X26.81082 Z7.72468 B-19.50302 F13255.3523
G01 C1244.28411 X27.63803 Z7.40133 B-20.24330 F13255.3523
G94
G01 C1242.47206 X28.31060 Z7.14994 B-20.69397 E1.9161 F20000
G93
G94
G01 C1242.47206 X28.55754 Z7.05578 B-21.05450 F20000
G93
G01 C1243.48531 X28.43819 Z7.10741 B-21.47252 E0.0226 F2319.2348
G01 C1244.58352 X28.20301 Z7.22054 B-21.66784 E0.0226 F2319.2348
G01 C1249.89405 X26.32559 Z8.08105 B-20.91012 E0.0226 F2319.2348
G01 C1248.65179 X25.58452 Z8.39554 B-20.40812 E0.0107 F4890.6318
G01 C1247.31671 X24.84785 Z8.70702 B-19.90613 E0.0107 F4890.6318
G01 C1245.01095 X24.26952 Z8.90873 B-19.38812 E0.0113 F4890.6318
G01 C1242.60856 X23.70748 Z9.10721 B-18.87010 E0.0113 F4890.6318
G01 C1241.37617 X23.24664 Z9.24759 B-18.35410 E0.0112 F4930.1355
G01 C1240.11893 X22.78947 Z9.38475 B-17.83810 E0.0112 F4930.1355
G01 C1238.58373 X24.32945 Z8.86348 B-18.21215 E0.0236 F2211.5177
G01 C1247.00464 X24.64545 Z8.66514 B-18.35104 E0.0244 F2140.9320
G01 C1262.01713 X25.51968 Z8.27993 B-18.49321 F13997.1853
G01 C1264.43638 X25.79982 Z8.18172 B-18.65077 F13997.1853
G94
G01 C1275.30383 X27.24605 Z7.55953 B-19.36333 F20000
G93
G01 C1275.79550 X27.15560 Z7.62197 B-19.78213 E0.0197 F2489.5884
G01 C1276.31686 X26.90359 Z7.74146 B-19.96592 E0.0197 F2489.5884
G01 C1276.87058 X26.52309 Z7.90780 B-19.96171 E0.0197 F2489.5884
G01 C1277.45966 X26.04012 Z8.11164 B-19.80710 E0.0197 F2489.5884
G01 C1278.23283 X25.43714 Z8.36647 B-19.50147 E0.0207 F2307.5856
G01 C1272.95039 X23.48909 Z9.17750 B-18.53393 E0.0170 F2905.3712
G01 C1270.29696 X25.28037 Z8.35582 B-18.60620 E0.0214 F2462.0136
G01 C1276.33879 X24.61820 Z8.64825 B-18.46587 E0.0240 F2196.6949
G01 C1276.91683 X23.96060 Z8.92536 B-18.12207 E0.0240 F2196.6949
G01 C1433.93227 X24.01426 Z8.05839 B-18.03007 E0.0250 F1630.4481
G01 C1431.71555 X23.59375 Z8.22477 B-17.84575 E0.0250 F1630.4481
G01 C1429.37846 X23.13843 Z8.40714 B-17.58758 E0.0250 F1630.4481
G01 C1426.91934 X22.65981 Z8.60158 B-17.27031 E0.0250 F1630.4481
G01 C1424.33817 X22.16738 Z8.80487 B-16.90578 E0.0250 F1630.4481
G01 C1421.63687 X21.66904 Z9.01443 B-16.50343 E0.0250 F1630.4481
G01 C1418.78402 X21.14651 Z9.23641 B-16.06389 E0.0257 F1581.4744
G01 C1417.75420 X21.69771 Z9.09702 B-15.89987 E0.0248 F1643.4752
G01 C1418.60916 X22.14437 Z8.94064 B-15.92128 E0.0248 F1643.4752
G01 C1419.39720 X22.69773 Z8.75426 B-16.09104 E0.0248 F1643.4752
G01 C1420.12563 X23.33641 Z8.54307 B-16.37948 E0.0248 F1643.4752
G01 C1420.80074 X24.04317 Z8.31084 B-16.76286 E0.0248 F1643.4752
G01 C1429.40558 X25.49215 Z7.64886 B-17.51213 E0.0256 F1587.7347
G01 C1430.65492 X25.51086 Z7.61992 B-18.01572 E0.0215 F1891.9024
G01 C1431.97184 X25.39815 Z7.63342 B-18.32277 E0.0215 F1891.9024
G01 C1442.51994 X24.50195 Z7.85511 B-18.29573 F14583.9875
G01 C1446.51495 X24.52177 Z7.88198 B-18.26521 E0.0165 F2478.1355
G01 C1448.14609 X24.93075 Z7.76810 B-18.33840 E0.0241 F1695.9256
G01 C1449.67934 X25.40632 Z7.63491 B-18.49455 E0.0241 F1695.9256
G01 C1451.12123 X25.93603 Z7.48583 B-18.71707 E0.0241 F1695.9256
G01 C1450.39516 X24.10983 Z8.06260 B-18.40676 E0.0250 F1633.2749
G01 C1464.98066 X24.39161 Z8.30803 B-18.04046 E0.0269 F1515.1941
G01 C1442.67520 X24.71634 Z7.78588 B-18.16532 F19499.7563
G01 C1445.57201 X24.62087 Z7.84033 B-18.21054 F13002.2937
G01 C1448.52578 X24.51102 Z7.90935 B-18.19205 F13002.2937
G94
G01 C1448.52578 X24.50072 Z7.91273 B-18.17726 F20000
G93
G01 C1450.23268 X24.97161 Z7.78469 B-18.27231 E0.0264 F2064.5453
G01 C1451.82511 X25.51335 Z7.63620 B-18.45522 E0.0264 F2064.5453
G01 C1453.32894 X26.11548 Z7.50496 B-18.72229 E0.0264 F2064.5453
G01 C1454.51377 X26.85235 Z7.15747 B-19.23487 E0.0231 F2064.5453
G01 C1460.77801 X25.29767 Z7.89606 B-18.89815 E0.0244 F2229.3602
G01 C1461.51296 X24.58192 Z8.14191 B-18.48595 E0.0244 F2229.3602
G01 C1462.30604 X23.82538 Z8.39942 B-18.01337 E0.0244 F2229.3602
G01 C1463.16408 X23.03644 Z8.66486 B-17.49247 E0.0244 F2229.3602
G01 C1461.27303 X22.44147 Z8.79909 B-17.03683 E0.0249 F2189.5295
G01 C1458.66816 X22.45590 Z8.73539 B-16.78076 E0.0245 F2221.6346
G01 C1456.16429 X22.60278 Z8.63745 B-16.68435 E0.0245 F2221.6346
G01 C1453.76466 X22.85866 Z8.51256 B-16.71568 E0.0245 F2221.6346
G01 C1451.47078 X23.20432 Z8.36601 B-16.84919 E0.0245 F2221.6346
G01 C1449.28268 X23.62409 Z8.20170 B-17.06445 E0.0245 F2221.6346
G01 C1451.18405 X23.94295 Z8.12921 B-17.26886 E0.0192 F2833.8718
G01 C1452.71698 X24.52963 Z7.96952 B-17.53444 E0.0252 F2161.8551
G01 C1454.14885 X25.15814 Z7.79799 B-17.84898 E0.0252 F2161.8551
G01 C1422.51583 X25.13786 Z7.92121 B-18.03862 F14171.0338
G94
G01 C1422.51527 X25.24328 Z7.88934 B-18.19041 E1.8803 F20000
G93
G94
G01 C1422.51583 X25.32810 Z7.85875 B-18.31177 F20000
G93
G01 C1421.19632 X24.23358 Z8.23404 B-18.08400 E0.0263 F2064.1737
G01 C1420.45071 X23.52795 Z8.47304 B-17.73976 E0.0263 F2064.1737
G01 C1419.63763 X22.75865 Z8.73097 B-17.30235 E0.0263 F2064.1737
G01 C1418.74786 X21.93858 Z9.00238 B-16.79040 E0.0263 F2064.1737
G01 C1421.59934 X21.93493 Z8.93366 B-16.49665 E0.0260 F2086.2621
G01 C1424.33118 X22.07756 Z8.82799 B-16.37746 E0.0260 F2086.2621
G01 C1426.93914 X22.34062 Z8.69336 B-16.39792 E0.0260 F2086.2621
G01 C1429.42138 X22.70289 Z8.53550 B-16.53010 E0.0260 F2086.2621
G01 C1431.77813 X23.14703 Z8.35860 B-16.75166 E0.0260 F2086.2621
G01 C1434.01129 X23.65882 Z8.16576 B-17.04472 E0.0260 F2086.2621
G01 C1432.20969 X24.30372 Z7.98395 B-17.39906 E0.0268 F2027.8285
G01 C1430.52740 X24.99321 Z7.78965 B-17.80243 E0.0268 F2027.8285
G01 C1428.95555 X25.71917 Z7.58436 B-18.24502 E0.0268 F2027.8285
G01 C1424.46160 X25.45309 Z7.76845 B-18.40887 E0.0175 F3107.9636
G01 C1426.81647 X26.06284 Z7.51581 B-18.70821 E0.0252 F2156.9670
G01 C1279.37091 X25.16793 Z8.81241 B-18.75702 E0.0238 F1659.2215
G94
G01 C1251.62820 X24.21260 Z9.16521 B-18.36528 F20000
G93
G01 C1249.53332 X23.68670 Z9.38164 B-17.94548 E0.0207 F2385.1804
G01 C1246.01053 X25.66617 Z8.55510 B-18.64986 E0.0252 F2077.5047
G01 C1247.60656 X25.45496 Z8.67298 B-18.88084 E0.0252 F2077.5047
G01 C1249.30349 X24.99196 Z8.88231 B-18.73501 E0.0252 F2077.5047
G01 C1248.88630 X24.30758 Z9.16902 B-18.36101 E0.0176 F2806.7430
G01 C1251.36022 X24.31682 Z9.11902 B-18.14507 F13284.0658
G01 C1254.33378 X24.18794 Z9.12726 B-17.98276 F13284.0658
G01 C1257.30768 X24.11915 Z9.12555 B-17.86334 F13284.0658
G94
G01 C1277.26982 X25.13285 Z8.73011 B-18.21068 F20000
G93
G01 C1279.24866 X23.62082 Z9.40637 B-17.81628 E0.0239 F2205.7965
G01 C1269.23163 X24.56692 Z8.96033 B-17.84721 E0.0256 F2064.6101
G01 C1270.94119 X25.12742 Z8.71574 B-18.12412 E0.0256 F2064.6101
T1
G01 C1287.81764 X15.18263 Z9.14848 B-17.45760 F26559.9195
G01 C1439.04714 X19.40868 Z9.57581 B-16.79108 F26559.9195
G94
G01 C1441.49541 X21.73408 Z8.77913 B-16.57436 E10.4779 F20000
G93
G94
G01 C1441.49541 X21.61222 Z8.81520 B-16.40099 F20000
G93
G01 C1444.01683 X21.07900 Z8.99823 B-16.14383 E0.0297 F1528.9940
G01 C1446.72882 X20.51788 Z9.19387 B-15.81963 E0.0297 F1528.9940
G01 C1449.10258 X20.01014 Z9.37094 B-15.46325 E0.0243 F1865.1654
G01 C1452.68876 X18.25145 Z9.93506 B-14.69901 E0.0252 F1680.4087
G01 C1448.61165 X17.75122 Z10.04010 B-14.09694 E0.0252 F1680.4087
G01 C1453.07129 X19.06032 Z9.65454 B-14.06201 E0.0239 F1896.6301
G01 C1433.13488 X18.67053 Z9.74874 B-13.97314 F13872.7030
G01 C1430.57092 X18.16340 Z9.91784 B-13.75044 F13872.7030
G01 C1430.97085 X17.95599 Z9.96957 B-13.55134 E0.0259 F2175.0883
G01 C1433.94665 X18.22432 Z9.86178 B-13.52276 E0.0259 F2175.0883
G01 C1449.62872 X18.23327 Z9.86209 B-13.49016 E0.0266 F2120.2534
G01 C1452.66743 X17.84329 Z10.00024 B-13.33015 E0.0266 F2120.2534
G01 C1456.01038 X17.43865 Z10.14619 B-13.07683 E0.0264 F2139.9079
G01 C1452.51801 X17.19758 Z10.17573 B-12.88080 E0.0228 F2476.6045
G01 C1448.94804 X17.01899 Z10.19741 B-12.73062 E0.0228 F2476.6045
G01 C1445.32630 X16.89720 Z10.21294 B-12.61711 E0.0228 F2476.6045
G01 C1441.68099 X16.82747 Z10.22364 B-12.53294 E0.0228 F2476.6045
G01 C1437.49028 X16.76809 Z10.24324 B-12.46002 E0.0261 F2160.0765
G94
G01 C1439.74809 X19.90551 Z9.25604 B-13.28036 E0.8353 F20000
G93
G94
G01 C1441.10525 X23.05053 Z8.26046 B-14.10070 E0.8353 F20000
G93
G94
G01 C1441.10525 X23.51642 Z8.14059 B-14.75697 F20000
G93
G94
G01 C1441.10525 X23.98091 Z8.01539 B-15.41324 F20000
G93
G01 C1443.47945 X24.88999 Z7.72487 B-15.97084 E0.0102 F3510.1826
G01 C1445.67344 X25.81915 Z7.43054 B-16.52844 E0.0102 F3510.1826
G01 C1448.11474 X26.31621 Z7.23436 B-17.05738 E0.0100 F3836.7662
G01 C1450.50828 X26.83716 Z7.03476 B-17.58633 E0.0100 F3836.7662
G01 C1449.28000 X26.97227 Z7.04939 B-18.33333 E0.0237 F1609.0925
G01 C1441.39192 X25.25321 Z7.61704 B-18.50412 E0.0225 F1609.0925
G94
G01 C1439.86988 X25.60257 Z7.51160 B-18.71372 E-1.6576 F20000
G93
G01 C1438.71103 X26.21820 Z7.31951 B-19.01671 F14303.4871
G01 C1434.90804 X28.33224 Z6.56546 B-19.56736 F14303.4871
G01 C1434.19440 X29.20053 Z6.18233 B-20.18759 F14303.4871
G01 C1444.41205 X28.57328 Z6.51838 B-20.39362 E0.0312 F2065.8019
G01 C1445.53680 X23.13211 Z7.48735 B-19.49167 F52286.8483
G01 C1449.17649 X17.69884 Z8.44651 B-18.58973 F52286.8483
G01 C1578.85626 X13.51294 Z9.39580 B-17.68778 F52286.8483
G01 C1616.78743 X17.52514 Z10.33518 B-16.78584 F52286.8483
G01 C1616.91066 X17.05801 Z10.50667 B-15.89751 F39215.1362
G01 C1617.02709 X16.58813 Z10.66845 B-15.00918 F39215.1362
G01 C1617.13725 X16.11566 Z10.82048 B-14.12085 F39215.1362
G01 C1617.43486 X15.98748 Z10.93194 B-13.27610 F26143.4241
G01 C1617.69112 X15.85735 Z11.03452 B-12.43135 F26143.4241
G01 C1617.80634 X15.68917 Z11.10412 B-11.86617 F26143.4241
G01 C1617.91408 X15.52018 Z11.16972 B-11.30098 F26143.4241
G01 C1618.38860 X17.50714 Z10.90857 B-11.52106 F13071.7121
G94
G01 C1618.38860 X17.63356 Z10.88260 B-11.69712 E2.0718 F20000
G93
G94
G01 C1618.38860 X17.73463 Z10.86155 B-11.83797 F20000
G93
G01 C1618.42734 X17.82561 Z10.84290 B-11.95490 E0.0005 F97618.7060
G01 C1620.00461 X17.51277 Z10.88340 B-11.88698 E0.0176 F2545.5030
G01 C1621.67743 X17.10090 Z10.94590 B-11.67119 E0.0176 F2545.5030
G01 C1624.53081 X16.37351 Z11.06038 B-11.23083 E0.0285 F1573.6564
G01 C1630.92364 X15.31333 Z11.25281 B-10.58393 E0.0118 F3045.0783
G01 C1638.29147 X14.36186 Z11.43998 B-9.93704 E0.0118 F3045.0783
G01 C1636.15466 X13.88851 Z11.49773 B-9.43121 E0.0112 F3195.6147
G01 C1633.95422 X13.42466 Z11.55225 B-8.92538 E0.0112 F3195.6147
G01 C1629.37892 X12.69112 Z11.62849 B-8.13942 E0.0224 F1597.8073
G01 C1601.06346 X13.02394 Z11.66664 B-7.56224 E0.0227 F1582.7939
G01 C1604.59415 X12.98834 Z11.66511 B-7.27929 E0.0227 F1582.7939
G01 C1607.95945 X13.15163 Z11.64121 B-7.23171 E0.0227 F1582.7939
G01 C1601.54366 X13.50405 Z11.65143 B-7.16570 E0.0239 F1500.6262
G01 C1609.52705 X14.82596 Z11.39917 B-8.02889 E0.0200 F2229.8110
G01 C1611.57640 X15.72860 Z11.25771 B-8.92401 E0.0201 F2229.8110
G01 C1613.97886 X16.71918 Z11.09708 B-9.85292 E0.0248 F1807.9427
G01 C1616.22219 X17.74300 Z10.92187 B-10.80886 E0.0248 F1807.9427
G01 C1612.78476 X15.44793 Z11.25580 B-10.29448 E0.0268 F2217.8267
G94
G01 C1616.43303 X18.36477 Z10.49337 B-11.23542 E0.8567 F20000
G93
G94
G01 C1618.75997 X21.30577 Z9.71983 B-12.17635 E0.8567 F20000
G93
G94
G01 C1618.75997 X21.84437 Z9.59991 B-12.92910 F20000
G93
G94
G01 C1618.75997 X22.38135 Z9.47292 B-13.68185 F20000
G93
G01 C1617.88761 X23.03815 Z9.28720 B-14.35428 E0.0117 F3162.5357
G01 C1617.03977 X23.69637 Z9.09588 B-15.02672 E0.0117 F3162.5357
G01 C1620.94633 X24.68365 Z8.72454 B-15.79542 F26614.1339
G01 C1624.58392 X25.72633 Z8.34593 B-16.56412 F26614.1339
G01 C1625.09551 X26.42516 Z8.10007 B-17.28264 F26614.1339
G01 C1625.59296 X27.12310 Z7.84790 B-18.00117 F26614.1339
G01 C1617.06701 X26.57717 Z8.19150 B-18.62043 E0.0240 F2056.5153
G01 C1620.28190 X27.41955 Z7.86697 B-19.26079 E0.0206 F2398.1408
G01 C1618.81477 X27.39838 Z7.89175 B-19.66371 E0.0206 F2398.1408
G01 C1615.01477 X16.59389 Z8.78945 B-18.82113 F26234.5023
G01 C1442.02640 X20.16574 Z9.67855 B-17.97855 F26234.5023
G01 C1441.88085 X19.99823 Z9.73166 B-17.37752 F26234.5023
G01 C1441.74484 X19.82938 Z9.78035 B-16.77648 F26234.5023
G01 C1444.03364 X21.24449 Z9.31570 B-16.42134 E0.0297 F1528.7226
G01 C1449.75733 X19.98694 Z9.73769 B-15.90998 E0.0118 F3596.4269
G01 C1456.74720 X18.83228 Z10.15647 B-15.39862 E0.0118 F3596.4269
G01 C1453.02258 X18.15113 Z10.30655 B-14.58823 E0.0235 F1798.2135
G01 C1450.60430 X19.57915 Z9.83354 B-14.51583 E0.0221 F1916.3642
G01 C1452.95563 X19.23318 Z9.95677 B-14.34649 E0.0221 F1916.3642
G01 C1429.82051 X19.55610 Z9.85601 B-14.35370 E0.0251 F1688.7353
G01 C1443.12068 X19.50914 Z9.81423 B-14.38707 F14404.1647
G01 C1443.13095 X18.36286 Z10.16610 B-14.06609 F14404.1647
G01 C1443.14357 X17.60036 Z10.39493 B-13.64313 F14404.1647
G94
G01 C1443.14357 X17.35915 Z10.45272 B-13.30476 E1.9555 F20000
G93
G94
G01 C1443.14357 X17.16594 Z10.49793 B-13.03407 F20000
G93
G01 C1447.44719 X17.02815 Z10.53273 B-12.80090 E0.0269 F2094.9584
G01 C1451.70411 X16.95805 Z10.56840 B-12.60541 E0.0269 F2094.9584
G01 C1455.86309 X16.95155 Z10.59884 B-12.44007 E0.0269 F2094.9584
G01 C1452.39626 X17.18454 Z10.49167 B-12.43792 E0.0273 F2064.4476
G01 C1449.40867 X17.55368 Z10.36107 B-12.56877 E0.0263 F2149.4256
G01 C1446.61756 X18.02024 Z10.21304 B-12.80603 E0.0263 F2149.4256
G01 C1444.01614 X18.56671 Z10.05017 B-13.12841 E0.0263 F2149.4256
G01 C1439.20938 X18.74321 Z10.00850 B-13.38905 E0.0258 F2188.5867
G01 C1436.63958 X18.47318 Z10.10708 B-13.46770 E0.0258 F2188.5867
G01 C1433.87550 X18.11817 Z10.23045 B-13.40077 E0.0258 F2188.5867
G94
G01 C1438.24085 X20.82275 Z9.33100 B-14.11558 E0.8353 F20000
G93
G94
G01 C1441.09514 X23.56596 Z8.42520 B-14.83039 E0.8353 F20000
G93
G94
G01 C1441.09514 X23.97064 Z8.31588 B-15.40223 F20000
G93
G94
G01 C1441.09514 X24.37421 Z8.20254 B-15.97408 F20000
G93
G01 C1443.45472 X25.27917 Z7.92791 B-16.55070 E0.0102 F3513.0826
G01 C1445.64036 X26.20386 Z7.64921 B-17.12732 E0.0102 F3513.0826
G01 C1448.55139 X26.92184 Z7.34722 B-17.75268 E0.0096 F3996.4042
G01 C1451.34204 X27.67326 Z7.04047 B-18.37803 E0.0096 F3996.4042
G01 C1450.46663 X27.98792 Z6.97411 B-19.30102 E0.0191 F1998.2021
G01 C1449.23656 X28.04319 Z7.00045 B-19.94020 E0.0237 F1609.0903
G01 C1451.01792 X22.70019 Z7.94893 B-19.04836 F52718.8874
G01 C1456.71802 X17.38172 Z8.88779 B-18.15651 F52718.8874
G01 C1568.69566 X13.42819 Z9.81698 B-17.26467 F52718.8874
G01 C1617.11149 X17.16276 Z10.73645 B-16.37283 F52718.8874
G01 C1617.21973 X16.70032 Z10.90155 B-15.49463 F39539.1656
G01 C1617.32195 X16.23527 Z11.05715 B-14.61644 F39539.1656
G01 C1617.41864 X15.76774 Z11.20319 B-13.73824 F39539.1656
G01 C1617.55426 X15.32905 Z11.34458 B-12.79406 F26359.4437
G01 C1617.67971 X14.88786 Z11.47484 B-11.84989 F26359.4437
G01 C1617.79608 X14.65910 Z11.55199 B-11.20420 F26359.4437
G01 C1617.90433 X14.42933 Z11.62390 B-10.55852 F26359.4437
G01 C1618.08420 X14.31191 Z11.72186 B-9.74744 F13179.7219
G01 C1618.49530 X16.53688 Z11.38999 B-10.25266 F13179.7219
G94
G01 C1618.49530 X16.82823 Z11.33623 B-10.65683 E2.0718 F20000
G93
G94
G01 C1618.49530 X17.06104 Z11.29174 B-10.98017 F20000
G93
G01 C1621.14068 X16.60039 Z11.34616 B-10.96263 E0.0294 F1522.7128
G01 C1624.06929 X15.96374 Z11.43806 B-10.67240 E0.0294 F1522.7128
G01 C1630.52089 X14.87204 Z11.63036 B-10.05223 E0.0003 F108741.9768
G01 C1638.06133 X13.89193 Z11.81781 B-9.43206 E0.0003 F108741.9768
G01 C1634.14048 X13.00466 Z11.92036 B-8.46041 E0.0200 F1791.1830
G01 C1630.02328 X12.30544 Z11.99014 B-7.70372 E0.0200 F1791.1830
G01 C1625.74000 X11.76628 Z12.03722 B-7.11899 E0.0200 F1791.1830
G01 C1600.68219 X12.26803 Z12.06673 B-6.66951 E0.0206 F1740.3473
G01 C1603.97645 X12.27019 Z12.05779 B-6.47136 E0.0206 F1740.3473
G01 C1607.13514 X12.44269 Z12.03199 B-6.47426 E0.0206 F1740.3473
G01 C1597.68044 X12.62370 Z12.07411 B-6.29907 E0.0235 F1529.6171
G01 C1601.17220 X12.80348 Z12.04119 B-6.34395 E0.0235 F1529.6171
G01 C1607.76213 X13.89771 Z11.83794 B-7.11947 E0.0276 F1615.7040
G01 C1610.75016 X14.93839 Z11.67370 B-8.08653 E0.0278 F1615.7040
G01 C1612.14210 X15.48325 Z11.59164 B-8.59429 E0.0139 F3231.4081
G01 C1613.48091 X16.03285 Z11.50631 B-9.10206 E0.0139 F3231.4081
G01 C1614.76817 X16.60087 Z11.41536 B-9.62921 E0.0139 F3231.4081
G01 C1616.00558 X17.17294 Z11.32090 B-10.15636 E0.0139 F3231.4081
G94
G01 C1617.56524 X19.21640 Z10.68343 B-11.12341 F20000
G93
G94
G01 C1618.78706 X21.26399 Z10.03421 B-12.09046 F20000
G93
G01 C1618.77776 X21.81566 Z9.91247 B-12.86350 E0.0001 F318198.0515
G01 C1618.76845 X22.36563 Z9.78326 B-13.63655 E0.0001 F318198.0515
G01 C1617.89961 X23.03339 Z9.59520 B-14.32502 E0.0117 F3171.5396
G01 C1617.05509 X23.70248 Z9.40126 B-15.01350 E0.0117 F3171.5396
G01 C1616.23423 X24.32495 Z9.21486 B-15.63433 E0.0117 F3171.5396
G01 C1615.43638 X24.94870 Z9.02371 B-16.25515 E0.0117 F3171.5396
G01 C1616.28256 X26.29641 Z8.50316 B-17.11363 E0.0122 F3212.7483
G01 C1617.04273 X27.64408 Z7.97360 B-17.97211 E0.0122 F3212.7483
G01 C1624.12833 X25.81720 Z8.77933 B-18.35605 E0.0227 F1634.8448
G01 C1617.56876 X25.59454 Z8.88265 B-18.55970 F14560.3718
G01 C1617.74112 X26.27230 Z8.62702 B-18.89384 F14560.3718
G01 C1617.90176 X27.02194 Z8.34477 B-19.33237 F14560.3718
G01 C1618.05184 X27.82845 Z8.03945 B-19.85442 F14560.3718
G01 C1618.19236 X28.67977 Z7.71377 B-20.44327 F14560.3718
G01 C1614.70308 X29.32225 Z7.37195 B-20.99586 E0.0102 F5139.9700
G01 C1611.35224 X30.01424 Z7.02648 B-21.54845 E0.0102 F5139.9700
G01 C1617.08312 X28.56320 Z7.77513 B-21.48151 E0.0240 F2058.5104
G01 C1618.79571 X28.06000 Z7.96375 B-21.28408 E0.0240 F2058.5104
G01 C1620.57578 X28.38841 Z7.82861 B-21.25324 E0.0241 F2049.9770
G01 C1622.26225 X28.81988 Z7.65799 B-21.35567 E0.0241 F2049.9770
G01 C1619.90290 X30.03719 Z7.17824 B-21.80294 E0.0244 F2023.4489
G01 C1619.08103 X30.28334 Z7.08179 B-22.16433 E0.0086 F5768.6308
G01 C1618.94062 X30.07644 Z7.16264 B-22.33096 E0.0159 F3115.5067
G01 C1620.04783 X30.16300 Z7.12312 B-22.45959 E0.0113 F4379.0954
T0
G01 C1451.14141 X28.11477 Z7.01380 B-21.88180 E0.0242 F1686.1864
G01 C1451.90566 X26.80345 Z7.47482 B-21.35041 E0.0125 F3274.3596
G01 C1452.80707 X25.49324 Z7.93247 B-20.81902 E0.0125 F3274.3596
G94
G01 C1434.94029 X26.13275 Z7.65652 B-20.33898 F20000
G93
G01 C1426.93343 X24.16239 Z8.45374 B-19.44820 E0.0279 F1627.5198
G01 C1424.35341 X23.35217 Z8.77744 B-18.62476 E0.0279 F1627.5198
G01 C1421.65170 X22.59789 Z9.08084 B-17.85518 E0.0279 F1627.5198
G01 C1429.22623 X26.15174 Z7.77614 B-18.37643 E0.0252 F1616.5587
G01 C1430.65296 X25.96882 Z7.80519 B-18.67975 E0.0252 F1616.5587
G01 C1438.14088 X24.38509 Z8.25481 B-18.49020 F14022.8130
G01 C1435.67787 X23.96677 Z8.41326 B-18.24956 F14022.8130
G01 C1433.10289 X23.54063 Z8.58026 B-17.96804 F14022.8130
G01 C1430.41920 X23.11364 Z8.75357 B-17.65382 F14022.8130
G01 C1427.63230 X22.69162 Z8.93139 B-17.31344 F14022.8130
G01 C1424.75001 X22.27944 Z9.11227 B-16.95213 F14022.8130
G01 C1421.78265 X21.88119 Z9.29506 B-16.57408 F14022.8130
G01 C1419.51323 X22.02488 Z9.29302 B-16.32601 E0.0237 F2291.9757
G01 C1420.24848 X22.40548 Z9.15855 B-16.27347 E0.0237 F2291.9757
G01 C1420.92807 X22.89774 Z8.99186 B-16.37734 E0.0237 F2291.9757
G01 C1421.55793 X23.47933 Z8.79892 B-16.60634 E0.0237 F2291.9757
G01 C1422.72812 X24.69098 Z8.36492 B-17.14723 E0.0214 F2291.9757
G01 C1428.90769 X25.35389 Z8.04102 B-17.69922 E0.0270 F2012.5410
G01 C1430.48304 X25.15601 Z8.07496 B-18.01975 E0.0270 F2012.5410
G01 C1432.17012 X24.83867 Z8.15015 B-18.15511 E0.0270 F2012.5410
G01 C1433.98103 X24.43128 Z8.26951 B-18.15894 E0.0270 F2012.5410
G01 C1422.12152 X23.21943 Z8.86351 B-17.71229 F18657.7111
G01 C1464.17231 X22.29079 Z9.22550 B-17.03898 F13361.5488
G01 C1461.30760 X22.16109 Z9.21816 B-16.66051 E0.0248 F2195.2668
G01 C1458.51058 X22.24118 Z9.12947 B-16.47470 E0.0263 F2065.8663
G01 C1455.83143 X22.45315 Z9.00852 B-16.44300 E0.0263 F2065.8663
G01 C1453.27383 X22.77385 Z8.86193 B-16.53459 E0.0263 F2065.8663
G01 C1450.83919 X23.18433 Z8.69449 B-16.72482 E0.0263 F2065.8663
G01 C1448.52700 X23.66904 Z8.50975 B-16.99395 E0.0263 F2065.8663
G01 C1450.24130 X24.30341 Z8.33267 B-17.31708 E0.0265 F2050.5717
G01 C1453.31829 X25.48522 Z8.00507 B-17.80467 E0.0232 F2050.5717
G01 C1454.53357 X26.34965 Z7.66152 B-18.49885 E0.0232 F2050.5717
G01 C1460.70585 X24.95742 Z8.34417 B-18.32085 E0.0233 F2336.2210
G01 C1461.39237 X24.35275 Z8.55006 B-18.04219 E0.0233 F2336.2210
G01 C1462.13034 X23.69330 Z8.77298 B-17.68299 E0.0233 F2336.2210
G01 C1462.92549 X22.99021 Z9.00836 B-17.25937 E0.0233 F2336.2210
G01 C1462.19229 X22.52527 Z9.13041 B-16.87938 F19752.1532
G01 C1460.66359 X22.59240 Z9.07272 B-16.67055 F19752.1532
G94
G01 C1460.66359 X22.47504 Z9.10768 B-16.50348 F20000
G93
G01 C1458.14331 X22.66095 Z8.99250 B-16.47995 E0.0248 F2193.9703
G01 C1628.25951 X24.07856 Z9.41201 B-16.84851 E0.0214 F1731.7128
G01 C1638.96642 X24.40478 Z9.32456 B-17.32060 E0.0235 F1684.0747
G01 C1609.91466 X22.73722 Z10.00572 B-17.01603 E0.0196 F1891.2029
G01 C1607.58025 X22.26577 Z10.22349 B-16.70775 E0.0216 F1717.5756
G01 C1612.49618 X24.71832 Z9.21127 B-17.24259 E0.0239 F3097.5963
G01 C1614.18889 X24.52016 Z9.28439 B-17.52703 E0.0239 F3097.5963
G01 C1605.71761 X25.58280 Z8.90372 B-18.33291 E0.0231 F2269.0822
G01 C1598.61821 X24.46342 Z9.50475 B-18.42647 E0.0247 F2118.6073
G01 C1599.32491 X25.12368 Z9.21690 B-18.77442 E0.0247 F2118.6073
G01 C1604.16411 X26.09790 Z8.75570 B-19.29762 E0.0253 F2066.5354
G01 C1609.04910 X24.61013 Z9.37453 B-18.82289 E0.0239 F2066.5354
G01 C1606.72612 X24.01805 Z9.62672 B-18.32304 E0.0229 F2162.0803
G01 C1604.28698 X23.44263 Z9.90331 B-17.82338 E0.0229 F2162.0803
G01 C1614.44169 X24.79300 Z9.19743 B-17.97682 F14013.4145
G01 C1617.02093 X25.01429 Z9.09683 B-18.14448 F14013.4145
G01 C1619.55039 X25.26714 Z8.99327 B-18.32354 F14013.4145
G01 C1622.02197 X25.54917 Z8.88720 B-18.51170 F14013.4145
G01 C1624.42876 X25.85828 Z8.77898 B-18.70715 F14013.4145
G01 C1629.14982 X26.48079 Z8.52027 B-19.09081 F14013.4145
G01 C1637.56666 X25.55230 Z8.94569 B-19.06245 E0.0234 F2254.7144
G01 C1638.15087 X24.97529 Z9.19758 B-18.81431 E0.0234 F2254.7144
G01 C1639.50128 X23.67688 Z9.73232 B-18.13076 E0.0306 F2254.7144
G01 C1630.79806 X25.26449 Z9.00670 B-18.30247 E0.0257 F2053.4379
G01 C1635.30680 X25.47144 Z8.92841 B-18.55459 E0.0239 F2204.9482
G01 C1635.57980 X22.95678 Z9.94869 B-17.69449 E0.0269 F2171.9650
G01 C1806.46405 X24.14669 Z8.69808 B-17.75717 E0.0201 F2253.5380
G01 C1808.14354 X24.62435 Z8.54391 B-17.91160 E0.0271 F1674.7163
G01 C1819.78804 X26.19681 Z8.07959 B-18.34115 E0.0212 F1768.1498
G01 C1791.79776 X23.71007 Z8.89910 B-18.05250 E0.0279 F1626.0558
G01 C1789.46187 X23.19270 Z9.10315 B-17.71053 E0.0279 F1626.0558
G01 C1787.00184 X22.66327 Z9.31510 B-17.32590 E0.0279 F1626.0558
G01 C1790.27422 X25.49407 Z8.30663 B-17.84449 E0.0240 F1693.7071
G01 C1796.64346 X25.27178 Z8.30217 B-18.16059 E0.0287 F3156.9745
G01 C1798.52957 X25.00879 Z8.39003 B-18.30350 E0.0287 F3156.9745
G01 C1800.53272 X24.66294 Z8.50965 B-18.30787 E0.0287 F3156.9745
G01 C1801.01252 X24.63002 Z8.52103 B-18.30189 E0.0050 F17945.3499
G01 C1802.73844 X24.84165 Z8.44715 B-18.35082 F19486.7900
G01 C1805.58422 X24.69703 Z8.50889 B-18.33490 F13226.5243
G01 C1813.33530 X26.05305 Z8.15099 B-18.61431 E0.0234 F2034.3386
G01 C1814.55545 X26.80526 Z7.83852 B-19.14453 E0.0234 F2034.3386
G01 C1822.34539 X24.17146 Z8.95273 B-18.52115 E0.0251 F2168.2041
G01 C1811.43454 X24.17041 Z8.74661 B-18.26689 E0.0275 F2203.0419
G01 C1809.23731 X24.37971 Z8.64671 B-18.17377 E0.0275 F2203.0419
G01 C1811.15825 X24.53282 Z8.61275 B-18.13503 E0.0213 F2840.2546
G01 C1816.13988 X23.79459 Z8.94115 B-17.86166 E0.0253 F2390.9563
G01 C1785.10578 X24.96695 Z8.58395 B-17.99654 F13053.3556
G01 C1782.47754 X25.27371 Z8.54076 B-18.15002 F13053.3556
G94
G01 C1782.47754 X25.35921 Z8.51263 B-18.27280 E1.6964 F20000
G93
G94
G01 C1782.47754 X25.42756 Z8.48999 B-18.37102 F20000
G93
G01 C1781.83056 X24.87016 Z8.69378 B-18.25606 E0.0270 F2008.8597
G01 C1781.14592 X24.20902 Z8.91837 B-17.99764 E0.0270 F2008.8597
G01 C1780.42490 X23.46344 Z9.17765 B-17.62684 E0.0301 F2008.8597
G01 C1784.38921 X22.65082 Z9.36219 B-17.23696 E0.0291 F2081.6893
G01 C1786.99711 X22.76600 Z9.27170 B-17.04112 E0.0291 F2081.6893
G01 C1790.45402 X24.77835 Z8.53345 B-17.46914 E0.0271 F2000.6234
G01 C1969.46434 X22.72082 Z10.33336 B-17.11517 E0.0230 F1613.8825
G01 C1989.48094 X24.85383 Z9.50957 B-17.50524 E0.0226 F1638.7394
G01 C1999.79599 X23.96943 Z9.88947 B-17.48480 E0.0230 F1722.1080
G01 C1969.98727 X26.08130 Z9.01061 B-18.31726 E0.0231 F3399.0649
G01 C1980.08606 X24.36646 Z9.65032 B-18.17159 F19506.7676
G01 C1977.44338 X24.12924 Z9.74634 B-18.01242 F14365.2472
G01 C1974.74598 X23.90860 Z9.84447 B-17.84245 F14365.2472
G01 C1972.00444 X23.70670 Z9.94417 B-17.66384 F14365.2472
G94
G01 C1972.00444 X23.60686 Z9.97583 B-17.52095 F20000
G93
G01 C1958.38888 X23.72007 Z10.11397 B-17.58537 E0.0240 F2179.6378
G01 C1959.09386 X24.34766 Z9.84243 B-17.90237 E0.0240 F2179.6378
G01 C1966.34139 X25.60608 Z9.24611 B-18.46735 E0.0258 F2027.1604
G01 C1967.98569 X25.30691 Z9.39857 B-18.58068 E0.0258 F2027.1604
G01 C1971.40542 X24.28646 Z9.75496 B-18.30191 E0.0244 F2027.1604
G01 C1969.27170 X24.06199 Z9.86299 B-18.04336 E0.0175 F2829.6457
G01 C1966.91008 X23.58404 Z10.07407 B-17.71502 E0.0232 F2128.9768
G01 C1964.44152 X23.08580 Z10.29605 B-17.33085 E0.0232 F2128.9768
G01 C1968.49816 X23.60152 Z10.01790 B-17.28473 F13358.7690
G01 C1971.35717 X23.36379 Z10.06189 B-17.20482 F13358.7690
G01 C1974.30516 X23.13522 Z10.11164 B-17.09787 F13358.7690
G01 C1977.33007 X22.92077 Z10.16588 B-16.96929 F13358.7690
G01 C1999.40588 X22.64651 Z10.39390 B-16.62422 F13358.7690
G94
G01 C1999.40588 X22.45247 Z10.45133 B-16.34817 E2.3909 F20000
G93
G01 C1993.11812 X25.12204 Z9.29559 B-17.22616 E0.0261 F2256.1760
G01 C1991.68683 X25.09476 Z9.35888 B-17.69298 E0.0234 F2256.1760
G01 C1990.16506 X24.85590 Z9.49243 B-17.83636 E0.0234 F2256.1760
T1
G01 C2005.67416 X14.93231 Z9.92642 B-17.08378 F26184.4300
G01 C2158.94373 X18.93852 Z10.35348 B-16.33121 F26184.4300
G01 C2159.94066 X19.47924 Z10.20961 B-15.59422 F13092.2150
G01 C2161.52236 X20.96623 Z9.73170 B-15.57011 F13092.2150
G94
G01 C2161.52236 X20.95261 Z9.73550 B-15.55082 F20000
G93
G94
G01 C2161.52236 X20.94171 Z9.73853 B-15.53539 E9.7777 F20000
G93
G94
G01 C2161.52236 X20.93300 Z9.74095 B-15.52305 F20000
G93
G01 C2173.46887 X19.12612 Z10.35775 B-14.91088 E0.0213 F1990.0717
G01 C2176.00065 X18.53948 Z10.54630 B-14.32429 E0.0204 F2077.3398
G01 C2168.27243 X19.67617 Z10.12071 B-14.35785 E0.0251 F1688.5808
G01 C2170.48327 X19.37736 Z10.22749 B-14.27413 E0.0219 F1935.5669
G01 C2172.81092 X19.02599 Z10.35098 B-14.09660 E0.0219 F1935.5669
G01 C2149.77772 X19.35648 Z10.24951 B-14.09898 E0.0249 F1697.6886
G01 C2151.16458 X18.07703 Z10.62385 B-13.78251 E0.0251 F2207.8406
G01 C2153.91270 X18.24979 Z10.54150 B-13.61683 E0.0251 F2207.8406
G01 C2163.89131 X18.96049 Z10.29949 B-13.71962 E0.0260 F2167.6792
G01 C2166.46707 X18.60980 Z10.41728 B-13.67007 E0.0260 F2167.6792
G01 C2169.23092 X18.19110 Z10.55598 B-13.49866 E0.0260 F2167.6792
G01 C2172.18989 X17.72368 Z10.71073 B-13.22974 E0.0260 F2167.6792
G01 C2175.66426 X17.23984 Z10.87574 B-12.88417 E0.0274 F2061.9622
G94
G01 C2166.63610 X20.17612 Z9.85647 B-13.64420 E1.0478 F20000
G93
G94
G01 C2161.10489 X23.26792 Z8.83001 B-14.40423 E1.0478 F20000
G93
G94
G01 C2161.10489 X23.69901 Z8.71685 B-15.01225 F20000
G93
G94
G01 C2161.10489 X24.12888 Z8.59912 B-15.62027 F20000
G93
G01 C2164.73805 X25.50192 Z8.11712 B-16.43183 E0.0085 F4207.5973
G01 C2167.95622 X26.92115 Z7.62703 B-17.24339 E0.0085 F4207.5973
G01 C2167.38604 X27.17143 Z7.57784 B-17.84724 E0.0102 F3512.1005
G01 C2166.80207 X27.42173 Z7.52420 B-18.45108 E0.0102 F3512.1005
G01 C2169.17495 X28.00495 Z7.28005 B-19.07007 E0.0116 F3278.9762
G01 C2171.49347 X28.61052 Z7.03127 B-19.68905 E0.0116 F3278.9762
G01 C2166.52855 X27.28738 Z7.62672 B-19.87873 E0.0254 F1609.4213
G01 C2164.94215 X26.95234 Z7.71725 B-19.92727 E0.0254 F1609.4213
G01 C2154.84414 X28.94757 Z7.00939 B-20.57375 F14355.9376
G01 C2154.55026 X23.44202 Z8.01211 B-19.63706 F53153.2030
G01 C2153.61687 X17.93348 Z9.00426 B-18.70038 F53153.2030
G01 C1994.83911 X13.23361 Z9.98577 B-17.76369 F53153.2030
G01 C1976.92963 X17.41711 Z10.95660 B-16.82700 F53153.2030
G01 C1977.05123 X16.92058 Z11.13642 B-15.90043 F39864.9023
G01 C1977.16605 X16.42106 Z11.30567 B-14.97385 F39864.9023
G01 C1977.27465 X15.91873 Z11.46432 B-14.04727 F39864.9023
G01 C1977.37751 X15.59775 Z11.56899 B-13.37856 F39864.9023
G01 C1977.47509 X15.27546 Z11.66809 B-12.70985 F39864.9023
G01 C1977.56776 X14.95193 Z11.76161 B-12.04114 F39864.9023
G01 C1977.82627 X15.05303 Z11.79848 B-11.50018 F26576.6015
G01 C1978.04949 X15.15351 Z11.83168 B-10.95923 F26576.6015
G01 C1978.21689 X15.40789 Z11.82234 B-10.46188 F13288.3008
G01 C1978.35986 X15.99913 Z11.74919 B-10.43217 F13288.3008
G01 C1978.48338 X16.85998 Z11.62564 B-10.77657 F13288.3008
G94
G01 C1978.48338 X17.05830 Z11.58740 B-11.05209 E2.0718 F20000
G93
G94
G01 C1978.48338 X17.21681 Z11.55612 B-11.27251 F20000
G93
G01 C1980.92815 X16.74123 Z11.61602 B-11.19189 E0.0273 F1643.5188
G01 C1983.61730 X16.10956 Z11.70951 B-10.87044 E0.0273 F1643.5188
G01 C1986.57974 X15.35551 Z11.82966 B-10.35233 E0.0267 F1643.5188
G01 C1989.97779 X14.41106 Z12.04036 B-9.54782 E0.0267 F1643.5188
G01 C1992.64738 X13.63420 Z12.16377 B-8.74854 E0.0181 F1985.0124
G01 C1995.43425 X12.89319 Z12.27250 B-7.96709 E0.0181 F1985.0124
G01 C1998.35462 X12.17902 Z12.37218 B-7.19991 E0.0181 F1985.0124
G01 C1987.85622 X11.39884 Z12.39807 B-6.65014 E0.0196 F1832.0930
G01 C1983.55017 X11.00054 Z12.42451 B-6.23065 E0.0196 F1832.0930
G01 C1965.43961 X10.99192 Z12.46718 B-5.80488 E0.0219 F1642.0486
G01 C1961.13482 X10.92841 Z12.49866 B-5.43308 E0.0219 F1642.0486
G01 C1957.10105 X10.93311 Z12.52558 B-5.10446 E0.0219 F1642.0486
G01 C1961.09950 X11.01756 Z12.50093 B-5.02833 E0.0239 F1501.2106
G01 C1964.93032 X11.28378 Z12.46317 B-5.15418 E0.0239 F1501.2106
G01 C1955.48174 X11.59577 Z12.49467 B-5.08344 E0.0200 F1792.3593
G01 C1961.76991 X12.03568 Z12.42465 B-5.35420 E0.0266 F1679.5474
G01 C1966.65416 X12.95061 Z12.26669 B-6.02046 E0.0133 F3359.0948
G01 C1971.04313 X13.92089 Z12.10309 B-6.68673 E0.0133 F3359.0948
G01 C1972.37669 X14.56448 Z12.01795 B-7.33620 E0.0133 F3359.0948
G01 C1973.66090 X15.21218 Z11.92746 B-7.98567 E0.0133 F3359.0948
G01 C1975.67990 X14.28159 Z12.03154 B-8.32868 E0.0268 F2229.6680
G01 C1978.35749 X15.03261 Z11.92153 B-8.83739 E0.0268 F2229.6680
G01 C1980.55953 X14.80392 Z11.94235 B-9.02217 E0.0236 F2535.1427
G01 C1982.96087 X14.40082 Z11.99272 B-8.94780 E0.0236 F2535.1427
G94
G01 C1981.14436 X16.46651 Z11.49278 B-9.68174 E0.5711 F20000
G93
G94
G01 C1979.83854 X18.53783 Z10.98605 B-10.41569 E0.5711 F20000
G93
G94
G01 C1978.85553 X20.61219 Z10.47255 B-11.14963 E0.5711 F20000
G93
G94
G01 C1978.85553 X21.24463 Z10.34284 B-12.03036 F20000
G93
G94
G01 C1978.85553 X21.87500 Z10.20343 B-12.91109 F20000
G93
G01 C1978.85318 X22.37667 Z10.08532 B-13.61537 E0.0000 F804984.4719
G01 C1978.85082 X22.87684 Z9.96105 B-14.31964 E0.0000 F804984.4719
G01 C1978.03837 X23.48911 Z9.78270 B-14.94858 E0.0109 F3391.4126
G01 C1977.24715 X24.10256 Z9.59947 B-15.57752 E0.0109 F3391.4126
G01 C1976.47660 X24.67460 Z9.42367 B-16.14620 E0.0109 F3391.4126
G01 C1975.72621 X25.24777 Z9.24389 B-16.71487 E0.0109 F3391.4126
G01 C1974.15625 X26.28770 Z8.81922 B-17.39174 E0.0082 F5500.0221
G01 C1972.71147 X27.33536 Z8.38895 B-18.06861 E0.0082 F5500.0221
G01 C1971.37910 X28.38960 Z7.95311 B-18.74549 E0.0082 F5500.0221
G01 C1978.92088 X25.02858 Z9.41240 B-18.64564 E0.0174 F2128.4032
G01 C1982.27959 X27.42236 Z8.48424 B-19.29402 E0.0238 F2073.7485
G01 C1980.62539 X27.33421 Z8.53064 B-19.68637 E0.0238 F2073.7485
G01 C1978.88008 X27.11589 Z8.62648 B-19.87390 E0.0238 F2073.7485
G01 C1977.15109 X27.68751 Z8.41647 B-20.16821 E0.0242 F2046.2567
G01 C1975.51746 X28.32876 Z8.18349 B-20.54794 E0.0242 F2046.2567
G01 C1978.52821 X29.67406 Z7.64339 B-21.20295 E0.0198 F2499.7606
G01 C1980.48064 X30.00302 Z7.49972 B-21.70680 E0.0204 F2423.4068
G01 C1983.01148 X29.94828 Z7.54687 B-22.01044 F17097.0429
G94
G01 C1983.01148 X30.11323 Z7.47979 B-22.25335 F20000
G93
G01 C1981.70746 X29.85139 Z7.55518 B-22.32078 E0.0202 F2452.5158
G01 C1980.33847 X29.51417 Z7.69027 B-22.26787 E0.0202 F2452.5158
G01 C1979.74138 X21.94492 Z8.36403 B-21.54797 F39894.6020
G01 C1813.94874 X15.51112 Z9.03163 B-20.82806 F39894.6020
G01 C1801.86633 X22.08323 Z9.69302 B-20.10815 F39894.6020
G01 C1801.74504 X21.81824 Z9.80660 B-19.34861 F26596.4013
G01 C1801.63145 X21.55083 Z9.91321 B-18.58906 F26596.4013
G01 C1801.43084 X22.56537 Z9.59290 B-17.90390 F13298.2007
G94
G01 C1801.43084 X22.18244 Z9.71460 B-17.35577 E1.9555 F20000
G93
G94
G01 C1801.43084 X21.87527 Z9.80931 B-16.91727 F20000
G93
G01 C1803.87069 X21.18160 Z10.02713 B-16.42781 E0.0274 F1544.3221
G01 C1806.49607 X20.47649 Z10.25020 B-15.89759 E0.0274 F1544.3221
G01 C1808.68034 X19.85567 Z10.44502 B-15.36519 E0.0214 F1978.6890
G01 C1810.98720 X19.24605 Z10.63666 B-14.83105 E0.0214 F1978.6890
G01 C1813.41917 X18.64904 Z10.82503 B-14.29553 E0.0214 F1978.6890
G01 C1812.74572 X18.95544 Z10.71186 B-14.05259 E0.0220 F1923.8803
G01 C1815.21696 X18.52658 Z10.85779 B-13.74705 E0.0220 F1923.8803
G01 C1818.22696 X18.08069 Z11.01573 B-13.38648 E0.0245 F1730.3833
G01 C1785.24260 X18.36829 Z10.91572 B-13.34753 E0.0269 F1542.9686
G01 C1788.23369 X18.68313 Z10.78453 B-13.41108 E0.0273 F1522.6456
G01 C1791.04663 X19.08498 Z10.64828 B-13.56587 E0.0273 F1522.6456
G01 C1812.20533 X17.68903 Z11.06330 B-13.23551 E0.0257 F2159.0418
G01 C1805.39916 X20.52661 Z10.10756 B-13.95340 F26669.8827
G01 C1801.11857 X23.45525 Z9.14542 B-14.67128 F26669.8827
G94
G01 C1801.11857 X23.86198 Z9.03675 B-15.24559 E1.0478 F20000
G93
G94
G01 C1801.11857 X24.26759 Z8.92402 B-15.81990 E1.0478 F20000
G93
G94
G01 C1801.11857 X24.91416 Z8.73520 B-16.73879 F20000
G93
G01 C1799.34396 X25.85362 Z8.43043 B-17.58484 E0.0285 F1588.7360
G01 C1797.66199 X26.76174 Z8.13041 B-18.37261 E0.0285 F1588.7360
G01 C1803.45489 X27.77701 Z7.68643 B-19.06312 E0.0085 F4203.1849
G01 C1808.77273 X28.92273 Z7.23669 B-19.75363 E0.0085 F4203.1849
G01 C1809.28095 X28.32066 Z7.56183 B-20.32670 E0.0221 F1611.7921
G01 C1808.07030 X28.09557 Z7.72536 B-20.49685 E0.0253 F1611.7921
G01 C1806.56448 X27.73685 Z7.79876 B-20.51892 E0.0281 F1611.7921
G01 C1804.95351 X27.29941 Z7.94635 B-20.42810 E0.0281 F1611.7921
G01 C1803.24545 X26.81044 Z8.11680 B-20.24696 E0.0281 F1611.7921
G01 C1801.43459 X26.28314 Z8.30499 B-19.99358 E0.0281 F1611.7921
G01 C1803.21999 X28.21216 Z7.61294 B-20.32944 E0.0268 F2259.6566
G01 C1801.67940 X27.98832 Z7.68930 B-20.49461 E0.0268 F2259.6566
G01 C1802.38529 X22.73553 Z8.61058 B-19.54064 F52371.4721
G01 C1804.67499 X17.48314 Z9.52089 B-18.58666 F52371.4721
G01 C1949.27559 X13.32155 Z10.42016 B-17.63269 F52371.4721
G01 C1976.88310 X17.17440 Z11.30833 B-16.67871 F52371.4721
G01 C1977.00197 X16.66751 Z11.48976 B-15.73472 F39278.6041
G01 C1977.11395 X16.15755 Z11.66022 B-14.79073 F39278.6041
G01 C1977.21961 X15.64470 Z11.81966 B-13.84674 F39278.6041
G01 C1977.31948 X15.31652 Z11.92465 B-13.16514 F39278.6041
G01 C1977.41403 X14.98701 Z12.02385 B-12.48353 F39278.6041
G01 C1977.50365 X14.65622 Z12.11725 B-11.80192 F39278.6041
G01 C1978.12384 X15.80347 Z12.04167 B-11.10453 F13092.8680
G01 C1978.25970 X16.29282 Z11.98924 B-10.92035 F13092.8680
G01 C1978.37670 X17.07761 Z11.87925 B-11.14673 F13092.8680
G94
G01 C1978.37670 X17.20782 Z11.85338 B-11.32784 E2.0718 F20000
G93
G94
G01 C1978.37670 X17.31193 Z11.83239 B-11.47273 F20000
G93
G01 C1980.48439 X16.87291 Z11.88966 B-11.36644 E0.0236 F1900.6629
G01 C1982.77435 X16.30199 Z11.97530 B-11.05922 E0.0236 F1900.6629
G01 C1985.26295 X15.62937 Z12.08158 B-10.59124 E0.0236 F1900.6629
G01 C1991.33030 X14.54680 Z12.28128 B-9.91419 E0.0110 F3275.4727
G01 C1998.37468 X13.55900 Z12.47520 B-9.23713 E0.0110 F3275.4727
G01 C1996.16851 X13.09326 Z12.52909 B-8.71515 E0.0109 F3286.3737
G01 C1993.90747 X12.63723 Z12.57954 B-8.19316 E0.0109 F3286.3737
G01 C1989.80274 X11.90350 Z12.65234 B-7.37869 E0.0194 F1846.5500
G01 C1956.73455 X11.94977 Z12.73059 B-6.59908 E0.0194 F1852.5378
G01 C1960.41603 X11.73204 Z12.74141 B-6.14192 E0.0216 F1666.6587
G01 C1963.96793 X11.73102 Z12.73042 B-5.94271 E0.0216 F1666.6587
G01 C1974.56664 X12.63865 Z12.56162 B-6.45826 E0.0144 F3119.8063
G01 C1983.56757 X13.77872 Z12.38945 B-6.97381 E0.0144 F3119.8063
G01 C1986.50485 X13.78022 Z12.38918 B-7.52793 E0.0287 F1559.9032
G01 C1981.22674 X10.95761 Z12.71598 B-6.74526 E0.0195 F1840.4891
G01 C1952.65278 X12.24881 Z12.75290 B-6.17042 E0.0209 F1721.5044
G01 C1955.94249 X12.12737 Z12.74945 B-5.87555 E0.0209 F1721.5044
G01 C1961.65196 X12.44564 Z12.67932 B-5.99855 E0.0225 F1984.6022
G01 C1967.77912 X13.67443 Z12.48730 B-6.93949 E0.0276 F1623.3347
G01 C1970.74546 X14.71877 Z12.30070 B-7.90701 E0.0276 F1623.3347
G01 C1972.13386 X15.26590 Z12.21959 B-8.41566 E0.0138 F3246.6694
G01 C1973.46833 X15.81770 Z12.13521 B-8.92430 E0.0138 F3246.6694
G01 C1974.75060 X16.38822 Z12.04517 B-9.45285 E0.0138 F3246.6694
G01 C1975.98244 X16.96273 Z11.95160 B-9.98140 E0.0138 F3246.6694
G01 C1980.10046 X17.76858 Z11.80093 B-10.90989 F19498.4767
G01 C1980.78683 X15.86290 Z12.05278 B-10.62774 E0.0263 F2273.3140
G01 C1983.52497 X15.13469 Z12.16204 B-10.15428 E0.0263 F2273.3140
G01 C1980.69814 X17.64501 Z11.60759 B-10.97021 F27841.8545
G01 C1978.81325 X20.16939 Z11.04478 B-11.78614 F27841.8545
G01 C1978.82829 X20.93548 Z10.83762 B-12.52875 F27841.8545
G01 C1978.84274 X21.70005 Z10.62356 B-13.27135 F27841.8545
G01 C1978.85665 X22.42127 Z10.41304 B-13.95529 F27841.8545
G01 C1978.87004 X23.14104 Z10.19670 B-14.63924 F27841.8545
G94
G01 C1978.87004 X23.52862 Z10.09348 B-15.18639 E0.8567 F20000
G93
G94
G01 C1978.87004 X23.91519 Z9.98657 B-15.73354 E0.8567 F20000
G93
G94
G01 C1978.87004 X24.53153 Z9.80784 B-16.60899 F20000
G93
G01 C1977.19565 X25.47000 Z9.49824 B-17.44677 E0.0229 F1617.3497
G01 C1975.61146 X26.39522 Z9.18700 B-18.25441 E0.0229 F1617.3497
G01 C1974.11261 X27.31070 Z8.87360 B-19.03793 E0.0229 F1617.3497
G01 C1986.33179 X27.11295 Z8.93759 B-19.42640 E0.0247 F1501.5779
G01 C1984.67821 X26.83884 Z9.04056 B-19.60667 E0.0247 F1501.5779
G01 C1978.22727 X28.74240 Z8.32577 B-20.37417 F14537.7724
G01 C1974.89431 X28.71357 Z8.35054 B-20.80741 E0.0196 F2520.9604
G01 C1978.91185 X27.78903 Z8.68505 B-20.80141 E0.0196 F2520.9604
G01 C1980.63632 X28.21450 Z8.51321 B-20.92131 E0.0236 F2096.9316
G01 C1982.27207 X28.72016 Z8.31462 B-21.14193 E0.0236 F2096.9316
G01 C1983.82238 X29.29138 Z8.09937 B-21.44700 E0.0236 F2096.9316
T0
G01 C1975.47865 X17.50621 Z8.82091 B-20.59297 F26218.0924
G01 C1809.13930 X22.74669 Z9.53371 B-19.73894 F26218.0924
G01 C1806.38099 X25.24326 Z8.69361 B-19.37188 E0.0213 F2132.4859
G01 C1808.07923 X25.48743 Z8.61799 B-19.18394 E0.0274 F1656.5320
G01 C1809.67079 X25.84036 Z8.50763 B-19.13927 E0.0274 F1656.5320
G01 C1811.16316 X26.28138 Z8.36968 B-19.20924 E0.0274 F1656.5320
G01 C1819.77530 X27.03521 Z8.14152 B-19.52242 E0.0236 F1766.7680
G01 C1815.26126 X23.75191 Z9.30203 B-18.74762 E0.0258 F1639.1307
G01 C1798.52828 X24.54295 Z8.92538 B-18.55484 F17143.7862
G01 C1796.24399 X24.55585 Z8.92970 B-18.42611 F17143.7862
G94
G01 C1796.24399 X24.48421 Z8.95349 B-18.32313 F20000
G93
G01 C1794.03944 X24.01898 Z9.13231 B-18.12431 E0.0293 F1549.2146
G01 C1791.70300 X23.51731 Z9.32791 B-17.84882 E0.0293 F1549.2146
G01 C1777.87874 X22.63658 Z9.83900 B-17.26282 E0.0259 F1604.6677
G01 C1778.61327 X22.86460 Z9.75840 B-16.93241 E0.0259 F1604.6677
G01 C1788.86759 X25.78009 Z8.55484 B-17.67444 E0.0214 F1714.9963
G01 C1778.37318 X24.43572 Z9.27129 B-17.60448 E0.0264 F1718.0116
G01 C1784.73601 X25.79332 Z8.60290 B-18.16366 E0.0113 F6490.8308
G01 C1790.14204 X27.28334 Z7.93072 B-18.72283 E0.0113 F6490.8308
G01 C1791.35026 X27.32655 Z7.98557 B-19.29193 E0.0226 F3245.4154
G01 C1801.04867 X25.15964 Z8.70578 B-19.07377 E0.0057 F15967.3889
G01 C1802.75883 X25.25877 Z8.67021 B-18.95431 F19492.8742
G94
G01 C1802.75883 X25.19250 Z8.69290 B-18.85875 E-2.0956 F20000
G93
G01 C1800.53888 X24.78492 Z8.83617 B-18.69227 F14034.7733
G01 C1798.20512 X24.35568 Z8.99230 B-18.46905 F14034.7733
G01 C1795.75693 X23.91388 Z9.15823 B-18.20044 F14034.7733
G01 C1790.50815 X23.18918 Z9.45294 B-17.79986 F14034.7733
G01 C1781.86414 X22.27624 Z9.86519 B-17.18766 F14034.7733
G01 C1782.68460 X25.05020 Z8.91822 B-17.59592 E0.0217 F2251.1517
G01 C1791.00929 X24.91585 Z8.84197 B-17.85927 E0.0261 F2315.8196
G01 C1792.54823 X24.62477 Z8.92844 B-17.96869 E0.0261 F2315.8196
G01 C1794.18597 X24.25676 Z9.04269 B-17.95498 E0.0261 F2315.8196
G01 C1792.07441 X23.88055 Z9.19476 B-17.83478 E0.0275 F2202.8659
G01 C1789.85094 X23.46055 Z9.36561 B-17.62939 E0.0275 F2202.8659
G94
G01 C1782.13074 X22.83070 Z9.69269 B-17.22074 F20000
G93
G01 C1784.26751 X23.12834 Z9.59706 B-17.09200 F17048.5287
G01 C1785.38409 X23.47002 Z9.42141 B-17.09502 F17048.5287
G94
G01 C1785.38409 X23.47171 Z9.42089 B-17.09744 F20000
G93
G01 C1785.83633 X24.07049 Z9.20924 B-17.25739 E0.0351 F2067.8885
G01 C1807.17512 X22.10541 Z9.75149 B-16.90354 F13457.0633
G01 C1810.50555 X21.80237 Z9.86746 B-16.56413 F13457.0633
G01 C1817.24152 X21.50368 Z10.03552 B-16.17992 F13457.0633
G01 C1820.60091 X21.28398 Z10.15334 B-15.81621 F13457.0633
G01 C1820.60977 X21.89597 Z9.96753 B-15.75742 F19785.3435
G94
G01 C1820.60977 X21.86279 Z9.97687 B-15.71040 F20000
G93
G01 C1818.11698 X22.13594 Z9.84961 B-15.80391 E0.0259 F2176.8146
G94
G01 C1972.48951 X23.00518 Z10.43158 B-16.18237 F20000
G93
G01 C1974.26303 X22.73720 Z10.52877 B-16.34654 E0.0231 F1604.5738
G01 C1971.94963 X22.44326 Z10.66939 B-16.35212 E0.0238 F1556.9801
G01 C1969.50695 X22.07834 Z10.83611 B-16.23083 E0.0238 F1556.9801
G01 C1968.21101 X24.62048 Z9.89412 B-16.98015 E0.0211 F1859.2118
G01 C1984.57777 X23.46388 Z10.25966 B-17.04407 E0.0186 F1997.0545
G01 C1986.05746 X23.85835 Z10.12044 B-17.19022 E0.0186 F1997.0545
G01 C1987.46263 X24.30603 Z9.96655 B-17.40216 E0.0186 F1997.0545
G01 C1989.09398 X24.91255 Z9.75986 B-17.69723 E0.0237 F1561.7779
G01 C1998.10720 X25.54325 Z9.56991 B-18.20119 E0.0251 F1761.8983
G01 C1971.39041 X26.04536 Z9.39097 B-18.60699 E0.0223 F3327.3821
G01 C1972.87989 X25.80121 Z9.47223 B-18.79803 E0.0223 F3327.3821
G01 C1966.21531 X27.25872 Z8.99579 B-19.75259 F13335.5638
G01 C1965.24922 X27.78424 Z8.79311 B-20.28957 F26671.1276
G01 C1964.30589 X28.31215 Z8.58697 B-20.82655 F26671.1276
G01 C1963.38500 X28.87488 Z8.36461 B-21.41130 F26671.1276
G01 C1962.48623 X29.43944 Z8.13817 B-21.99604 F26671.1276
G94
G01 C1962.48623 X30.07321 Z7.87612 B-22.93163 E2.0097 F20000
G93
G01 C1968.96662 X27.50494 Z8.90645 B-22.02742 E0.0228 F2170.6579
G01 C1970.52613 X26.52027 Z9.26743 B-21.16750 E0.0228 F2170.6579
G01 C1958.92597 X26.08454 Z9.59527 B-20.59624 E0.0244 F2148.8240
G01 C1966.76027 X26.25315 Z9.47054 B-20.16875 E0.0202 F2448.9408
G01 C1968.08465 X25.55153 Z9.66797 B-19.67651 E0.0202 F2448.9408
G01 C1969.47818 X24.83797 Z9.90761 B-19.16179 E0.0202 F2448.9408
G01 C1967.07931 X24.20629 Z10.17638 B-18.62470 E0.0238 F2081.6192
G01 C1964.56704 X23.58079 Z10.44572 B-18.06972 E0.0238 F2081.6192
G01 C1974.48610 X25.00521 Z9.74313 B-18.22365 F14074.8860
G01 C1977.04671 X25.22508 Z9.64272 B-18.39113 F14074.8860
G01 C1979.55859 X25.47587 Z9.53944 B-18.56947 F14074.8860
G01 C1982.01377 X25.75530 Z9.43373 B-18.75648 F14074.8860
G01 C1984.40547 X26.06132 Z9.32594 B-18.95044 F14074.8860
G01 C1986.72811 X26.39208 Z9.21637 B-19.14995 F14074.8860
G01 C1988.99829 X26.75303 Z9.09220 B-19.37745 F14074.8860
G01 C1993.41002 X27.64068 Z8.73827 B-19.97400 F14074.8860
G01 C1995.45834 X28.41862 Z8.45350 B-20.68082 F14074.8860
G94
G01 C1995.45834 X28.80568 Z8.30521 B-21.24627 E2.0418 F20000
G93
G94
G01 C1995.45834 X29.11426 Z8.18383 B-21.69863 F20000
G93
G01 C1995.82750 X28.81312 Z8.31385 B-21.83078 E0.0220 F2673.4331
G01 C1997.32831 X27.14228 Z9.02435 B-21.21118 E0.0227 F2323.7171
G01 C1997.88335 X26.25960 Z9.39786 B-20.49683 E0.0227 F2323.7171
G01 C1998.76223 X25.19021 Z9.83982 B-19.82095 E0.0112 F5226.2130
G01 C1999.74353 X24.12171 Z10.27628 B-19.14507 E0.0112 F5226.2130
G01 C1989.99840 X25.63924 Z9.54038 B-19.00658 E0.0205 F2406.9621
G01 C1997.62494 X23.26479 Z10.46868 B-18.04317 E0.0224 F2665.6319
G01 C1997.97325 X22.64419 Z10.63982 B-17.48205 E0.0110 F5331.2638
G01 C1998.33783 X22.02277 Z10.80711 B-16.92093 E0.0110 F5331.2638
G01 C2167.87054 X24.07323 Z9.42810 B-17.18008 E0.0259 F1639.8376
G01 C2169.49879 X24.67986 Z9.23857 B-17.49578 E0.0259 F1639.8376
G01 C2171.02491 X25.32681 Z9.03766 B-17.85674 E0.0259 F1639.8376
G01 C2179.75314 X26.43523 Z8.70846 B-18.64663 E0.0239 F1746.8943
G01 C2174.99556 X23.20220 Z9.82176 B-17.99469 E0.0251 F1683.9482
G01 C2185.35512 X23.77391 Z9.85353 B-17.54097 E0.0250 F1690.5545
G94
G01 C2154.89478 X24.27521 Z9.36783 B-17.64970 E1.9660 F20000
G93
G94
G01 C2154.89478 X24.33595 Z9.34845 B-17.73668 F20000
G93
G01 C2156.32861 X24.03641 Z9.44411 B-17.72058 E0.0205 F2079.4482
G01 C2154.18766 X23.62940 Z9.60034 B-17.59267 E0.0266 F1598.3801
G01 C2151.92197 X23.17593 Z9.77600 B-17.37533 E0.0266 F1598.3801
G01 C2137.97509 X22.32585 Z10.27279 B-16.86531 E0.0261 F1594.8273
G01 C2138.70925 X22.59994 Z10.17677 B-16.59655 E0.0261 F1594.8273
G01 C2160.42962 X23.69187 Z9.52674 B-16.89389 E0.0223 F3815.7437
G01 C2161.01810 X23.78568 Z9.50062 B-17.11227 E0.0067 F13318.3609
G01 C2162.67878 X24.14733 Z9.38072 B-17.34814 F19447.9854
G01 C2165.38866 X24.07658 Z9.41891 B-17.47407 F13613.2651
G01 C2168.16825 X23.97063 Z9.47635 B-17.51203 F13613.2651
G94
G01 C2168.16825 X23.99186 Z9.46964 B-17.54240 F20000
G93
G01 C2173.72446 X25.84609 Z8.88506 B-18.10846 E0.0229 F2386.2879
G01 C2180.73661 X24.60671 Z9.46900 B-17.92896 E0.0264 F2147.9719
G01 C2181.45591 X23.94498 Z9.70488 B-17.63078 E0.0264 F2147.9719
G01 C2173.42542 X23.23906 Z9.78878 B-17.37494 E0.0257 F2203.8260
G01 C2171.11781 X23.43264 Z9.68916 B-17.28179 E0.0257 F2203.8260
G01 C2168.92007 X23.73424 Z9.56114 B-17.31880 E0.0257 F2203.8260
G01 C2170.85655 X23.95859 Z9.50447 B-17.38502 E0.0200 F2840.2546
G01 C2172.50013 X24.50011 Z9.34057 B-17.55226 E0.0273 F2074.6312
G01 C2174.02869 X25.10700 Z9.15827 B-17.80031 E0.0273 F2074.6312
G01 C2176.53112 X24.49451 Z9.41414 B-17.76935 E0.0347 F2012.1190
G01 C2177.11777 X23.86768 Z9.63693 B-17.57958 E0.0347 F2012.1190
G01 C2175.83942 X23.92944 Z9.59059 B-17.48937 E0.0175 F3987.7344
G01 C2174.58959 X24.05236 Z9.52665 B-17.47881 E0.0175 F3987.7344
G94
G01 C2174.58959 X24.04645 Z9.52851 B-17.47035 E-1.9660 F20000
G93
G01 C2145.10782 X24.71470 Z9.35406 B-17.63349 F13188.1223
G94
G01 C2142.52042 X25.10043 Z9.28472 B-17.85304 F20000
G93
G01 C2141.98750 X24.64293 Z9.45091 B-17.82256 E0.0234 F2370.5082
G01 C2140.81209 X23.58612 Z9.82917 B-17.49646 E0.0239 F2370.5082
G01 C2141.79059 X22.16153 Z10.24311 B-16.94800 E0.0267 F2072.2449
G01 C2152.60682 X24.05547 Z9.45437 B-17.19061 E0.0247 F2293.3763
G01 C2151.05557 X24.63493 Z9.27776 B-17.48849 E0.0247 F2293.3763
G01 C1973.48318 X23.74537 Z10.52072 B-17.48564 E0.0127 F2921.7507
G01 C1974.47609 X23.48192 Z10.60985 B-17.40723 E0.0127 F2921.7507
G01 C1972.16377 X23.04766 Z10.79386 B-17.21786 E0.0239 F1550.4205
G01 C1969.72040 X22.56931 Z10.99644 B-16.93973 E0.0239 F1550.4205
G01 C1968.27829 X25.06250 Z10.08649 B-17.50564 E0.0213 F1839.4207
G01 C1987.49432 X24.54226 Z10.19826 B-17.68555 E0.0149 F2493.0246
G01 C1988.54466 X24.94407 Z10.06120 B-17.90688 E0.0149 F2493.0246
G01 C1989.92856 X25.50548 Z9.87003 B-18.19543 E0.0211 F1761.3358
G01 C1978.61268 X26.34165 Z9.52218 B-18.84384 E0.0136 F6390.2023
G01 C1968.33079 X27.63568 Z9.16925 B-19.49226 E0.0136 F6390.2023
G01 C1978.38006 X24.95474 Z10.07945 B-19.12280 E0.0041 F17967.6872
G01 C1980.13517 X24.95189 Z10.06675 B-18.88450 F19510.4287
G01 C1977.62221 X24.62930 Z10.19391 B-18.64091 F14649.2256
G01 C1975.04454 X24.32566 Z10.32132 B-18.39308 F14649.2256
G01 C1972.41046 X24.04233 Z10.44877 B-18.14186 F14649.2256
G94
G01 C1972.41046 X23.90225 Z10.49440 B-17.94089 F20000
G93
G01 C1958.73093 X24.03761 Z10.66974 B-17.83682 E0.0228 F2300.2307
G01 C1968.71698 X24.85880 Z10.18154 B-18.01125 E0.0222 F2222.7900
G01 C1970.21222 X24.47207 Z10.30623 B-18.01733 E0.0222 F2222.7900
G01 C1971.81170 X23.99979 Z10.46135 B-17.88873 E0.0222 F2222.7900
G01 C1969.69254 X23.85213 Z10.54251 B-17.74929 E0.0174 F2841.9985
G01 C1967.25606 X23.41847 Z10.73981 B-17.50985 E0.0242 F2043.8953
G01 C1964.70103 X22.94904 Z10.95379 B-17.19041 E0.0242 F2043.8953
G01 C1960.28338 X23.00786 Z11.02618 B-16.94200 E0.0169 F2933.4281
G01 C1963.32242 X23.42556 Z10.79348 B-16.95394 E0.0242 F2766.1014
G01 C1965.10561 X23.98755 Z10.54933 B-17.15231 E0.0203 F3300.7665
G01 C1966.04148 X23.75938 Z10.61919 B-17.22121 E0.0203 F3300.7665
G94
G01 C1966.04148 X23.79798 Z10.60721 B-17.27634 E-1.7133 F20000
G93
G01 C1968.83429 X23.65685 Z10.60957 B-17.29679 F13628.1703
G01 C1991.15673 X25.03563 Z10.04443 B-17.65017 E0.0238 F2078.2459
G01 C1989.82303 X22.69810 Z10.91760 B-17.20003 E0.0245 F2020.6930
G01 C1996.66944 X23.19307 Z10.81410 B-16.95090 E0.0159 F3114.1950
G01 C1997.62780 X21.99506 Z11.14400 B-16.35697 E0.0214 F2791.9294
G01 C1998.28803 X21.00664 Z11.37687 B-15.57335 E0.0210 F2791.9294
T1
G01 C2041.19867 X12.67772 Z11.30686 B-15.04106 F26489.9203
G01 C2159.51979 X18.04835 Z11.23336 B-14.50877 F26489.9203
G01 C2160.06226 X18.34069 Z11.19731 B-14.09206 F13244.9601
G01 C2160.45382 X18.70018 Z11.07247 B-13.89974 F13244.9601
G01 C2161.35075 X19.82461 Z10.72158 B-14.08587 F13244.9601
G94
G01 C2161.35075 X19.93045 Z10.69488 B-14.23477 F20000
G93
G94
G01 C2161.35075 X20.01507 Z10.67332 B-14.35389 E9.7777 F20000
G93
G94
G01 C2161.35075 X20.08273 Z10.65594 B-14.44919 F20000
G93
G01 C2163.78782 X19.69102 Z10.78124 B-14.38774 E0.0272 F1553.8353
G01 C2166.41019 X19.22823 Z10.92914 B-14.20087 E0.0272 F1553.8353
G01 C2168.47486 X18.81867 Z11.05819 B-13.94967 E0.0201 F2102.1281
G01 C2174.64254 X17.82411 Z11.32900 B-13.37399 E0.0110 F4068.4284
G01 C2181.67193 X16.93626 Z11.59569 B-12.79832 E0.0110 F4068.4284
G01 C2180.56717 X16.20675 Z11.74303 B-11.87345 E0.0081 F5545.0013
G01 C2165.63555 X15.43313 Z11.81994 B-11.26724 E0.0244 F1834.3867
G01 C2161.76678 X15.10401 Z11.88027 B-10.81569 E0.0244 F1834.3867
G01 C2157.95066 X14.83562 Z11.93286 B-10.45739 E0.0240 F1859.6621
G01 C2165.71133 X17.67097 Z11.22756 B-11.26511 E0.0248 F1707.6337
G01 C2168.09531 X17.75693 Z11.25505 B-11.78601 E0.0248 F1707.6337
G01 C2170.20144 X17.75346 Z11.29425 B-12.09825 E0.0207 F2045.7739
G01 C2140.13291 X16.85647 Z11.65523 B-11.92696 E0.0240 F1828.6150
G01 C2157.40702 X18.12735 Z11.16549 B-12.33546 F14165.5657
G01 C2155.45046 X17.91194 Z11.25800 B-12.55742 F14165.5657
G01 C2153.32240 X17.60080 Z11.37395 B-12.63014 F14165.5657
G94
G01 C2148.22496 X16.47100 Z11.65159 B-12.14918 E2.0265 F20000
G93
G94
G01 C2148.22496 X16.19507 Z11.71003 B-11.76441 F20000
G93
G01 C2151.33563 X16.52851 Z11.63685 B-11.76468 E0.0260 F2245.4835
G01 C2156.49200 X18.63169 Z10.97761 B-12.37457 F26851.2207
G01 C2160.10750 X20.78868 Z10.31372 B-12.98447 F26851.2207
G01 C2160.28308 X21.43922 Z10.13067 B-13.55228 F26851.2207
G01 C2160.45138 X22.08890 Z9.94360 B-14.12008 F26851.2207
G01 C2160.61285 X22.71379 Z9.75879 B-14.65421 F26851.2207
G01 C2160.76788 X23.33786 Z9.57044 B-15.18835 F26851.2207
G01 C2160.91685 X23.94204 Z9.38392 B-15.69554 F26851.2207
G01 C2161.06012 X24.54541 Z9.19423 B-16.20273 F26851.2207
G94
G01 C2161.06012 X25.11546 Z9.02420 B-17.01424 E1.9660 F20000
G93
G94
G01 C2161.06012 X25.56973 Z8.88238 B-17.66345 F20000
G93
G01 C2159.30136 X26.35567 Z8.61925 B-18.29477 E0.0267 F1596.3937
G01 C2157.63406 X27.14185 Z8.35468 B-18.91177 E0.0267 F1596.3937
G01 C2154.81077 X28.36214 Z7.82692 B-19.68206 E0.0115 F3192.7875
G01 C2152.25345 X29.61118 Z7.29202 B-20.45234 E0.0115 F3192.7875
G01 C2159.19368 X27.34355 Z8.27498 B-20.37831 E0.0278 F1530.7416
G01 C2157.39965 X27.75711 Z8.13485 B-20.43583 E0.0278 F1530.7416
G01 C2155.70683 X28.25500 Z7.96761 B-20.59858 E0.0278 F1530.7416
G01 C2168.04906 X28.24363 Z8.00255 B-20.70404 E0.0263 F1614.8709
G01 C2166.51318 X27.83371 Z8.11359 B-20.65440 E0.0263 F1614.8709
G01 C2164.89607 X27.35757 Z8.27461 B-20.50463 E0.0263 F1614.8709
G01 C2164.38348 X28.82512 Z7.74658 B-20.79841 E0.0273 F2076.5370
G01 C2162.75670 X28.53507 Z7.84197 B-20.91931 E0.0273 F2076.5370
G01 C2161.03924 X28.16181 Z7.97346 B-20.90191 E0.0273 F2076.5370
G01 C2159.37057 X28.56340 Z7.83142 B-20.99700 E0.0260 F2185.9566
G01 C2157.78425 X29.03738 Z7.66549 B-21.18207 E0.0260 F2185.9566
G01 C2157.73052 X21.38955 Z8.82382 B-20.19403 F39609.2062
G01 C1987.05930 X13.89673 Z9.97044 B-19.20598 F39609.2062
G01 C1977.94182 X20.17999 Z11.10526 B-18.21793 F39609.2062
G01 C1978.00449 X19.92024 Z11.22953 B-17.55101 F39609.2062
G01 C1978.06370 X19.65878 Z11.34838 B-16.88409 F39609.2062
G01 C1978.11974 X19.39568 Z11.46177 B-16.21717 F39609.2062
G01 C1978.19838 X19.27040 Z11.54656 B-15.60215 F26406.1375
G01 C1978.27117 X19.14384 Z11.62669 B-14.98712 F26406.1375
G01 C1978.40161 X19.32545 Z11.66306 B-14.37363 F13203.0687
G94
G01 C1978.40161 X18.97656 Z11.75088 B-13.88284 E2.0718 F20000
G93
G94
G01 C1978.40161 X18.69692 Z11.81898 B-13.49021 F20000
G93
G01 C1980.79300 X17.89157 Z11.95990 B-12.92789 E0.0264 F1698.9814
G01 C1983.41811 X17.00435 Z12.11807 B-12.22982 E0.0264 F1698.9814
G01 C1986.02459 X16.25417 Z12.25611 B-11.68825 E0.0120 F3642.3387
G01 C1988.87991 X15.52080 Z12.39047 B-11.14668 E0.0120 F3642.3387
G01 C1990.46064 X14.91428 Z12.52433 B-10.53492 E0.0098 F3642.3387
G01 C1992.11432 X14.31265 Z12.65349 B-9.92316 E0.0098 F3642.3387
G01 C1993.65631 X13.80611 Z12.73684 B-9.35678 E0.0098 F3642.3387
G01 C1995.24069 X13.30409 Z12.81614 B-8.79040 E0.0098 F3642.3387
G01 C1996.86672 X12.83319 Z12.88757 B-8.26032 E0.0098 F3642.3387
G01 C1998.53334 X12.36739 Z12.95544 B-7.73024 E0.0098 F3642.3387
G01 C1987.49297 X11.45802 Z13.00182 B-6.96280 E0.0193 F1861.9499
G01 C1983.13779 X10.94028 Z13.04420 B-6.36979 E0.0193 F1861.9499
G01 C1965.16213 X10.81894 Z13.10057 B-5.79665 E0.0225 F1600.2041
G01 C1960.64910 X10.67756 Z13.14029 B-5.30608 E0.0225 F1600.2041
G01 C1956.43912 X10.62355 Z13.17285 B-4.88156 E0.0225 F1600.2041
G01 C1960.29402 X10.61236 Z13.15626 B-4.71228 E0.0222 F1617.9417
G01 C1964.01352 X10.78168 Z13.12718 B-4.74720 E0.0222 F1617.9417
G01 C1974.25115 X11.88071 Z12.94386 B-5.41055 E0.0122 F3662.0034
G01 C1982.78674 X13.19242 Z12.75493 B-6.07389 E0.0122 F3662.0034
G01 C1985.22413 X13.44996 Z12.72942 B-6.90501 E0.0245 F1831.0017
G01 C1988.11259 X13.35444 Z12.74371 B-7.30391 E0.0274 F1634.1847
G01 C1987.90877 X10.80272 Z13.06604 B-6.47907 E0.0193 F1856.5543
G01 C1983.32429 X10.24817 Z13.10821 B-5.84015 E0.0193 F1856.5543
G01 C1967.95179 X13.52742 Z12.76462 B-6.77741 E0.0271 F1651.8616
G01 C1970.84543 X14.58291 Z12.61728 B-7.76703 E0.0271 F1651.8616
G94
G01 C1975.67657 X15.47296 Z12.47895 B-8.44175 E-1.0359 F20000
G93
G94
G01 C1980.08085 X16.42264 Z12.33487 B-9.11647 E-1.0359 F20000
G93
G01 C1987.25499 X14.12898 Z12.62704 B-8.87013 F13643.4956
G01 C1972.38434 X14.05938 Z12.65991 B-8.72778 E0.0279 F2139.1462
G01 C1975.48018 X14.53657 Z12.58782 B-8.86085 E0.0279 F2139.1462
G01 C1977.41541 X17.00056 Z12.04398 B-9.81961 F27478.4004
G01 C1978.75926 X19.47034 Z11.48855 B-10.77837 F27478.4004
G01 C1978.79368 X20.32420 Z11.27254 B-11.63633 F27478.4004
G01 C1978.82675 X21.17617 Z11.04730 B-12.49430 F27478.4004
G01 C1978.85854 X21.96858 Z10.82647 B-13.27164 F27478.4004
G01 C1978.88914 X22.75923 Z10.59812 B-14.04898 F27478.4004
G94
G01 C1978.88914 X23.20084 Z10.48506 B-14.67086 E0.8567 F20000
G93
G94
G01 C1978.88914 X23.64120 Z10.36722 B-15.29273 E0.8567 F20000
G93
G94
G01 C1978.88914 X24.34304 Z10.16875 B-16.28772 F20000
G93
G01 C1977.10348 X25.38216 Z9.83018 B-17.23109 E0.0246 F1508.8155
G01 C1975.41206 X26.40244 Z9.50963 B-18.14657 E0.0246 F1508.8155
G01 C1974.03405 X26.69258 Z9.41780 B-18.79559 E0.0223 F1663.3203
G01 C1984.40879 X28.11131 Z8.89742 B-19.71033 F13718.1699
G01 C1985.54459 X29.26187 Z8.50353 B-20.70019 F13718.1699
G01 C1974.87085 X29.15627 Z8.52859 B-21.26627 E0.0259 F2461.1612
G01 C1964.40712 X17.42808 Z9.38320 B-20.43476 F26372.0665
G01 C1801.61814 X22.63675 Z10.22951 B-19.60325 F26372.0665
G01 C1801.44716 X22.78526 Z10.19309 B-19.09220 F26372.0665
G01 C1801.29416 X22.93275 Z10.15351 B-18.58115 F26372.0665
G94
G01 C1801.29416 X22.36326 Z10.34045 B-17.76346 E1.9555 F20000
G93
G94
G01 C1801.29416 X21.90578 Z10.48413 B-17.10932 F20000
G93
G01 C1809.11535 X20.27584 Z10.94767 B-16.22790 E0.0109 F4085.7992
G01 C1818.79799 X18.84202 Z11.40166 B-15.34649 E0.0109 F4085.7992
G01 C1820.30573 X18.15178 Z11.58854 B-14.51144 E0.0109 F4085.7992
G01 C1821.85192 X17.46473 Z11.76678 B-13.67640 E0.0109 F4085.7992
G01 C1820.48030 X16.92435 Z11.87937 B-13.01418 E0.0096 F4657.1447
G01 C1819.08426 X16.38706 Z11.98648 B-12.35197 E0.0096 F4657.1447
G01 C1790.12992 X15.50904 Z12.12504 B-11.44189 E0.0242 F1844.3433
G01 C1786.34514 X15.07385 Z12.23153 B-10.71621 E0.0242 F1844.3433
G01 C1810.15782 X17.06087 Z11.78241 B-11.19051 E0.0200 F2073.7957
G01 C1808.30112 X15.58627 Z12.07596 B-10.67442 E0.0112 F3996.1771
G01 C1805.83701 X14.12192 Z12.36616 B-10.15834 E0.0112 F3996.1771
G01 C1802.01395 X13.54514 Z12.46159 B-9.36490 E0.0224 F1998.0885
G01 C1774.71656 X13.66096 Z12.55072 B-8.75461 E0.0206 F1912.8716
G01 C1802.93152 X16.00384 Z11.94205 B-9.69602 F14702.9681
G01 C1803.11296 X16.00378 Z12.00667 B-10.31930 F14702.9681
G01 C1809.00744 X15.99424 Z12.03208 B-10.60839 E0.0256 F2288.1061
G01 C1806.26469 X16.62773 Z11.88512 B-11.05203 E0.0242 F2288.1061
G01 C1803.70592 X17.25739 Z11.71599 B-11.51269 E0.0242 F2288.1061
G01 C1802.23719 X18.90370 Z11.21706 B-12.11655 F26056.9568
G01 C1801.08435 X20.55425 Z10.71357 B-12.72040 F26056.9568
G01 C1801.06848 X21.21337 Z10.52955 B-13.28641 F26056.9568
G01 C1801.05331 X21.87156 Z10.34154 B-13.85242 F26056.9568
G01 C1801.03877 X22.50727 Z10.15508 B-14.38815 F26056.9568
G01 C1801.02484 X23.14207 Z9.96506 B-14.92387 F26056.9568
G01 C1801.01147 X23.75880 Z9.77622 B-15.43537 F26056.9568
G01 C1800.99863 X24.37465 Z9.58415 B-15.94688 F26056.9568
G94
G01 C1800.99863 X24.95028 Z9.41521 B-16.76528 E1.9660 F20000
G93
G94
G01 C1800.99863 X25.40902 Z9.27415 B-17.42000 F20000
G93
G01 C1797.63227 X26.64870 Z8.86117 B-18.19095 E0.0261 F1594.4713
G01 C1796.10472 X27.53571 Z8.56616 B-18.94047 E0.0261 F1594.4713
G01 C1794.06571 X28.61831 Z8.09292 B-19.73218 E0.0117 F3188.9427
G01 C1792.17461 X29.71518 Z7.61213 B-20.52388 E0.0117 F3188.9427
G01 C1795.49850 X30.16881 Z7.46064 B-21.05401 E0.0108 F3311.1758
G01 C1798.77195 X30.67120 Z7.30580 B-21.58414 E0.0108 F3311.1758
G01 C1799.12698 X27.94297 Z8.38893 B-21.23931 E0.0278 F1531.1814
G01 C1797.59991 X29.22772 Z7.93527 B-21.38038 E0.0271 F2043.8873
G01 C1804.57816 X29.35555 Z7.88597 B-21.47297 E0.0249 F2274.1060
G01 C1805.89643 X23.60993 Z8.76811 B-20.70614 F52030.9708
G01 C1811.08469 X17.87993 Z9.64321 B-19.93931 F52030.9708
G01 C1964.88834 X15.58774 Z10.51124 B-19.17248 F52030.9708
G01 C1977.92701 X20.22098 Z11.37216 B-18.40565 F52030.9708
G01 C1977.98569 X19.94693 Z11.50329 B-17.71308 F39023.2281
G01 C1978.04104 X19.67103 Z11.62858 B-17.02052 F39023.2281
G01 C1978.09336 X19.39334 Z11.74800 B-16.32796 F39023.2281
G01 C1978.16664 X19.25324 Z11.83860 B-15.68497 F26015.4854
G01 C1978.23434 X19.11172 Z11.92411 B-15.04198 F26015.4854
G01 C1978.35535 X19.27500 Z11.96689 B-14.38938 F13007.7427
G94
G01 C1978.35535 X18.90387 Z12.06031 B-13.86729 E2.0718 F20000
G93
G94
G01 C1978.35535 X18.60637 Z12.13260 B-13.44962 F20000
G93
G01 C1980.88648 X17.75190 Z12.28179 B-12.85243 E0.0278 F1610.6133
G01 C1987.00525 X16.27835 Z12.56291 B-11.97729 E0.0119 F3006.6405
G01 C1994.55490 X14.90981 Z12.83445 B-11.10214 E0.0119 F3006.6405
G01 C1992.02687 X14.11430 Z12.94256 B-10.34797 E0.0107 F3340.5354
G01 C1989.30271 X13.33129 Z13.04351 B-9.59379 E0.0107 F3340.5354
G01 C1987.36449 X12.84996 Z13.11038 B-8.99924 E0.0087 F4145.0992
G01 C1985.39669 X12.37522 Z13.17279 B-8.40469 E0.0087 F4145.0992
G01 C1981.38891 X11.63198 Z13.26026 B-7.47098 E0.0173 F2072.5496
G01 C1967.60160 X11.24663 Z13.34777 B-6.63508 E0.0215 F1672.7584
G01 C1963.63036 X10.90035 Z13.40770 B-5.93965 E0.0188 F1911.8318
G01 C1959.86595 X10.66536 Z13.45387 B-5.35660 E0.0188 F1911.8318
G01 C1956.32251 X10.52309 Z13.49018 B-4.86345 E0.0188 F1911.8318
G01 C1960.29247 X10.47682 Z13.47609 B-4.64265 E0.0226 F1589.0006
G01 C1971.68579 X11.89241 Z13.24769 B-5.41243 E0.0128 F3513.3377
G01 C1980.58988 X13.55560 Z13.01174 B-6.18222 E0.0128 F3513.3377
G01 C1982.94878 X13.89801 Z12.97272 B-7.17289 E0.0255 F1756.6688
G01 C1985.51885 X13.93605 Z12.96572 B-7.72443 E0.0255 F1756.6688
G01 C1988.50941 X13.65943 Z13.00143 B-7.89069 E0.0281 F1594.8318
G01 C1985.74314 X10.98058 Z13.34224 B-6.90043 E0.0195 F1839.2734
G01 C1980.99051 X10.35048 Z13.39804 B-6.13008 E0.0195 F1839.2734
G01 C1968.11958 X13.66125 Z13.04641 B-7.00295 E0.0266 F1688.1769
G01 C1970.95358 X14.66992 Z12.90309 B-7.93623 E0.0266 F1688.1769
G01 C1973.57820 X15.73218 Z12.74325 B-8.91786 E0.0266 F1688.1769
G01 C1974.81585 X16.28344 Z12.65645 B-9.42801 E0.0133 F3376.3537
G01 C1976.00595 X16.83837 Z12.56636 B-9.93816 E0.0133 F3376.3537
G01 C1977.15021 X17.40786 Z12.47093 B-10.46377 E0.0133 F3376.3537
G01 C1978.25039 X17.98046 Z12.37202 B-10.98939 E0.0133 F3376.3537
G01 C1979.50068 X17.58166 Z12.39758 B-11.40818 F18256.1461
G01 C1978.89800 X17.20133 Z12.44234 B-11.48330 F18256.1461
G01 C1978.23313 X16.62452 Z12.52693 B-11.28348 F18256.1461
G94
G01 C1978.23313 X16.50958 Z12.54970 B-11.12363 F20000
G93
G01 C1980.15142 X15.96419 Z12.63057 B-10.80348 E0.0204 F2937.6997
G01 C1982.22256 X15.33591 Z12.72715 B-10.35510 E0.0204 F2937.6997
G01 C1985.24456 X14.45540 Z12.86070 B-9.72046 E0.0282 F2120.9621
G94
G01 C1982.31655 X16.70401 Z12.33020 B-10.43463 F20000
G93
G94
G01 C1980.32910 X18.96758 Z11.79329 B-11.14880 F20000
G93
G94
G01 C1978.89490 X21.23930 Z11.24997 B-11.86297 F20000
G93
G01 C1976.64475 X22.38895 Z10.94959 B-12.74107 E0.0079 F6100.9805
G01 C1974.56926 X23.55511 Z10.63959 B-13.61918 E0.0079 F6100.9805
G01 C1972.65369 X24.73550 Z10.32000 B-14.49729 E0.0079 F6100.9805
G01 C1971.89521 X25.74098 Z9.94115 B-15.44060 E0.0076 F6621.9867
G01 C1971.17122 X26.74587 Z9.55132 B-16.38392 E0.0076 F6621.9867
G01 C1970.47962 X27.74982 Z9.15058 B-17.32723 E0.0076 F6621.9867
G01 C1979.02130 X28.06015 Z9.06881 B-18.26257 E0.0121 F3274.9745
G01 C1987.76111 X28.70902 Z8.97642 B-19.19790 E0.0121 F3274.9745
G01 C1975.40873 X26.99378 Z9.63545 B-19.60353 E0.0309 F1583.2575
G01 C1988.01097 X28.37057 Z9.17141 B-20.32738 E0.0320 F1532.6797
G01 C1986.54278 X28.15847 Z9.21378 B-20.67465 E0.0320 F1532.6797
G01 C1979.72504 X28.96413 Z8.91142 B-21.17835 E0.0128 F4996.1680
G01 C1973.43045 X29.94989 Z8.60602 B-21.68204 E0.0128 F4996.1680
G01 C1974.70327 X30.00759 Z8.54783 B-22.28871 E0.0256 F2498.0840
G01 C1976.04118 X29.85407 Z8.57610 B-22.57480 E0.0256 F2498.0840
G01 C1983.01365 X30.27213 Z8.40898 B-22.89363 E0.0258 F2536.4917
T0
G01 C1970.07725 X17.85706 Z8.87886 B-22.12017 F26561.2420
G01 C1808.26194 X25.28335 Z9.34165 B-21.34671 F26561.2420
G94
G01 C1807.86211 X25.66906 Z9.23407 B-20.45520 F20000
G93
G01 C1805.89513 X25.52586 Z9.27690 B-19.84536 E0.0239 F1778.0000
G01 C1807.66518 X25.64325 Z9.24827 B-19.46708 E0.0262 F1621.0428
G01 C1809.32232 X25.89869 Z9.17329 B-19.27405 E0.0262 F1621.0428
G01 C1810.87450 X26.26604 Z9.06221 B-19.22922 E0.0262 F1621.0428
G01 C1819.00995 X27.89199 Z8.51110 B-20.17354 E0.0252 F1731.4248
G94
G01 C1794.85905 X25.70888 Z9.22469 B-19.70927 E1.9660 F20000
G93
G94
G01 C1794.85905 X25.45227 Z9.31568 B-19.33786 F20000
G93
G01 C1796.42383 X24.86877 Z9.50954 B-18.94760 E0.0223 F1910.8840
G01 C1794.29770 X24.25524 Z9.73729 B-18.52082 E0.0265 F1607.5340
G01 C1792.04757 X23.63652 Z9.96948 B-18.06484 E0.0265 F1607.5340
G01 C1782.04247 X22.07002 Z10.60550 B-17.29888 E0.0259 F1607.5340
G01 C1779.26637 X21.36812 Z10.87004 B-16.59606 E0.0259 F1607.5340
G01 C1777.26274 X21.29996 Z10.96565 B-16.11189 E0.0262 F1585.9442
G01 C1782.83895 X23.91263 Z9.93762 B-16.94571 E0.0152 F3032.6730
G01 C1786.73981 X26.60026 Z8.90107 B-17.77953 E0.0152 F3032.6730
G01 C1788.17399 X26.76423 Z8.91641 B-18.63852 E0.0305 F1516.3365
G01 C1788.85142 X27.54579 Z8.59232 B-19.24637 E0.0141 F6556.7488
G01 C1789.49407 X28.32761 Z8.26376 B-19.85422 E0.0141 F6556.7488
G01 C1800.99177 X25.38987 Z9.31255 B-19.43017 E0.0155 F6276.9611
G01 C1802.58571 X25.41097 Z9.30502 B-19.15680 F19498.4767
G94
G01 C1802.58571 X25.25943 Z9.35734 B-18.93810 E-1.9660 F20000
G93
G01 C1800.38549 X24.77180 Z9.52733 B-18.66816 F13960.8527
G01 C1787.67570 X23.08373 Z10.20169 B-17.98055 F13960.8527
G01 C1784.90197 X22.47121 Z10.43537 B-17.35971 F13960.8527
G01 C1782.03358 X21.91882 Z10.65304 B-16.79230 F13960.8527
G01 C1781.64939 X23.62085 Z10.12696 B-16.84181 E0.0252 F2201.9735
G01 C1782.24640 X24.21058 Z9.91899 B-17.04502 E0.0252 F2201.9735
G01 C1788.41852 X25.44432 Z9.37928 B-17.58593 E0.0244 F2276.7524
G01 C1789.75152 X25.27496 Z9.42239 B-17.89472 E0.0244 F2276.7524
G01 C1791.16932 X24.98297 Z9.50666 B-18.01781 E0.0244 F2276.7524
G01 C1792.68396 X24.60455 Z9.63887 B-18.00789 E0.0244 F2276.7524
G01 C1807.02181 X22.38438 Z10.34786 B-17.38768 F13602.5884
G01 C1810.33500 X21.93112 Z10.51104 B-16.83550 F13602.5884
G01 C1817.04089 X21.50869 Z10.71490 B-16.28176 F13602.5884
G01 C1820.38807 X21.19052 Z10.86000 B-15.78277 F13602.5884
G01 C1812.74031 X22.20206 Z10.42918 B-15.86561 E0.0277 F2044.5646
G01 C1812.34433 X24.31438 Z9.71190 B-16.47315 E0.0241 F2357.5632
G01 C1820.55189 X23.68258 Z10.09249 B-16.58305 E0.0249 F2278.7473
G01 C1821.22148 X23.21401 Z10.26399 B-16.52527 E0.0249 F2278.7473
G01 C1823.42531 X21.56255 Z10.82884 B-16.00444 E0.0248 F2278.7473
G01 C1821.86327 X21.54817 Z10.77849 B-15.67904 F19910.0776
G01 C1820.38556 X21.66030 Z10.71362 B-15.53119 F19910.0776
G94
G01 C1972.55612 X22.97496 Z11.04968 B-16.02865 F20000
G93
G01 C1973.60292 X22.96385 Z11.06444 B-16.34300 E0.0139 F2661.9065
G01 C1974.69393 X22.85333 Z11.10864 B-16.51085 E0.0139 F2661.9065
G01 C1972.38063 X22.55250 Z11.25086 B-16.51762 E0.0240 F1543.1805
G01 C1969.93441 X22.17937 Z11.41985 B-16.39551 E0.0240 F1543.1805
G01 C1967.06905 X25.35757 Z10.29723 B-17.36010 E0.0248 F2050.0046
G01 C1969.66275 X25.61184 Z10.18013 B-17.95841 E0.0185 F2009.0309
G01 C1984.36953 X24.08435 Z10.67877 B-17.87727 E0.0216 F1720.5506
G01 C1986.10754 X24.44955 Z10.54559 B-17.92091 E0.0216 F1720.5506
G01 C1987.74602 X24.89431 Z10.38975 B-18.06435 E0.0216 F1720.5506
G01 C1989.29056 X25.44409 Z10.20003 B-18.29967 E0.0228 F1625.6401
G01 C1990.73984 X26.05307 Z9.99248 B-18.60849 E0.0228 F1625.6401
G01 C1977.14421 X26.64382 Z9.73068 B-19.29221 F26809.3863
G01 C1964.48411 X27.91699 Z9.46323 B-19.97593 F26809.3863
G01 C1967.16673 X26.67177 Z9.87785 B-19.90852 E0.0196 F2519.4209
G01 C1968.41218 X26.18975 Z10.03533 B-19.73385 E0.0201 F2457.8436
G01 C1968.28387 X24.12864 Z10.81459 B-19.00181 E0.0217 F2281.1446
G01 C1965.68529 X25.92944 Z10.19696 B-19.06217 E0.0197 F2515.1748
G01 C1967.00776 X25.46661 Z10.32321 B-18.96573 E0.0217 F2280.2720
G01 C1968.41292 X24.93268 Z10.49529 B-18.75843 E0.0217 F2280.2720
G01 C1969.91644 X24.34426 Z10.68749 B-18.46242 E0.0217 F2280.2720
G01 C1967.43995 X23.81503 Z10.91894 B-18.09515 E0.0246 F2006.3548
G01 C1964.83951 X23.26660 Z11.16146 B-17.67087 E0.0246 F2006.3548
G01 C1965.14630 X24.59725 Z10.65545 B-17.80204 E0.0165 F2990.3757
G01 C1966.79891 X24.87224 Z10.52195 B-17.98722 F13041.1524
G01 C1969.62184 X25.02590 Z10.41706 B-18.17797 F13041.1524
G01 C1972.42819 X25.21131 Z10.31070 B-18.37318 F13041.1524
G01 C1975.20481 X25.42749 Z10.20304 B-18.57195 F13041.1524
G01 C1977.93941 X25.67339 Z10.09424 B-18.77358 F13041.1524
G01 C1980.62081 X25.94789 Z9.98439 B-18.97748 F13041.1524
G01 C1983.23917 X26.24978 Z9.87361 B-19.18322 F13041.1524
G01 C1999.36973 X23.54468 Z11.01589 B-18.22342 E0.0260 F2299.8594
G01 C1986.51719 X23.50824 Z10.91601 B-17.85359 E0.0193 F2564.6691
G01 C1984.66527 X23.63476 Z10.84700 B-17.67343 E0.0193 F2564.6691
G01 C1986.13741 X23.87362 Z10.75734 B-17.61887 E0.0178 F2781.7339
G01 C1987.53738 X24.18968 Z10.64537 B-17.66479 E0.0178 F2781.7339
G01 C1988.86880 X24.56834 Z10.51540 B-17.79108 E0.0178 F2781.7339
G01 C1990.48982 X25.14580 Z10.31915 B-18.02037 E0.0243 F2036.5723
G01 C1992.00204 X25.78948 Z10.10330 B-18.33206 E0.0243 F2036.5723
G01 C1995.25369 X25.14683 Z10.44061 B-18.30185 E0.0190 F2602.9906
G01 C1995.75117 X24.64014 Z10.60516 B-18.10481 E0.0190 F2602.9906
G01 C1997.42254 X22.74845 Z11.22587 B-17.33455 E0.0278 F2152.6169
G01 C1998.23647 X21.50072 Z11.51024 B-16.36123 E0.0272 F2152.6169
G01 C2167.35028 X21.56294 Z10.93585 B-16.06159 F13301.8663
G94
G01 C2167.78852 X22.63597 Z10.57959 B-16.16481 F20000
G93
G01 C2165.62927 X23.07698 Z10.41791 B-16.36040 E0.0262 F1623.7210
G01 C2167.47653 X23.65981 Z10.23463 B-16.63100 E0.0273 F1558.8275
G01 C2169.20156 X24.29577 Z10.03763 B-16.96163 E0.0273 F1558.8275
G01 C2170.81328 X24.97513 Z9.82881 B-17.34028 E0.0273 F1558.8275
G01 C2174.76454 X26.25461 Z9.39764 B-18.21738 E0.0120 F3409.0202
G01 C2178.31845 X27.58726 Z8.95711 B-19.09449 E0.0120 F3409.0202
G01 C2178.63840 X27.73571 Z8.92326 B-19.61220 E0.0120 F3409.0202
G01 C2178.96832 X27.88345 Z8.88618 B-20.12991 E0.0120 F3409.0202
G01 C2172.45477 X24.18725 Z10.14557 B-19.18488 E0.0247 F1712.9875
G01 C2157.38053 X24.88385 Z9.83926 B-18.81616 F14305.3585
G01 C2154.95262 X24.94428 Z9.83065 B-18.59843 F14305.3585
G94
G01 C2154.95262 X24.82320 Z9.87119 B-18.42425 E1.9219 F20000
G93
G94
G01 C2154.95262 X24.72625 Z9.90335 B-18.28490 F20000
G93
G01 C2156.56320 X24.23523 Z10.06231 B-18.05557 E0.0232 F1792.4873
G01 C2142.17727 X22.00713 Z10.96333 B-17.26965 E0.0261 F1593.6157
G01 C2139.36838 X21.29005 Z11.23225 B-16.54998 E0.0261 F1593.6157
G01 C2160.30366 X23.62073 Z10.23012 B-16.76752 E0.0260 F3274.8847
G01 C2160.63585 X23.68157 Z10.21401 B-16.92532 E0.0046 F20504.9164
G01 C2160.93457 X23.71746 Z10.20502 B-17.03751 E0.0045 F23305.9753
G01 C2162.46256 X24.05153 Z10.09237 B-17.19726 F19555.0148
G01 C2170.84439 X24.59411 Z9.96430 B-17.39437 E0.0251 F2258.2052
G01 C2172.28017 X25.16750 Z9.78941 B-17.65715 E0.0251 F2258.2052
G01 C2180.52753 X24.20777 Z10.27506 B-17.45676 E0.0264 F2145.4504
G01 C2181.24468 X23.53268 Z10.51307 B-17.14170 E0.0264 F2145.4504
G01 C2173.02570 X22.82871 Z10.59479 B-16.87514 E0.0261 F2169.9647
G01 C2170.67057 X23.02223 Z10.49488 B-16.77462 E0.0261 F2169.9647
G01 C2168.43043 X23.32648 Z10.36680 B-16.80694 E0.0261 F2169.9647
G01 C2170.38237 X23.54614 Z10.31098 B-16.86969 E0.0200 F2838.1804
G01 C2150.63249 X23.93622 Z10.19822 B-17.05258 F13359.3585
G01 C2142.70372 X24.67831 Z10.11966 B-17.32348 F13359.3585
G94
G01 C2142.70372 X24.82988 Z10.07207 B-17.54019 E1.9219 F20000
G93
G94
G01 C2142.70372 X24.95100 Z10.03358 B-17.71357 F20000
G93
G01 C2142.16355 X24.50051 Z10.17500 B-17.67742 E0.0240 F2310.1398
G01 C2141.58661 X23.94508 Z10.37279 B-17.49255 E0.0240 F2310.1398
G01 C2140.96459 X23.30747 Z10.59602 B-17.18870 E0.0240 F2310.1398
G01 C2140.40938 X22.61596 Z10.81645 B-16.81706 E0.0240 F2310.1398
G01 C2139.80813 X21.88702 Z11.04613 B-16.39153 E0.0240 F2310.1398
G01 C2139.15312 X21.12825 Z11.28227 B-15.92291 E0.0240 F2310.1398
G01 C2149.83504 X22.15450 Z10.78957 B-15.93889 E0.0273 F2029.4570
G01 C2152.25926 X22.54927 Z10.62851 B-16.07011 E0.0273 F2029.4570
G01 C2154.54907 X23.02733 Z10.44832 B-16.29353 E0.0273 F2029.4570
G01 C2152.90873 X23.60260 Z10.27281 B-16.59685 E0.0246 F2256.9909
G01 C2151.36879 X24.23130 Z10.08252 B-16.96410 E0.0246 F2256.9909
G01 C2149.92236 X24.90340 Z9.87939 B-17.38249 E0.0246 F2256.9909
G01 C2148.56284 X25.61079 Z9.66495 B-17.84179 E0.0246 F2256.9909
G01 C2140.95937 X18.69478 Z10.57594 B-16.99506 F39846.6023
G01 C2057.95456 X13.37992 Z11.47816 B-16.14833 F39846.6023
G01 C1990.27595 X17.97069 Z12.37157 B-15.30159 F39846.6023
G01 C1984.08804 X22.59670 Z11.43737 B-15.76846 E0.0211 F1758.9930
G01 C1985.79867 X23.26033 Z11.21976 B-16.24811 E0.0211 F1758.9930
G01 C1987.41381 X23.94000 Z10.99717 B-16.73798 E0.0211 F1758.9930
G01 C1988.93887 X24.63341 Z10.76987 B-17.23603 E0.0211 F1758.9930
G01 C2002.13884 X23.14003 Z11.56767 B-16.85957 E0.0255 F1759.5494
G94
G01 C1972.58881 X23.78272 Z11.11432 B-17.12343 F20000
G93
G01 C1973.71532 X23.61783 Z11.17304 B-17.24457 E0.0150 F2473.1132
G01 C1974.89288 X23.37748 Z11.25648 B-17.25153 E0.0150 F2473.1132
G01 C1972.73447 X23.00542 Z11.41726 B-17.13640 E0.0226 F1639.1597
G01 C1970.45780 X22.58075 Z11.59877 B-16.92361 E0.0226 F1639.1597
G01 C1976.37964 X24.08962 Z10.96522 B-17.26705 E0.0190 F3907.6243
G01 C1977.88921 X23.90639 Z11.03758 B-17.42796 E0.0190 F3907.6243
G01 C1978.39151 X23.93385 Z11.03052 B-17.53717 E0.0047 F15716.4786
G01 C1980.13882 X24.19616 Z10.92926 B-17.68147 F19492.8742
G01 C1977.78069 X24.05272 Z10.99701 B-17.73372 F15026.5744
G01 C1975.35026 X23.87754 Z11.08118 B-17.71234 F15026.5744
G01 C1972.85326 X23.68175 Z11.17845 B-17.63205 F15026.5744
G01 C1966.57747 X22.60275 Z11.59621 B-17.16779 E0.0246 F2433.4764
G01 C1959.14786 X23.66448 Z11.44316 B-17.12648 E0.0232 F2130.6699
G01 C1968.37629 X24.72831 Z10.83529 B-17.54675 E0.0242 F2046.2342
G01 C1969.59560 X24.55478 Z10.89118 B-17.77099 E0.0187 F2648.1328
G01 C1970.88487 X24.27729 Z10.98181 B-17.83840 E0.0187 F2648.1328
G01 C1972.24889 X23.91836 Z11.10057 B-17.78037 E0.0187 F2648.1328
G01 C1970.13471 X23.80570 Z11.16938 B-17.69704 E0.0174 F2846.0881
G01 C1968.13291 X23.45968 Z11.32719 B-17.52433 E0.0200 F2467.1249
G01 C1966.04856 X23.07725 Z11.50024 B-17.28012 E0.0200 F2467.1249
G01 C1960.53792 X23.17799 Z11.58081 B-17.08020 E0.0201 F2459.6333
G01 C1961.08666 X23.56979 Z11.42087 B-17.07705 E0.0201 F2459.6333
G01 C1961.59818 X24.07281 Z11.22689 B-17.23132 E0.0201 F2459.6333
G01 C1962.38715 X22.93315 Z11.61247 B-17.00024 E0.0295 F2030.0871
G01 C1962.93329 X23.36900 Z11.44437 B-16.99566 E0.0219 F2255.9211
G01 C1963.42875 X23.92010 Z11.23322 B-17.16294 E0.0219 F2255.9211
G01 C1963.79682 X24.37510 Z11.06404 B-17.40915 E0.0144 F3427.7845
G01 C1964.14766 X24.87443 Z10.88006 B-17.71852 E0.0144 F3427.7845
G01 C1965.49050 X24.55032 Z10.97597 B-17.83613 E0.0220 F2244.7658
G01 C1966.92920 X24.12601 Z11.10623 B-17.80034 E0.0220 F2244.7658
G01 C1986.82185 X23.87051 Z11.07675 B-17.70510 F14043.3949
G01 C1989.63453 X23.89332 Z11.08856 B-17.61939 F14043.3949
G01 C1992.39936 X23.94794 Z11.09859 B-17.54130 F14043.3949
G94
G01 C1997.74189 X24.18569 Z11.10206 B-17.45980 E1.7133 F20000
G93
G94
G01 C1997.74189 X24.14009 Z11.11637 B-17.39460 F20000
G93
G01 C1998.32378 X23.48255 Z11.36714 B-17.15161 E0.0247 F2001.7110
G01 C1997.43165 X22.23402 Z11.63022 B-16.62817 E0.0131 F4559.6440
G01 C1996.37135 X20.98743 Z11.88994 B-16.10472 E0.0131 F4559.6440
G01 C1993.70502 X20.88971 Z11.95725 B-15.52373 E0.0262 F2279.8220
G01 C1991.21076 X21.07415 Z11.94908 B-15.31545 E0.0262 F2279.8220
G01 C1988.75416 X21.47187 Z11.92059 B-15.40199 E0.0267 F2236.1163
G01 C1986.52812 X21.88440 Z11.71692 B-15.59804 E0.0221 F2236.1163
G01 C1984.40590 X22.37950 Z11.53377 B-15.88774 E0.0221 F2236.1163
G01 C1986.41556 X23.00899 Z11.32234 B-16.24227 E0.0244 F2028.9174
G01 C1988.29196 X23.68739 Z11.09851 B-16.64865 E0.0244 F2028.9174
G01 C1990.04430 X24.40594 Z10.86371 B-17.09651 E0.0244 F2028.9174
G01 C1997.50583 X24.13380 Z11.10242 B-17.16583 E0.0242 F2045.9756
G01 C1995.68457 X24.08645 Z11.08579 B-17.23447 E0.0159 F3114.5202
T1
G94
G01 C2161.27452 X21.52439 Z10.94187 B-16.64145 E9.6042 F20000
G93
G94
G01 C2161.27452 X21.19079 Z11.04008 B-16.16704 F20000
G93
G01 C2163.78835 X20.49769 Z11.25223 B-15.67204 E0.0264 F1574.9557
G01 C2170.89862 X18.98776 Z11.66613 B-14.72373 E0.0208 F2152.0887
G01 C2172.08791 X18.49885 Z11.78828 B-14.21558 E0.0104 F4304.1773
G01 C2173.31451 X18.01277 Z11.90723 B-13.70743 E0.0104 F4304.1773
G01 C2174.66321 X17.51527 Z12.02710 B-13.17284 E0.0108 F4150.2525
G01 C2176.05121 X17.02148 Z12.14340 B-12.63824 E0.0108 F4150.2525
G01 C2160.12560 X15.72372 Z12.32386 B-11.94344 E0.0130 F3017.6416
G01 C2141.91551 X15.06970 Z12.49829 B-11.24863 E0.0130 F3017.6416
G01 C2140.02434 X14.73348 Z12.57621 B-10.69432 E0.0104 F3781.4292
G01 C2138.16902 X14.40396 Z12.65026 B-10.14000 E0.0104 F3781.4292
G01 C2134.57652 X13.92691 Z12.76057 B-9.25616 E0.0208 F1890.7146
G01 C2155.71600 X16.00823 Z12.32909 B-10.04006 F14368.9584
G01 C2148.24131 X14.39404 Z12.64201 B-9.57826 F14368.9584
G94
G01 C2148.24131 X14.12686 Z12.68622 B-9.20882 E2.0641 F20000
G93
G94
G01 C2148.24131 X13.91291 Z12.72033 B-8.91327 F20000
G93
G01 C2156.85949 X15.44382 Z12.42408 B-9.58473 E0.0255 F2295.0507
G01 C2159.23065 X16.33844 Z12.24274 B-10.33268 E0.0242 F2295.0507
G01 C2161.38719 X17.15867 Z12.04312 B-11.01527 E0.0242 F2295.0507
G01 C2163.79005 X17.16533 Z12.08191 B-11.45669 E0.0241 F2302.7230
G01 C2161.97410 X19.47538 Z11.36379 B-12.21735 F26304.3570
G01 C2160.67784 X21.79145 Z10.63843 B-12.97800 F26304.3570
G01 C2160.83454 X22.53861 Z10.43147 B-13.67361 F26304.3570
G01 C2160.98513 X23.28438 Z10.21850 B-14.36923 F26304.3570
G94
G01 C2160.98513 X23.67906 Z10.11534 B-14.92572 E0.9610 F20000
G93
G94
G01 C2160.98513 X24.07271 Z10.00836 B-15.48222 E0.9610 F20000
G93
G01 C2158.01693 X25.48852 Z9.45899 B-16.35718 E0.0067 F4991.0362
G01 C2155.38297 X26.93414 Z8.90022 B-17.23215 E0.0067 F4991.0362
G01 C2153.03924 X28.40413 Z8.33209 B-18.10711 E0.0067 F4991.0362
G01 C2153.99489 X29.06900 Z8.12913 B-19.08809 E0.0100 F3327.3574
G01 C2154.95236 X29.73411 Z7.91453 B-20.06907 E0.0100 F3327.3574
G01 C2155.91111 X30.21771 Z7.75777 B-20.78488 E0.0100 F3327.3574
G01 C2156.87061 X30.70328 Z7.59488 B-21.50069 E0.0100 F3327.3574
G01 C2157.83032 X31.04667 Z7.48442 B-22.00436 E0.0100 F3327.3574
G01 C2158.78970 X31.39314 Z7.37095 B-22.50802 E0.0100 F3327.3574
G01 C2164.50604 X32.02000 Z7.04111 B-23.47637 E0.0202 F1653.3465
G01 C2166.42057 X32.62812 Z6.73826 B-24.36218 E0.0202 F1653.3465
G01 C2168.32934 X33.20534 Z6.44689 B-25.18196 E0.0202 F1653.3465
G01 C2156.19700 X30.71290 Z7.62459 B-24.34423 E0.0248 F1679.9768
G01 C2164.35603 X31.01962 Z7.53880 B-23.91492 E0.0317 F2022.0954
G01 C2162.75321 X30.22832 Z7.83765 B-23.35414 E0.0274 F2022.0954
G01 C2161.00595 X29.47762 Z8.12973 B-22.79169 E0.0274 F2022.0954
G01 C2161.64737 X23.97412 Z9.01229 B-21.86145 F52461.8558
G01 C2164.09217 X18.47048 Z9.88457 B-20.93120 F52461.8558
G01 C2329.79400 X15.80512 Z10.74652 B-20.00095 F52461.8558
G01 C2337.60774 X20.01931 Z11.59806 B-19.07070 F52461.8558
G01 C2337.68809 X19.62328 Z11.77533 B-18.20278 F39346.3918
G01 C2337.76348 X19.22426 Z11.94345 B-17.33486 F39346.3918
G01 C2337.83437 X18.82238 Z12.10237 B-16.46694 F39346.3918
G01 C2337.93309 X18.53034 Z12.23649 B-15.61195 F26230.9279
G01 C2338.02369 X18.23581 Z12.36159 B-14.75696 F26230.9279
G01 C2338.18420 X18.14964 Z12.46312 B-13.76202 F13115.4639
G01 C2338.32201 X18.46899 Z12.45765 B-13.33910 F13115.4639
G94
G01 C2338.32201 X18.22750 Z12.51416 B-13.00076 E2.0718 F20000
G93
G94
G01 C2338.32201 X18.03407 Z12.55834 B-12.73009 F20000
G93
G01 C2345.28016 X16.05835 Z12.89497 B-11.75727 E0.0089 F4020.3941
G01 C2354.88308 X14.23416 Z13.21975 B-10.78445 E0.0089 F4020.3941
G01 C2352.92225 X13.62682 Z13.31576 B-10.02271 E0.0089 F4020.3941
G01 C2350.92737 X13.02573 Z13.40447 B-9.26097 E0.0089 F4020.3941
G01 C2348.90252 X12.55355 Z13.46737 B-8.66809 E0.0089 F4020.3941
G01 C2346.85217 X12.08857 Z13.52582 B-8.07522 E0.0089 F4020.3941
G01 C2342.16251 X11.32820 Z13.62565 B-7.14875 E0.0201 F1786.4696
G01 C2337.40612 X10.77549 Z13.67232 B-6.39423 E0.0201 F1786.4696
G01 C2333.18842 X10.38166 Z13.72629 B-5.75994 E0.0180 F1992.4978
G01 C2329.08506 X10.09011 Z13.76878 B-5.22181 E0.0180 F1992.4978
G01 C2325.13149 X9.88547 Z13.80293 B-4.76063 E0.0180 F1992.4978
G01 C2332.59664 X11.51036 Z13.58217 B-5.44069 E0.0134 F3346.1764
G01 C2338.04926 X13.22853 Z13.35551 B-6.12075 E0.0134 F3346.1764
G01 C2338.22729 X14.06874 Z13.25599 B-6.85038 F26258.5706
G01 C2338.39358 X14.90822 Z13.14972 B-7.58002 F26258.5706
G94
G01 C2338.39358 X15.33206 Z13.09112 B-8.16372 F20000
G93
G94
G01 C2338.39358 X15.75529 Z13.02820 B-8.74743 F20000
G93
G01 C2340.85428 X15.79364 Z13.00266 B-9.41017 E0.0287 F1562.1722
G01 C2343.56535 X15.55767 Z13.02230 B-9.66919 E0.0287 F1562.1722
G01 C2346.29637 X15.11402 Z13.08039 B-9.60941 E0.0273 F1642.6138
G01 C2349.30367 X14.50622 Z13.16904 B-9.29459 E0.0273 F1642.6138
G01 C2350.42913 X13.13497 Z13.37468 B-8.60928 E0.0085 F4207.8618
G01 C2351.88357 X11.76624 Z13.57438 B-7.92397 E0.0085 F4207.8618
G01 C2347.45734 X11.07533 Z13.63420 B-7.33187 E0.0103 F3479.7441
G01 C2342.63998 X10.42107 Z13.68957 B-6.73977 E0.0103 F3479.7441
G01 C2326.38603 X13.67191 Z13.35231 B-7.33458 E0.0269 F1669.0163
G01 C2331.62748 X14.75195 Z13.18803 B-8.00092 E0.0121 F3713.1133
G01 C2336.17880 X15.89611 Z13.01813 B-8.66726 E0.0121 F3713.1133
G01 C2337.21808 X16.53346 Z12.92005 B-9.30744 E0.0121 F3713.1133
G01 C2338.22061 X17.17306 Z12.81679 B-9.94762 E0.0121 F3713.1133
G01 C2340.02933 X17.52826 Z12.73268 B-10.80900 F19493.9091
G94
G01 C2340.02933 X18.02385 Z12.63496 B-11.49810 E-2.0718 F20000
G93
G01 C2343.12699 X16.86395 Z12.78392 B-11.38488 F13678.1560
G01 C2344.98452 X16.03187 Z12.91023 B-10.96204 F13678.1560
G01 C2347.10040 X15.03042 Z13.06711 B-10.29153 F13678.1560
G01 C2344.95351 X14.04557 Z13.21159 B-9.70955 E0.0138 F4330.3244
G01 C2342.43190 X13.07149 Z13.35179 B-9.12757 E0.0138 F4330.3244
G01 C2337.49417 X12.38616 Z13.46155 B-8.19930 E0.0276 F2165.1622
G01 C2338.29088 X14.88501 Z12.95430 B-8.97786 F42490.6986
G01 C2338.78724 X17.38365 Z12.43938 B-9.75643 F42490.6986
G01 C2339.12612 X19.88151 Z11.91682 B-10.53499 F42490.6986
G01 C2339.04900 X20.57976 Z11.76146 B-11.26270 F42490.6986
G01 C2338.97403 X21.27672 Z11.59947 B-11.99040 F42490.6986
G01 C2338.90111 X21.97228 Z11.43084 B-12.71811 F42490.6986
G94
G01 C2338.90111 X22.59560 Z11.28516 B-13.59135 E1.1319 F20000
G93
G94
G01 C2338.90111 X23.21663 Z11.13000 B-14.46460 E1.1319 F20000
G93
G94
G01 C2338.90111 X23.71170 Z10.99907 B-15.16319 F20000
G93
G94
G01 C2338.90111 X24.20514 Z10.86211 B-15.86179 F20000
G93
G01 C2337.67226 X25.01754 Z10.62045 B-16.59833 E0.0109 F4383.7910
G01 C2336.49820 X25.83368 Z10.37214 B-17.33486 E0.0109 F4383.7910
G01 C2335.82920 X26.47142 Z10.16940 B-18.01758 E0.0121 F3970.2549
G01 C2335.17607 X27.10911 Z9.96099 B-18.70030 E0.0121 F3970.2549
G01 C2334.53841 X27.71684 Z9.75739 B-19.33996 E0.0121 F3970.2549
G01 C2333.91584 X28.32451 Z9.54886 B-19.97963 E0.0121 F3970.2549
G01 C2332.75089 X29.10920 Z9.25215 B-20.65740 E0.0099 F3970.2549
G01 C2331.63720 X29.89748 Z8.94995 B-21.33518 E0.0099 F3970.2549
G01 C2340.39019 X30.56919 Z8.54952 B-22.04182 E0.0129 F3054.1559
G01 C2348.73295 X31.57098 Z8.14317 B-22.74845 E0.0129 F3054.1559
G94
G01 C2338.81705 X28.05423 Z9.51962 B-22.17492 F20000
G93
G01 C2337.56957 X28.15229 Z9.51233 B-21.89173 E0.0220 F2224.4950
G01 C2336.37933 X28.41378 Z9.44106 B-21.84080 E0.0220 F2224.4950
G01 C2343.07018 X29.65245 Z8.99853 B-22.31536 F13981.2638
G01 C2344.23501 X30.53104 Z8.67269 B-22.94621 F13981.2638
G01 C2345.19205 X31.53278 Z8.26621 B-23.63341 E0.0268 F2331.0198
G01 C2343.89942 X31.44531 Z8.28169 B-24.07421 E0.0268 F2331.0198
G01 C2340.09951 X30.36600 Z8.65716 B-23.91317 E0.0189 F3383.5823
G01 C2334.00309 X31.70687 Z8.18990 B-24.36254 E0.0303 F2056.7626
G01 C2330.44475 X23.34649 Z8.76946 B-23.68092 F39219.4270
G01 C2182.98719 X18.06955 Z9.34359 B-22.99931 F39219.4270
G01 C2161.33923 X25.39446 Z9.91224 B-22.31769 F39219.4270
G01 C2165.56950 X24.18276 Z10.27450 B-21.45194 E0.0046 F8633.8107
G01 C2170.41118 X23.02275 Z10.62784 B-20.58619 E0.0046 F8633.8107
G01 C2175.92157 X21.92668 Z10.97220 B-19.72044 E0.0046 F8633.8107
G01 C2182.12526 X20.90847 Z11.30753 B-18.85468 E0.0046 F8633.8107
G01 C2180.98999 X20.21506 Z11.52067 B-17.93599 E0.0068 F5781.0530
G01 C2179.83808 X19.52121 Z11.72353 B-17.01729 E0.0068 F5781.0530
G01 C2178.67013 X18.82717 Z11.91607 B-16.09859 E0.0068 F5781.0530
G01 C2177.48679 X18.26647 Z12.06183 B-15.36839 E0.0068 F5781.0530
G01 C2176.28877 X17.70703 Z12.20102 B-14.63820 E0.0068 F5781.0530
G01 C2175.07687 X17.14901 Z12.33360 B-13.90801 E0.0068 F5781.0530
G01 C2173.23490 X16.47655 Z12.48297 B-13.03894 E0.0102 F3854.0353
G01 C2171.36682 X15.80925 Z12.62292 B-12.16986 E0.0102 F3854.0353
G01 C2169.01063 X15.28498 Z12.72690 B-11.48700 E0.0126 F3112.4021
G01 C2166.63500 X14.77132 Z12.82504 B-10.80414 E0.0126 F3112.4021
G01 C2164.24794 X14.37595 Z12.89798 B-10.27026 E0.0126 F3112.4021
G01 C2161.85766 X13.99191 Z12.96734 B-9.73637 E0.0126 F3112.4021
G01 C2156.90749 X13.37098 Z13.06935 B-8.89239 E0.0262 F1503.6883
G01 C2151.97915 X12.92984 Z13.14378 B-8.22743 E0.0262 F1503.6883
G01 C2147.14389 X12.64232 Z13.19866 B-7.70571 E0.0262 F1503.6883
G01 C2142.46514 X12.48611 Z13.23951 B-7.29856 E0.0262 F1503.6883
G01 C2153.35843 X14.31475 Z12.82703 B-8.05299 F50772.4651
G01 C2161.17743 X16.36356 Z12.40734 B-8.80742 F50772.4651
G94
G01 C2161.17743 X16.80040 Z12.33729 B-9.41096 F20000
G93
G94
G01 C2161.17743 X17.23647 Z12.26265 B-10.01450 F20000
G93
G01 C2163.62179 X17.49675 Z12.26461 B-10.86265 E0.0269 F1546.2947
G01 C2166.99134 X15.52012 Z12.61940 B-10.23922 E0.0092 F4274.4078
G01 C2171.91043 X13.58336 Z12.96931 B-9.61579 E0.0092 F4274.4078
G01 C2146.50975 X12.97625 Z13.08742 B-8.69774 E0.0261 F1506.2228
G01 C2141.58896 X12.59831 Z13.16626 B-7.97358 E0.0261 F1506.2228
G01 C2137.88364 X12.31186 Z13.22390 B-7.39732 E0.0203 F1937.6930
G01 C2134.33174 X12.13870 Z13.26694 B-6.93937 E0.0203 F1937.6930
G01 C2137.80173 X12.14810 Z13.29571 B-6.67369 E0.0208 F1892.9190
G01 C2157.37171 X12.99570 Z13.08071 B-7.21976 E0.0132 F3313.7460
G01 C2173.19752 X14.60095 Z12.86192 B-7.76582 E0.0132 F3313.7460
G01 C2163.38753 X13.51558 Z13.03224 B-7.91580 F14876.4201
G01 C2163.57081 X12.74839 Z13.16380 B-7.60884 F14876.4201
G94
G01 C2163.57081 X12.56992 Z13.18726 B-7.36327 E2.0641 F20000
G93
G94
G01 C2163.57081 X12.42706 Z13.20547 B-7.16682 F20000
G93
G01 C2167.84524 X12.31764 Z13.22501 B-6.97688 E0.0269 F2217.5910
G01 C2172.06252 X12.25166 Z13.24364 B-6.79215 E0.0269 F2217.5910
G01 C2167.18287 X14.11989 Z12.78994 B-7.50075 F42252.5781
G01 C2163.64297 X16.03282 Z12.32988 B-8.20936 F42252.5781
G01 C2160.97641 X17.97373 Z11.86346 B-8.91796 F42252.5781
G01 C2160.98171 X18.88414 Z11.66807 B-9.85105 F28168.3854
G01 C2160.98681 X19.79264 Z11.46171 B-10.78414 F28168.3854
G01 C2160.99170 X20.62449 Z11.25980 B-11.61337 F28168.3854
G01 C2160.99641 X21.45458 Z11.04927 B-12.44260 F28168.3854
G01 C2161.00095 X22.22349 Z10.84410 B-13.18874 F28168.3854
G01 C2161.00532 X22.99076 Z10.63198 B-13.93488 F28168.3854
G01 C2158.70864 X24.51755 Z10.08950 B-14.91800 E0.0065 F5077.2514
G01 C2156.67676 X26.06064 Z9.53507 B-15.90112 E0.0065 F5077.2514
G01 C2154.87070 X27.61661 Z8.96874 B-16.88424 E0.0065 F5077.2514
G01 C2155.49487 X28.12932 Z8.82498 B-17.62542 E0.0065 F5077.2514
G01 C2156.11947 X28.64173 Z8.67451 B-18.36660 E0.0065 F5077.2514
G01 C2156.74434 X29.15375 Z8.51737 B-19.10777 E0.0065 F5077.2514
G01 C2157.68184 X29.72100 Z8.34227 B-19.92922 E0.0098 F3384.8343
G01 C2158.61913 X30.28942 Z8.15906 B-20.75066 E0.0098 F3384.8343
G01 C2160.77150 X30.74580 Z7.96254 B-21.44374 E0.0065 F5108.0276
G01 C2162.92577 X31.22169 Z7.76031 B-22.13682 E0.0065 F5108.0276
G01 C2163.82592 X31.63024 Z7.57235 B-22.74337 E0.0095 F3496.1159
G01 C2164.72614 X32.04077 Z7.38006 B-23.34992 E0.0095 F3496.1159
G01 C2165.62597 X32.40685 Z7.20403 B-23.88724 E0.0095 F3496.1159
G01 C2166.52497 X32.77523 Z7.02461 B-24.42456 E0.0095 F3496.1159
G01 C2157.66036 X29.93396 Z8.27775 B-23.64126 E0.0292 F1643.8101
G94
G01 C2160.99204 X29.72020 Z8.37659 B-23.09307 F20000
G93
G01 C2157.59272 X30.56235 Z8.09123 B-23.16140 E0.0304 F2072.4942
G01 C2156.03534 X31.18078 Z7.86228 B-23.45959 E0.0304 F2072.4942
G01 C2155.76238 X25.34933 Z8.85732 B-22.49221 F52896.2922
G01 C2154.80056 X19.51404 Z9.84130 B-21.52484 F52896.2922
G01 C1983.06640 X15.83191 Z10.81415 B-20.55746 F52896.2922
G01 C1977.65530 X20.33892 Z11.77578 B-19.59009 F52896.2922
G01 C1977.72718 X19.91491 Z11.96828 B-18.68156 F39672.2191
G01 C1977.79464 X19.48754 Z12.15077 B-17.77304 F39672.2191
G01 C1977.85806 X19.05695 Z12.32321 B-16.86451 F39672.2191
G01 C1977.94641 X18.72824 Z12.47197 B-15.95929 F26448.1461
G01 C1978.02749 X18.39666 Z12.61064 B-15.05408 F26448.1461
G01 C1978.10217 X18.32235 Z12.67278 B-14.51492 F26448.1461
G01 C1978.17117 X18.24713 Z12.73131 B-13.97576 F26448.1461
G01 C1978.29456 X18.51205 Z12.73957 B-13.48313 F13224.0730
G94
G01 C1978.29456 X18.23089 Z12.80596 B-13.08902 E2.0718 F20000
G93
G94
G01 C1978.29456 X18.00564 Z12.85768 B-12.77374 F20000
G93
G01 C1982.87735 X15.97200 Z13.19569 B-11.78667 E0.0106 F3388.4314
G01 C1989.39919 X14.00338 Z13.52150 B-10.79959 E0.0106 F3388.4314
G01 C1978.56475 X13.36054 Z13.62534 B-9.99464 E0.0117 F3067.2313
G01 C1967.89245 X12.93329 Z13.72102 B-9.18970 E0.0117 F3067.2313
G01 C1965.30157 X12.53857 Z13.79924 B-8.52502 E0.0117 F3067.2313
G01 C1962.78587 X12.15554 Z13.87188 B-7.86035 E0.0117 F3067.2313
G01 C1972.02243 X13.92873 Z13.59378 B-8.40317 F26170.6290
G01 C1978.36868 X15.84156 Z13.31196 B-8.94599 F26170.6290
G94
G01 C1978.36868 X16.46969 Z13.20819 B-9.81450 F20000
G93
G01 C1979.99105 X16.54346 Z13.17652 B-10.32810 E0.0192 F2341.0110
G01 C1981.72244 X16.41982 Z13.18017 B-10.55779 E0.0192 F2341.0110
G01 C1984.27394 X15.96042 Z13.24003 B-10.48055 E0.0269 F1668.3225
G01 C1987.07945 X15.34205 Z13.33193 B-10.15777 E0.0269 F1668.3225
G01 C1990.16324 X14.60247 Z13.44688 B-9.63855 E0.0269 F1668.3225
G01 C1992.26514 X13.23534 Z13.66695 B-8.87380 E0.0106 F3396.8190
G01 C1994.93792 X11.87863 Z13.87964 B-8.10905 E0.0106 F3396.8190
G01 C1973.63002 X11.73746 Z13.90678 B-7.59845 E0.0105 F3427.6147
G01 C1956.02952 X12.33783 Z13.93061 B-7.08784 E0.0105 F3427.6147
G01 C1991.95571 X13.23545 Z13.66150 B-7.32983 E0.0272 F1647.5883
G01 C1965.16893 X13.79674 Z13.63999 B-7.70726 E0.0293 F1532.8629
G01 C1968.60309 X14.52597 Z13.52510 B-8.26071 E0.0293 F1532.8629
G01 C1971.27468 X15.32641 Z13.40047 B-8.92694 E0.0251 F1785.2321
G01 C1976.05661 X16.72167 Z13.17962 B-9.90684 E0.0251 F1785.2321
G01 C1977.14370 X17.26617 Z13.08867 B-10.41054 E0.0126 F3570.4641
G01 C1978.19050 X17.81345 Z12.99453 B-10.91423 E0.0126 F3570.4641
G01 C1980.00904 X18.00973 Z12.93232 B-11.55723 F19493.9091
G01 C1979.45141 X17.75277 Z12.95090 B-11.80984 F18131.6698
G01 C1978.83779 X17.27258 Z13.01591 B-11.75013 F18131.6698
G01 C1978.15944 X16.61405 Z13.11760 B-11.44056 F18131.6698
G94
G01 C1978.15944 X16.43605 Z13.15322 B-11.19291 F20000
G93
G01 C1978.01026 X18.62736 Z12.61418 B-12.00306 E0.0064 F7499.9711
G01 C1977.90283 X20.81697 Z12.06693 B-12.81320 E0.0064 F7499.9711
G01 C1977.82178 X23.00476 Z11.51149 B-13.62334 E0.0064 F7499.9711
G01 C1977.24670 X23.65098 Z11.34088 B-14.34889 E0.0100 F4801.9553
G01 C1976.68288 X24.29684 Z11.16374 B-15.07444 E0.0100 F4801.9553
G01 C1976.13008 X24.94221 Z10.98010 B-15.79999 E0.0100 F4801.9553
G01 C1975.32107 X25.83789 Z10.71406 B-16.78680 E0.0150 F3201.3036
G01 C1974.53565 X26.73263 Z10.43608 B-17.77360 E0.0150 F3201.3036
G01 C1973.08122 X27.80326 Z10.05656 B-18.73827 E0.0123 F3201.3036
G01 C1971.70654 X28.87879 Z9.66577 B-19.70293 E0.0123 F3201.3036
G01 C1971.26470 X29.59762 Z9.36439 B-20.56864 E0.0092 F4285.4714
G01 C1970.83015 X30.31395 Z9.05402 B-21.43435 E0.0092 F4285.4714
G01 C1970.39190 X30.97772 Z8.75412 B-22.22135 E0.0117 F4285.4714
G01 C1969.96106 X31.63936 Z8.44687 B-23.00836 E0.0117 F4285.4714
G01 C1969.44222 X32.29152 Z8.12711 B-23.73658 E0.0117 F4285.4714
G01 C1968.93424 X32.94218 Z7.80113 B-24.46480 E0.0117 F4285.4714
G01 C1987.45764 X32.91125 Z7.94723 B-25.14805 E0.0263 F1500.2824
G01 C1976.55923 X30.38740 Z8.95381 B-24.64370 E0.0200 F2396.3603
G01 C1988.38506 X31.84708 Z8.48291 B-24.89040 E0.0288 F1624.1869
G01 C1978.05768 X33.25167 Z7.82246 B-25.50421 F14501.8291
G94
G01 C1978.05768 X33.57588 Z7.66608 B-25.99525 E2.1608 F20000
G93
G01 C1976.88316 X33.90983 Z7.53947 B-26.44589 E0.0161 F3867.4631
G01 C1974.03338 X33.23921 Z7.80475 B-26.52329 E0.0302 F2061.8526
G01 C1975.55093 X32.77574 Z7.98929 B-26.46545 E0.0302 F2061.8526
G01 C1980.68013 X32.10262 Z8.22890 B-26.12691 E0.0302 F2115.7934
G01 C1982.30668 X32.44675 Z8.12026 B-26.06886 E0.0302 F2115.7934
T0
G01 C1986.84250 X23.87080 Z8.44628 B-25.39034 F39180.4571
G01 C2140.37498 X20.04060 Z8.76698 B-24.71181 F39180.4571
G01 C2154.72531 X27.64628 Z9.08233 B-24.03328 F39180.4571
G01 C2154.80371 X27.41332 Z9.20534 B-23.30864 F26120.3047
G01 C2154.87851 X27.17772 Z9.32217 B-22.58400 F26120.3047
G01 C2155.01827 X27.01909 Z9.41192 B-21.60375 F13060.1524
G94
G01 C2155.01827 X26.48320 Z9.61991 B-20.81955 F20000
G93
G94
G01 C2155.01827 X26.05246 Z9.78100 B-20.19219 E9.6097 F20000
G93
G94
G01 C2155.01827 X25.70662 Z9.90648 B-19.69030 F20000
G93
G01 C2156.78283 X24.98248 Z10.15091 B-19.16103 E0.0252 F1648.6061
G01 C2154.63928 X24.28290 Z10.40835 B-18.62328 E0.0263 F1580.8304
G01 C2152.36634 X23.59354 Z10.66384 B-18.07873 E0.0263 F1580.8304
G01 C2147.57450 X22.58116 Z11.04445 B-17.44842 E0.0263 F1580.8304
G01 C2145.00187 X21.90473 Z11.28996 B-16.85225 E0.0263 F1580.8304
G01 C2142.29441 X21.26687 Z11.52551 B-16.28340 E0.0263 F1580.8304
G01 C2139.24850 X20.60931 Z11.71574 B-15.74395 E0.0139 F3161.6607
G01 C2136.02322 X19.97834 Z11.90239 B-15.20450 E0.0139 F3161.6607
G01 C2137.28065 X20.25881 Z11.87311 B-14.81007 E0.0282 F1554.1132
G01 C2142.99784 X23.07494 Z10.85537 B-15.78075 E0.0152 F3043.2211
G01 C2146.92187 X25.96766 Z9.82603 B-16.75143 E0.0152 F3043.2211
G94
G01 C2167.71367 X22.93328 Z10.83557 B-16.65466 E1.9660 F20000
G93
G94
G01 C2167.71367 X22.87890 Z10.85179 B-16.57725 F20000
G93
G01 C2166.52340 X23.04042 Z10.78633 B-16.57637 E0.0142 F2998.8590
G01 C2165.36801 X23.24959 Z10.70804 B-16.63672 E0.0142 F2998.8590
G01 C2167.25878 X23.76557 Z10.54328 B-16.80183 E0.0279 F1527.0120
G01 C2170.66704 X24.85638 Z10.20508 B-17.16758 E0.0279 F1527.0120
G01 C2177.15423 X21.82195 Z11.30487 B-16.50677 E0.0245 F1724.3282
G01 C2171.97688 X21.08551 Z11.46215 B-15.95143 E0.0248 F3351.5318
G01 C2172.11388 X21.99250 Z11.17601 B-15.85004 F13477.5519
G01 C2174.80101 X21.61752 Z11.32154 B-15.64260 F13477.5519
G01 C2177.60373 X21.20607 Z11.48304 B-15.35033 F13477.5519
G01 C2169.09314 X23.05148 Z10.76672 B-15.76200 E0.0257 F2208.2211
G01 C2170.66120 X23.74927 Z10.55869 B-16.19908 E0.0257 F2208.2211
G01 C2172.12983 X24.46910 Z10.34405 B-16.65647 E0.0257 F2208.2211
G01 C2180.35674 X23.63445 Z10.78758 B-16.61727 E0.0250 F2270.3657
G01 C2181.03121 X23.07998 Z10.98465 B-16.43966 E0.0250 F2270.3657
G01 C2181.66942 X21.63437 Z11.43427 B-15.91009 F19808.2342
G01 C2162.27277 X21.40054 Z11.30367 B-15.71572 F13428.3912
G01 C2159.16000 X21.10911 Z11.39353 B-15.53139 F13428.3912
G01 C2155.95354 X20.85327 Z11.48141 B-15.35510 F13428.3912
G01 C2152.67000 X20.63312 Z11.56767 B-15.18523 F13428.3912
G01 C2149.32877 X20.44875 Z11.65260 B-15.02050 F13428.3912
G01 C2145.95151 X20.30012 Z11.73642 B-14.85989 F13428.3912
G01 C2141.80465 X22.45323 Z11.14375 B-15.25821 E0.0258 F2150.7075
G01 C2142.41451 X23.25473 Z10.88000 B-15.74437 E0.0258 F2150.7075
G01 C2148.68213 X24.66687 Z10.29632 B-16.51584 E0.0248 F2238.3096
G01 C2150.06126 X24.62323 Z10.30574 B-17.00750 E0.0248 F2238.3096
G01 C2151.52921 X24.42971 Z10.36125 B-17.27533 E0.0248 F2238.3096
G01 C2153.09271 X24.11906 Z10.45524 B-17.36408 E0.0248 F2238.3096
G01 C2154.75883 X23.71736 Z10.58051 B-17.30958 E0.0248 F2238.3096
G01 C2152.57485 X23.29895 Z10.74318 B-17.15275 E0.0261 F2123.4743
G01 C2150.26732 X22.83982 Z10.92305 B-16.91406 E0.0261 F2123.4743
G01 C2140.13533 X21.45033 Z11.51045 B-16.34814 E0.0261 F2123.4743
G01 C2141.28318 X21.48649 Z11.47527 B-15.98979 F19040.1834
G01 C2142.36573 X21.64314 Z11.40554 B-15.79749 F19040.1834
G01 C2099.39268 X13.26515 Z12.10382 B-14.94166 F26539.2371
G01 C1988.92349 X17.64986 Z12.79305 B-14.08582 F26539.2371
G01 C1983.88987 X21.93264 Z11.92638 B-14.81781 E0.0206 F1801.0728
G01 C1985.56541 X22.73723 Z11.67636 B-15.50712 E0.0206 F1801.0728
G01 C1974.88510 X22.47048 Z11.83124 B-15.89603 E0.0145 F2565.4825
G01 C1975.35762 X22.61933 Z11.79037 B-16.18683 E0.0046 F8123.6172
G01 C1974.84218 X22.73596 Z11.76429 B-16.40421 E0.0045 F8236.1104
G01 C1972.54261 X22.46061 Z11.89857 B-16.45030 E0.0239 F1548.3534
G01 C1977.86492 X23.51910 Z11.46206 B-16.80937 E0.0188 F3939.5179
G01 C1978.39963 X23.65119 Z11.42423 B-17.07503 E0.0051 F14569.2879
G01 C1968.74286 X22.65059 Z11.90530 B-16.90708 E0.0218 F2271.9196
G01 C1959.00445 X23.35935 Z11.85783 B-16.88260 E0.0218 F2264.5876
G01 C1959.64315 X23.88955 Z11.65113 B-17.03330 E0.0218 F2264.5876
G01 C1966.87531 X24.57020 Z11.24973 B-17.47617 E0.0250 F2616.2852
G01 C1962.38098 X23.00878 Z11.87895 B-17.17694 E0.0204 F2929.2069
G01 C1975.21634 X25.03973 Z10.99549 B-17.84071 F13052.2998
G01 C1977.92479 X25.59042 Z10.79890 B-18.45300 F13052.2998
G01 C1980.57331 X26.13795 Z10.60762 B-19.02412 F13052.2998
G01 C1983.15295 X26.68729 Z10.42049 B-19.56228 F13052.2998
G01 C1990.41281 X27.82758 Z10.08185 B-20.23665 F13052.2998
G01 C1992.65882 X28.52299 Z9.86535 B-20.85742 F13052.2998
G01 C1995.49358 X26.48766 Z10.57957 B-20.22213 E0.0140 F4264.5107
G01 C1999.19005 X24.48880 Z11.28895 B-19.58684 E0.0140 F4264.5107
G01 C1986.07981 X25.06298 Z10.97422 B-19.21463 E0.0232 F2132.3974
G01 C1987.88196 X25.30902 Z10.88492 B-19.03370 E0.0232 F2132.3974
G94
G01 C1994.20141 X26.83202 Z10.46606 B-19.42862 F20000
G93
G01 C1994.63257 X26.51007 Z10.56875 B-19.51059 E0.0223 F2929.1758
G01 C1995.09068 X26.01581 Z10.73252 B-19.34221 E0.0223 F2929.1758
G01 C1995.53955 X25.45756 Z10.93645 B-19.03808 E0.0169 F2929.1758
G01 C1996.84551 X23.71215 Z11.57014 B-18.28864 E0.0243 F2457.3552
G01 C1997.50894 X22.58553 Z11.83748 B-17.38422 E0.0243 F2457.3552
G01 C2156.55084 X23.04893 Z11.14072 B-17.12371 F13292.8577
G01 C2157.00297 X23.51736 Z10.97095 B-17.08860 F13292.8577
G94
G01 C2157.00297 X23.49768 Z10.97699 B-17.06052 E1.9219 F20000
G93
G94
G01 C2157.00297 X23.48193 Z10.98182 B-17.03805 F20000
G93
G01 C2155.06791 X23.09869 Z11.12545 B-16.91649 E0.0238 F1744.6341
G01 C2153.02631 X22.67285 Z11.28565 B-16.71565 E0.0238 F1744.6341
G01 C2146.45401 X21.60081 Z11.69918 B-16.29131 E0.0238 F1744.6341
G01 C2142.72392 X20.83253 Z11.92415 B-15.76623 E0.0118 F3709.2160
G01 C2138.68335 X20.10662 Z12.14572 B-15.24116 E0.0118 F3709.2160
G01 C2137.30515 X19.59406 Z12.28610 B-14.67814 E0.0118 F3709.2160
G01 C2135.89228 X19.08578 Z12.42256 B-14.11512 E0.0118 F3709.2160
G01 C2137.17613 X19.34832 Z12.39246 B-13.68823 E0.0285 F1536.7466
G01 C2138.31373 X20.01312 Z12.26409 B-13.82068 E0.0285 F1536.7466
G01 C2141.88181 X21.80078 Z11.62953 B-14.53890 E0.0101 F4579.5642
G01 C2144.71422 X23.62150 Z10.98859 B-15.25712 E0.0101 F4579.5642
G01 C2147.00681 X25.46535 Z10.34128 B-15.97534 E0.0101 F4579.5642
G01 C2167.60078 X22.41429 Z11.33041 B-15.97426 F16409.0974
G94
G01 C2167.60078 X22.41368 Z11.33058 B-15.97340 F20000
G93
G01 C2166.36304 X22.63715 Z11.24645 B-16.04582 E0.0147 F2825.9093
G01 C2165.17545 X22.90926 Z11.14964 B-16.18016 E0.0147 F2825.9093
G01 C2167.01794 X23.45274 Z10.97759 B-16.39863 E0.0266 F1563.5713
G01 C2168.73894 X24.05452 Z10.79083 B-16.68441 E0.0266 F1563.5713
G01 C2170.34728 X24.70386 Z10.59152 B-17.02403 E0.0266 F1563.5713
G01 C2172.91154 X25.80224 Z10.22081 B-17.70345 E0.0079 F4919.4017
G01 C2175.23761 X26.92251 Z9.84448 B-18.38288 E0.0079 F4919.4017
G01 C2177.35051 X28.06141 Z9.46254 B-19.06230 E0.0079 F4919.4017
G01 C2136.20066 X24.61637 Z10.98081 B-18.46874 E0.0253 F3294.1981
G01 C2171.85336 X25.67295 Z10.30191 B-18.41963 E0.0255 F2221.5487
G01 C2180.32278 X24.48137 Z10.86678 B-17.95404 E0.0265 F2139.8228
G01 C2181.04116 X23.65677 Z11.15410 B-17.42639 E0.0265 F2139.8228
G01 C2167.91993 X23.57572 Z10.97097 B-17.22465 E0.0262 F2118.8558
G01 C2153.47918 X23.93642 Z10.85420 B-17.27169 F13547.5203
G01 C2142.88366 X24.74059 Z10.75570 B-17.45059 F13547.5203
G94
G01 C2142.88366 X24.84063 Z10.72412 B-17.59370 E1.9219 F20000
G93
G94
G01 C2142.88366 X24.92061 Z10.69867 B-17.70820 F20000
G93
G01 C2142.34161 X24.43302 Z10.87507 B-17.63955 E0.0247 F2248.5106
G01 C2141.75731 X23.84412 Z11.08371 B-17.42441 E0.0247 F2248.5106
G01 C2140.57678 X22.63970 Z11.48743 B-16.96323 E0.0247 F2248.5106
G01 C2139.96570 X21.84581 Z11.73736 B-16.46255 E0.0247 F2248.5106
G01 C2150.91261 X22.47196 Z11.36510 B-16.36137 E0.0239 F2324.5916
G01 C2152.99799 X22.75979 Z11.24245 B-16.38432 E0.0239 F2324.5916
G01 C2154.97959 X23.13118 Z11.09917 B-16.50659 E0.0239 F2324.5916
G01 C2153.28637 X23.65358 Z10.93805 B-16.73078 E0.0250 F2219.9394
G01 C2151.69805 X24.24243 Z10.75884 B-17.03652 E0.0250 F2219.9394
G01 C2150.20740 X24.88519 Z10.56421 B-17.40750 E0.0250 F2219.9394
G01 C2061.34402 X15.26890 Z10.75106 B-17.95970 E0.0159 F3084.9912
G01 C1990.96879 X26.41252 Z10.93420 B-18.51190 E0.0159 F3084.9912
G01 C1991.54768 X26.98950 Z10.75050 B-19.05258 E0.0136 F3606.3654
G01 C1992.10919 X27.56657 Z10.56326 B-19.59326 E0.0136 F3606.3654
G01 C1992.65398 X28.13730 Z10.37483 B-20.12472 E0.0136 F3606.3654
G01 C1993.18270 X28.70799 Z10.18300 B-20.65618 E0.0136 F3606.3654
G01 C1996.38743 X26.52202 Z10.91415 B-20.02429 E0.0128 F3496.6932
G01 C2000.65378 X24.38497 Z11.64050 B-19.39240 E0.0128 F3496.6932
G01 C1998.19087 X23.08120 Z11.91208 B-18.57034 E0.0100 F4494.3964
G01 C1995.33133 X21.79552 Z12.17547 B-17.74828 E0.0100 F4494.3964
G01 C1975.88480 X23.67436 Z11.77573 B-17.69125 E0.0124 F3951.2849
G01 C1973.70965 X25.08048 Z11.33716 B-18.25921 E0.0141 F6772.3896
G01 C1971.87649 X26.49980 Z10.89466 B-18.82718 E0.0141 F6772.3896
G01 C1973.41425 X26.57694 Z10.84818 B-19.51619 E0.0283 F3386.1948
G01 C1977.84965 X25.49992 Z11.16451 B-19.46474 E0.0242 F4046.6198
G01 C1978.39623 X25.37824 Z11.20240 B-19.38370 E0.0070 F13953.9076
G01 C1980.11988 X25.58826 Z11.12975 B-19.42288 F19517.3293
G01 C1969.11375 X24.00161 Z11.78935 B-18.81580 E0.0254 F2351.7008
G01 C1966.77752 X23.20457 Z11.99070 B-18.10545 E0.0254 F2351.7008
G01 C1965.95389 X25.14630 Z11.39674 B-18.65642 E0.0143 F4452.6746
G01 C1965.32383 X27.08864 Z10.79909 B-19.20740 E0.0143 F4452.6746
G01 C1971.06270 X25.34671 Z11.27768 B-19.19244 E0.0293 F2226.3373
G01 C1972.70168 X24.74411 Z11.45206 B-18.94350 E0.0300 F2181.0468
G01 C1970.57750 X24.48233 Z11.56260 B-18.67384 E0.0230 F2841.5204
G01 C1962.45157 X23.65786 Z11.96660 B-18.13459 E0.0207 F2881.9041
G01 C1965.78183 X24.98711 Z11.48812 B-18.35960 E0.0313 F2085.6881
G01 C1967.33708 X24.47615 Z11.61744 B-18.29968 E0.0313 F2085.6881
G94
G01 C1967.33708 X24.44279 Z11.62846 B-18.25175 E-2.2638 F20000
G93
G01 C1970.12368 X24.38489 Z11.60619 B-18.23658 F14099.0471
G01 C1972.92717 X24.37202 Z11.57791 B-18.24762 F14099.0471
G01 C1975.73420 X24.40067 Z11.54480 B-18.27964 F14099.0471
G01 C1978.53135 X24.46786 Z11.50782 B-18.32843 F14099.0471
G01 C1984.04407 X24.67326 Z11.43659 B-18.41382 F14099.0471
G01 C1986.73558 X24.84862 Z11.38960 B-18.50531 F14099.0471
G01 C1989.36969 X25.05223 Z11.34137 B-18.60169 F14099.0471
G01 C1991.93747 X25.28256 Z11.29211 B-18.70197 F14099.0471
G01 C1994.43150 X25.53807 Z11.24199 B-18.80537 F14099.0471
G01 C1996.84589 X25.81730 Z11.19115 B-18.91127 F14099.0471
G94
G01 C1996.84589 X25.87604 Z11.17098 B-18.99599 E2.2638 F20000
G93
G94
G01 C1996.84589 X25.92301 Z11.15478 B-19.06376 F20000
G93
G01 C1997.36099 X25.29120 Z11.36187 B-18.83056 E0.0276 F2370.3332
G01 C1998.38164 X24.03836 Z11.82196 B-18.25586 E0.0209 F2370.3332
G01 C1999.09994 X23.16543 Z12.01787 B-17.72348 E0.0126 F4740.6663
G01 C1999.89108 X22.29319 Z12.21033 B-17.19111 E0.0126 F4740.6663
G01 C1999.47858 X21.36398 Z12.41162 B-16.52642 E0.0144 F4153.3480
G01 C1999.02345 X20.43370 Z12.60749 B-15.86173 E0.0144 F4153.3480
G01 C1995.87559 X20.19245 Z12.69752 B-15.06906 E0.0288 F2076.6740
G01 C1994.65978 X22.97798 Z11.94487 B-15.95489 E0.0117 F5601.8916
G01 C1993.83059 X25.76426 Z11.18256 B-16.84073 E0.0117 F5601.8916
G01 C1994.55733 X26.12031 Z11.08376 B-17.47100 E0.0155 F4208.0396
G01 C1995.29319 X26.47704 Z10.98012 B-18.10127 E0.0155 F4208.0396
G01 C1995.92176 X26.42775 Z10.99264 B-18.78395 E0.0310 F2104.0198
T1
G01 C2161.43298 X22.25956 Z11.39676 B-17.82993 F13082.3973
G01 C2164.93797 X21.14643 Z11.68354 B-17.01585 E0.0104 F4288.9127
G01 C2168.88446 X20.06820 Z11.96222 B-16.20177 E0.0104 F4288.9127
G01 C2172.06888 X19.19702 Z12.18121 B-15.44858 E0.0060 F6515.9631
G01 C2175.52384 X18.35080 Z12.39320 B-14.69539 E0.0060 F6515.9631
G01 C2179.25691 X17.53302 Z12.59818 B-13.94220 E0.0060 F6515.9631
G01 C2180.71988 X16.76352 Z12.75740 B-12.98967 E0.0091 F4343.9754
G01 C2182.21845 X15.99631 Z12.90532 B-12.03714 E0.0091 F4343.9754
G01 C2180.08256 X15.35807 Z13.01804 B-11.28415 E0.0126 F3135.4740
G01 C2177.89057 X14.72860 Z13.12365 B-10.53115 E0.0126 F3135.4740
G01 C2175.64689 X14.22366 Z13.20209 B-9.93779 E0.0126 F3135.4740
G01 C2173.35680 X13.72887 Z13.27610 B-9.34442 E0.0126 F3135.4740
G01 C2168.66237 X12.95639 Z13.38379 B-8.41309 E0.0251 F1567.7370
G01 C2165.27722 X12.40113 Z13.46042 B-7.68503 E0.0177 F2222.1172
G01 C2161.87716 X11.98709 Z13.51573 B-7.11958 E0.0177 F2222.1172
G01 C2156.93263 X11.65498 Z13.55651 B-6.67735 E0.0257 F1529.2657
G01 C2152.00979 X11.44477 Z13.58691 B-6.33368 E0.0257 F1529.2657
G01 C2147.17966 X11.34137 Z13.60973 B-6.06887 E0.0257 F1529.2657
G01 C2142.50550 X11.33147 Z13.62695 B-5.86715 E0.0257 F1529.2657
G01 C2146.12364 X11.59517 Z13.65000 B-5.81800 E0.0236 F1665.8692
G01 C2153.34738 X12.89331 Z13.41255 B-6.52270 E0.0118 F3727.9739
G01 C2159.22351 X14.29633 Z13.16879 B-7.22740 E0.0118 F3727.9739
G01 C2160.29213 X15.27534 Z12.97432 B-7.97626 F50450.5097
G01 C2161.26639 X16.25635 Z12.77275 B-8.72512 F50450.5097
G94
G01 C2161.26639 X16.69006 Z12.70387 B-9.32420 F20000
G93
G94
G01 C2161.26639 X17.12303 Z12.63045 B-9.92329 F20000
G93
G01 C2163.45646 X17.43080 Z12.61857 B-10.77829 E0.0238 F1744.2978
G01 C2169.45347 X15.40477 Z12.94183 B-10.09241 E0.0117 F3367.7376
G01 C2178.11785 X13.50589 Z13.25917 B-9.40653 E0.0117 F3367.7376
G01 C2175.89782 X13.04458 Z13.32311 B-8.86684 E0.0117 F3367.7376
G01 C2173.63297 X12.59277 Z13.38336 B-8.32715 E0.0117 F3367.7376
G01 C2151.62593 X11.92617 Z13.47312 B-7.53441 E0.0257 F1529.8347
G01 C2146.51207 X11.56594 Z13.53250 B-6.91002 E0.0257 F1529.8347
G01 C2141.58140 X11.35341 Z13.57599 B-6.42031 E0.0257 F1529.8347
G01 C2137.80337 X11.20383 Z13.60804 B-6.03181 E0.0204 F1931.6007
G01 C2134.18607 X11.14140 Z13.63229 B-5.72426 E0.0204 F1931.6007
G01 C2137.93848 X11.25755 Z13.64837 B-5.58580 E0.0222 F1775.0260
G01 C2141.45623 X11.50125 Z13.65468 B-5.58263 E0.0222 F1775.0260
G01 C2157.18682 X12.70657 Z13.40847 B-6.32676 E0.0120 F3659.3039
G01 C2169.75354 X14.41022 Z13.15522 B-7.07090 E0.0120 F3659.3039
G01 C2171.82734 X14.84176 Z13.11721 B-8.01121 E0.0199 F2205.1377
G01 C2179.20882 X11.44066 Z13.49672 B-7.07455 E0.0238 F1653.9396
G01 C2174.38362 X10.76647 Z13.56160 B-6.34362 E0.0238 F1653.9396
G01 C2169.36682 X10.25688 Z13.60771 B-5.77726 E0.0238 F1653.9396
G01 C2130.50845 X11.22672 Z13.64789 B-5.53068 E0.0260 F1514.1686
G01 C2134.87080 X11.40027 Z13.66001 B-5.46019 E0.0260 F1514.1686
G01 C2153.54006 X12.50288 Z13.45182 B-6.13568 F14540.2903
G01 C2151.02536 X12.20435 Z13.52616 B-6.31406 F14540.2903
G01 C2155.41390 X14.40755 Z12.98232 B-7.16853 F42571.5777
G01 C2158.49877 X16.64745 Z12.42921 B-8.02301 F42571.5777
G01 C2160.77363 X18.90912 Z11.86685 B-8.87748 F42571.5777
G01 C2158.93820 X20.12235 Z11.50253 B-9.72452 E0.0039 F8482.2570
G01 C2157.26606 X21.34622 Z11.12916 B-10.57156 E0.0039 F8482.2570
G01 C2155.73885 X22.57902 Z10.74677 B-11.41859 E0.0039 F8482.2570
G01 C2154.34041 X23.81928 Z10.35538 B-12.26563 E0.0039 F8482.2570
G01 C2153.05660 X25.06574 Z9.95502 B-13.11267 E0.0039 F8482.2570
G01 C2153.51946 X25.63696 Z9.82838 B-13.92607 E0.0049 F6785.8056
G01 C2153.98279 X26.20717 Z9.69352 B-14.73947 E0.0049 F6785.8056
G01 C2154.44655 X26.77623 Z9.55048 B-15.55287 E0.0049 F6785.8056
G01 C2154.91066 X27.34405 Z9.39928 B-16.36627 E0.0049 F6785.8056
G01 C2156.76255 X27.85378 Z9.28546 B-17.11786 E0.0066 F5089.3542
G01 C2158.61678 X28.37760 Z9.16473 B-17.86946 E0.0066 F5089.3542
G01 C2160.46946 X28.91541 Z9.03712 B-18.62105 E0.0066 F5089.3542
G01 C2161.36003 X29.57094 Z8.78450 B-19.57939 E0.0095 F3497.6439
G01 C2162.25134 X30.22627 Z8.52080 B-20.53774 E0.0095 F3497.6439
G01 C2163.14296 X30.78896 Z8.28232 B-21.36085 E0.0095 F3497.6439
G01 C2164.03445 X31.35223 Z8.03577 B-22.18396 E0.0095 F3497.6439
G01 C2165.02819 X31.83998 Z7.81420 B-22.90032 E0.0106 F3146.1988
G01 C2166.02129 X32.32983 Z7.58658 B-23.61669 E0.0106 F3146.1988
G01 C2167.04489 X32.76002 Z7.37544 B-24.23770 E0.0115 F3146.1988
G01 C2168.06630 X33.19312 Z7.15979 B-24.85871 E0.0115 F3146.1988
G01 C2161.14074 X30.09677 Z8.53971 B-24.05534 E0.0273 F1760.7737
G01 C2161.04699 X28.87793 Z9.01378 B-23.06523 F13255.6098
G94
G01 C2161.04699 X28.34216 Z9.23756 B-22.27314 F20000
G93
G01 C2159.17771 X28.48131 Z9.21297 B-21.90048 E0.0311 F1547.6840
G01 C2157.42121 X28.86115 Z9.09580 B-21.86337 E0.0311 F1547.6840
G01 C2155.65965 X29.90876 Z8.71655 B-22.28229 F14727.1451
G01 C2158.65791 X31.83637 Z7.96078 B-23.22255 E0.0262 F2494.6310
G01 C2160.45070 X32.30081 Z7.75146 B-23.94835 E0.0262 F2494.6310
G01 C2160.77981 X27.48041 Z8.61698 B-23.14489 F65095.0404
G01 C2161.52987 X22.65760 Z9.47489 B-22.34142 F65095.0404
G01 C2164.93544 X17.83685 Z10.32517 B-21.53795 F65095.0404
G01 C2332.77374 X16.75664 Z11.16777 B-20.73449 F65095.0404
G01 C2337.51797 X20.47618 Z12.00265 B-19.93102 F65095.0404
G01 C2337.60209 X20.03068 Z12.20742 B-18.98501 F39057.0242
G01 C2337.68087 X19.58147 Z12.40137 B-18.03899 F39057.0242
G01 C2337.75482 X19.12873 Z12.58443 B-17.09297 F39057.0242
G01 C2337.85759 X18.77592 Z12.74370 B-16.14566 F26038.0162
G01 C2337.95169 X18.41994 Z12.89194 B-15.19834 F26038.0162
G01 C2338.03817 X18.32885 Z12.96012 B-14.62840 F26038.0162
G01 C2338.11793 X18.23673 Z13.02427 B-14.05845 F26038.0162
G01 C2338.26015 X18.48041 Z13.03927 B-13.52235 F13019.0081
G01 C2342.72523 X17.05479 Z13.29469 B-12.77630 E0.0064 F5618.1993
G01 C2348.30578 X15.68675 Z13.54317 B-12.03024 E0.0064 F5618.1993
G01 C2355.32334 X14.40033 Z13.78469 B-11.28419 E0.0064 F5618.1993
G01 C2353.14851 X13.70497 Z13.91389 B-10.40817 E0.0096 F3745.4662
G01 C2350.93047 X13.01684 Z14.03344 B-9.53214 E0.0096 F3745.4662
G01 C2332.46430 X12.48961 Z14.11157 B-8.77450 E0.0134 F3095.2426
G01 C2315.80418 X12.55450 Z14.18244 B-8.01687 E0.0134 F3095.2426
G01 C2326.16538 X12.89672 Z14.04819 B-7.70216 E0.0229 F1949.1435
G01 C2335.40747 X14.24710 Z13.83185 B-8.19261 E0.0260 F1724.7075
G01 C2337.98390 X15.06853 Z13.71154 B-8.81369 E0.0260 F1724.7075
G01 C2338.34347 X16.31710 Z13.53066 B-9.68296 F13083.9705
G94
G01 C2338.34347 X16.81907 Z13.44187 B-10.37837 F20000
G93
G01 C2340.62214 X16.60726 Z13.45156 B-10.67431 E0.0270 F1659.6736
G01 C2343.12692 X16.18049 Z13.50408 B-10.65068 E0.0270 F1659.6736
G01 C2345.88211 X15.58717 Z13.59074 B-10.37140 E0.0270 F1659.6736
G01 C2348.91241 X14.86645 Z13.70243 B-9.88758 E0.0270 F1659.6736
G01 C2351.47372 X14.15064 Z13.81510 B-9.29113 E0.0213 F2100.9612
G01 C2345.12838 X15.72611 Z13.59846 B-9.67474 E0.0259 F1731.2938
G01 C2347.77772 X15.40621 Z13.63846 B-9.73256 E0.0259 F1731.2938
G01 C2350.66144 X14.91731 Z13.71049 B-9.52973 E0.0259 F1731.2938
G01 C2353.21219 X14.36933 Z13.79528 B-9.15569 E0.0216 F2076.9415
G01 C2326.76448 X15.04301 Z13.74692 B-9.27169 E0.0288 F1555.7461
G01 C2329.98619 X15.64202 Z13.64623 B-9.61894 E0.0288 F1555.7461
G01 C2332.94950 X16.39940 Z13.52034 B-10.15119 E0.0288 F1555.7461
G01 C2335.67026 X17.28485 Z13.37063 B-10.83143 E0.0288 F1555.7461
G01 C2338.16623 X18.27366 Z13.19770 B-11.63008 E0.0288 F1555.7461
G01 C2339.96459 X18.34016 Z13.15697 B-12.10244 F19500.1828
G94
G01 C2339.96459 X18.61081 Z13.09800 B-12.48033 E-2.0718 F20000
G93
G01 C2341.43601 X18.04480 Z13.16925 B-12.44966 F13654.2479
G01 C2343.09572 X17.25135 Z13.29135 B-12.09215 F13654.2479
G01 C2344.97893 X16.27785 Z13.45041 B-11.47315 F13654.2479
G01 C2347.12904 X15.16251 Z13.63326 B-10.64498 F13654.2479
G01 C2349.59954 X13.93663 Z13.82822 B-9.64946 F13654.2479
G01 C2343.36579 X16.80310 Z13.29916 B-10.56802 F27588.0604
G01 C2339.58912 X19.73306 Z12.75948 B-11.48658 F27588.0604
G01 C2339.32694 X20.85255 Z12.46448 B-12.29892 F41382.0906
G01 C2339.08738 X21.97047 Z12.16122 B-13.11126 F41382.0906
G01 C2338.86766 X23.08667 Z11.84975 B-13.92361 F41382.0906
G94
G01 C2338.86766 X23.77875 Z11.67191 B-14.89842 E1.1064 F20000
G93
G94
G01 C2338.86766 X24.46771 Z11.48232 B-15.87323 E1.1064 F20000
G93
G01 C2338.96505 X25.04311 Z11.31331 B-16.66410 E0.0157 F3044.3999
G01 C2339.06216 X25.61626 Z11.13662 B-17.45497 E0.0157 F3044.3999
G01 C2338.82771 X25.72153 Z11.11682 B-18.39791 F13328.1740
G94
G01 C2338.82771 X26.24507 Z10.93884 B-19.15227 F20000
G93
G01 C2337.92139 X26.94608 Z10.69107 B-19.87185 E0.0154 F3119.2515
G01 C2343.31191 X28.10134 Z10.28131 B-20.51991 E0.0152 F3086.5649
G01 C2348.12191 X29.36075 Z9.86652 B-21.16798 E0.0152 F3086.5649
G01 C2345.56915 X29.56945 Z9.75700 B-21.67990 F28187.3335
G01 C2342.97008 X29.80535 Z9.64437 B-22.19183 F28187.3335
G01 C2344.16842 X30.62308 Z9.31563 B-22.73552 F28187.3335
G01 C2345.29373 X31.44526 Z8.98340 B-23.27921 F28187.3335
G01 C2345.39876 X32.22918 Z8.65737 B-24.21763 E0.0210 F2964.1358
G01 C2344.41604 X32.35682 Z8.56296 B-24.86295 E0.0210 F2964.1358
G01 C2343.38739 X32.34492 Z8.54389 B-25.29368 E0.0210 F2964.1358
G01 C2341.94157 X32.14715 Z8.60788 B-25.53483 E0.0268 F2323.2262
G01 C2335.55100 X32.44899 Z8.48910 B-25.79525 E0.0299 F2083.0509
G01 C2334.05465 X33.10040 Z8.22030 B-26.14076 E0.0299 F2083.0509
G01 C2333.62475 X29.61492 Z8.76914 B-25.21062 F79611.1754
G01 C2332.91614 X26.12581 Z9.30797 B-24.28048 F79611.1754
G01 C2331.52850 X22.63480 Z9.83670 B-23.35035 F79611.1754
G01 C2327.60086 X19.14936 Z10.35528 B-22.42021 F79611.1754
G01 C2272.62730 X15.88715 Z10.86362 B-21.49007 F79611.1754
G01 C2165.39584 X17.43403 Z11.36167 B-20.55993 F79611.1754
G01 C2162.51320 X19.76215 Z11.51686 B-19.57902 F26537.0585
G01 C2161.62372 X22.09060 Z11.66046 B-18.59810 F26537.0585
G01 C2161.55282 X22.01188 Z11.73346 B-18.05119 F26537.0585
G01 C2161.48652 X21.93199 Z11.80284 B-17.50429 F26537.0585
G01 C2164.01711 X20.98231 Z12.04400 B-16.72492 E0.0139 F3217.6670
G01 C2166.78229 X20.04936 Z12.27771 B-15.94555 E0.0139 F3217.6670
G01 C2169.71238 X19.16945 Z12.49580 B-15.20384 E0.0060 F6537.2258
G01 C2172.90086 X18.31093 Z12.70710 B-14.46214 E0.0060 F6537.2258
G01 C2176.36101 X17.47697 Z12.91158 B-13.72043 E0.0060 F6537.2258
G01 C2177.74722 X16.70301 Z13.06602 B-12.78095 E0.0090 F4358.1505
G01 C2179.17187 X15.93102 Z13.20945 B-11.84147 E0.0090 F4358.1505
G01 C2180.63477 X15.26100 Z13.32251 B-11.04046 E0.0090 F4358.1505
G01 C2182.13548 X14.59423 Z13.42752 B-10.23945 E0.0090 F4358.1505
G01 C2180.25655 X14.05483 Z13.50845 B-9.60706 E0.0109 F3625.0489
G01 C2178.33508 X13.52232 Z13.58433 B-8.97466 E0.0109 F3625.0489
G01 C2174.37698 X12.67513 Z13.69393 B-7.97965 E0.0217 F1812.5245
G01 C2170.29100 X12.01696 Z13.77146 B-7.20047 E0.0217 F1812.5245
G01 C2166.11405 X11.51875 Z13.82694 B-6.59394 E0.0217 F1812.5245
G01 C2161.88848 X11.15678 Z13.86705 B-6.12555 E0.0217 F1812.5245
G01 C2156.90679 X10.87841 Z13.89657 B-5.76028 E0.0255 F1542.2159
G01 C2151.94465 X10.71041 Z13.91867 B-5.47753 E0.0255 F1542.2159
G01 C2147.07484 X10.63998 Z13.93533 B-5.26078 E0.0255 F1542.2159
G01 C2142.36231 X10.65565 Z13.94798 B-5.09683 E0.0255 F1542.2159
G01 C2146.04685 X10.94583 Z13.95553 B-5.08114 E0.0237 F1661.3899
G01 C2152.84468 X12.05774 Z13.80526 B-5.61392 E0.0297 F1505.6313
G01 C2157.36650 X13.22208 Z13.62376 B-6.34814 E0.0146 F3011.2626
G01 C2161.24997 X14.43165 Z13.43541 B-7.08236 E0.0146 F3011.2626
G01 C2161.28155 X15.10698 Z13.34008 B-7.79388 F50624.7417
G01 C2161.31208 X15.78143 Z13.23833 B-8.50541 F50624.7417
G94
G01 C2161.32380 X16.35259 Z13.12848 B-9.11297 F20000
G93
G94
G01 C2161.33520 X16.92300 Z13.01395 B-9.72054 F20000
G93
G01 C2161.34038 X17.62636 Z12.88707 B-10.69310 E0.0001 F402492.2359
G01 C2168.90017 X16.13529 Z13.18993 B-10.16597 E0.0130 F3432.4084
G01 C2178.44138 X14.83703 Z13.48929 B-9.63885 E0.0130 F3432.4084
G01 C2182.11557 X13.92148 Z13.56839 B-8.99590 E0.0107 F3688.8867
G01 C2186.24958 X13.03919 Z13.64227 B-8.35296 E0.0107 F3688.8867
G01 C2184.46284 X12.55551 Z13.69575 B-7.84183 E0.0107 F3688.8867
G01 C2182.61794 X12.07823 Z13.74592 B-7.33071 E0.0107 F3688.8867
G01 C2162.12010 X11.10791 Z13.82132 B-6.59644 E0.0259 F1520.2853
G01 C2156.82244 X10.67402 Z13.86967 B-6.01849 E0.0255 F1540.8964
G01 C2151.54833 X10.38449 Z13.90497 B-5.56560 E0.0255 F1540.8964
G01 C2146.38491 X10.22028 Z13.93106 B-5.21275 E0.0255 F1540.8964
G01 C2141.40878 X10.16467 Z13.95056 B-4.93994 E0.0255 F1540.8964
G01 C2137.63206 X10.13971 Z13.96498 B-4.72475 E0.0201 F1963.1362
G01 C2134.01693 X10.17621 Z13.97615 B-4.55565 E0.0201 F1963.1362
G01 C2137.80861 X10.37273 Z13.98384 B-4.52789 E0.0221 F1783.9103
G01 C2141.35978 X10.68086 Z13.98494 B-4.61320 E0.0221 F1783.9103
G01 C2156.12556 X12.16867 Z13.73352 B-5.47787 E0.0119 F3675.6889
G01 C2167.49430 X14.08201 Z13.47257 B-6.34254 E0.0119 F3675.6889
G01 C2168.66315 X14.31701 Z13.45819 B-6.88450 E0.0119 F3675.6889
G01 C2169.87237 X14.55556 Z13.44007 B-7.42646 E0.0119 F3675.6889
G01 C2186.64055 X11.25240 Z13.81353 B-6.46825 E0.0147 F2669.6419
G01 C2184.02763 X10.53447 Z13.87376 B-5.70430 E0.0147 F2669.6419
G01 C2178.97117 X9.90642 Z13.91708 B-5.11397 E0.0258 F1524.7909
G01 C2173.62513 X9.43038 Z13.94781 B-4.66255 E0.0258 F1524.7909
G01 C2168.06371 X9.09006 Z13.96988 B-4.32225 E0.0258 F1524.7909
G01 C2162.38292 X8.87188 Z13.98589 B-4.07084 E0.0258 F1524.7909
G01 C2134.70866 X10.35503 Z14.00658 B-4.17152 E0.0258 F1524.7377
G01 C2138.82663 X10.76783 Z14.00242 B-4.37792 E0.0258 F1524.7377
G01 C2151.46874 X11.53659 Z13.84740 B-4.96809 F30046.9774
G01 C2162.58830 X12.64939 Z13.68794 B-5.55827 F30046.9774
G01 C2162.46999 X12.49197 Z13.73730 B-6.07951 F15023.4887
G01 C2162.34006 X11.95069 Z13.83754 B-6.07597 F15023.4887
G01 C2161.76338 X14.03494 Z13.37188 B-6.90030 F41262.5229
G01 C2161.35015 X16.11879 Z12.89758 B-7.72464 F41262.5229
G01 C2161.03953 X18.20189 Z12.41467 B-8.54897 F41262.5229
G01 C2161.01120 X18.93884 Z12.26765 B-9.32076 F41262.5229
G01 C2160.98369 X19.67455 Z12.11311 B-10.09256 F41262.5229
G01 C2160.95697 X20.40894 Z11.95106 B-10.86435 F41262.5229
G01 C2158.60208 X21.59393 Z11.55086 B-11.67260 E0.0044 F8164.6641
G01 C2156.45807 X22.79739 Z11.14247 B-12.48084 E0.0044 F8164.6641
G01 C2154.50308 X24.01656 Z10.72592 B-13.28909 E0.0044 F8164.6641
G01 C2152.71717 X25.24910 Z10.30123 B-14.09734 E0.0044 F8164.6641
G01 C2151.08238 X26.49297 Z9.86844 B-14.90559 E0.0044 F8164.6641
G01 C2151.58678 X27.03648 Z9.73744 B-15.69821 E0.0049 F6796.5649
G01 C2152.09223 X27.57904 Z9.59871 B-16.49083 E0.0049 F6796.5649
G01 C2152.59866 X28.12054 Z9.45226 B-17.28344 E0.0049 F6796.5649
G01 C2153.10599 X28.66087 Z9.29814 B-18.07606 E0.0049 F6796.5649
G01 C2153.71885 X29.20698 Z9.12882 B-18.87698 E0.0065 F5097.4237
G01 C2154.33248 X29.75222 Z8.95172 B-19.67791 E0.0065 F5097.4237
G01 C2154.94675 X30.29649 Z8.76690 B-20.47883 E0.0065 F5097.4237
G01 C2155.86903 X30.90145 Z8.55786 B-21.37314 E0.0098 F3398.2825
G01 C2156.79194 X31.50672 Z8.33929 B-22.26745 E0.0098 F3398.2825
G01 C2159.40607 X31.93508 Z8.17435 B-22.92725 E0.0084 F3991.8363
G01 C2162.02085 X32.39372 Z8.00428 B-23.58705 E0.0084 F3991.8363
G01 C2162.79715 X32.77924 Z7.81281 B-24.16452 E0.0084 F3991.8363
G01 C2163.57346 X33.16587 Z7.61745 B-24.74200 E0.0084 F3991.8363
G01 C2164.34950 X33.50994 Z7.43883 B-25.25362 E0.0084 F3991.8363
G01 C2165.12498 X33.85542 Z7.25718 B-25.76524 E0.0084 F3991.8363
G01 C2168.48803 X34.53663 Z6.84868 B-26.71854 E0.0187 F1939.2344
G01 C2170.25898 X35.11240 Z6.51201 B-27.51599 E0.0187 F1939.2344
G94
G01 C2166.14382 X32.98603 Z7.47605 B-26.78110 F20000
G93
G94
G01 C2160.97222 X30.94796 Z8.43391 B-26.04621 F20000
G93
G01 C2159.12266 X30.73229 Z8.59757 B-25.12977 E0.0309 F1555.0655
G01 C2157.53084 X32.06921 Z8.12151 B-25.16978 E0.0309 F2112.8018
G01 C2156.06533 X32.63249 Z7.90257 B-25.37588 E0.0309 F2112.8018
G01 C2155.91108 X27.90841 Z8.74303 B-24.51229 F65656.4273
G01 C2155.55468 X23.18054 Z9.57482 B-23.64869 F65656.4273
G01 C2153.84409 X18.45003 Z10.39786 B-22.78510 F65656.4273
G01 C1979.34939 X17.65068 Z11.21211 B-21.92151 F65656.4273
G01 C1977.38670 X21.21016 Z12.01750 B-21.05792 F65656.4273
G01 C1977.44714 X20.83673 Z12.19738 B-20.28749 F52525.1418
G01 C1977.50466 X20.46066 Z12.37013 B-19.51706 F52525.1418
G01 C1977.55947 X20.08207 Z12.53573 B-18.74663 F52525.1418
G01 C1977.61177 X19.70104 Z12.69413 B-17.97621 F52525.1418
G01 C1977.67786 X19.42034 Z12.82299 B-17.27864 F39393.8564
G01 C1977.74014 X19.13780 Z12.94589 B-16.58107 F39393.8564
G01 C1977.79892 X18.85350 Z13.06284 B-15.88350 F39393.8564
G01 C1977.88114 X18.70394 Z13.15179 B-15.23275 F26262.5709
G01 C1977.95698 X18.55297 Z13.23551 B-14.58200 F26262.5709
G01 C1978.09225 X18.69803 Z13.27814 B-13.91346 F13131.2855
G01 C1982.49630 X17.22325 Z13.54832 B-13.11996 E0.0090 F4862.1733
G01 C1988.03781 X15.80399 Z13.81065 B-12.32646 E0.0090 F4862.1733
G01 C1995.06761 X14.46456 Z14.06511 B-11.53296 E0.0090 F4862.1733
G01 C1974.48205 X13.64216 Z14.20669 B-10.53817 E0.0117 F3441.6011
G01 C1955.61164 X13.55939 Z14.33583 B-9.54338 E0.0117 F3441.6011
G01 C1962.97343 X13.27562 Z14.31823 B-8.60349 E0.0236 F1889.3221
G01 C1966.36336 X13.25886 Z14.32257 B-8.23482 E0.0236 F1889.3221
G01 C1969.61038 X13.50288 Z14.24419 B-8.15301 E0.0251 F1784.4204
G01 C1972.57939 X13.93893 Z14.17642 B-8.30938 E0.0251 F1784.4204
G01 C1975.30789 X14.53249 Z14.08755 B-8.65631 E0.0251 F1784.4204
G01 C1977.81301 X15.25327 Z13.97952 B-9.15567 E0.0251 F1784.4204
G01 C1978.03254 X15.98999 Z13.86925 B-9.74284 F25927.1821
G01 C1978.23716 X16.77673 Z13.74538 B-10.40025 F25927.1821
G94
G01 C1978.23716 X17.15559 Z13.67404 B-10.92617 F20000
G93
G01 C1980.76484 X16.78153 Z13.70999 B-11.05915 E0.0298 F1505.3645
G01 C1983.57398 X16.20014 Z13.78982 B-10.87777 E0.0298 F1505.3645
G01 C1986.69835 X15.45960 Z13.90306 B-10.44490 E0.0298 F1505.3645
G01 C1990.17216 X14.59932 Z14.03932 B-9.81084 E0.0298 F1505.3645
G01 C1980.61423 X17.02604 Z13.70372 B-10.53913 E0.0283 F1583.2953
G01 C1983.08569 X16.81774 Z13.71354 B-10.84814 E0.0283 F1583.2953
G01 C1985.80258 X16.38607 Z13.76904 B-10.82172 E0.0283 F1583.2953
G01 C1988.78917 X15.78213 Z13.86092 B-10.52696 E0.0283 F1583.2953
G01 C1992.06888 X15.04730 Z13.97936 B-10.01752 E0.0283 F1583.2953
G01 C1963.38576 X15.00487 Z14.05552 B-9.70109 E0.0261 F1718.0317
G01 C1966.83485 X15.31843 Z13.99782 B-9.69852 E0.0284 F1579.7013
G01 C1970.01916 X15.84095 Z13.90872 B-9.94705 E0.0284 F1579.7013
G01 C1972.95056 X16.53266 Z13.79253 B-10.39644 E0.0284 F1579.7013
G01 C1975.64441 X17.36112 Z13.65147 B-11.00653 E0.0284 F1579.7013
G01 C1978.11791 X18.29994 Z13.48666 B-11.74517 E0.0284 F1579.7013
G01 C1979.91957 X18.32870 Z13.45314 B-12.16830 F19475.6706
G01 C1979.31441 X17.94422 Z13.49759 B-12.24451 F18039.5703
G01 C1979.06691 X19.63814 Z13.08896 B-12.97115 F40220.6265
G01 C1978.87046 X21.33070 Z12.67374 B-13.69778 F40220.6265
G01 C1978.71075 X23.02176 Z12.25197 B-14.42441 F40220.6265
G01 C1978.74266 X23.69562 Z12.06014 B-15.11557 F40220.6265
G01 C1978.77367 X24.36788 Z11.86241 B-15.80672 F40220.6265
G01 C1978.80380 X25.03849 Z11.65880 B-16.49787 F40220.6265
G94
G01 C1978.80380 X25.62015 Z11.48194 B-17.32725 E1.1064 F20000
G93
G94
G01 C1978.80380 X26.19920 Z11.29667 B-18.15663 E1.1064 F20000
G93
G94
G01 C1978.80380 X26.66047 Z11.14244 B-18.82014 F20000
G93
G94
G01 C1978.80380 X27.11992 Z10.98287 B-19.48364 F20000
G93
G94
G01 C1978.77276 X27.12910 Z10.96891 B-20.23946 F20000
G93
G01 C1978.74072 X27.53512 Z10.81662 B-20.84035 E0.0005 F90913.7290
G01 C1976.88402 X28.43359 Z10.49361 B-21.56297 E0.0311 F1537.9939
G01 C1975.14112 X29.40847 Z10.13725 B-22.38299 E0.0311 F1537.9939
G01 C1970.68017 X30.72904 Z9.66941 B-23.32950 E0.0286 F1636.7066
G01 C1969.37645 X31.75601 Z9.25708 B-24.21713 E0.0286 F1636.7066
G01 C1977.79930 X31.46863 Z9.25679 B-24.74585 F14496.9970
G01 C1977.94902 X32.37668 Z8.86207 B-25.33818 F14496.9970
G01 C1978.08840 X33.31644 Z8.44698 B-25.98140 F14496.9970
G01 C1978.21848 X34.28065 Z8.01374 B-26.66533 F14496.9970
G94
G01 C1978.21848 X34.63820 Z7.83204 B-27.21248 E2.1608 F20000
G93
G94
G01 C1978.21848 X34.92299 Z7.68422 B-27.65020 F20000
G93
G01 C1980.24995 X35.10945 Z7.57856 B-27.98100 E0.0284 F2197.7430
G01 C1982.28626 X35.25945 Z7.50136 B-28.22626 E0.0284 F2197.7430
G01 C1984.46159 X34.68686 Z7.74897 B-28.21353 E0.0208 F2991.7002
T0
G01 C1988.52428 X25.70879 Z8.23275 B-27.39674 F39315.8035
G01 C2141.14258 X21.07739 Z8.70895 B-26.57996 F39315.8035
G01 C2157.14304 X28.90469 Z9.17752 B-25.76318 F39315.8035
G01 C2157.18719 X28.56729 Z9.36678 B-24.87223 F26210.5357
G01 C2157.22933 X28.22561 Z9.54683 B-23.98129 F26210.5357
G94
G01 C2157.22933 X27.74693 Z9.75621 B-23.26854 F20000
G93
G94
G01 C2157.22933 X27.26568 Z9.95962 B-22.55578 F20000
G93
G94
G01 C2157.22933 X26.87888 Z10.11803 B-21.98558 E4.8049 F20000
G93
G94
G01 C2157.22933 X26.49052 Z10.27258 B-21.41538 E4.8049 F20000
G93
G94
G01 C2157.22933 X25.86601 Z10.51180 B-20.50305 F20000
G93
G01 C2151.58467 X24.52534 Z10.99363 B-19.78394 E0.0142 F3083.0521
G01 C2145.00862 X23.29957 Z11.46924 B-19.06482 E0.0142 F3083.0521
G01 C2143.52082 X22.62198 Z11.68435 B-18.32018 E0.0142 F3083.0521
G01 C2141.98250 X21.94873 Z11.89272 B-17.57554 E0.0142 F3083.0521
G01 C2140.48144 X21.26899 Z12.09689 B-16.81419 E0.0136 F3220.9829
G01 C2138.93243 X20.59357 Z12.29396 B-16.05285 E0.0136 F3220.9829
G01 C2143.91366 X23.64977 Z11.31083 B-16.91055 E0.0152 F3033.0748
G01 C2147.11955 X26.75897 Z10.31868 B-17.76826 E0.0152 F3033.0748
G01 C2167.63682 X23.35424 Z11.39263 B-17.37776 F16303.8968
G94
G01 C2167.63682 X23.13551 Z11.46043 B-17.06537 F20000
G93
G01 C2166.31278 X23.20279 Z11.42187 B-16.89743 E0.0158 F2630.3171
G01 C2165.03323 X23.35674 Z11.35850 B-16.84504 E0.0158 F2630.3171
G01 C2166.55750 X23.71602 Z11.24145 B-16.89608 E0.0220 F1888.1165
G01 C2167.99748 X24.14099 Z11.10664 B-17.02986 E0.0220 F1888.1165
G01 C2171.89852 X25.79568 Z10.61127 B-17.72052 E0.0298 F1615.7272
G01 C2175.93842 X26.68743 Z10.34047 B-18.48735 E0.0139 F3622.8605
G01 C2179.75011 X27.63964 Z10.06254 B-19.25418 E0.0139 F3622.8605
G01 C2135.61173 X24.22532 Z11.45182 B-18.48639 E0.0244 F3402.0745
G01 C2143.92723 X26.10724 Z10.61636 B-19.08913 E0.0149 F6328.1700
G01 C2150.37922 X28.19123 Z9.77650 B-19.69187 E0.0149 F6328.1700
G01 C2160.34083 X25.40013 Z10.67330 B-19.25105 E0.0263 F3164.0850
G01 C2150.70406 X23.52837 Z11.38522 B-18.44989 F13642.4514
G01 C2141.97990 X24.38710 Z11.24446 B-18.09162 E0.0265 F2092.7691
G01 C2142.59409 X24.77892 Z11.09731 B-17.97716 E0.0265 F2092.7691
G01 C2153.47726 X24.44266 Z11.03217 B-17.88896 E0.0252 F2202.6732
G01 C2155.19617 X23.93835 Z11.19134 B-17.69114 E0.0252 F2202.6732
G01 C2152.98243 X23.42593 Z11.38404 B-17.41652 E0.0267 F2081.1511
G01 C2150.63774 X22.88735 Z11.58906 B-17.08045 E0.0267 F2081.1511
G01 C2142.53724 X22.11824 Z11.94755 B-16.62006 F18945.4789
G94
G01 C2142.53724 X21.85929 Z12.02394 B-16.25174 F20000
G93
G01 C2143.00374 X22.15959 Z11.92285 B-16.08110 E0.0232 F2388.5727
G01 C2150.36601 X22.62123 Z11.65185 B-16.14757 E0.0251 F2206.4666
G01 C2148.10948 X22.31424 Z11.78782 B-16.09101 E0.0251 F2206.4666
G01 C2167.09407 X21.07297 Z12.10522 B-15.70401 F13859.1164
G01 C2183.44446 X20.45399 Z12.40091 B-14.80256 E0.0264 F2255.5947
G01 C2181.65763 X20.43700 Z12.40916 B-14.38203 F19355.7326
G01 C2334.95833 X22.25619 Z12.55592 B-15.29833 E0.0166 F2949.1201
G01 C2336.42222 X22.52591 Z12.47623 B-15.93118 E0.0184 F2667.8058
G01 C2334.85801 X22.70883 Z12.43677 B-16.35978 E0.0178 F2752.6540
G01 C2332.72910 X22.48220 Z12.52718 B-16.49422 E0.0287 F1704.3494
G01 C2325.40144 X21.10468 Z12.83791 B-15.90122 E0.0263 F1704.3494
G01 C2322.63459 X20.32209 Z13.03052 B-15.19460 E0.0263 F1704.3494
G01 C2319.70132 X19.49636 Z13.23357 B-14.39710 E0.0263 F1704.3494
G01 C2319.75344 X21.80613 Z12.73079 B-15.11583 E0.0145 F3300.2610
G01 C2319.79073 X24.11418 Z12.22162 B-15.83456 E0.0145 F3300.2610
G01 C2345.16450 X21.82670 Z12.67903 B-15.90262 F14172.2733
G94
G01 C2345.16450 X21.86508 Z12.66808 B-15.95707 E2.0718 F20000
G93
G94
G01 C2345.16450 X21.89578 Z12.65929 B-16.00063 F20000
G93
G01 C2342.30960 X22.64855 Z12.42751 B-16.36429 E0.0201 F2432.5990
G01 C2340.71127 X23.07486 Z12.29938 B-16.75723 E0.0186 F2629.2646
G01 C2342.03774 X23.45068 Z12.18256 B-17.13019 E0.0155 F3171.3545
G01 C2343.93915 X24.17871 Z11.95569 B-17.63271 E0.0298 F1646.8735
G01 C2345.71776 X24.98975 Z11.70203 B-18.23888 E0.0298 F1646.8735
G01 C2347.38197 X25.86752 Z11.42423 B-18.92798 E0.0298 F1646.8735
G01 C2348.93992 X26.79879 Z11.12433 B-19.68342 E0.0298 F1646.8735
G01 C2350.39938 X27.77281 Z10.80395 B-20.49193 E0.0298 F1646.8735
G01 C2351.76767 X28.78085 Z10.46442 B-21.34289 E0.0298 F1646.8735
G01 C2332.97882 X28.08792 Z10.63375 B-21.68386 F13622.4525
G01 C2330.79612 X28.68527 Z10.43789 B-22.10977 F13622.4525
G01 C2328.71814 X29.34555 Z10.22076 B-22.60365 F13622.4525
G01 C2326.74259 X30.05780 Z9.98511 B-23.15189 F13622.4525
G01 C2324.86646 X30.81303 Z9.73308 B-23.74362 F13622.4525
G01 C2321.71002 X29.90701 Z10.11079 B-23.62716 E0.0297 F2152.6111
G01 C2323.28489 X30.73864 Z9.77790 B-23.94744 F18238.0811
G01 C2323.69613 X30.35860 Z9.88932 B-23.98376 F18238.0811
G94
G01 C2323.69613 X30.37807 Z9.88065 B-24.01282 F20000
G93
G01 C2324.93623 X29.79637 Z10.05992 B-23.81456 E0.0285 F2239.5919
G01 C2326.26550 X29.09869 Z10.29194 B-23.43444 E0.0285 F2239.5919
G01 C2327.69233 X28.30926 Z10.56390 B-22.90883 E0.0285 F2239.5919
G01 C2325.24388 X27.12304 Z11.00766 B-22.21742 E0.0105 F5695.6874
G01 C2322.46715 X25.95780 Z11.44576 B-21.52600 E0.0105 F5695.6874
G01 C2354.58345 X30.05995 Z10.04406 B-22.38950 F13075.9723
G94
G01 C2354.58345 X30.52698 Z9.84836 B-23.08030 E2.2638 F20000
G93
G94
G01 C2354.58345 X30.89889 Z9.68775 B-23.63295 F20000
G93
G01 C2350.76791 X28.68854 Z10.37534 B-22.96886 E0.0152 F4307.8162
G01 C2345.70718 X26.54851 Z11.05772 B-22.30477 E0.0152 F4307.8162
G01 C2343.56199 X26.35860 Z11.16076 B-21.48884 E0.0303 F2153.9081
G01 C2345.35990 X26.41794 Z11.16974 B-21.03241 E0.0286 F2283.5079
G01 C2350.09310 X27.74331 Z10.77354 B-21.25624 E0.0286 F2283.5079
G01 C2351.47654 X28.40687 Z10.56060 B-21.63163 E0.0286 F2283.5079
G01 C2352.77471 X29.15921 Z10.31259 B-22.12826 E0.0286 F2283.5079
G01 C2353.50078 X29.79957 Z10.08779 B-22.66012 E0.0184 F3544.5104
G01 C2354.19749 X30.45961 Z9.85151 B-23.22015 E0.0184 F3544.5104
G01 C2354.07026 X30.18316 Z9.91699 B-23.43218 F17710.9849
G01 C2353.93486 X29.71940 Z10.06334 B-23.36579 F17710.9849
G94
G01 C2353.93486 X29.68365 Z10.07876 B-23.31268 F20000
G93
G01 C2354.40012 X29.04196 Z10.30803 B-23.00328 E0.0255 F2566.6981
G01 C2354.89839 X28.26192 Z10.59390 B-22.48885 E0.0255 F2566.6981
G01 C2355.39734 X27.23111 Z10.96705 B-21.75422 E0.0310 F2109.1919
G01 C2353.14278 X26.16409 Z11.29148 B-21.15923 E0.0129 F4640.9077
G01 C2350.60453 X25.11462 Z11.61169 B-20.56423 E0.0129 F4640.9077
G01 C2517.03086 X24.75181 Z11.25553 B-19.63020 F13298.6728
G01 C2517.44656 X24.84881 Z11.21752 B-19.05639 F13298.6728
G94
G01 C2517.44656 X24.53031 Z11.32612 B-18.59733 E1.9219 F20000
G93
G94
G01 C2517.44656 X24.27489 Z11.41115 B-18.23009 F20000
G93
G01 C2515.24108 X23.64502 Z11.63888 B-17.81799 E0.0272 F1530.3884
G01 C2512.89473 X23.00640 Z11.87241 B-17.37002 E0.0272 F1530.3884
G01 C2510.48210 X22.37548 Z12.09573 B-16.91067 E0.0272 F1530.3884
G01 C2507.85182 X21.60184 Z12.32081 B-16.29063 E0.0287 F1530.3884
G01 C2504.97481 X20.66960 Z12.56959 B-15.45341 E0.0287 F1530.3884
G01 C2503.45904 X20.15052 Z12.70721 B-14.94794 E0.0143 F3060.7768
G01 C2501.89093 X19.63734 Z12.84167 B-14.44246 E0.0143 F3060.7768
G01 C2500.35222 X19.08170 Z12.98411 B-13.86986 E0.0138 F3178.1665
G01 C2498.76309 X18.53177 Z13.12247 B-13.29727 E0.0138 F3178.1665
G01 C2525.29817 X20.92821 Z12.39196 B-13.84377 F16141.9622
G01 C2527.70913 X21.07993 Z12.38047 B-14.21170 F16141.9622
G94
G01 C2527.70913 X21.28895 Z12.32696 B-14.50603 F20000
G93
G01 C2526.28203 X21.71314 Z12.18818 B-14.82847 E0.0169 F2465.3140
G01 C2524.90575 X22.15944 Z12.04381 B-15.17339 E0.0169 F2465.3140
G01 C2530.04920 X24.20670 Z11.43927 B-16.15635 E0.0320 F1503.0603
G01 C2530.79728 X24.80233 Z11.26457 B-16.66952 E0.0160 F3006.1205
G01 C2531.51821 X25.39909 Z11.08665 B-17.18269 E0.0160 F3006.1205
G01 C2532.20159 X25.99426 Z10.90623 B-17.70725 E0.0154 F3119.5846
G01 C2532.86168 X26.59017 Z10.72247 B-18.23180 E0.0154 F3119.5846
G01 C2535.61411 X27.03446 Z10.59759 B-18.79406 E0.0153 F3300.4748
G01 C2538.33860 X27.50832 Z10.46889 B-19.35631 E0.0153 F3300.4748
G01 C2516.67424 X26.46780 Z10.67713 B-19.61145 E0.0293 F3284.5672
G01 C2518.42997 X26.05485 Z10.80647 B-19.57071 E0.0293 F3284.5672
G01 C2520.30028 X25.49025 Z10.99345 B-19.29328 E0.0293 F3284.5672
G01 C2520.85906 X25.24942 Z11.07573 B-19.03006 E0.0069 F14007.4640
G01 C2524.66027 X24.94896 Z11.18380 B-18.71850 F14539.8448
G01 C2531.02373 X24.93918 Z11.23642 B-18.43378 E0.0268 F2391.5367
G01 C2536.37487 X26.25969 Z10.88725 B-18.68941 E0.0284 F2255.2407
G01 C2538.02812 X24.56309 Z11.45359 B-18.12425 E0.0120 F4868.5917
G01 C2540.10190 X22.87722 Z12.01605 B-17.55909 E0.0120 F4868.5917
G01 C2530.36796 X23.65394 Z11.65051 B-17.28142 E0.0253 F2189.8822
G01 C2532.72334 X23.72672 Z11.64899 B-17.08486 E0.0238 F2326.8752
G01 C2535.05049 X24.60980 Z11.39723 B-17.27278 E0.0339 F2573.2106
G01 C2535.50537 X24.13788 Z11.55607 B-17.16632 E0.0315 F2766.1872
G01 C2505.56349 X24.56654 Z11.48272 B-17.47493 F13726.0921
G01 C2502.49944 X24.24547 Z11.63830 B-17.44550 E0.0253 F2191.2666
G01 C2511.26349 X22.93120 Z11.90814 B-17.10496 E0.0244 F2275.2940
G01 C2513.39142 X23.09590 Z11.82304 B-16.93897 E0.0244 F2275.2940
G01 C2515.40936 X23.37267 Z11.70794 B-16.91262 E0.0244 F2275.2940
G01 C2513.63270 X23.92718 Z11.54214 B-17.12999 E0.0293 F2188.5017
G01 C2511.97544 X24.63487 Z11.33124 B-17.54886 E0.0293 F2188.5017
G01 C2486.77927 X14.23744 Z12.25489 B-16.85174 F26541.1238
G01 C2344.00255 X20.11040 Z13.17260 B-16.15461 F26541.1238
G01 C2344.78512 X19.30830 Z13.35130 B-15.42332 F26541.1238
G01 C2345.62458 X18.50601 Z13.52341 B-14.69203 F26541.1238
G01 C2353.08243 X16.82326 Z13.81940 B-13.73220 E0.0050 F13591.0760
G01 C2362.85454 X15.29130 Z14.10394 B-12.77237 E0.0050 F13591.0760
G01 C2375.32790 X13.98328 Z14.37699 B-11.81254 E0.0050 F13591.0760
G01 C2390.13684 X12.98320 Z14.63850 B-10.85271 E0.0050 F13591.0760
G01 C2390.98115 X12.30688 Z14.74843 B-10.03389 E0.0050 F13591.0760
G01 C2391.85489 X11.63019 Z14.84991 B-9.21507 E0.0050 F13591.0760
G01 C2392.75920 X10.95331 Z14.94293 B-8.39624 E0.0050 F13591.0760
G01 C2393.69524 X10.27642 Z15.02746 B-7.57742 E0.0050 F13591.0760
G01 C2366.05672 X11.94176 Z14.58432 B-8.38675 E0.0075 F12809.9431
G01 C2349.58660 X14.46464 Z14.13288 B-9.19607 E0.0075 F12809.9431
G01 C2340.15642 X17.36082 Z13.67318 B-10.00540 E0.0075 F12809.9431
G01 C2334.34476 X20.42478 Z13.20522 B-10.81472 E0.0075 F12809.9431
G01 C2334.92734 X20.85496 Z13.13475 B-11.60134 E0.0100 F9607.4573
G01 C2335.52271 X21.28485 Z13.05653 B-12.38795 E0.0100 F9607.4573
G01 C2336.13117 X21.71440 Z12.97058 B-13.17457 E0.0100 F9607.4573
G01 C2337.26234 X22.07955 Z12.89824 B-13.99153 E0.0025 F39833.1486
G01 C2338.43495 X22.44747 Z12.81762 B-14.80850 E0.0025 F39833.1486
G01 C2340.68657 X23.02898 Z12.64952 B-15.50587 F26773.3458
G01 C2342.90145 X23.62677 Z12.47542 B-16.20324 F26773.3458
G01 C2344.29475 X24.02725 Z12.35886 B-16.75205 F26773.3458
G01 C2345.68379 X24.43364 Z12.23862 B-17.30085 F26773.3458
G01 C2348.44274 X25.09842 Z12.04176 B-18.16075 F13386.6729
G01 C2351.16603 X25.65589 Z11.88112 B-18.83048 F13386.6729
G01 C2353.84232 X26.13323 Z11.75213 B-19.34808 F13386.6729
G01 C2356.46150 X26.55161 Z11.65015 B-19.74397 F13386.6729
G01 C2357.04263 X25.98284 Z11.83365 B-19.71814 E0.0322 F2028.8251
G01 C2358.54556 X24.17728 Z12.36221 B-18.81815 E0.0323 F2028.8251
G01 C2358.98253 X23.50156 Z12.52418 B-18.27743 E0.0161 F4057.6502
G01 C2359.44561 X22.82530 Z12.68260 B-17.73672 E0.0161 F4057.6502
G01 C2359.90196 X22.17550 Z12.83993 B-17.15497 E0.0133 F4932.5413
G01 C2360.38151 X21.52507 Z12.99313 B-16.57322 E0.0133 F4932.5413
G01 C2344.85591 X22.56486 Z12.81091 B-16.62029 E0.0310 F2111.5169
G01 C2347.38594 X23.83830 Z12.43242 B-17.25004 E0.0318 F2057.1100
G01 C2345.47828 X23.54575 Z12.51239 B-17.45634 E0.0318 F2057.1100
G01 C2347.70805 X23.12281 Z12.65201 B-17.32317 E0.0293 F2232.9688
G01 C2355.42175 X21.51903 Z12.98914 B-16.45002 E0.0293 F2232.9688
G01 C2358.31238 X20.58143 Z13.22096 B-15.50968 E0.0293 F2232.9688
G01 C2357.30174 X20.89086 Z13.22666 B-15.11507 E0.0318 F2057.3387
G01 C2356.51892 X21.52468 Z13.14667 B-15.15944 E0.0322 F2036.6139
G94
G01 C2351.69830 X22.40637 Z12.89141 B-15.69836 F20000
G93
G01 C2351.86970 X22.78375 Z12.78455 B-16.16196 E0.0043 F19505.1055
G01 C2351.72678 X23.13140 Z12.68056 B-16.57888 E0.0043 F19324.6988
G01 C2351.41423 X23.37912 Z12.60297 B-16.92600 E0.0043 F19629.9728
G01 C2351.23663 X23.50048 Z12.56387 B-17.17125 E0.0043 F19284.7304
G01 C2351.37773 X23.55094 Z12.54908 B-17.32140 E0.0043 F19324.6988
G94
G01 C2351.37773 X23.63498 Z12.52277 B-17.44153 E-2.2669 F20000
G93
G01 C2353.75084 X21.86137 Z12.87470 B-16.68329 E0.0151 F4327.8451
G01 C2356.80544 X20.10732 Z13.21957 B-15.92505 E0.0151 F4327.8451
G01 C2359.58221 X18.96899 Z13.51722 B-14.92962 E0.0101 F6008.8508
G01 C2362.66392 X17.84866 Z13.80262 B-13.93420 E0.0101 F6008.8508
G01 C2354.94015 X17.74367 Z13.79858 B-13.01815 E0.0292 F2050.5135
G01 C2351.53810 X17.73810 Z13.81210 B-12.53527 E0.0319 F2050.5135
G01 C2348.40315 X18.00984 Z13.78578 B-12.41226 E0.0319 F2050.5135
G01 C2345.51754 X18.51242 Z13.71384 B-12.57716 E0.0319 F2050.5135
G01 C2342.86566 X19.20137 Z13.60399 B-12.97237 E0.0319 F2050.5135
G01 C2340.43027 X20.04047 Z13.46076 B-13.55183 E0.0319 F2050.5135
G01 C2336.83204 X21.26247 Z13.17715 B-14.43337 E0.0155 F4225.1164
G01 C2336.95133 X21.86853 Z13.01347 B-15.19219 E0.0035 F16326.9084
G01 C2334.80882 X22.59301 Z12.82494 B-15.76416 F29973.1869
G01 C2332.78832 X23.33111 Z12.63238 B-16.33613 F29973.1869
G01 C2331.90352 X23.89812 Z12.45591 B-16.86997 F29973.1869
G01 C2331.04747 X24.46677 Z12.27595 B-17.40382 F29973.1869
G01 C2330.20637 X25.02370 Z12.10542 B-17.93007 F29973.1869
G01 C2329.39138 X25.58207 Z11.93151 B-18.45633 F29973.1869
G01 C2328.60160 X26.13752 Z11.75570 B-18.97651 F29973.1869
G01 C2327.83618 X26.69414 Z11.57660 B-19.49670 F29973.1869
G01 C2330.86898 X26.05847 Z11.74117 B-19.86131 E0.0295 F2161.2198
G01 C2338.27192 X23.61914 Z12.26616 B-18.91412 E0.0152 F4322.4396
G01 C2348.62012 X21.41190 Z12.78029 B-17.96692 E0.0152 F4322.4396
G01 C2350.17205 X20.62196 Z12.99686 B-17.08424 E0.0152 F4322.4396
G01 C2351.78892 X19.83542 Z13.20390 B-16.20156 E0.0152 F4322.4396
G01 C2351.61482 X19.36467 Z13.35030 B-15.51656 F26684.2637
G01 C2351.44124 X18.89239 Z13.49093 B-14.83156 F26684.2637
G01 C2337.51068 X21.07791 Z13.20115 B-15.03406 F13342.1318
G94
G01 C2331.54730 X23.09597 Z12.64633 B-15.97607 F20000
G93
G94
G01 C2326.87455 X25.20919 Z12.08060 B-16.91808 F20000
G93
G01 C2326.31327 X25.99647 Z11.84155 B-17.76923 E0.0121 F5147.6656
G01 C2325.76813 X26.78215 Z11.59367 B-18.62038 E0.0121 F5147.6656
G01 C2325.23854 X27.51580 Z11.35474 B-19.39884 E0.0121 F5147.6656
G01 C2324.72395 X28.24800 Z11.10849 B-20.17731 E0.0121 F5147.6656
G01 C2335.04541 X23.94806 Z12.30754 B-19.25272 E0.0311 F2106.9230
G01 C2338.74701 X22.73601 Z12.54756 B-18.58377 E0.0095 F6320.7691
G01 C2343.07060 X21.56781 Z12.78216 B-17.91482 E0.0095 F6320.7691
G01 C2348.12375 X20.45557 Z13.01130 B-17.24587 E0.0095 F6320.7691
G01 C2349.79735 X19.62178 Z13.22407 B-16.30572 E0.0142 F4213.8461
G01 C2351.54545 X18.79180 Z13.42598 B-15.36558 E0.0142 F4213.8461
G01 C2348.36192 X18.40039 Z13.53676 B-14.70902 E0.0154 F4241.1260
G01 C2345.24762 X18.03096 Z13.64221 B-14.05246 E0.0154 F4241.1260
G01 C2342.21496 X17.86059 Z13.73564 B-13.25660 E0.0309 F2120.5630
G01 C2339.46800 X18.00521 Z13.75467 B-12.87455 E0.0309 F2120.5630
G01 C2332.65678 X19.84154 Z13.43371 B-13.55716 E0.0156 F4241.1260
G01 C2327.51931 X21.78351 Z13.10696 B-14.23978 E0.0156 F4241.1260
G01 C2333.57616 X19.35975 Z13.47723 B-13.64167 E0.0142 F4216.6918
G01 C2342.70529 X17.09531 Z13.84305 B-13.04357 E0.0142 F4216.6918
G01 C2344.33016 X16.46076 Z13.96611 B-12.43414 E0.0142 F4216.6918
G01 C2346.04308 X15.83147 Z14.08452 B-11.82472 E0.0142 F4216.6918
G01 C2347.84806 X15.20151 Z14.19957 B-11.20625 E0.0142 F4216.6918
G01 C2349.74887 X14.57795 Z14.30982 B-10.58777 E0.0142 F4216.6918
G01 C2337.28713 X15.29430 Z14.23934 B-10.25471 E0.0315 F2082.0647
G01 C2334.62209 X15.74794 Z14.19515 B-10.24763 E0.0315 F2082.0647
G01 C2332.24151 X16.40563 Z14.11655 B-10.50134 E0.0315 F2082.0647
G01 C2327.16299 X17.87226 Z13.93924 B-11.19310 F13896.3428
G01 C2328.81026 X17.56909 Z13.94452 B-11.48114 F13896.3428
G01 C2330.64902 X17.04229 Z13.99638 B-11.44622 F13896.3428
G01 C2332.71019 X16.33982 Z14.08529 B-11.15293 F13896.3428
G01 C2335.03029 X15.50025 Z14.20139 B-10.65293 F13896.3428
G01 C2338.23493 X14.55122 Z14.33474 B-10.12055 F26461.5434
G01 C2341.97379 X13.62777 Z14.46451 B-9.58817 F26461.5434
G01 C2320.02720 X14.56774 Z14.46766 B-9.14826 E0.0295 F2141.8462
G01 C2314.27817 X14.13863 Z14.63849 B-8.38178 F19423.5020
G01 C2310.60899 X12.82238 Z14.83567 B-7.58023 E0.0154 F12466.1885
G01 C2306.14013 X11.54149 Z15.02471 B-6.77868 E0.0154 F12466.1885
T1
G01 C2160.97185 X13.93826 Z13.83018 B-7.32660 F13288.4503
G01 C2182.26907 X11.79411 Z14.09317 B-6.51027 E0.0213 F1850.7068
G01 C2178.45569 X11.17031 Z14.14557 B-5.87325 E0.0215 F1827.4204
G01 C2174.47962 X10.68249 Z14.18306 B-5.37967 E0.0215 F1827.4204
G01 C2170.37067 X10.31182 Z14.21021 B-5.00086 E0.0215 F1827.4204
G01 C2166.16936 X10.04353 Z14.23487 B-4.71567 E0.0215 F1827.4204
G01 C2161.91508 X9.86599 Z14.25579 B-4.50599 E0.0215 F1827.4204
G01 C2156.89144 X9.73707 Z14.26610 B-4.34718 E0.0253 F1554.7954
G01 C2151.88479 X9.69014 Z14.26437 B-4.22786 E0.0304 F1554.7954
G01 C2146.97559 X9.71382 Z14.27072 B-4.14139 E0.0304 F1554.7954
G01 C2142.22623 X9.80429 Z14.27561 B-4.08120 E0.0304 F1554.7954
G01 C2151.49921 X11.08901 Z14.12964 B-4.66882 E0.0144 F3043.6333
G01 C2158.76400 X12.53215 Z13.97927 B-5.25644 E0.0144 F3043.6333
G01 C2160.05795 X13.22266 Z13.89285 B-5.89815 E0.0144 F3043.6333
G01 C2161.28828 X13.91695 Z13.80118 B-6.53986 E0.0144 F3043.6333
G01 C2162.45499 X14.48928 Z13.72504 B-7.14646 E0.0124 F3529.9667
G01 C2163.58876 X15.06475 Z13.64423 B-7.75306 E0.0124 F3529.9667
G01 C2165.94433 X15.18997 Z13.64133 B-8.41270 E0.0249 F1764.9834
G01 C2168.48599 X15.00369 Z13.68813 B-8.62707 E0.0253 F1764.9834
G01 C2171.46895 X14.53823 Z13.78205 B-8.46192 E0.0273 F1635.6050
G01 C2178.15448 X13.40740 Z14.01334 B-7.73517 E0.0284 F1635.6050
G01 C2181.86958 X12.60271 Z14.06808 B-6.98912 E0.0289 F1635.6050
G01 C2185.83462 X11.82962 Z14.12857 B-6.23833 E0.0289 F1635.6050
G01 C2177.95372 X10.49240 Z14.16296 B-5.54145 E0.0257 F1530.8291
G01 C2172.84738 X9.96019 Z14.20164 B-5.00379 E0.0257 F1530.8291
G01 C2167.55343 X9.57278 Z14.22926 B-4.59353 E0.0257 F1530.8291
G01 C2162.15529 X9.31395 Z14.24922 B-4.28517 E0.0257 F1530.8291
G01 C2156.79949 X9.12661 Z14.26364 B-4.04762 E0.0254 F1550.7792
G01 C2151.46661 X9.03445 Z14.27457 B-3.86672 E0.0254 F1550.7792
G01 C2146.24677 X9.02820 Z14.28292 B-3.73113 E0.0254 F1550.7792
G01 C2141.21903 X9.09895 Z14.28937 B-3.63180 E0.0254 F1550.7792
G01 C2137.41220 X9.17416 Z14.29400 B-3.55498 E0.0199 F1980.0914
G01 C2133.77001 X9.29034 Z14.29775 B-3.49617 E0.0199 F1980.0914
G01 C2137.62991 X9.55338 Z14.30113 B-3.55752 E0.0221 F1779.5073
G01 C2153.79000 X11.40018 Z14.05097 B-4.55113 E0.0119 F3696.2442
G01 C2165.33911 X13.71602 Z13.78822 B-5.54474 E0.0119 F3696.2442
G01 C2134.48863 X11.02284 Z14.21162 B-5.23240 E0.0311 F1522.4526
G01 C2138.68836 X11.22287 Z14.23547 B-5.13772 E0.0311 F1522.4526
G01 C2146.15548 X13.42255 Z13.65955 B-6.10034 E0.0039 F8502.8245
G01 C2151.42203 X15.72885 Z13.07184 B-7.06295 E0.0039 F8502.8245
G01 C2155.27589 X18.09918 Z12.47236 B-8.02557 E0.0039 F8502.8245
G01 C2158.19392 X20.50983 Z11.86114 B-8.98819 E0.0039 F8502.8245
G01 C2160.46919 X22.94686 Z11.23822 B-9.95080 E0.0039 F8502.8245
G01 C2160.84958 X23.52034 Z11.12179 B-10.75480 E0.0041 F8087.6249
G01 C2161.23025 X24.09297 Z10.99724 B-11.55880 E0.0041 F8087.6249
G01 C2161.61118 X24.66463 Z10.86458 B-12.36280 E0.0041 F8087.6249
G01 C2161.99233 X25.23522 Z10.72385 B-13.16680 E0.0041 F8087.6249
G01 C2162.37367 X25.80462 Z10.57506 B-13.97080 E0.0041 F8087.6249
G01 C2164.07090 X26.21486 Z10.51509 B-14.89225 E0.0079 F5270.3208
G01 C2165.82109 X26.63626 Z10.44461 B-15.81369 E0.0079 F5270.3208
G01 C2167.62333 X27.06930 Z10.36368 B-16.73514 E0.0079 F5270.3208
G01 C2166.45423 X27.32758 Z10.32848 B-17.63233 E0.0139 F3513.5472
G01 C2165.22489 X27.58914 Z10.28347 B-18.52952 E0.0139 F3513.5472
G01 C2164.56136 X27.83962 Z10.19787 B-19.16674 E0.0134 F3513.5472
G01 C2163.87959 X28.09033 Z10.10737 B-19.80396 E0.0134 F3513.5472
G01 C2162.48429 X28.29327 Z10.02121 B-20.62564 E0.0269 F1756.7736
G01 C2160.91725 X27.45962 Z10.30653 B-20.74328 F13144.1903
G94
G01 C2160.91725 X27.52411 Z10.28204 B-20.83739 F20000
G93
G01 C2156.04727 X29.16690 Z9.69341 B-21.59517 E0.0282 F1674.9414
G01 C2153.41576 X30.47489 Z9.12388 B-22.41067 E0.0127 F3349.8827
G01 C2151.04938 X31.80709 Z8.54649 B-23.22617 E0.0127 F3349.8827
G01 C2149.95434 X32.57265 Z8.09552 B-23.92509 E0.0044 F7841.8160
G01 C2148.90061 X33.34113 Z7.63883 B-24.62402 E0.0044 F7841.8160
G01 C2147.88655 X34.11217 Z7.17646 B-25.32294 E0.0044 F7841.8160
G01 C2155.65691 X32.16300 Z8.42321 B-25.41122 F14886.8434
G01 C2154.86064 X32.81903 Z8.16366 B-25.67643 F14886.8434
G01 C2158.68001 X34.00187 Z7.65784 B-26.22907 E0.0261 F2498.8990
G01 C2160.45191 X34.26056 Z7.52646 B-26.65493 E0.0261 F2498.8990
G01 C1988.51249 X35.19512 Z7.79158 B-27.56624 E0.0270 F1775.8122
G01 C1986.96725 X34.97227 Z7.96876 B-27.96728 E0.0161 F2457.1805
G01 C1985.59672 X34.68429 Z8.10555 B-28.11239 E0.0308 F1516.0826
G01 C1984.05243 X34.25538 Z8.26773 B-28.10928 E0.0308 F1516.0826
G01 C1982.41550 X33.76090 Z8.47078 B-27.98759 E0.0308 F1516.0826
G01 C1978.86715 X32.70660 Z8.91246 B-27.58237 E0.0316 F1516.0826
G01 C1978.68074 X31.75154 Z9.31125 B-26.93864 F13770.8422
G94
G01 C1978.68074 X31.41423 Z9.48076 B-26.42365 F20000
G93
G01 C1977.15157 X31.60026 Z9.44427 B-26.20799 E0.0255 F1876.4031
G01 C1975.69828 X31.95248 Z9.32999 B-26.23179 E0.0255 F1876.4031
G01 C1981.68998 X32.43079 Z9.12117 B-26.39581 F13950.9775
G01 C1982.98170 X33.04827 Z8.85777 B-26.66104 F13950.9775
G01 C1984.19461 X33.72501 Z8.56666 B-27.00722 F13950.9775
G01 C1985.33471 X34.44939 Z8.25235 B-27.41817 F13950.9775
G01 C1985.02971 X34.72486 Z8.11117 B-27.76707 E0.0294 F2122.1426
G01 C1983.57553 X34.42791 Z8.20842 B-27.93232 E0.0294 F2122.1426
G01 C1982.04050 X34.04577 Z8.35597 B-27.95065 E0.0294 F2122.1426
G01 C1980.42011 X33.59837 Z8.54384 B-27.85145 E0.0294 F2122.1426
G01 C1978.70983 X33.10169 Z8.76364 B-27.65822 E0.0294 F2122.1426
G01 C1977.23830 X33.43310 Z8.63651 B-27.62422 E0.0264 F2358.4758
G01 C1975.84034 X33.85597 Z8.46603 B-27.71761 E0.0264 F2358.4758
G01 C1974.51209 X34.35293 Z8.26054 B-27.91290 E0.0264 F2358.4758
G01 C1977.42010 X35.49196 Z7.73674 B-28.35154 E0.0281 F2221.3937
G01 C1979.41585 X35.70689 Z7.61216 B-28.69324 E0.0281 F2221.3937
G01 C1981.50998 X35.85455 Z7.52961 B-28.94702 E0.0294 F2118.0484
G01 C1975.96389 X35.16931 Z7.82524 B-28.94741 E0.0267 F2334.8788
G01 C1980.64533 X35.23719 Z7.78015 B-28.95288 F15083.6269
G01 C1978.88469 X34.95902 Z7.90135 B-28.88899 F15083.6269
G94
G01 C1978.88469 X34.92621 Z7.91944 B-28.83787 F20000
G93
G01 C1979.07247 X34.95254 Z7.91071 B-28.81061 E0.0048 F18053.7902
G01 C1979.01163 X35.01474 Z7.88550 B-28.80975 E0.0048 F17860.7820
G94
G01 C1978.64229 X35.16840 Z8.14928 B-28.93546 F20000
G93
G01 C1978.63036 X34.63632 Z8.37251 B-28.87374 F15191.1033
G01 C1978.61758 X34.00783 Z8.64854 B-28.66206 F15191.1033
G01 C1978.60386 X33.30171 Z8.96588 B-28.33041 F15191.1033
G01 C1980.49587 X33.60465 Z8.85174 B-28.18636 E0.0286 F1637.9722
G01 C1978.79724 X33.10132 Z9.07737 B-27.96166 E0.0286 F1637.9722
G01 C1978.59972 X32.22933 Z9.43755 B-27.46731 E0.0003 F180000.0000
G01 C1976.91809 X32.48397 Z9.37705 B-27.29207 E0.0286 F1677.1748
G01 C1973.88202 X32.66150 Z9.34187 B-27.25522 E0.0266 F1756.5218
G01 C1972.50125 X33.10284 Z9.17254 B-27.34590 E0.0266 F1756.5218
G01 C1988.69490 X34.31756 Z8.66834 B-27.64433 E0.0306 F1526.9255
G01 C1987.23631 X33.95371 Z8.78592 B-27.76563 E0.0306 F1526.9255
G01 C1985.68621 X33.50780 Z8.95181 B-27.74522 E0.0306 F1526.9255
G01 C1984.03822 X32.99915 Z9.15628 B-27.61145 E0.0306 F1526.9255
G01 C1977.83163 X33.05919 Z9.12737 B-27.57381 F14668.9106
G01 C1978.08676 X33.65387 Z8.87318 B-27.70998 F14668.9106
G01 C1978.32423 X34.33875 Z8.57107 B-27.98519 F14668.9106
G01 C1978.54580 X35.09520 Z8.22943 B-28.37163 F14668.9106
G01 C1978.75302 X35.90810 Z7.85468 B-28.84706 F14668.9106
G94
G01 C1978.75302 X36.15186 Z7.71935 B-29.22740 E2.1608 F20000
G93
G94
G01 C1978.75302 X36.34622 Z7.60993 B-29.53168 F20000
G93
G01 C1980.65432 X36.52657 Z7.50952 B-29.77284 E0.0270 F2311.3323
G01 C1982.56509 X36.63226 Z7.45306 B-29.94725 E0.0271 F2302.1319
G01 C1984.99139 X36.25496 Z7.62468 B-29.93643 E0.0296 F2110.1649
G01 C1983.52696 X35.77465 Z7.82248 B-29.81451 E0.0296 F2110.1649
G01 C1981.98218 X35.24788 Z8.05236 B-29.60369 E0.0296 F2110.1649
G01 C1987.83698 X21.19619 Z8.22297 B-28.86901 F26122.3231
G01 C2161.13531 X32.47919 Z8.38754 B-28.13433 F26122.3231
G01 C2161.05036 X32.50278 Z8.47002 B-27.29708 F13061.1615
G94
G01 C2161.05036 X32.06516 Z8.69264 B-26.62728 E2.1817 F20000
G93
G01 C2155.60006 X33.69686 Z7.88390 B-27.18932 E0.0109 F3284.6049
G01 C2151.05739 X35.43645 Z7.07157 B-27.75136 E0.0109 F3284.6049
G01 C2153.06624 X35.94085 Z6.84744 B-28.64363 E0.0211 F1698.1615
G01 C2167.42049 X36.36619 Z6.61456 B-29.26379 E0.0200 F1805.7219
G01 C2168.84059 X36.73813 Z6.36737 B-29.78884 E0.0151 F2396.1161
G01 C2170.25321 X37.06985 Z6.14524 B-30.23780 E0.0151 F2396.1161
G01 C2166.14007 X34.90122 Z7.17827 B-29.44328 F49293.0363
G01 C2160.97558 X32.82111 Z8.20427 B-28.64875 F49293.0363
G94
G01 C2160.97558 X32.41099 Z8.42539 B-28.01314 F20000
G93
G94
G01 C2160.97558 X31.99844 Z8.64194 B-27.37752 F20000
G93
G01 C2160.92125 X31.65024 Z8.81832 B-26.86222 E0.0009 F50911.6882
G01 C2160.86681 X31.30052 Z8.99167 B-26.34693 E0.0009 F50911.6882
G01 C2155.77426 X33.43673 Z7.92639 B-27.06234 E0.0102 F3499.4550
G01 C2151.76798 X35.65925 Z6.85528 B-27.77774 E0.0102 F3499.4550
G01 C2168.70272 X33.54007 Z8.14424 B-27.40669 E0.0303 F1616.3727
G01 C2159.08135 X33.10844 Z8.26634 B-27.12108 E0.0307 F2125.0279
G01 C2157.54563 X33.48438 Z8.13221 B-27.06496 E0.0307 F2125.0279
G01 C2156.09657 X33.98985 Z7.93674 B-27.19243 E0.0307 F2125.0279
T0
G01 C2158.40298 X31.83612 Z8.56318 B-26.33225 F117162.6761
G01 C2161.33475 X29.70541 Z9.18113 B-25.47208 F117162.6761
G01 C2165.16217 X27.61049 Z9.79053 B-24.61191 F117162.6761
G01 C2170.31318 X25.57254 Z10.39133 B-23.75174 F117162.6761
G01 C2177.47099 X23.62847 Z10.98346 B-22.89157 F117162.6761
G01 C2187.67271 X21.84446 Z11.56688 B-22.03140 F117162.6761
G94
G01 C2187.67271 X21.28172 Z11.78989 B-21.20563 E-0.4374 F20000
G93
G94
G01 C2187.67271 X20.71584 Z12.00477 B-20.37987 E-0.4374 F20000
G93
G94
G01 C2187.67271 X20.14691 Z12.21147 B-19.55410 E-0.4374 F20000
G93
G94
G01 C2187.67271 X19.57506 Z12.40995 B-18.72834 E-0.4374 F20000
G93
G94
G01 C2187.67271 X19.00042 Z12.60017 B-17.90257 E-0.4374 F20000
G93
G01 C2183.39686 X16.41603 Z12.99914 B-16.98612 E0.0036 F38855.1908
G01 C2171.83611 X13.89141 Z13.38784 B-16.06967 E0.0036 F38855.1908
G01 C2111.28275 X11.93303 Z13.76622 B-15.15322 E0.0036 F38855.1908
G01 C2043.22011 X12.45592 Z14.13422 B-14.23677 E0.0036 F38855.1908
G01 C2030.42499 X13.67312 Z14.49181 B-13.32032 E0.0036 F38855.1908
G01 C2012.49110 X13.57158 Z14.53912 B-12.65139 F39891.1150
G01 C1998.51167 X13.81386 Z14.58085 B-11.98246 F39891.1150
G01 C1988.43603 X14.27757 Z14.61698 B-11.31354 F39891.1150
G01 C1987.46697 X14.11698 Z14.67051 B-10.68806 F26594.0766
G01 C1986.58293 X13.95711 Z14.71912 B-10.06258 F26594.0766
G01 C1984.39427 X16.71012 Z14.38009 B-10.49872 E0.0310 F8460.8750
G01 C1986.60051 X17.58724 Z14.24698 B-11.08512 E0.0310 F8460.8750
G01 C1988.60272 X18.56259 Z14.09164 B-11.79171 E0.0310 F8460.8750
G01 C1990.42367 X19.61652 Z13.91473 B-12.59445 E0.0310 F8460.8750
G01 C1988.12104 X16.84324 Z14.23907 B-11.70901 F40352.0509
G01 C1984.23718 X14.09061 Z14.55360 B-10.82356 F40352.0509
G01 C1976.42368 X11.39368 Z14.85827 B-9.93812 F40352.0509
G01 C1974.15409 X10.76734 Z14.95478 B-9.18339 F40352.0509
G01 C1971.79632 X10.14647 Z15.04410 B-8.42866 F40352.0509
G01 C1969.35358 X9.53153 Z15.12622 B-7.67393 F40352.0509
G94
G01 C1953.28224 X8.65303 Z15.23538 B-6.79190 F20000
G93
G94
G01 C1936.50458 X8.08683 Z15.33465 B-5.90988 F20000
G93
G94
G01 C1921.59350 X7.81575 Z15.42403 B-5.02786 F20000
G93
G01 C1920.94521 X7.17683 Z15.44032 B-4.32413 E0.0061 F25075.0693
G01 C1920.25537 X6.53798 Z15.45029 B-3.62039 E0.0061 F25075.0693
G01 C1919.52009 X5.89933 Z15.45393 B-2.91666 E0.0061 F25075.0693
G01 C1918.32222 X5.09877 Z15.44216 B-2.07501 E0.0092 F16716.7128
G01 C1916.99499 X4.29962 Z15.42132 B-1.23337 E0.0092 F16716.7128
G01 C1984.62737 X4.74364 Z15.49564 B-0.82027 E0.0239 F6395.9597
G94
G01 C1984.62737 X4.50140 Z15.49841 B-0.48978 E-1.5973 F20000
G93
G01 C1998.49154 X4.43963 Z15.60822 B-0.06874 E0.0249 F6024.7921
G01 C2004.76215 X3.77312 Z15.65581 B0.47869 E0.0254 F6024.7921
G01 C2012.09483 X3.13602 Z15.59788 B1.05066 E0.0254 F6024.7921
G01 C2020.08380 X2.55168 Z15.56773 B1.64933 E0.0254 F6024.7921
G01 C2028.53727 X2.02987 Z15.53238 B2.26935 E0.0254 F6024.7921
G01 C2025.21840 X1.92914 Z15.56819 B2.71997 E0.0151 F10154.0978
G01 C2140.30103 X3.19450 Z14.58576 B2.11142 F13263.3699
G01 C2143.51898 X4.24609 Z14.62619 B1.41140 F13263.3699
G94
G01 C2143.51898 X4.65652 Z14.63430 B0.85139 E2.1872 F20000
G93
G94
G01 C2143.51898 X4.98491 Z14.63790 B0.40338 F20000
G93
G01 C2149.00252 X5.44603 Z14.64767 B-0.03495 E0.0311 F6796.9666
G01 C2154.16584 X5.94838 Z14.65503 B-0.46554 E0.0311 F6796.9666
G01 C2158.96035 X6.48860 Z14.66009 B-0.88993 E0.0311 F6796.9666
G01 C2163.36446 X7.06278 Z14.66293 B-1.30937 E0.0311 F6796.9666
G01 C2167.37824 X7.66695 Z14.66361 B-1.72484 E0.0311 F6796.9666
G01 C2171.01703 X8.29726 Z14.66217 B-2.13714 E0.0311 F6796.9666
G01 C2174.30555 X8.95021 Z14.65863 B-2.54691 E0.0311 F6796.9666
G01 C2171.90896 X9.40466 Z14.65428 B-2.95967 E0.0195 F10837.4267
G01 C2170.62835 X9.73714 Z14.64405 B-3.32767 E0.0102 F20783.2242
G01 C2167.10211 X9.55019 Z14.62565 B-3.53840 E0.0325 F6490.9857
G01 C2163.22875 X9.30018 Z14.61261 B-3.62330 E0.0325 F6490.9857
G01 C2158.99522 X9.00979 Z14.60419 B-3.60756 E0.0325 F6490.9857
G01 C2154.40164 X8.69830 Z14.59942 B-3.51129 E0.0325 F6490.9857
G01 C2149.46650 X8.38208 Z14.59732 B-3.35060 E0.0325 F6490.9857
G01 C2144.23108 X8.07494 Z14.59697 B-3.13838 E0.0325 F6490.9857
G01 C2138.76145 X7.78814 Z14.59758 B-2.88493 E0.0325 F6490.9857
G01 C2133.14628 X7.53045 Z14.59848 B-2.59849 E0.0325 F6490.9857
G01 C2134.76492 X7.97282 Z14.62127 B-2.55155 E0.0319 F6616.6532
G01 C2139.82792 X8.06514 Z14.62878 B-2.59606 E0.0319 F6616.6532
G01 C2144.75618 X8.25803 Z14.63376 B-2.71374 E0.0319 F6616.6532
G01 C2162.08442 X9.40796 Z14.65386 B-3.13616 E0.0319 F6616.6532
G01 C2165.71228 X10.00492 Z14.66937 B-3.55089 E0.0319 F6616.6532
G01 C2158.25288 X10.23475 Z14.65844 B-3.90919 E0.0280 F7527.1651
G01 C2154.33379 X10.15756 Z14.61251 B-4.11913 E0.0320 F6591.1488
G94
G01 C2133.31100 X10.58382 Z14.60209 B-4.21371 E-2.1872 F20000
G93
G01 C2137.32713 X10.32703 Z14.59526 B-4.25648 F13133.9661
G01 C2141.65419 X10.07819 Z14.59066 B-4.25780 F13133.9661
G01 C2146.27479 X9.84760 Z14.58787 B-4.22595 F13133.9661
G01 C2151.15401 X9.64412 Z14.58648 B-4.16758 F13133.9661
G01 C2187.11672 X10.06876 Z14.57324 B-3.95606 E0.0256 F2465.0832
G01 C2172.52830 X10.78257 Z14.58006 B-4.26312 E0.0264 F2348.0489
G01 C2169.35518 X11.16438 Z14.52384 B-4.64146 E0.0227 F2730.0875
G01 C2171.51886 X12.01488 Z14.41110 B-5.18969 E0.0280 F2217.1321
G01 C2173.45535 X12.97464 Z14.28445 B-5.87384 E0.0280 F2217.1321
G01 C2175.19484 X14.02188 Z14.14267 B-6.66673 E0.0280 F2217.1321
G01 C2176.76318 X15.13900 Z13.98457 B-7.54661 E0.0280 F2217.1321
G01 C2178.18329 X16.32245 Z13.83276 B-8.50547 E0.0280 F2217.1321
G01 C2182.46644 X16.77848 Z13.78466 B-9.09164 E0.0256 F2424.7113
G01 C2183.51004 X16.40838 Z13.86803 B-9.22924 E0.0256 F2424.7113
G01 C2184.65975 X15.78210 Z13.99316 B-9.00800 E0.0256 F2424.7113
G01 C2185.84274 X14.94678 Z14.14911 B-8.50061 E0.0256 F2424.3828
G01 C2179.01927 X15.97251 Z13.89099 B-8.85556 E0.0292 F2123.9753
G01 C2180.39929 X16.87796 Z13.74644 B-9.39585 E0.0292 F2123.9753
G01 C2181.35178 X16.47634 Z13.83344 B-9.49742 E0.0255 F2429.6165
G01 C2182.40371 X15.82381 Z13.96245 B-9.24803 E0.0255 F2429.6165
G01 C2183.40020 X15.01750 Z14.11249 B-8.74226 E0.0237 F2615.6098
G01 C2184.50337 X14.06475 Z14.28056 B-8.03140 E0.0237 F2615.6098
G01 C2182.01061 X13.43609 Z14.34946 B-7.44339 E0.0287 F2159.4577
G01 C2171.56335 X15.75555 Z13.89234 B-8.35738 E0.0281 F2077.7454
G01 C2173.18282 X17.08747 Z13.60832 B-9.13130 E0.0146 F4382.5846
G01 C2174.57819 X18.42535 Z13.31673 B-9.90522 E0.0146 F4382.5846
G01 C2175.26775 X19.17468 Z13.15973 B-10.63278 E0.0146 F4382.5846
G01 C2175.93063 X19.92436 Z12.99607 B-11.36035 E0.0146 F4382.5846
G01 C2176.56819 X20.64762 Z12.83146 B-12.05082 E0.0146 F4382.5846
G01 C2177.18171 X21.37102 Z12.66088 B-12.74130 E0.0146 F4382.5846
G01 C2177.77237 X22.07326 Z12.48940 B-13.40211 E0.0146 F4382.5846
G01 C2178.34132 X22.77546 Z12.31249 B-14.06293 E0.0146 F4382.5846
G01 C2162.52399 X18.73982 Z13.25925 B-13.39112 E0.0294 F2100.3172
G01 C2168.16937 X20.80897 Z12.79645 B-13.85141 E0.0316 F2029.0381
G01 C2169.95488 X21.68956 Z12.55476 B-14.45378 E0.0316 F2029.0381
G01 C2171.60036 X22.65946 Z12.28685 B-15.16982 E0.0316 F2029.0381
G01 C2173.11924 X23.70062 Z11.99431 B-15.97679 E0.0316 F2029.0381
G01 C2174.52369 X24.79843 Z11.67834 B-16.85651 E0.0316 F2029.0381
G01 C2174.30704 X25.44996 Z11.46963 B-17.38630 E0.0152 F4225.0364
G01 C2174.09962 X26.10058 Z11.25750 B-17.91609 E0.0152 F4225.0364
G01 C2172.79715 X26.07576 Z11.24316 B-18.53883 E0.0303 F2112.5182
G01 C2171.39810 X25.81419 Z11.30747 B-18.81211 E0.0303 F2112.5182
G01 C2169.89317 X25.36635 Z11.43741 B-18.80583 E0.0303 F2112.5182
G01 C2168.27222 X24.77200 Z11.61988 B-18.57588 E0.0303 F2112.5182
G01 C2166.52419 X24.06271 Z11.84279 B-18.16701 E0.0303 F2112.5182
G01 C2157.50884 X21.92760 Z12.38702 B-17.17021 E0.0154 F4001.8170
G01 C2145.70715 X20.10186 Z12.91909 B-16.17340 E0.0154 F4001.8170
G01 C2147.41765 X19.79502 Z13.00952 B-15.51241 E0.0154 F4001.8170
G01 C2149.06427 X19.49403 Z13.09457 B-14.85143 E0.0154 F4001.8170
G01 C2152.16995 X19.29074 Z13.15449 B-14.06678 E0.0308 F2000.9085
G01 C2161.98976 X21.20119 Z12.57710 B-14.75412 E0.0083 F6840.6513
G01 C2169.30864 X23.34224 Z11.99386 B-15.44147 E0.0083 F6840.6513
G01 C2174.80803 X25.63154 Z11.40480 B-16.12881 E0.0083 F6840.6513
G01 C2159.51423 X22.30618 Z12.37884 B-16.10208 F14269.0138
G94
G01 C2159.51423 X22.29112 Z12.38318 B-16.08070 E2.2212 F20000
G93
G94
G01 C2159.51423 X22.27907 Z12.38665 B-16.06359 F20000
G93
G01 C2152.78588 X20.76315 Z12.77285 B-15.37971 E0.0137 F4494.0252
G01 C2144.58504 X19.40855 Z13.15327 B-14.69582 E0.0137 F4494.0252
G01 C2143.05476 X18.80292 Z13.31209 B-14.02722 E0.0137 F4494.0252
G01 C2141.47849 X18.20224 Z13.46536 B-13.35862 E0.0137 F4494.0252
G01 C2138.58877 X18.31619 Z13.50673 B-12.61246 E0.0272 F2270.5264
G01 C2146.17534 X20.25048 Z12.92390 B-13.37773 E0.0142 F4430.9358
G01 C2151.92055 X22.32368 Z12.33377 B-14.14299 E0.0142 F4430.9358
G01 C2149.67973 X23.63509 Z11.95930 B-15.09452 E0.0142 F4430.9358
G01 C2147.65560 X24.96104 Z11.57365 B-16.04606 E0.0142 F4430.9358
G01 C2147.02453 X25.79709 Z11.32566 B-16.92039 E0.0142 F4430.9358
G01 C2146.41379 X26.63189 Z11.06831 B-17.79472 E0.0142 F4430.9358
G01 C2145.08087 X23.39203 Z11.69744 B-16.89035 E0.0004 F96712.7123
G01 C2142.94025 X20.15885 Z12.31656 B-15.98598 E0.0004 F96712.7123
G01 C2138.95722 X16.94514 Z12.92561 B-15.08160 E0.0004 F96712.7123
G01 C2129.17829 X13.80051 Z13.52457 B-14.17723 E0.0004 F96712.7123
G01 C2086.23290 X11.14274 Z14.11338 B-13.27286 E0.0004 F96712.7123
G01 C2090.14324 X10.47717 Z14.24104 B-12.36455 E0.0047 F7909.0108
G01 C2094.12174 X9.81638 Z14.35839 B-11.45624 E0.0047 F7909.0108
G01 C2098.13118 X9.16067 Z14.46539 B-10.54793 E0.0047 F7909.0108
G01 C2102.13259 X8.51024 Z14.56202 B-9.63962 E0.0047 F7909.0108
G01 C2107.38906 X7.82313 Z14.64885 B-8.66551 E0.0063 F5931.7581
G01 C2112.47991 X7.14642 Z14.72368 B-7.69140 E0.0063 F5931.7581
G01 C2117.33727 X6.47961 Z14.78647 B-6.71729 E0.0063 F5931.7581
G01 C2137.07037 X6.12569 Z14.76316 B-6.04128 E0.0042 F12327.6105
G01 C2152.35428 X5.93414 Z14.73403 B-5.36527 E0.0042 F12327.6105
G01 C2163.10004 X5.84464 Z14.69908 B-4.68926 E0.0042 F12327.6105
G01 C2164.80257 X5.27252 Z14.74360 B-3.88099 E0.0043 F12043.4347
G01 C2166.47762 X4.70194 Z14.77979 B-3.07271 E0.0043 F12043.4347
G01 C2168.14653 X4.17244 Z14.80984 B-2.40848 E0.0046 F11110.8994
G01 C2169.87486 X3.64481 Z14.83425 B-1.74426 E0.0046 F11110.8994
G01 C2310.21242 X4.35112 Z15.81271 B-0.89057 F14056.3359
G01 C2310.31345 X3.33323 Z15.71993 B-0.19655 F14056.3359
G94
G01 C2310.45288 X2.40898 Z15.62170 B0.36973 E1.6043 F20000
G93
G94
G01 C2310.45288 X2.07692 Z15.61824 B0.82275 F20000
G93
G01 C2359.58221 X1.92686 Z15.60502 B1.04942 E0.0037 F41390.2486
G01 C2364.67160 X4.04810 Z15.89886 B0.94889 E0.0254 F6945.7570
G01 C2370.22624 X3.79508 Z15.90298 B1.04439 F15201.6974
G94
G01 C2382.23623 X3.30255 Z15.91335 B1.45243 F20000
G93
G01 C2382.52004 X2.97221 Z15.90622 B1.80861 E0.0029 F14420.2024
G01 C2383.43820 X2.49002 Z15.89736 B2.18283 E0.0042 F14420.2024
G01 C2383.85805 X2.19745 Z15.87408 B2.48742 E0.0046 F14317.1997
G01 C2382.84992 X2.06013 Z15.87279 B2.71348 E0.0046 F14324.3381
G01 C2381.85681 X1.96992 Z15.87869 B2.87809 E0.0042 F14391.1378
G01 C2372.17568 X4.32797 Z15.87361 B2.07781 E0.0136 F3734.7674
G01 C2282.70731 X2.11662 Z15.80989 B2.64714 E0.0189 F2452.5919
G01 C2277.30182 X1.50327 Z15.72217 B3.16389 E0.0189 F2452.5919
G01 C2270.98715 X0.92062 Z15.62480 B3.63644 E0.0202 F2288.7888
G01 C2303.81236 X1.57879 Z15.82168 B3.48928 E0.0226 F2223.3929
G01 C2220.97814 X1.43947 Z15.40312 B2.75805 E0.0182 F12556.0647
G01 C2188.33709 X6.12098 Z14.97772 B2.02681 E0.0182 F12556.0647
G01 C2186.75552 X6.44460 Z14.99181 B1.43561 E0.0151 F15189.5692
G01 C2185.12833 X6.77421 Z15.00144 B0.84440 E0.0151 F15189.5692
G01 C2186.76203 X6.78906 Z14.98246 B0.10092 E0.0349 F6558.5031
G01 C2185.10714 X6.23394 Z14.95664 B-0.26984 E0.0375 F6106.7763
G01 C2183.28670 X7.18643 Z14.97839 B-0.78388 E0.0375 F6106.7763
G01 C2181.75914 X8.22848 Z14.99477 B-1.41253 E0.0375 F6106.7763
G01 C2181.08182 X8.55773 Z14.98421 B-1.91590 E0.0060 F38220.0925
G01 C2180.63187 X8.75342 Z14.97174 B-2.29935 E0.0064 F35553.0630
G01 C2179.83615 X8.89683 Z14.96145 B-2.59642 E0.0078 F29248.9660
G01 C2178.37658 X9.02082 Z14.95399 B-2.84130 E0.0119 F19244.4590
G01 C2179.57277 X8.45716 Z14.93057 B-2.83242 E0.0353 F6484.0214
G01 C2180.99705 X7.74818 Z14.91422 B-2.62055 E0.0353 F6484.0214
G01 C2182.71912 X6.92459 Z14.90212 B-2.24629 E0.0353 F6484.0214
G01 C2181.29677 X5.20779 Z14.87550 B-1.57006 E0.0348 F6581.3220
G01 C2179.31436 X5.50481 Z14.90497 B-1.23083 E0.0348 F6581.3220
G01 C2177.75359 X6.00373 Z14.92943 B-1.16119 E0.0348 F6581.3220
G01 C2176.27552 X3.81935 Z14.87102 B-0.53859 E0.0342 F6696.0287
G01 C2173.69103 X3.58492 Z14.87886 B-0.09114 E0.0114 F20043.3504
G01 C2168.21186 X3.41099 Z14.88485 B0.21651 E0.0218 F10492.2384
G01 C2167.75313 X3.97007 Z14.90900 B0.25335 E0.0361 F6344.0541
G01 C2167.40780 X4.68816 Z14.93364 B0.07353 E0.0361 F6344.0541
G01 C2167.13848 X5.53344 Z14.95745 B-0.27962 E0.0361 F6344.0541
G01 C2166.92257 X6.48043 Z14.97841 B-0.77142 E0.0361 F6344.0541
G01 C2166.74561 X7.50875 Z14.99440 B-1.37415 E0.0361 F6344.0541
G01 C2142.48240 X3.63108 Z14.86403 B-0.65425 E0.0313 F7069.2789
G01 C2133.64443 X3.17271 Z14.97923 B0.07262 E0.0309 F6685.9533
G01 C2139.05418 X4.97433 Z14.93895 B-0.09274 E0.0372 F6156.0840
G01 C2137.34170 X5.97370 Z14.96543 B-0.45975 E0.0364 F6283.6112
G01 C2139.89442 X6.87491 Z14.98533 B-0.96465 E0.0364 F6283.6112
G01 C2137.78594 X7.19966 Z14.97847 B-1.35754 E0.0147 F15529.6530
G01 C2135.22152 X7.41707 Z14.96985 B-1.64199 E0.0177 F12923.2469
G01 C2137.86838 X9.35494 Z15.01081 B-2.38346 F15371.9576
G94
G01 C2137.86838 X9.78928 Z14.99048 B-2.97663 F20000
G93
G01 C2141.45209 X9.98678 Z14.97009 B-3.44706 E0.0261 F9663.1130
G01 C2145.16445 X10.14259 Z14.95174 B-3.81929 E0.0261 F9663.1130
G01 C2146.08294 X10.20888 Z14.93411 B-4.08013 E0.0089 F28299.5060
G01 C2150.58353 X10.25694 Z14.92171 B-4.27963 E0.0303 F8343.0298
G01 C2155.18020 X10.31410 Z14.91159 B-4.43007 E0.0303 F8343.0298
G01 C2158.63304 X10.94030 Z14.88105 B-4.73028 E0.0306 F8105.7833
G01 C2161.70773 X11.73768 Z14.76297 B-5.23912 E0.0306 F8105.7833
G01 C2164.46101 X12.67688 Z14.62916 B-5.91487 E0.0306 F8105.7833
G01 C2166.92988 X13.73000 Z14.47819 B-6.72414 E0.0306 F8105.7833
G01 C2169.14833 X14.87436 Z14.30873 B-7.64027 E0.0305 F8105.7833
G01 C2170.17316 X15.48097 Z14.21699 B-8.14145 E0.0152 F16211.5667
G01 C2171.14681 X16.09004 Z14.12206 B-8.64262 E0.0152 F16211.5667
G01 C2172.07249 X16.72625 Z14.01993 B-9.17828 E0.0152 F16211.5667
G01 C2172.95322 X17.36438 Z13.91417 B-9.71393 E0.0152 F16211.5667
G01 C2173.76507 X18.04726 Z13.79344 B-10.29218 E0.0162 F16211.5667
G01 C2174.53691 X18.73139 Z13.66850 B-10.87042 E0.0162 F16211.5667
G01 C2175.29050 X19.42030 Z13.51404 B-11.47976 E0.0162 F16211.5667
G01 C2176.01057 X20.11009 Z13.35492 B-12.08910 E0.0162 F16211.5667
G01 C2177.69573 X20.80435 Z13.20335 B-12.66928 E0.0127 F20191.7305
G01 C2179.30040 X21.50722 Z13.04758 B-13.24946 E0.0127 F20191.7305
G94
G01 C2166.89549 X21.99071 Z12.73994 B-13.96491 E-3.6362 F20000
G93
G94
G01 C2154.99027 X23.01613 Z12.42594 B-14.68037 E-3.6362 F20000
G93
G94
G01 C2144.45061 X24.52045 Z12.10561 B-15.39582 E-3.6362 F20000
G93
T1
G01 C2145.66957 X25.10678 Z11.91580 B-16.27375 F27005.3148
G01 C2146.89398 X25.69641 Z11.71653 B-17.15168 F27005.3148
G01 C2148.12276 X26.18031 Z11.54313 B-17.87341 F27005.3148
G01 C2149.35480 X26.66830 Z11.36339 B-18.59515 F27005.3148
G01 C2150.58895 X27.07383 Z11.20754 B-19.19192 F27005.3148
G01 C2151.82409 X27.48402 Z11.04738 B-19.78869 F27005.3148
G01 C2154.29272 X28.18129 Z10.76646 B-20.78229 F13502.6574
G01 C2156.75156 X28.78971 Z10.51708 B-21.61594 F13502.6574
G01 C2161.81489 X30.10151 Z9.87687 B-22.35461 E0.0072 F5044.4507
G01 C2166.29859 X31.50864 Z9.23021 B-23.09328 E0.0072 F5044.4507
G01 C2170.25067 X32.99436 Z8.57712 B-23.83195 E0.0072 F5044.4507
G01 C2169.85405 X33.40201 Z8.43465 B-24.62772 E0.0106 F4962.1623
G01 C2169.45120 X33.80705 Z8.28482 B-25.42350 E0.0106 F4962.1623
G01 C2169.02441 X34.02578 Z8.20855 B-25.97120 E0.0106 F4962.1623
G01 C2168.58975 X34.24372 Z8.12882 B-26.51889 E0.0106 F4962.1623
G01 C2167.44390 X34.23507 Z8.18797 B-27.04155 E0.0258 F1618.9048
G01 C2166.20827 X33.95387 Z8.31831 B-27.20152 E0.0303 F1618.9048
G01 C2164.81228 X33.51147 Z8.47349 B-27.17674 E0.0303 F1618.9048
G01 C2163.33162 X32.98161 Z8.67799 B-27.00415 E0.0303 F1618.9048
G01 C2161.77380 X32.37721 Z8.92299 B-26.69438 E0.0292 F1618.9048
G01 C2161.51812 X31.75181 Z9.18680 B-26.25002 F21784.6289
G01 C2161.24915 X31.05449 Z9.48264 B-25.69798 F21784.6289
G94
G01 C2161.24915 X30.76223 Z9.62190 B-25.25634 F20000
G93
G01 C2160.81484 X30.39273 Z9.78300 B-24.84753 E0.0075 F6269.8363
G01 C2159.10447 X30.68930 Z9.68320 B-24.74506 E0.0283 F1668.4541
G01 C2157.48807 X31.15998 Z9.50802 B-24.88766 E0.0283 F1668.4541
G01 C2153.27809 X32.80502 Z8.88033 B-25.51839 E0.0294 F1668.4541
G01 C2151.52821 X33.79902 Z8.33145 B-26.19103 E0.0138 F3903.7390
G01 C2149.90151 X34.80370 Z7.77738 B-26.86366 E0.0138 F3903.7390
G01 C2148.94199 X35.58194 Z7.26451 B-27.65512 E0.0092 F3903.7390
G01 C2148.01352 X36.36082 Z6.74454 B-28.44657 E0.0092 F3903.7390
G01 C2168.66571 X34.09046 Z8.21232 B-28.09971 E0.0301 F1628.4920
G01 C2167.30919 X33.37369 Z8.50555 B-27.67035 E0.0301 F1628.4920
G01 C2156.52535 X33.16216 Z8.57174 B-27.39847 F15013.8297
G01 C2155.68360 X33.61890 Z8.40618 B-27.37364 F15013.8297
G01 C2154.89586 X34.20709 Z8.17384 B-27.54643 F15013.8297
G01 C2158.73809 X35.33696 Z7.68137 B-28.02518 E0.0264 F2471.0730
G01 C2160.51160 X35.55779 Z7.56018 B-28.39324 E0.0264 F2471.0730
G01 C2338.57768 X33.38911 Z9.27325 B-28.26004 F13095.9437
G94
G01 C2338.57768 X33.32027 Z9.31017 B-28.15349 E2.1608 F20000
G93
G01 C2333.44733 X34.99542 Z8.44265 B-28.72764 E0.0090 F3749.5744
G01 C2329.17606 X36.76766 Z7.57144 B-29.30179 E0.0090 F3749.5744
G01 C2348.68396 X37.06459 Z7.44415 B-30.02127 E0.0261 F1841.3246
G01 C2347.32670 X36.89089 Z7.59144 B-30.32938 E0.0285 F1682.5194
G01 C2346.16226 X36.60541 Z7.77280 B-30.36757 E0.0235 F1682.5194
G01 C2344.84755 X36.17443 Z7.95602 B-30.27848 E0.0278 F1682.5194
G01 C2343.44247 X35.68307 Z8.16599 B-30.10049 E0.0278 F1682.5194
G01 C2341.96362 X35.15556 Z8.40159 B-29.85139 E0.0278 F1682.5194
G01 C2340.40717 X34.60138 Z8.65709 B-29.54540 E0.0278 F1682.5194
G01 C2338.76934 X34.02829 Z8.92782 B-29.19390 E0.0278 F1682.5194
G01 C2338.60149 X33.03660 Z9.37910 B-28.54804 F13266.9562
G94
G01 C2338.60149 X32.70309 Z9.55860 B-28.03135 F20000
G93
G01 C2338.58823 X32.43082 Z9.70180 B-27.61574 E0.0002 F212132.0344
G01 C2332.32946 X34.30581 Z8.97468 B-27.99225 E0.0290 F1610.0647
G01 C2331.07114 X35.04754 Z8.67900 B-28.46628 E0.0287 F1630.1536
G01 C2329.32683 X35.94400 Z8.10603 B-28.99641 E0.0118 F4277.0134
G01 C2327.70403 X36.85217 Z7.52991 B-29.52654 E0.0118 F4277.0134
G01 C2335.95698 X37.47972 Z7.23595 B-30.36928 E0.0180 F1869.5243
G01 C2333.82404 X34.49694 Z8.70150 B-29.86775 E0.0273 F1712.4368
G01 C2332.42750 X34.71333 Z8.65991 B-29.59045 E0.0273 F1712.4368
G01 C2349.43182 X36.03354 Z8.08651 B-29.72116 E0.0256 F1540.6667
G01 C2346.65625 X35.09574 Z8.49242 B-29.53771 E0.0304 F1540.6667
G01 C2345.09732 X34.50426 Z8.74393 B-29.27503 E0.0304 F1540.6667
G01 C2343.44216 X33.88268 Z9.01719 B-28.94894 E0.0304 F1540.6667
G01 C2340.26858 X33.76651 Z9.07666 B-28.72285 F13860.9006
G01 C2341.62881 X34.17579 Z8.91503 B-28.67693 F13860.9006
G01 C2342.90582 X34.68514 Z8.70265 B-28.77514 F13860.9006
G01 C2344.10585 X35.27516 Z8.44926 B-28.98866 F13860.9006
G01 C2345.23470 X35.93006 Z8.16232 B-29.29442 F13860.9006
G01 C2344.91282 X36.15271 Z8.04200 B-29.56069 E0.0296 F2104.8281
G01 C2343.45281 X35.81365 Z8.15924 B-29.66041 E0.0296 F2104.8281
G01 C2341.91351 X35.39998 Z8.32475 B-29.62689 E0.0296 F2104.8281
G01 C2340.29066 X34.92947 Z8.52877 B-29.48678 E0.0296 F2104.8281
G01 C2338.58011 X34.41639 Z8.76317 B-29.26140 E0.0296 F2104.8281
G01 C2337.09632 X34.74151 Z8.64213 B-29.20423 E0.0271 F2298.7456
G01 C2335.68688 X35.16178 Z8.47291 B-29.28161 E0.0271 F2298.7456
G01 C2337.24615 X36.58985 Z7.83860 B-29.72648 E0.0262 F2375.7483
G01 C2339.08801 X36.79522 Z7.70693 B-30.06614 E0.0262 F2375.7483
G01 C2341.59663 X36.14476 Z7.96966 B-30.09998 E0.0271 F2301.8896
G01 C2340.41196 X36.55085 Z7.78658 B-30.24036 E0.0258 F2420.4949
G01 C2342.25753 X36.64029 Z7.74223 B-30.34508 E0.0258 F2420.4949
G01 C2340.53666 X36.38617 Z7.84102 B-30.35710 F14621.1567
G01 C2338.75700 X36.09928 Z7.96725 B-30.29497 F14621.1567
G94
G01 C2338.75700 X36.06781 Z7.98562 B-30.24526 F20000
G93
G01 C2338.54265 X36.32160 Z8.20627 B-30.36569 F26000.0000
G94
G01 C2338.54265 X36.38251 Z8.17051 B-30.46204 F20000
G93
G01 C2338.55719 X35.84391 Z8.40001 B-30.37884 F15394.4137
G01 C2348.69834 X37.87440 Z7.31266 B-31.05679 E0.0294 F1630.6759
G01 C2347.36546 X37.68896 Z7.46174 B-31.33705 E0.0281 F1709.2069
G01 C2346.14156 X37.37134 Z7.67287 B-31.33875 E0.0231 F1709.2069
G01 C2344.86789 X36.93636 Z7.87259 B-31.21253 E0.0274 F1709.2069
G01 C2343.49113 X36.43727 Z8.09127 B-31.00746 E0.0274 F1709.2069
G01 C2342.04459 X35.90715 Z8.33315 B-30.73931 E0.0274 F1709.2069
G01 C2340.52481 X35.35435 Z8.59298 B-30.42069 E0.0274 F1709.2069
G01 C2338.61731 X33.77358 Z9.34157 B-29.54876 F13179.8507
G94
G01 C2338.61731 X33.32723 Z9.59103 B-28.85121 F20000
G93
G01 C2338.59538 X32.96084 Z9.78965 B-28.28943 E0.0004 F127279.2206
G01 C2332.18390 X34.99293 Z8.97372 B-28.70587 E0.0294 F1593.2440
G01 C2330.19428 X35.95001 Z8.41660 B-29.22438 E0.0158 F3186.4880
G01 C2328.36132 X36.92257 Z7.85648 B-29.74289 E0.0158 F3186.4880
G01 C2328.18169 X37.62593 Z7.35662 B-30.42948 E0.0099 F3416.8503
G01 C2328.00785 X38.32639 Z6.85156 B-31.11606 E0.0099 F3416.8503
G01 C2347.51677 X36.36632 Z8.17487 B-30.87722 E0.0296 F1581.6952
G01 C2346.06268 X35.75759 Z8.44088 B-30.57370 E0.0296 F1581.6952
G01 C2344.52278 X35.12531 Z8.72499 B-30.21843 E0.0296 F1581.6952
G01 C2337.97413 X34.81547 Z8.87047 B-29.93870 F14757.9520
G01 C2338.28201 X35.27906 Z8.68615 B-29.87931 F14757.9520
G01 C2338.56910 X35.85501 Z8.43737 B-29.99620 F14757.9520
G01 C2338.83743 X36.52059 Z8.13646 B-30.25411 F14757.9520
G01 C2339.08878 X37.25725 Z7.79276 B-30.62484 F14757.9520
G94
G01 C2339.08878 X37.44405 Z7.68153 B-30.92142 E2.1608 F20000
G93
G94
G01 C2339.08878 X37.59307 Z7.59184 B-31.15869 F20000
G93
G01 C2340.97389 X37.74658 Z7.50478 B-31.34791 E0.0272 F2296.3353
G01 C2168.26671 X38.12974 Z6.27865 B-31.70175 E0.0215 F1681.6639
G01 C2169.45289 X38.04696 Z6.32718 B-31.85090 E0.0213 F2466.3829
G01 C2166.48249 X36.71675 Z7.15253 B-31.23522 E0.0269 F1822.5043
G01 C2165.27977 X35.93814 Z7.52100 B-30.60591 E0.0269 F1822.5043
G01 C2163.88622 X35.13013 Z7.89922 B-29.95823 E0.0289 F1694.7590
G01 C2160.86244 X33.84359 Z8.46971 B-29.14156 E0.0279 F1694.7590
G01 C2160.76222 X32.65763 Z9.01303 B-28.15891 F13346.1113
G94
G01 C2160.76222 X32.14773 Z9.28148 B-27.37280 F20000
G93
G01 C2159.05490 X32.24531 Z9.28704 B-26.96686 E0.0283 F1669.5545
G01 C2154.57915 X33.56709 Z8.79493 B-27.17299 E0.0293 F1669.5545
G01 C2153.26101 X34.19745 Z8.54016 B-27.50085 E0.0293 F1669.5545
G01 C2151.57767 X35.09267 Z8.02650 B-28.03429 E0.0144 F3743.3152
G01 C2150.01186 X35.99852 Z7.50963 B-28.56773 E0.0144 F3743.3152
G01 C2149.01114 X36.71526 Z7.00758 B-29.25798 E0.0096 F3743.3152
G01 C2148.04400 X37.43380 Z6.50022 B-29.94823 E0.0096 F3743.3152
G01 C2172.38383 X37.72323 Z6.42667 B-30.72401 E0.0241 F1501.5018
G01 C2168.86220 X35.54144 Z7.78132 B-30.10211 E0.0274 F1789.1917
G01 C2166.13592 X34.17411 Z8.35878 B-29.30515 E0.0321 F1527.4731
G01 C2160.66180 X33.96750 Z8.46443 B-28.77808 F18869.3909
G94
G01 C2160.66180 X33.69604 Z8.61224 B-28.35642 F20000
G93
G01 C2159.19913 X33.93603 Z8.53949 B-28.17301 E0.0277 F2360.2605
G01 C2157.80980 X34.30783 Z8.40060 B-28.18021 E0.0277 F2360.2605
G01 C2156.48995 X34.78615 Z8.20877 B-28.33988 E0.0277 F2360.2605
T0
G01 C2157.83100 X32.26754 Z8.84417 B-27.39602 E0.0024 F14717.6579
G01 C2159.63413 X29.75322 Z9.46945 B-26.45216 E0.0024 F14717.6579
G01 C2162.18147 X27.24928 Z10.08453 B-25.50830 E0.0024 F14717.6579
G01 C2166.03293 X24.76785 Z10.68932 B-24.56444 E0.0024 F14717.6579
G01 C2172.44779 X22.33686 Z11.28374 B-23.62058 E0.0024 F14717.6579
G01 C2184.71578 X20.03481 Z11.86772 B-22.67672 E0.0024 F14717.6579
G01 C2211.66265 X18.13457 Z12.44119 B-21.73286 E0.0024 F14717.6579
G01 C2215.49929 X17.41591 Z12.70399 B-20.84328 E0.0027 F12751.8029
G01 C2219.67613 X16.70573 Z12.95733 B-19.95370 E0.0027 F12751.8029
G01 C2224.19017 X16.00576 Z13.20115 B-19.06412 E0.0027 F12751.8029
G01 C2229.02128 X15.31772 Z13.43541 B-18.17454 E0.0027 F12751.8029
G01 C2234.12868 X14.64324 Z13.66004 B-17.28496 E0.0027 F12751.8029
G01 C2239.44961 X13.98373 Z13.87501 B-16.39538 E0.0027 F12751.8029
G01 C2241.44433 X13.37245 Z14.05556 B-15.55378 E0.0033 F10626.5024
G01 C2243.47121 X12.76134 Z14.22738 B-14.71218 E0.0033 F10626.5024
G01 C2245.52586 X12.15059 Z14.39044 B-13.87058 E0.0033 F10626.5024
G01 C2247.60346 X11.54038 Z14.54470 B-13.02899 E0.0033 F10626.5024
G01 C2249.69887 X10.93087 Z14.69013 B-12.18739 E0.0033 F10626.5024
G01 C2258.73139 X10.22996 Z14.82850 B-11.42595 E0.0053 F6716.8998
G01 C2269.04587 X9.58242 Z14.95960 B-10.66451 E0.0053 F6716.8998
G01 C2280.15659 X8.99763 Z15.08341 B-9.90307 E0.0053 F6716.8998
G01 C2291.28775 X8.47947 Z15.19991 B-9.14163 E0.0053 F6716.8998
G01 C2296.37534 X7.93673 Z15.29681 B-8.35821 E0.0071 F5037.6749
G01 C2301.28926 X7.40685 Z15.38594 B-7.57479 E0.0071 F5037.6749
G01 C2305.97048 X6.88907 Z15.46728 B-6.79138 E0.0071 F5037.6749
G01 C2309.95629 X6.25493 Z15.54530 B-5.87583 E0.0060 F5995.6714
G01 C2313.79240 X5.62882 Z15.61265 B-4.96029 E0.0060 F5995.6714
G01 C2330.72887 X4.91104 Z15.61827 B-4.25883 E0.0055 F6405.6940
G01 C2349.90106 X4.37767 Z15.61762 B-3.55736 E0.0055 F6405.6940
G01 C2355.73572 X3.85009 Z15.64097 B-2.96668 E0.0084 F4236.8748
G01 C2362.19721 X3.34163 Z15.65987 B-2.37600 E0.0084 F4236.8748
G01 C2369.20315 X2.92010 Z15.67224 B-1.87395 E0.0084 F4236.8748
G01 C2376.59411 X2.52304 Z15.68138 B-1.37189 E0.0084 F4236.8748
G01 C2390.82262 X1.82965 Z15.67415 B-0.51106 E0.0159 F2232.8932
G01 C2409.76159 X1.12482 Z15.61650 B0.24725 E0.0208 F1702.4087
G01 C2430.68353 X0.63837 Z15.58443 B0.92851 E0.0208 F1702.4087
G01 C2453.26637 X0.22404 Z15.49013 B1.53620 E0.0154 F2300.5191
G01 C2470.18692 X-0.11660 Z15.36433 B2.04947 E0.0177 F2004.9887
G01 C2332.07070 X0.12462 Z15.65735 B2.06039 E0.0024 F15655.1336
G01 C2330.68251 X3.06434 Z16.14746 B1.77343 E0.0049 F39112.3881
G01 C2334.85884 X3.20880 Z16.07878 B1.50040 F23697.2627
G01 C2304.89909 X2.00935 Z15.99845 B1.69338 E0.0212 F2185.8015
G01 C2295.90624 X1.77269 Z15.98464 B1.97679 E0.0212 F2185.8015
G01 C2290.60333 X1.47416 Z15.95300 B2.27324 E0.0130 F3563.4047
G01 C2307.15544 X1.22959 Z15.91493 B2.28584 E0.0225 F2114.3825
G01 C2316.98626 X1.42520 Z15.92718 B2.20309 E0.0225 F2114.3825
G01 C2325.74931 X1.75734 Z15.94137 B2.04407 E0.0225 F2114.3825
G01 C2344.22268 X2.98421 Z16.05905 B1.71808 E0.0224 F2114.3825
G01 C2350.86758 X3.17512 Z16.12026 B1.50146 E0.0202 F2334.6436
G01 C2346.31984 X2.88313 Z16.02167 B1.34429 E0.0222 F2132.7109
G94
G01 C2355.91458 X3.26627 Z16.14421 B1.25378 E1.6379 F20000
G93
G94
G01 C2355.91458 X3.31934 Z16.14534 B1.18138 F20000
G93
G01 C2352.05739 X2.93865 Z16.04662 B1.13798 E0.0210 F2254.3256
G01 C2347.27699 X2.56198 Z15.95092 B1.11852 E0.0210 F2254.3256
G01 C2346.02815 X1.20158 Z15.75675 B1.25492 E0.0123 F3850.0912
G01 C2359.92840 X0.85600 Z15.73610 B1.43622 E0.0221 F2141.4611
G01 C2368.43617 X0.63316 Z15.73061 B1.62405 E0.0121 F3894.6416
G01 C2377.55474 X0.45003 Z15.72455 B1.81710 E0.0121 F3894.6416
G01 C2393.16452 X0.21934 Z15.69691 B2.04541 E0.0204 F2319.1578
G01 C2402.69240 X-0.02719 Z15.70168 B2.27837 E0.0126 F3747.6219
G01 C2435.96489 X-0.31564 Z15.52845 B2.64095 E0.0199 F2313.9542
G01 C2453.73349 X-0.55406 Z15.42691 B2.98061 E0.0215 F2148.1209
G01 C2469.75946 X-0.73077 Z15.37268 B3.26929 E0.0194 F2380.7931
G01 C2370.00323 X1.04701 Z15.96714 B2.99225 E0.0166 F2847.4660
G01 C2367.96517 X1.30712 Z15.98776 B2.74866 E0.0061 F7704.3472
G01 C2378.78535 X0.46701 Z15.87523 B2.70109 E0.0074 F7562.5913
G01 C2381.44542 X0.39751 Z15.81516 B2.67097 E0.0080 F7562.5913
G01 C2384.24727 X0.30875 Z15.79447 B2.67255 E0.0087 F7562.5913
G01 C2387.24513 X0.20713 Z15.77538 B2.70038 E0.0092 F7610.0413
G01 C2385.26087 X0.19092 Z15.77374 B2.70229 E0.0048 F14741.9702
G01 C2383.18618 X0.17502 Z15.81885 B2.70416 E0.0044 F14851.0757
G01 C2379.16169 X0.18558 Z15.77122 B2.66988 E0.0039 F14598.3673
G01 C2377.10209 X0.20992 Z15.77144 B2.63151 E0.0035 F14741.9702
G94
G01 C2312.75662 X0.35900 Z15.77478 B2.56807 F20000
G93
G01 C2303.04172 X0.26926 Z15.76571 B2.58456 E0.0152 F2920.3997
G01 C2289.61723 X0.08763 Z15.73382 B2.70128 E0.0210 F2200.3271
G01 C2275.86604 X-0.04723 Z15.69938 B2.91487 E0.0210 F2200.3271
G01 C2263.10397 X-0.12458 Z15.66123 B3.20594 E0.0210 F2200.3271
G01 C2238.06869 X-0.19133 Z15.52917 B3.60047 E0.0226 F2126.2355
G01 C2222.80826 X-0.08799 Z15.43388 B3.87682 E0.0101 F4735.8378
G01 C2197.79776 X3.74887 Z15.26165 B2.98192 E0.0244 F2265.1866
G01 C2204.87954 X3.07097 Z15.40359 B2.70201 E0.0232 F2265.1866
G01 C2214.11621 X2.20866 Z15.49402 B2.81010 E0.0213 F2265.1866
G01 C2181.81622 X3.19909 Z15.20689 B2.19726 E0.0294 F2146.6629
G01 C2178.96367 X2.93938 Z15.20061 B1.84308 E0.0294 F2146.6629
G01 C2175.33786 X2.54164 Z15.18860 B1.69579 E0.0294 F2146.6629
G01 C2170.61998 X2.04239 Z15.17285 B1.71402 E0.0294 F2146.6629
G01 C2164.33342 X1.47605 Z15.15405 B1.86466 E0.0294 F2146.6629
G01 C2155.79742 X0.87890 Z15.13216 B2.12124 E0.0294 F2146.6629
G94
G01 C2132.66230 X0.08144 Z15.21538 B2.54637 E-1.6052 F20000
G93
G01 C2119.06499 X-0.20814 Z15.29394 B2.92455 F15838.9913
G01 C2106.02419 X-0.36322 Z15.37226 B3.26517 F15838.9913
G01 C2094.66508 X-0.40292 Z15.45047 B3.57574 F15838.9913
G01 C2152.90945 X0.38305 Z15.10625 B3.34630 E0.0314 F2010.5600
G01 C2161.23008 X1.03811 Z15.13602 B3.01743 E0.0314 F2010.5600
G01 C2167.56801 X1.80402 Z15.16711 B2.60903 E0.0314 F2010.5600
G01 C2172.44592 X2.65178 Z15.19783 B2.13701 E0.0314 F2010.5600
G01 C2176.26494 X3.56094 Z15.22677 B1.61408 E0.0314 F2010.5600
G01 C2179.31100 X4.51687 Z15.25277 B1.05042 E0.0314 F2010.5600
G01 C2181.78420 X5.50891 Z15.27490 B0.45419 E0.0314 F2010.5600
G01 C2183.82517 X6.52907 Z15.29243 B-0.16810 E0.0314 F2010.5600
G01 C2185.53404 X7.57131 Z15.30480 B-0.81124 E0.0314 F2010.5600
G01 C2181.58572 X7.87774 Z15.30300 B-1.37291 F15894.6688
G01 C2177.53452 X8.16988 Z15.29875 B-1.86941 F15894.6688
G94
G01 C2177.53452 X8.46085 Z15.28824 B-2.26661 F20000
G93
G01 C2179.67693 X8.90387 Z15.28027 B-2.61138 E0.0149 F3730.6501
G01 C2182.10232 X9.05176 Z15.26619 B-2.83618 E0.0156 F4058.1320
G01 C2176.80537 X8.71868 Z15.25641 B-2.96584 E0.0295 F2137.3505
G01 C2173.30323 X8.43857 Z15.24834 B-3.01004 F15582.9927
G01 C2169.44766 X8.13409 Z15.24289 B-2.98587 F15582.9927
G94
G01 C2169.44766 X8.11994 Z15.24363 B-2.96653 F20000
G93
G01 C2169.81605 X8.12865 Z15.24440 B-2.95399 E0.0020 F28268.5708
G01 C2170.11811 X8.03236 Z15.24262 B-2.91694 E0.0034 F16326.9084
G01 C2140.11596 X5.28779 Z15.16705 B-2.09596 E0.0291 F2095.4186
G01 C2141.44174 X6.01793 Z15.23031 B-1.81116 E0.0278 F2271.3946
G01 C2135.96310 X7.29773 Z15.26971 B-1.93962 F17337.7956
G01 C2140.10900 X7.58868 Z15.27535 B-2.13922 F17337.7956
G01 C2144.04081 X7.95126 Z15.27876 B-2.39574 F17337.7956
G94
G01 C2144.04081 X8.10155 Z15.27220 B-2.60096 F20000
G93
G01 C2148.49276 X8.63675 Z15.27731 B-2.90543 E0.0303 F8329.1106
G01 C2152.51528 X9.26559 Z15.27793 B-3.28929 E0.0303 F8329.1106
G01 C2156.13344 X9.97123 Z15.27366 B-3.73667 E0.0303 F8329.1106
G01 C2163.60179 X11.59871 Z15.03916 B-4.55004 E0.0148 F16658.2211
G01 C2169.33764 X13.33398 Z14.79621 B-5.36341 E0.0148 F16658.2211
G01 C2170.31882 X14.14087 Z14.69855 B-6.14521 E0.0148 F16658.2211
G01 C2171.25274 X14.94961 Z14.59311 B-6.92702 E0.0148 F16658.2211
G01 C2173.99554 X16.43161 Z14.31797 B-7.82785 E0.0105 F24987.3317
G01 C2176.34061 X17.93319 Z14.03253 B-8.72869 E0.0105 F24987.3317
G01 C2178.36222 X19.44990 Z13.73683 B-9.62952 E0.0105 F24987.3317
G01 C2178.68304 X19.89021 Z13.69469 B-10.54120 E0.0128 F20607.5853
G01 C2179.01551 X20.32897 Z13.64209 B-11.45288 E0.0128 F20607.5853
G01 C2179.36023 X20.51407 Z13.63350 B-12.01290 E0.0128 F20607.5853
G01 C2179.71788 X20.69877 Z13.62098 B-12.57291 E0.0128 F20607.5853
G01 C2178.49007 X21.03943 Z13.52027 B-13.07530 E0.0136 F19333.7056
G01 C2177.25891 X21.38467 Z13.41641 B-13.57768 E0.0136 F19333.7056
G01 C2174.79102 X22.02342 Z13.21625 B-14.49023 E0.0272 F9666.8528
G01 C2172.32333 X22.62874 Z13.02010 B-15.32902 E0.0272 F9666.8528
G01 C2157.56284 X20.15268 Z13.54375 B-14.58498 E0.0149 F16596.9476
G01 C2137.42439 X18.57662 Z14.06054 B-13.84095 E0.0149 F16596.9476
G01 C2138.87683 X16.08684 Z14.27172 B-12.94692 E0.0037 F9265.4041
G01 C2141.44106 X13.60234 Z14.47294 B-12.05290 E0.0037 F9265.4041
G01 C2147.13848 X11.13725 Z14.66416 B-11.15888 E0.0037 F9265.4041
G01 C2168.76904 X8.78570 Z14.84535 B-10.26485 E0.0037 F9265.4041
G01 C2185.51691 X7.40276 Z15.07693 B-9.41579 E0.0052 F6699.4219
G01 C2301.51106 X6.67357 Z15.29941 B-8.56673 E0.0052 F6699.4219
G01 C2325.62844 X6.80976 Z15.51278 B-7.71766 E0.0052 F6699.4219
G01 C2328.85901 X6.29114 Z15.57277 B-7.04124 E0.0030 F11480.2186
G01 C2332.23398 X5.77559 Z15.62695 B-6.36482 E0.0030 F11480.2186
G01 C2335.73836 X5.26344 Z15.67531 B-5.68840 E0.0030 F11480.2186
G01 C2424.95798 X3.57944 Z15.58228 B-4.72327 E0.0055 F6255.0547
G01 C2503.29851 X3.87644 Z15.47737 B-3.75814 E0.0055 F6255.0547
G01 C2519.29442 X3.19815 Z15.53624 B-2.99451 E0.0021 F18343.4877
G01 C2537.74369 X2.61326 Z15.58766 B-2.23087 E0.0021 F18343.4877
G01 C2550.45330 X2.21494 Z15.61159 B-1.60253 E0.0103 F3750.8059
G01 C2561.27213 X1.86083 Z15.63048 B-0.97418 E0.0103 F3750.8059
G01 C2564.91163 X1.51131 Z15.64827 B-0.46815 E0.0034 F11237.4965
G01 C2568.40674 X1.16630 Z15.66278 B0.03788 E0.0034 F11237.4965
G01 C2572.67833 X0.57866 Z15.67517 B0.84575 E0.0041 F9396.9478
G01 C2516.11430 X3.18529 Z15.55592 B-0.03355 E0.0076 F26094.0855
G01 C2506.09415 X6.41776 Z15.42679 B-0.91284 E0.0076 F26094.0855
G01 C2502.34161 X9.71631 Z15.28776 B-1.79214 E0.0076 F26094.0855
G01 C2500.39493 X13.03326 Z15.13885 B-2.67143 E0.0076 F26094.0855
G01 C2500.28172 X7.68319 Z15.33888 B-1.98814 E0.0063 F7502.1616
G01 C2499.37085 X2.33311 Z15.53295 B-1.30484 E0.0063 F7502.1616
G01 C2491.57780 X1.86272 Z15.57883 B-0.76646 E0.0084 F5595.9869
G01 C2483.00167 X1.41900 Z15.62100 B-0.22809 E0.0084 F5595.9869
G01 C2467.54772 X0.69186 Z15.68421 B0.60440 E0.0149 F3178.3145
G01 C2450.13040 X0.20437 Z15.74190 B1.24148 E0.0149 F3178.3145
G01 C2435.81032 X-0.18240 Z15.77771 B1.71679 E0.0121 F3906.3916
G01 C2509.73435 X2.34971 Z15.50897 B1.58147 F13504.5860
G01 C2568.58559 X2.03686 Z15.68644 B1.89820 E0.0244 F2155.9046
G01 C2546.11058 X2.70452 Z15.44498 B1.72280 F15322.3507
G01 C2547.52083 X2.92016 Z15.46009 B1.56547 E0.0265 F2241.2256
G01 C2555.34260 X2.74198 Z15.54905 B1.58576 E0.0246 F2241.2256
G01 C2563.28100 X2.54997 Z15.64495 B1.74326 E0.0234 F2241.2256
G01 C2384.78380 X0.27769 Z15.99019 B1.95422 E0.0071 F6048.2765
G01 C2536.82704 X-0.68040 Z15.56561 B2.34571 F13466.2992
G01 C2567.96792 X-0.95710 Z15.61920 B2.65822 F13466.2992
G01 C2509.82604 X1.78768 Z15.62004 B2.05285 E0.0156 F16136.4506
G01 C2501.92193 X5.05859 Z15.61619 B1.44748 E0.0156 F16136.4506
G01 C2504.35625 X5.61353 Z15.63269 B0.89077 E0.0156 F16136.4506
G01 C2506.67506 X6.17932 Z15.64522 B0.33407 E0.0156 F16136.4506
G01 C2508.87932 X6.72660 Z15.65389 B-0.18370 E0.0156 F16136.4506
G01 C2510.97126 X7.28314 Z15.65912 B-0.70147 E0.0156 F16136.4506
G01 C2514.83177 X8.37541 Z15.66067 B-1.67472 E0.0313 F8068.2253
G01 C2521.35382 X9.85919 Z15.49186 B-2.57008 E0.0154 F16136.4506
G01 C2526.59548 X11.42593 Z15.31280 B-3.46545 E0.0154 F16136.4506
G01 C2527.73817 X12.28505 Z15.22887 B-4.31706 E0.0153 F16136.4506
G01 C2528.82275 X13.14691 Z15.13569 B-5.16867 E0.0153 F16136.4506
G01 C2529.85282 X13.98557 Z15.03602 B-5.98529 E0.0153 F16136.4506
G01 C2530.83179 X14.82629 Z14.92785 B-6.80192 E0.0153 F16136.4506
G01 C2533.85380 X16.15587 Z14.70757 B-7.63847 E0.0084 F31352.2982
G01 C2536.48359 X17.50989 Z14.47841 B-8.47502 E0.0084 F31352.2982
G01 C2538.78368 X18.88345 Z14.24039 B-9.31157 E0.0084 F31352.2982
G01 C2539.11934 X19.27419 Z14.21054 B-10.14846 E0.0126 F20901.5322
G01 C2539.46731 X19.66377 Z14.17188 B-10.98534 E0.0126 F20901.5322
G01 C2538.26697 X20.16631 Z14.04888 B-11.70845 E0.0134 F19603.7921
G01 C2537.06360 X20.67261 Z13.91933 B-12.43157 E0.0134 F19603.7921
G01 C2535.85828 X21.11763 Z13.79838 B-13.06367 E0.0134 F19603.7921
G01 C2534.65205 X21.56665 Z13.67245 B-13.69578 E0.0134 F19603.7921
G01 C2533.44600 X21.96789 Z13.55473 B-14.25507 E0.0134 F19603.7921
G01 C2532.24118 X22.37329 Z13.43313 B-14.81437 E0.0134 F19603.7921
G01 C2523.25887 X23.32672 Z13.05829 B-15.60124 E0.0089 F29428.7215
G01 C2515.03653 X24.55125 Z12.67582 B-16.38811 E0.0089 F29428.7215
G01 C2507.77041 X26.00648 Z12.28575 B-17.17498 E0.0089 F29428.7215
G01 C2507.38536 X26.63167 Z12.08762 B-17.85797 E0.0095 F27390.1280
G01 C2507.00852 X27.25563 Z11.88380 B-18.54096 E0.0095 F27390.1280
G01 C2506.63965 X27.87828 Z11.67434 B-19.22396 E0.0095 F27390.1280
G01 C2506.10289 X28.73800 Z11.38695 B-20.14459 E0.0143 F18260.0853
G01 C2505.58279 X29.59520 Z11.08938 B-21.06522 E0.0143 F18260.0853
G01 C2505.38488 X29.81354 Z10.99236 B-21.69229 E0.0118 F22158.4799
G01 C2505.18108 X30.03021 Z10.89067 B-22.31936 E0.0118 F22158.4799
G94
G01 C2504.77628 X30.16239 Z10.82085 B-23.12853 E-10.9086 F20000
G93
T1
G01 C2509.25571 X30.50525 Z10.59141 B-23.86314 F14450.7481
G01 C2511.51705 X30.81039 Z10.40276 B-24.40301 F14450.7481
G01 C2513.80332 X31.07785 Z10.25337 B-24.84244 F14450.7481
G01 C2516.09459 X31.31244 Z10.12685 B-25.20151 F14450.7481
G01 C2521.64312 X33.16443 Z9.25612 B-26.04722 E0.0160 F3280.8665
G01 C2526.26021 X35.12766 Z8.37717 B-26.89293 E0.0160 F3280.8665
G01 C2526.45960 X34.44442 Z8.80008 B-27.44609 E0.0286 F1713.8025
G01 C2520.71064 X32.04500 Z9.70008 B-27.02491 F13299.1023
G01 C2519.09042 X32.30648 Z9.61803 B-26.89601 E0.0280 F1748.2171
G01 C2517.59530 X32.71100 Z9.46352 B-26.94788 E0.0280 F1748.2171
G01 C2513.37797 X34.65018 Z8.40627 B-27.82983 E0.0104 F3436.8219
G01 C2509.87786 X36.65247 Z7.34022 B-28.71179 E0.0104 F3436.8219
G01 C2510.81338 X37.02905 Z7.15914 B-29.37481 E0.0104 F3436.8219
G01 C2511.75416 X37.40729 Z6.97315 B-30.03782 E0.0104 F3436.8219
G01 C2512.68595 X37.70224 Z6.82574 B-30.54305 E0.0101 F3548.7963
G01 C2513.62033 X37.99987 Z6.67552 B-31.04827 E0.0101 F3548.7963
G01 C2515.49488 X38.44608 Z6.46458 B-31.80625 E0.0202 F1774.3982
G01 C2518.89083 X38.69215 Z6.40381 B-32.17651 E0.0187 F1774.3982
G01 C2530.87311 X39.28571 Z5.76061 B-32.83425 E0.0238 F1519.9611
G01 C2532.19117 X39.73056 Z5.44259 B-33.41835 E0.0152 F2377.6993
G01 C2532.42280 X39.66610 Z5.56065 B-33.65342 E0.0227 F1591.5560
G01 C2530.65454 X38.42841 Z6.34691 B-33.12940 E0.0153 F3200.8240
G01 C2528.66570 X37.20538 Z7.13024 B-32.60538 E0.0153 F3200.8240
G01 C2527.29766 X36.14585 Z7.66414 B-31.61365 E0.0306 F1600.4120
G01 C2517.17254 X35.22569 Z8.09226 B-30.75194 F13077.7772
G01 C2516.17828 X35.47023 Z8.06700 B-30.28365 F13077.7772
G01 C2515.25670 X35.91721 Z7.92406 B-30.13009 F13077.7772
G01 C2518.87112 X37.07941 Z7.43118 B-30.41315 E0.0267 F2446.4209
G01 C2520.63861 X37.20611 Z7.35501 B-30.62752 E0.0267 F2446.4209
G01 C2689.41257 X38.45999 Z7.25837 B-31.59571 E0.0210 F1602.3384
G01 C2691.18999 X38.79512 Z7.08933 B-32.26076 E0.0185 F1822.4794
G01 C2707.28023 X38.52229 Z7.29685 B-32.45832 E0.0292 F1645.2059
G01 C2703.19719 X37.23199 Z7.95672 B-32.13728 E0.0284 F1645.2059
G01 C2701.68919 X36.63335 Z8.24405 B-31.77280 E0.0284 F1645.2059
G01 C2700.27115 X35.97409 Z8.57436 B-31.31892 E0.0304 F1724.1379
G01 C2698.78811 X35.20306 Z8.97813 B-30.70274 E0.0304 F1724.1379
G94
G01 C2698.62421 X34.02095 Z9.57319 B-29.79141 F20000
G93
G01 C2698.60679 X33.54976 Z9.83817 B-29.05935 E0.0003 F159099.0258
G01 C2692.77377 X35.48506 Z8.84080 B-29.66041 E0.0130 F3881.4326
G01 C2688.09253 X37.54077 Z7.83941 B-30.26148 E0.0130 F3881.4326
G01 C2688.03047 X38.18287 Z7.36727 B-30.98033 E0.0092 F3657.2790
G01 C2687.96982 X38.82158 Z6.88946 B-31.69918 E0.0092 F3657.2790
G01 C2696.42720 X38.93494 Z7.05245 B-32.34044 E0.0155 F2181.9701
G01 C2692.37624 X36.45372 Z8.36602 B-31.83675 E0.0290 F1805.2319
G01 C2701.57241 X36.20507 Z8.46042 B-31.46086 F13748.7737
G01 C2702.82452 X36.55342 Z8.34226 B-31.29331 F13748.7737
G01 C2704.00094 X37.01369 Z8.16090 B-31.29621 F13748.7737
G01 C2705.10290 X37.57967 Z7.93325 B-31.45791 F13748.7737
G01 C2703.69041 X37.36934 Z7.98717 B-31.50516 E0.0260 F2400.6765
G01 C2702.37450 X36.98814 Z8.14363 B-31.44464 E0.0260 F2400.6765
G01 C2700.99803 X36.56125 Z8.33292 B-31.29790 E0.0260 F2400.6765
G01 C2699.80921 X36.12603 Z8.53640 B-31.08822 E0.0228 F2738.6467
G01 C2697.65696 X35.93850 Z8.64100 B-30.90509 E0.0169 F3692.3033
G94
G01 C2702.67902 X37.41294 Z8.00700 B-31.15938 F20000
G93
G01 C2699.22261 X37.46068 Z7.95741 B-31.36333 E0.0281 F2219.4221
G01 C2700.60088 X37.58723 Z7.88413 B-31.52618 E0.0195 F3194.3772
G94
G01 C2698.47725 X37.39566 Z8.28331 B-31.67520 F20000
G93
G01 C2706.68096 X38.95362 Z7.39634 B-32.37968 E0.0281 F1708.7084
G01 C2701.62899 X36.91557 Z8.43136 B-32.05956 E0.0299 F1752.6579
G01 C2700.25508 X36.21492 Z8.79463 B-31.55465 E0.0299 F1752.6579
G01 C2698.80545 X35.42828 Z9.21090 B-30.90190 E0.0299 F1752.6579
G01 C2698.62795 X34.24079 Z9.84704 B-29.99030 F13157.6484
G94
G01 C2698.62795 X33.77609 Z10.11130 B-29.26103 F20000
G93
G01 C2698.61811 X33.39100 Z10.31234 B-28.66569 E0.0003 F180000.0000
G01 C2696.07421 X34.01193 Z10.04022 B-28.61267 E0.0253 F2072.4870
G01 C2694.67585 X34.59496 Z9.78057 B-28.84954 E0.0313 F1673.6879
G01 C2693.35985 X35.33408 Z9.43734 B-29.31833 E0.0313 F1673.6879
G01 C2689.63880 X37.19264 Z8.43285 B-30.30631 E0.0301 F1673.6879
G01 C2689.02232 X37.73269 Z8.09884 B-30.82861 E0.0150 F3347.3757
G01 C2688.42170 X38.27278 Z7.76183 B-31.35090 E0.0150 F3347.3757
G01 C2687.31942 X39.02865 Z7.18242 B-32.10560 E0.0101 F3347.3757
G01 C2686.25453 X39.78663 Z6.59685 B-32.86030 E0.0101 F3347.3757
G01 C2687.11320 X40.06127 Z6.42765 B-33.40415 E0.0094 F3584.3970
G01 C2687.97770 X40.33767 Z6.25529 B-33.94799 E0.0094 F3584.3970
G01 C2710.57108 X40.21706 Z6.47906 B-34.32607 E0.0190 F1710.6364
G01 C2704.10801 X38.00726 Z7.61950 B-33.53535 E0.0122 F4299.0905
G01 C2696.07126 X36.02885 Z8.75327 B-32.74463 E0.0122 F4299.0905
G01 C2695.46816 X35.86438 Z8.89473 B-32.21719 E0.0122 F4299.0905
G01 C2694.87943 X35.69947 Z9.03319 B-31.68976 E0.0122 F4299.0905
G01 C2693.40922 X35.82627 Z9.05328 B-31.14434 E0.0334 F1570.2382
G01 C2707.79933 X37.03015 Z8.53931 B-31.23788 E0.0276 F1695.0368
G01 C2706.47932 X36.62307 Z8.69119 B-31.20888 E0.0276 F1695.0368
G01 C2698.74331 X36.92886 Z8.51655 B-31.33625 F14856.4684
G01 C2699.04222 X37.59157 Z8.21123 B-31.60074 F14856.4684
G01 C2699.32264 X38.32246 Z7.86263 B-31.97492 F14856.4684
G01 C2520.65364 X35.31290 Z8.35053 B-31.09515 F13255.9128
G01 C2526.41762 X38.36328 Z6.90017 B-31.75893 E0.0217 F1663.7519
G01 C2528.40146 X38.78025 Z6.58193 B-32.34132 E0.0217 F1663.7519
G01 C2530.36959 X39.17423 Z6.28595 B-32.85859 E0.0217 F1663.7519
G01 C2529.75526 X39.17185 Z6.34078 B-33.11876 E0.0176 F2989.6373
G01 C2528.27927 X38.68994 Z6.67234 B-33.05296 E0.0343 F1531.3252
G01 C2526.94122 X38.06047 Z7.09334 B-32.66427 E0.0273 F1531.3252
G01 C2525.57774 X37.30802 Z7.46930 B-32.14372 E0.0320 F1531.3252
G01 C2524.08946 X36.50536 Z7.84663 B-31.56700 E0.0320 F1531.3252
G01 C2522.50852 X35.68264 Z8.23728 B-30.94535 E0.0320 F1531.3252
G94
G01 C2521.63868 X34.83652 Z8.62361 B-30.43207 F20000
G93
G94
G01 C2520.69936 X33.99208 Z9.00704 B-29.91879 F20000
G93
G01 C2520.69094 X33.46529 Z9.30474 B-29.09619 E0.0002 F318198.0515
G01 C2514.84420 X35.06598 Z8.70637 B-29.19096 E0.0281 F1740.9862
G01 C2513.84812 X35.51697 Z8.52146 B-29.39339 E0.0225 F2173.2080
G01 C2512.89439 X36.02690 Z8.30487 B-29.68196 E0.0225 F2173.2080
G01 C2509.92532 X37.63117 Z7.29823 B-30.62999 E0.0275 F1962.2885
G01 C2508.98464 X38.26780 Z6.81562 B-31.26455 E0.0091 F3924.5770
G01 C2508.07097 X38.90607 Z6.32861 B-31.89912 E0.0091 F3924.5770
G01 C2514.13564 X39.11493 Z6.35938 B-32.66692 E0.0135 F2648.8639
G01 C2515.90564 X39.44299 Z6.20658 B-33.23472 E0.0192 F1868.1798
G01 C2533.46424 X40.25320 Z5.43954 B-33.93666 E0.0211 F1710.2819
G01 C2532.65231 X40.22610 Z5.52825 B-34.27565 E0.0174 F2076.0032
G01 C2531.81740 X40.02610 Z5.73621 B-34.32427 E0.0174 F2076.0032
G01 C2524.75010 X38.10720 Z6.68902 B-33.65568 E0.0133 F3670.7964
G01 C2516.24251 X36.45886 Z7.63708 B-32.98708 E0.0133 F3670.7964
G01 C2529.53358 X37.52850 Z7.39577 B-32.37560 E0.0251 F1669.5013
G01 C2528.30331 X36.70006 Z7.79617 B-31.72385 E0.0293 F1669.5013
G01 C2526.98719 X35.85825 Z8.19279 B-31.05545 E0.0293 F1669.5013
G01 C2525.59088 X35.01301 Z8.58946 B-30.37373 E0.0293 F1669.5013
G01 C2520.24637 X34.50258 Z8.82610 B-29.81563 F18846.4879
G01 C2520.62760 X34.72388 Z8.77726 B-29.53214 F18846.4879
G94
G01 C2520.62760 X34.57907 Z8.85892 B-29.30534 F20000
G93
G01 C2519.30006 X34.87797 Z8.74986 B-29.26385 E0.0253 F2576.2438
T0
G01 C2520.48943 X32.86980 Z9.45796 B-28.32763 E0.0061 F41289.3318
G01 C2521.96811 X30.86325 Z10.15619 B-27.39140 E0.0061 F41289.3318
G01 C2523.85332 X28.86134 Z10.84446 B-26.45518 E0.0061 F41289.3318
G01 C2526.33303 X26.86889 Z11.52270 B-25.51896 E0.0061 F41289.3318
G01 C2529.72531 X24.89413 Z12.19081 B-24.58274 E0.0061 F41289.3318
G01 C2531.64599 X22.81493 Z12.51516 B-23.68049 E0.0021 F76416.7415
G01 C2534.82776 X20.74263 Z12.82996 B-22.77825 E0.0021 F76416.7415
G01 C2541.05164 X18.69341 Z13.13517 B-21.87601 E0.0021 F76416.7415
G01 C2557.61907 X16.73746 Z13.43070 B-20.97376 E0.0021 F76416.7415
G01 C2618.17131 X15.41093 Z13.71652 B-20.07152 E0.0021 F76416.7415
G01 C2670.25157 X15.67207 Z13.99255 B-19.16928 E0.0021 F76416.7415
G01 C2669.71419 X15.06348 Z14.19670 B-18.29988 E0.0009 F181531.3219
G01 C2669.17396 X14.45202 Z14.39166 B-17.43048 E0.0009 F181531.3219
G01 C2668.63094 X13.83783 Z14.57740 B-16.56108 E0.0009 F181531.3219
G01 C2668.08521 X13.22106 Z14.75387 B-15.69169 E0.0009 F181531.3219
G01 C2667.53685 X12.60183 Z14.92103 B-14.82229 E0.0009 F181531.3219
G01 C2662.48657 X11.48280 Z15.00136 B-13.90709 E0.0060 F25931.9862
G01 C2652.47606 X10.38273 Z15.07130 B-12.99189 E0.0060 F25931.9862
G01 C2627.33212 X9.35519 Z15.13079 B-12.07669 E0.0060 F25931.9862
G01 C2572.76801 X8.62065 Z15.17980 B-11.16149 E0.0060 F25931.9862
G01 C2584.05135 X8.32536 Z15.31061 B-10.39368 E0.0059 F26922.0481
G01 C2589.45177 X8.04272 Z15.43401 B-9.62587 E0.0059 F26922.0481
G01 C2592.56467 X7.76405 Z15.54997 B-8.85807 E0.0059 F26922.0481
G01 C2594.57838 X7.48669 Z15.65848 B-8.09026 E0.0059 F26922.0481
G01 C2597.45112 X7.03270 Z15.76578 B-7.25772 E0.0079 F20191.5361
G01 C2599.85737 X6.58122 Z15.86428 B-6.42517 E0.0079 F20191.5361
G01 C2601.89547 X6.13157 Z15.95397 B-5.59263 E0.0079 F20191.5361
G01 C2582.79830 X4.87647 Z15.87782 B-4.62152 E0.0113 F14218.7561
G01 C2550.58498 X3.92518 Z15.78966 B-3.65041 E0.0113 F14218.7561
G01 C2561.41242 X3.70227 Z15.85875 B-2.88388 E0.0122 F13889.9009
G01 C2568.28652 X3.51536 Z15.92033 B-2.11735 E0.0122 F13889.9009
G01 C2534.32880 X7.21221 Z15.88782 B-2.18486 F13578.0255
G01 C2531.32998 X7.91080 Z15.90443 B-2.44659 F13578.0255
G01 C2534.42257 X8.32250 Z16.21772 B-2.73002 E0.0309 F8163.4109
G01 C2531.97917 X9.18511 Z16.22631 B-3.17288 E0.0309 F8163.4109
G01 C2529.89456 X10.15152 Z16.22638 B-3.74328 E0.0309 F8163.4109
G01 C2550.63517 X5.95579 Z16.43552 B-2.96930 E0.0103 F18452.5392
G01 C2627.11422 X4.30765 Z16.63700 B-2.19532 E0.0103 F18452.5392
G01 C2626.87969 X4.09005 Z16.68977 B-1.55607 E0.0103 F18452.5392
G01 C2626.68191 X3.87235 Z16.73732 B-0.91681 E0.0103 F18452.5392
G01 C2626.51288 X3.73360 Z16.77918 B-0.38534 E0.0103 F18452.5392
G01 C2626.36676 X3.59486 Z16.81743 B0.14614 E0.0103 F18452.5392
G94
G01 C2626.36676 X2.97154 Z16.81121 B0.99651 E-1.6486 F20000
G93
G01 C2626.56870 X1.93252 Z16.71398 B1.63240 F13126.4088
G01 C2794.56765 X-1.19575 Z16.28889 B1.96574 F13126.4088
G01 C2861.48705 X1.32835 Z16.06112 B1.07996 E0.0041 F69160.8424
G01 C2864.59935 X4.00767 Z15.82331 B0.19419 E0.0041 F69160.8424
G01 C2865.66577 X6.69122 Z15.57546 B-0.69158 E0.0041 F69160.8424
G01 C2866.20418 X9.37573 Z15.31758 B-1.57735 E0.0041 F69160.8424
G01 C2866.52885 X12.06040 Z15.04966 B-2.46312 E0.0041 F69160.8424
G01 C2866.74597 X14.74486 Z14.77171 B-3.34889 E0.0041 F69160.8424
G01 C2866.90137 X17.42886 Z14.48374 B-4.23467 E0.0041 F69160.8424
G94
G01 C2866.57563 X18.03486 Z14.46619 B-5.16563 E-2.4577 F20000
G93
G94
G01 C2866.24648 X18.64031 Z14.43760 B-6.09659 E-2.4577 F20000
G93
G94
G01 C2865.91391 X19.24507 Z14.39799 B-7.02755 E-2.4577 F20000
G93
G94
G01 C2865.57789 X19.84894 Z14.34737 B-7.95852 E-2.4577 F20000
G93
G94
G01 C2865.23837 X20.45177 Z14.28577 B-8.88948 E-2.4577 F20000
G93
T1
G01 C2868.85636 X21.35570 Z13.97911 B-9.76104 E0.0053 F9973.3511
G01 C2872.32474 X22.31248 Z13.66287 B-10.63260 E0.0053 F9973.3511
G01 C2875.62885 X23.31838 Z13.33708 B-11.50417 E0.0053 F9973.3511
G01 C2878.75971 X24.36949 Z13.00177 B-12.37573 E0.0053 F9973.3511
G01 C2881.71340 X25.46186 Z12.65696 B-13.24729 E0.0053 F9973.3511
G01 C2884.49015 X26.59160 Z12.30270 B-14.11885 E0.0053 F9973.3511
G01 C2881.53183 X27.24219 Z12.02772 B-15.04813 E0.0039 F9079.3369
G01 C2878.57825 X27.93345 Z11.74208 B-15.97742 E0.0039 F9079.3369
G01 C2875.64499 X28.66492 Z11.44581 B-16.90670 E0.0039 F9079.3369
G01 C2872.74696 X29.43582 Z11.13897 B-17.83598 E0.0039 F9079.3369
G01 C2869.89803 X30.24505 Z10.82162 B-18.76526 E0.0039 F9079.3369
G01 C2870.33310 X30.85088 Z10.62826 B-19.67435 E0.0049 F7263.4695
G01 C2870.76937 X31.45411 Z10.42495 B-20.58344 E0.0049 F7263.4695
G01 C2871.20679 X32.05460 Z10.21173 B-21.49253 E0.0049 F7263.4695
G01 C2871.64531 X32.65219 Z9.98868 B-22.40162 E0.0049 F7263.4695
G01 C2872.28462 X33.27101 Z9.74949 B-23.34974 E0.0071 F5061.5498
G01 C2872.92550 X33.88735 Z9.49975 B-24.29787 E0.0071 F5061.5498
G01 C2873.56781 X34.50104 Z9.23952 B-25.24599 E0.0071 F5061.5498
G01 C2874.21138 X34.97288 Z9.03697 B-25.98292 E0.0071 F5061.5498
G01 C2874.85605 X35.44376 Z8.82817 B-26.71985 E0.0071 F5061.5498
G01 C2875.50167 X35.91362 Z8.61317 B-27.45678 E0.0071 F5061.5498
G01 C2877.26667 X36.42110 Z8.39614 B-28.24093 E0.0096 F3465.9706
G01 C2879.03017 X36.94054 Z8.17217 B-29.02508 E0.0096 F3465.9706
G01 C2882.70958 X37.40118 Z7.80219 B-29.76409 E0.0112 F3235.8709
G01 C2886.37890 X37.92654 Z7.42615 B-30.50310 E0.0112 F3235.8709
G01 C2887.37848 X38.34190 Z7.14638 B-31.12127 E0.0112 F3235.8709
G01 C2888.37462 X38.75977 Z6.86242 B-31.73945 E0.0112 F3235.8709
G01 C2889.36674 X39.12021 Z6.61218 B-32.26096 E0.0112 F3235.8709
G01 C2890.35427 X39.48377 Z6.35900 B-32.78247 E0.0112 F3235.8709
G01 C2891.89353 X40.10560 Z5.92374 B-33.66543 E0.0176 F2050.9588
G01 C2893.41706 X40.65655 Z5.53332 B-34.42033 E0.0176 F2050.9588
G01 C2887.37805 X37.61930 Z7.50217 B-33.43752 E0.0319 F1534.4064
G01 C2876.32131 X37.28310 Z7.70067 B-32.77174 F13214.0638
G01 C2875.43622 X37.62974 Z7.62599 B-32.45874 F13214.0638
G01 C2704.20259 X39.43548 Z7.48906 B-33.03558 E0.0255 F1883.7768
G01 C2702.76177 X37.82822 Z8.29441 B-32.81375 E0.0287 F1828.1466
G01 C2700.83285 X36.55516 Z8.92834 B-32.16080 F26268.6947
G01 C2698.65519 X35.29738 Z9.55764 B-31.50786 F26268.6947
G94
G01 C2698.65519 X34.97002 Z9.75627 B-30.98550 F20000
G93
G94
G01 C2698.65519 X34.64086 Z9.95189 B-30.46314 F20000
G93
G01 C2698.64644 X34.10768 Z10.26003 B-29.62604 E0.0002 F318198.0515
G01 C2697.37701 X34.13555 Z10.28873 B-29.17095 E0.0248 F2110.4154
G01 C2695.84390 X34.53699 Z10.12789 B-29.10125 E0.0330 F1590.1789
G01 C2692.23082 X35.94096 Z9.26271 B-29.78757 E0.0064 F6921.2286
G01 C2689.06369 X37.39457 Z8.39229 B-30.47389 E0.0064 F6921.2286
G01 C2686.28091 X38.88838 Z7.51668 B-31.16021 E0.0064 F6921.2286
G01 C2686.57495 X39.37923 Z7.21484 B-31.97664 E0.0042 F10641.7628
G01 C2686.86964 X39.86602 Z6.90576 B-32.79307 E0.0042 F10641.7628
G01 C2687.58378 X40.18650 Z6.70246 B-33.41452 E0.0104 F4301.4222
G01 C2688.30293 X40.50693 Z6.49503 B-34.03597 E0.0104 F4301.4222
G01 C2689.74799 X40.96458 Z6.20474 B-34.93572 E0.0157 F2150.7111
G01 C2691.63414 X41.24146 Z6.04823 B-35.53565 E0.0202 F1672.2341
G01 C2693.53674 X41.39186 Z5.99137 B-35.89571 E0.0202 F1672.2341
G01 C2695.45177 X41.44633 Z6.01616 B-36.06387 E0.0202 F1672.2341
G01 C2702.31616 X41.47951 Z6.07796 B-36.08533 E0.0175 F1859.2985
G01 C2704.02582 X41.56719 Z5.93746 B-36.20892 E0.0175 F1859.2985
G01 C2705.73100 X41.71786 Z5.76129 B-36.41421 E0.0175 F1859.2985
G01 C2703.38435 X39.71293 Z6.91824 B-35.55781 E0.0170 F3078.9632
G01 C2700.53435 X37.73373 Z8.06755 B-34.70140 E0.0170 F3078.9632
G01 C2699.69978 X37.01562 Z8.50494 B-33.87442 E0.0170 F3078.9632
G01 C2698.83832 X36.29563 Z8.93507 B-33.04743 E0.0170 F3078.9632
G01 C2690.65005 X38.07304 Z8.26335 B-32.89897 E0.0329 F1591.8834
G01 C2707.17693 X37.95541 Z8.29158 B-32.73016 E0.0248 F2117.7923
G01 C2701.43929 X36.86347 Z8.78973 B-32.19382 F13903.3629
G01 C2702.60635 X37.27448 Z8.62654 B-32.07672 F13903.3629
G01 C2701.61293 X37.50898 Z8.51328 B-32.13066 E0.0325 F2148.3672
G01 C2700.17322 X36.94684 Z8.78518 B-31.90264 E0.0325 F2148.3672
G01 C2693.82625 X38.86594 Z7.80791 B-32.53121 E0.0267 F2511.5023
G01 C2697.24532 X39.00154 Z7.81688 B-32.88713 E0.0248 F2511.5023
G01 C2701.05713 X38.38879 Z8.03948 B-32.92229 E0.0237 F2631.7744
G01 C2698.67764 X37.57702 Z8.42112 B-32.65324 E0.0266 F2631.7744
G01 C2703.37162 X39.69897 Z7.69844 B-33.29952 E0.0268 F1788.1854
G01 C2703.44195 X38.37684 Z8.36187 B-33.17649 E0.0339 F1545.5432
G01 C2701.23056 X36.97441 Z9.05604 B-32.49456 F51810.0185
G01 C2698.70005 X35.59336 Z9.74519 B-31.81263 F51810.0185
G94
G01 C2698.70005 X35.25253 Z9.95437 B-31.26709 F20000
G93
G94
G01 C2698.70005 X34.90973 Z10.16031 B-30.72155 F20000
G93
G01 C2698.67838 X34.35008 Z10.48646 B-29.84534 E0.0004 F127279.2206
G01 C2697.11547 X34.51289 Z10.45552 B-29.43132 E0.0322 F1629.7728
G01 C2691.67050 X36.63326 Z9.22262 B-30.36318 E0.0105 F4259.6475
G01 C2687.24041 X38.86154 Z7.98013 B-31.29504 E0.0105 F4259.6475
G01 C2686.79666 X39.51729 Z7.53606 B-32.13476 E0.0105 F4259.6475
G01 C2686.35971 X40.16925 Z7.08436 B-32.97448 E0.0105 F4259.6475
G01 C2687.25052 X40.51200 Z6.85697 B-33.62490 E0.0128 F3491.6652
G01 C2688.14688 X40.85596 Z6.62509 B-34.27532 E0.0128 F3491.6652
G01 C2690.16226 X41.28976 Z6.34442 B-35.23349 E0.0289 F1541.0652
G01 C2696.32266 X41.31326 Z6.50137 B-35.64635 E0.0219 F1541.0652
G01 C2698.38941 X41.41102 Z6.52246 B-35.84492 E0.0199 F1541.0652
G01 C2699.98703 X41.52978 Z6.47296 B-35.97854 E0.0169 F1802.3678
G01 C2701.56445 X41.61842 Z6.36663 B-36.13058 E0.0164 F1802.3678
G01 C2703.29880 X41.75902 Z6.18571 B-36.35630 E0.0181 F1802.3678
G01 C2708.38419 X42.14267 Z5.74126 B-36.86590 E0.0216 F2000.6428
G01 C2709.97957 X42.40787 Z5.52253 B-37.24565 E0.0216 F2000.6428
G01 C2711.55853 X42.66214 Z5.32469 B-37.57450 E0.0216 F2000.6428
G01 C2706.57201 X40.44549 Z6.66451 B-36.60015 E0.0159 F3294.5773
G01 C2700.45159 X38.36536 Z7.99458 B-35.62580 E0.0159 F3294.5773
G01 C2699.67606 X37.61586 Z8.46935 B-34.71368 E0.0159 F3294.5773
G01 C2698.87735 X36.86288 Z8.93537 B-33.80156 E0.0159 F3294.5773
G01 C2691.81575 X38.00646 Z8.57301 B-33.27217 E0.0324 F1617.9360
G01 C2707.06100 X38.26889 Z8.46289 B-33.05210 E0.0345 F1522.1573
G01 C2705.88411 X37.57969 Z8.80466 B-32.62284 E0.0304 F1725.6372
G01 C2701.89713 X36.59436 Z9.27393 B-32.08309 F30271.6625
G01 C2697.55280 X35.68260 Z9.74005 B-31.54335 F30271.6625
G01 C2697.62921 X35.89755 Z9.69815 B-31.03846 F15135.8312
G01 C2697.70013 X36.40038 Z9.48110 B-30.99324 F15135.8312
G01 C2697.76612 X37.13397 Z9.12466 B-31.31576 F15135.8312
G01 C2522.35226 X35.96541 Z8.81672 B-31.01255 E0.0322 F1652.3637
G01 C2520.84225 X35.25035 Z9.16869 B-30.51091 E0.0322 F1652.3637
G01 C2520.70454 X34.14193 Z9.71847 B-29.70191 F13278.1202
G01 C2514.67811 X36.37719 Z8.45410 B-30.54611 E0.0097 F3683.8694
G01 C2509.91717 X38.73968 Z7.18188 B-31.39032 E0.0097 F3683.8694
G01 C2510.76950 X39.09073 Z6.98840 B-32.02580 E0.0097 F3683.8694
G01 C2511.62623 X39.44279 Z6.79054 B-32.66128 E0.0097 F3683.8694
G01 C2513.35906 X39.97697 Z6.49093 B-33.61938 E0.0193 F1856.7457
G01 C2515.10150 X40.36876 Z6.28534 B-34.32719 E0.0193 F1856.7457
G01 C2520.69347 X40.57136 Z6.29123 B-34.67688 E0.0188 F1513.8724
G01 C2522.36321 X40.79455 Z6.08867 B-35.04434 E0.0193 F1724.9523
G01 C2524.17567 X41.02638 Z5.85655 B-35.41039 E0.0210 F1724.9523
G01 C2526.04465 X41.26485 Z5.61941 B-35.75476 E0.0210 F1724.9523
G01 C2527.90427 X41.50987 Z5.38852 B-36.08179 E0.0210 F1724.9523
G01 C2529.75070 X41.76345 Z5.16256 B-36.39495 E0.0210 F1724.9523
G01 C2529.11988 X40.51485 Z6.02779 B-35.85714 E0.0153 F3195.2937
G01 C2528.41083 X39.26625 Z6.89002 B-35.31933 E0.0153 F3195.2937
G01 C2524.49941 X38.26164 Z7.37280 B-34.62453 F37574.8986
G01 C2520.27698 X37.32611 Z7.85049 B-33.92973 F37574.8986
G01 C2520.63321 X37.22940 Z8.01296 B-33.09828 F18787.4493
T0
G01 C2521.63721 X35.39080 Z8.67861 B-32.16513 E0.0052 F48387.9556
G01 C2522.85614 X33.55113 Z9.33483 B-31.23199 E0.0052 F48387.9556
G01 C2524.36574 X31.71229 Z9.98153 B-30.29884 E0.0052 F48387.9556
G01 C2526.28095 X29.87710 Z10.61860 B-29.36570 E0.0052 F48387.9556
G01 C2528.78395 X28.05000 Z11.24597 B-28.43255 E0.0052 F48387.9556
G01 C2532.17844 X26.23847 Z11.86354 B-27.49941 E0.0052 F48387.9556
G01 C2531.72581 X25.79251 Z12.15294 B-26.64734 E0.0063 F40323.2963
G01 C2531.28733 X25.34280 Z12.43403 B-25.79527 E0.0063 F40323.2963
G01 C2530.86238 X24.88945 Z12.70676 B-24.94320 E0.0063 F40323.2963
G01 C2530.45040 X24.43256 Z12.97106 B-24.09113 E0.0063 F40323.2963
G01 C2530.05085 X23.97226 Z13.22689 B-23.23907 E0.0063 F40323.2963
G01 C2678.67679 X30.56596 Z12.97053 B-23.55330 E0.0279 F3234.1775
G01 C2672.54556 X25.09978 Z13.34518 B-22.65504 E0.0076 F33342.5932
G01 C2652.97347 X19.96236 Z13.71030 B-21.75677 E0.0076 F33342.5932
G01 C2570.25790 X17.96775 Z14.06584 B-20.85851 E0.0076 F33342.5932
G01 C2531.70337 X21.33113 Z14.41173 B-19.96025 E0.0076 F33342.5932
G01 C2514.09204 X24.94003 Z13.57098 B-20.63587 E0.0088 F32200.0833
G01 C2505.25498 X29.03816 Z12.72477 B-21.31150 E0.0088 F32200.0833
G01 C2505.99354 X29.58133 Z12.48941 B-21.95093 E0.0123 F23108.8430
G01 C2506.72064 X30.12482 Z12.24919 B-22.59036 E0.0123 F23108.8430
G01 C2507.43631 X30.64900 Z12.01251 B-23.20084 E0.0123 F23108.8430
G01 C2508.14060 X31.17348 Z11.77145 B-23.81131 E0.0123 F23108.8430
T1
G01 C2507.79836 X31.74552 Z11.51892 B-24.74332 F14712.7761
G01 C2513.24950 X32.93517 Z10.89528 B-25.50504 E0.0104 F5075.1901
G01 C2518.18043 X34.24363 Z10.26494 B-26.26676 E0.0104 F5075.1901
G01 C2522.59940 X35.65302 Z9.62795 B-27.02848 E0.0104 F5075.1901
G01 C2523.74092 X34.52053 Z10.08218 B-27.91162 E0.0321 F1658.8241
G01 C2522.33214 X34.40319 Z10.09066 B-28.35980 E0.0321 F1658.8241
G01 C2520.84267 X34.06999 Z10.21912 B-28.46003 E0.0321 F1658.8241
G01 C2520.71052 X33.26320 Z10.58525 B-28.13249 F13279.6789
G94
G01 C2520.71052 X33.09361 Z10.67542 B-27.87046 F20000
G93
G01 C2515.85451 X34.71899 Z9.72698 B-28.62598 E0.0083 F5514.3734
G01 C2511.72546 X36.43027 Z8.77212 B-29.38151 E0.0083 F5514.3734
G01 C2508.20594 X38.20814 Z7.81090 B-30.13703 E0.0083 F5514.3734
G01 C2509.89747 X38.62359 Z7.60671 B-30.97726 E0.0098 F3650.0476
G01 C2511.61051 X39.04941 Z7.39478 B-31.81749 E0.0098 F3650.0476
G01 C2512.42524 X39.42184 Z7.18350 B-32.46187 E0.0092 F3912.0903
G01 C2513.24247 X39.79484 Z6.96773 B-33.10624 E0.0092 F3912.0903
G01 C2514.88313 X40.35251 Z6.65214 B-34.08162 E0.0183 F1956.0451
G01 C2522.37516 X40.74398 Z6.50509 B-34.76059 E0.0210 F1719.0326
G01 C2524.23811 X41.10362 Z6.16827 B-35.33536 E0.0210 F1719.0326
G01 C2531.61168 X41.75179 Z5.51693 B-35.99110 E0.0269 F1719.0326
G01 C2527.52960 X39.67590 Z6.75402 B-35.22585 E0.0170 F3122.1321
G01 C2522.52409 X37.69210 Z7.98498 B-34.46059 E0.0170 F3122.1321
G01 C2521.71749 X37.02347 Z8.37993 B-33.71090 E0.0170 F3122.1321
G01 C2520.88556 X36.35364 Z8.76891 B-32.96120 E0.0170 F3122.1321
G01 C2519.97996 X35.83564 Z9.07641 B-32.29399 E0.0160 F3320.7944
G01 C2519.06014 X35.31799 Z9.37911 B-31.62679 E0.0160 F3320.7944
G01 C2513.64222 X36.86785 Z8.75900 B-31.60157 E0.0294 F1807.3600
G01 C2526.84865 X36.44800 Z8.98264 B-31.33185 E0.0322 F1651.4752
G01 C2689.95883 X37.96901 Z9.05712 B-31.78862 F13184.4494
G01 C2699.26168 X38.81862 Z8.32169 B-32.49114 E0.0133 F4311.2258
G01 C2707.88970 X40.06642 Z7.58094 B-33.19367 E0.0133 F4311.2258
G01 C2708.65785 X40.43734 Z7.32439 B-33.76751 E0.0139 F4118.2438
G01 C2709.42406 X40.80899 Z7.06433 B-34.34136 E0.0139 F4118.2438
G01 C2710.94960 X41.43121 Z6.62121 B-35.28317 E0.0278 F2059.1219
G01 C2709.69932 X41.44144 Z6.69093 B-35.82805 E0.0357 F1602.6799
G01 C2885.03767 X39.66321 Z7.40033 B-35.28152 E0.0318 F1672.2101
G01 C2883.72755 X38.83390 Z7.85380 B-34.58778 E0.0318 F1672.2101
G01 C2882.34409 X37.93765 Z8.35026 B-33.77627 E0.0318 F1672.2101
G01 C2880.88269 X36.98774 Z8.87726 B-32.87055 E0.0318 F1672.2101
G01 C2880.81351 X36.33747 Z9.22832 B-32.30304 F26370.7341
G01 C2880.74127 X35.68502 Z9.57589 B-31.73554 F26370.7341
G01 C2874.18496 X37.78827 Z8.34582 B-32.45596 E0.0094 F4868.1864
G01 C2868.96655 X40.04757 Z7.11015 B-33.17639 E0.0094 F4868.1864
G01 C2868.56353 X40.55708 Z6.74513 B-33.82254 E0.0094 F4868.1864
G01 C2868.16586 X41.06446 Z6.37567 B-34.46869 E0.0094 F4868.1864
G01 C2868.46044 X41.35731 Z6.17451 B-34.98304 E0.0043 F10586.5870
G01 C2868.75559 X41.64868 Z5.97057 B-35.49739 E0.0043 F10586.5870
G01 C2893.36350 X42.20892 Z5.56183 B-36.24614 E0.0268 F1724.0222
G01 C2892.20555 X42.06816 Z5.71417 B-36.63928 E0.0295 F1565.5483
G01 C2889.65894 X41.20063 Z6.40862 B-36.42039 E0.0336 F1565.5483
G01 C2885.48971 X39.28188 Z7.54144 B-35.42635 E0.0340 F1565.5483
G01 C2884.78369 X38.73882 Z7.85377 B-34.89174 E0.0170 F3131.0966
G01 C2884.05609 X38.19596 Z8.16309 B-34.35713 E0.0170 F3131.0966
G01 C2883.30615 X37.63514 Z8.48167 B-33.79244 E0.0170 F3131.0966
G01 C2882.53309 X37.07456 Z8.79685 B-33.22775 E0.0170 F3131.0966
G01 C2881.73612 X36.49954 Z9.11814 B-32.63901 E0.0170 F3131.0966
G01 C2880.91444 X35.92490 Z9.43569 B-32.05026 E0.0170 F3131.0966
G01 C2880.84910 X35.18794 Z9.81121 B-31.38516 F26370.7341
G01 C2880.78052 X34.44805 Z10.18191 B-30.72006 F26370.7341
G01 C2878.96405 X34.43534 Z10.30067 B-29.94050 E0.0353 F1504.7577
G01 C2877.27421 X34.68187 Z10.23062 B-29.62369 E0.0353 F1504.7577
G01 C2875.69104 X35.17532 Z10.02585 B-29.67706 E0.0353 F1504.7577
G01 C2874.20696 X35.86728 Z9.71290 B-30.02660 E0.0353 F1504.7577
G01 C2872.81475 X36.71746 Z9.31047 B-30.61305 E0.0353 F1504.7577
G01 C2888.48689 X36.94529 Z9.21092 B-30.97622 E0.0344 F1545.3993
T0
G01 C2887.43322 X34.87747 Z9.87191 B-30.11457 E0.0050 F50284.1724
G01 C2886.11864 X32.81071 Z10.52468 B-29.25293 E0.0050 F50284.1724
G01 C2884.43465 X30.74760 Z11.16917 B-28.39128 E0.0050 F50284.1724
G01 C2882.20470 X28.69231 Z11.80530 B-27.52963 E0.0050 F50284.1724
G01 C2879.12359 X26.65206 Z12.43300 B-26.66798 E0.0050 F50284.1724
G01 C2874.62327 X24.64057 Z13.05222 B-25.80634 E0.0050 F50284.1724
G01 C2871.34956 X20.35809 Z13.41926 B-25.02857 E0.0078 F33418.9543
G01 C2708.61417 X18.47385 Z13.77928 B-24.25080 E0.0078 F33418.9543
G01 C2699.73501 X21.70773 Z14.13225 B-23.47304 E0.0078 F33418.9543
G01 C2698.49875 X24.95522 Z14.47812 B-22.69527 E0.0078 F33418.9543
G01 C2699.39147 X24.58575 Z14.66900 B-21.94581 E0.0105 F25064.2157
G01 C2700.25654 X24.21568 Z14.85322 B-21.19635 E0.0105 F25064.2157
G01 C2701.09486 X23.84501 Z15.03074 B-20.44689 E0.0105 F25064.2157
G01 C2702.30410 X23.52632 Z15.19996 B-19.66778 E0.0157 F16709.4771
G01 C2703.45803 X23.20900 Z15.36188 B-18.88867 E0.0157 F16709.4771
G01 C2704.55949 X23.08509 Z15.45308 B-18.38561 E0.0157 F16709.4771
G01 C2705.61122 X22.96362 Z15.54120 B-17.88256 E0.0157 F16709.4771
G01 C2816.52782 X16.39802 Z14.78435 B-18.52360 E0.0123 F7315.9814
G01 C2860.62780 X27.30027 Z14.02251 B-19.16464 E0.0123 F7315.9814
G01 C2826.03067 X16.27419 Z15.03216 B-18.37843 E0.0160 F16352.5039
G01 C2702.63046 X21.88424 Z16.03431 B-17.59223 E0.0160 F16352.5039
G01 C2701.58508 X21.84020 Z16.16307 B-16.68594 E0.0320 F8176.2519
G01 C2695.88004 X15.81336 Z16.19098 B-15.96732 E0.0103 F24437.6244
G01 C2554.58863 X12.60117 Z16.21255 B-15.24870 E0.0103 F24437.6244
G01 C2532.09659 X17.50046 Z16.22774 B-14.53007 E0.0103 F24437.6244
T1
G01 C2529.07344 X20.29522 Z15.51187 B-15.47602 E0.0079 F6736.8728
G01 C2527.19928 X23.10263 Z14.78497 B-16.42196 E0.0079 F6736.8728
G01 C2525.92619 X25.91496 Z14.04708 B-17.36790 E0.0079 F6736.8728
G01 C2525.00581 X28.72865 Z13.29828 B-18.31384 E0.0079 F6736.8728
G01 C2524.58387 X29.23249 Z13.13403 B-19.23785 E0.0105 F5052.6546
G01 C2524.15435 X29.73357 Z12.95947 B-20.16185 E0.0105 F5052.6546
G01 C2523.71710 X30.23177 Z12.77466 B-21.08586 E0.0105 F5052.6546
G01 C2520.02745 X31.18364 Z12.27318 B-21.95092 E0.0054 F8540.6455
G01 C2516.52013 X32.19306 Z11.76282 B-22.81597 E0.0054 F8540.6455
G01 C2513.20622 X33.25518 Z11.24364 B-23.68103 E0.0054 F8540.6455
G01 C2510.09048 X34.36505 Z10.71569 B-24.54609 E0.0054 F8540.6455
G01 C2509.77557 X35.09835 Z10.33424 B-25.52191 E0.0072 F6405.4841
G01 C2509.46381 X35.82691 Z9.94180 B-26.49773 E0.0072 F6405.4841
G01 C2509.15517 X36.55054 Z9.53845 B-27.47354 E0.0072 F6405.4841
G01 C2514.17226 X36.88378 Z9.33587 B-28.24864 E0.0089 F5200.0148
G01 C2519.25033 X37.34579 Z9.12652 B-29.02374 E0.0089 F5200.0148
G01 C2524.31052 X37.93733 Z8.91045 B-29.79884 E0.0089 F5200.0148
G01 C2527.05067 X38.65058 Z8.39812 B-30.76736 E0.0133 F3466.6765
G01 C2529.75293 X39.39645 Z7.87549 B-31.73589 E0.0133 F3466.6765
G01 C2530.64334 X39.94015 Z7.51700 B-32.52351 E0.0133 F3466.6765
G01 C2531.52793 X40.48375 Z7.15181 B-33.31114 E0.0133 F3466.6765
G01 C2525.45811 X37.94545 Z8.84786 B-33.01021 E0.0338 F1572.6368
G01 C2524.04480 X37.18729 Z9.22441 B-32.49635 E0.0338 F1572.6368
G01 C2520.95117 X35.73876 Z9.94196 B-31.53903 E0.0338 F1572.6368
G01 C2519.22685 X34.95333 Z10.37550 B-30.63309 E0.0311 F1707.7744
G01 C2517.74182 X35.06141 Z10.37936 B-30.18003 E0.0311 F1707.7744
G01 C2516.33938 X35.40724 Z10.24853 B-30.08929 E0.0311 F1707.7744
G01 C2512.93898 X36.87224 Z9.46858 B-30.77951 E0.0158 F3415.5488
G01 C2509.97395 X38.38141 Z8.68339 B-31.46972 E0.0158 F3415.5488
G01 C2524.14582 X35.60449 Z10.09150 B-30.87263 E0.0333 F1597.5196
G01 C2522.61094 X34.70723 Z10.53930 B-30.12609 E0.0333 F1597.5196
G01 C2521.55518 X36.32360 Z9.79568 B-30.68349 E0.0122 F5347.5530
G01 C2520.66488 X37.94219 Z9.04864 B-31.24089 E0.0122 F5347.5530
G01 C2523.98371 X38.59518 Z8.67135 B-32.15546 E0.0278 F2521.4578
G01 C2528.05048 X39.75437 Z7.93006 B-32.96259 E0.0104 F3429.8658
G01 C2531.79413 X40.98757 Z7.18178 B-33.76973 E0.0104 F3429.8658
G01 C2532.67100 X41.45403 Z6.85772 B-34.42914 E0.0104 F3420.0883
G01 C2533.54115 X41.92146 Z6.52907 B-35.08854 E0.0104 F3420.0883
G01 C2532.84817 X42.23937 Z6.33663 B-36.01470 E0.0142 F2510.3943
T0
G01 C2533.97990 X37.32610 Z7.35699 B-35.17480 E0.0054 F48356.4198
G01 C2536.25498 X32.41793 Z8.36997 B-34.33490 E0.0054 F48356.4198
G01 C2543.10896 X27.54624 Z9.37550 B-33.49500 E0.0054 F48356.4198
G01 C2629.28885 X23.70639 Z10.37350 B-32.65510 E0.0054 F48356.4198
G01 C2696.88155 X26.85578 Z11.36391 B-31.81520 E0.0054 F48356.4198
G01 C2702.98220 X30.69789 Z12.34665 B-30.97530 E0.0054 F48356.4198
G01 C2702.69558 X30.26700 Z12.67160 B-30.05661 E0.0081 F32237.6132
G01 C2702.41808 X29.83092 Z12.98721 B-29.13791 E0.0081 F32237.6132
G01 C2702.14929 X29.38980 Z13.29339 B-28.21922 E0.0081 F32237.6132
G01 C2701.88882 X28.94378 Z13.59006 B-27.30052 E0.0081 F32237.6132
G01 C2701.55384 X28.58093 Z13.85266 B-26.43950 E0.0108 F24178.2099
G01 C2701.23216 X28.21418 Z14.10677 B-25.57847 E0.0108 F24178.2099
G01 C2700.92305 X27.84364 Z14.35232 B-24.71744 E0.0108 F24178.2099
G01 C2697.94577 X22.85286 Z14.54638 B-23.83494 E0.0078 F32378.5682
G01 C2678.26831 X17.96454 Z14.73132 B-22.95243 E0.0078 F32378.5682
G01 C2538.20349 X18.86567 Z14.90709 B-22.06992 E0.0078 F32378.5682
G01 C2530.35498 X22.63488 Z15.07363 B-21.18741 E0.0078 F32378.5682
G01 C2518.78405 X25.50244 Z14.05838 B-22.05158 E0.0077 F12541.7354
G01 C2511.77561 X28.60951 Z13.03428 B-22.91576 E0.0077 F12541.7354
G01 C2507.20293 X31.83300 Z12.00138 B-23.77993 E0.0077 F12541.7354
G01 C2504.02152 X35.11878 Z10.95974 B-24.64411 E0.0077 F12541.7354
G01 C2504.08328 X35.76532 Z10.60943 B-25.45273 E0.0077 F12541.7354
G01 C2504.14427 X36.40828 Z10.25156 B-26.26136 E0.0077 F12541.7354
G01 C2504.20453 X37.04756 Z9.88619 B-27.06998 E0.0077 F12541.7354
G01 C2504.26405 X37.68305 Z9.51337 B-27.87861 E0.0077 F12541.7354
G01 C2512.58173 X38.00902 Z9.08441 B-28.85958 E0.0097 F20776.9232
G01 C2521.00825 X38.71113 Z8.64466 B-29.84056 E0.0097 F20776.9232
G01 C2529.18948 X39.78448 Z8.19424 B-30.82154 E0.0097 F20776.9232
G94
G01 C2529.18948 X40.27648 Z7.89611 B-31.60632 F20000
G93
G94
G01 C2529.18948 X40.76434 Z7.59128 B-32.39110 F20000
G93
G94
G01 C2529.18948 X41.24798 Z7.27979 B-33.17588 F20000
G93
G01 C2528.98897 X38.73774 Z8.41594 B-32.28177 E0.0097 F40393.6778
G01 C2528.73371 X36.22228 Z9.54345 B-31.38766 E0.0097 F40393.6778
G01 C2528.39774 X33.70187 Z10.66223 B-30.49355 E0.0097 F40393.6778
G01 C2527.93566 X31.17686 Z11.77219 B-29.59944 E0.0097 F40393.6778
G01 C2527.26015 X28.64779 Z12.87327 B-28.70533 E0.0097 F40393.6778
G01 C2526.81406 X28.36572 Z13.13175 B-27.95224 E0.0122 F32314.9422
G01 C2526.38846 X28.08075 Z13.38383 B-27.19914 E0.0122 F32314.9422
G01 C2525.98203 X27.79293 Z13.62945 B-26.44605 E0.0122 F32314.9422
G01 C2525.59354 X27.50231 Z13.86857 B-25.69296 E0.0122 F32314.9422
G01 C2501.80656 X19.24758 Z12.89346 B-26.49202 F39875.8341
G01 C2348.42625 X27.62304 Z11.91103 B-27.29109 F39875.8341
G01 C2347.66087 X36.96697 Z10.92134 B-28.09015 F39875.8341
T1
T0
G01 C2369.20310 X26.68750 Z10.36236 B-28.81529 E0.0090 F10715.6762
G01 C2485.37347 X27.74084 Z9.79749 B-29.54043 E0.0090 F10715.6762
G01 C2504.25624 X39.03869 Z9.22676 B-30.26558 E0.0090 F10715.6762
G01 C2504.32413 X39.61961 Z8.84254 B-30.98294 E0.0090 F10715.6762
G01 C2504.39106 X40.19716 Z8.45268 B-31.70030 E0.0090 F10715.6762
G01 C2504.45704 X40.77128 Z8.05722 B-32.41766 E0.0090 F10715.6762
G01 C2505.15530 X41.34053 Z7.64287 B-33.14712 E0.0099 F9277.1147
G01 C2505.84441 X41.90876 Z7.22281 B-33.87658 E0.0099 F9277.1147
G01 C2506.52437 X42.47584 Z6.79710 B-34.60604 E0.0099 F9277.1147
G01 C2520.86551 X42.27652 Z6.56093 B-35.34971 F28088.2861
G01 C2535.30741 X43.23788 Z6.31898 B-36.09338 F28088.2861
G01 C2533.86463 X40.68675 Z7.52469 B-35.14545 E0.0095 F41249.0890
G01 C2532.02876 X38.14233 Z8.72099 B-34.19752 E0.0095 F41249.0890
G01 C2529.61974 X35.61104 Z9.90778 B-33.24959 E0.0095 F41249.0890
G01 C2526.33390 X33.10382 Z11.08496 B-32.30165 E0.0095 F41249.0890
G01 C2521.62604 X30.64079 Z12.25243 B-31.35372 E0.0095 F41249.0890
G01 C2522.23950 X30.25948 Z12.56954 B-30.50273 E0.0119 F32999.2712
G01 C2522.83215 X29.87446 Z12.87868 B-29.65174 E0.0119 F32999.2712
G01 C2523.40491 X29.48579 Z13.17976 B-28.80075 E0.0119 F32999.2712
G01 C2523.95865 X29.09355 Z13.47272 B-27.94976 E0.0119 F32999.2712
G01 C2528.97024 X27.65593 Z13.88179 B-26.99818 F67275.6695
G01 C2534.98011 X26.29217 Z14.28054 B-26.04660 F67275.6695
G01 C2542.14168 X25.02681 Z14.66888 B-25.09502 F67275.6695
G01 C2550.52725 X23.88951 Z15.04673 B-24.14344 F67275.6695
G01 C2560.03025 X22.91204 Z15.41401 B-23.19186 F67275.6695
G01 C2559.87593 X22.31474 Z15.75398 B-22.26029 F52415.8883
G01 C2559.72317 X21.71329 Z16.08368 B-21.32872 F52415.8883
G01 C2559.57195 X21.10784 Z16.40303 B-20.39715 F52415.8883
G01 C2559.42225 X20.49856 Z16.71198 B-19.46557 F52415.8883
G01 C2537.20447 X22.45259 Z15.76309 B-20.26660 E0.0060 F16019.6422
G01 C2523.10459 X25.19064 Z14.80650 B-21.06763 E0.0060 F16019.6422
G01 C2514.36080 X28.31109 Z13.84225 B-21.86866 E0.0060 F16019.6422
G01 C2508.65587 X31.62223 Z12.87038 B-22.66968 E0.0060 F16019.6422
G01 C2504.71227 X35.03630 Z11.89093 B-23.47071 E0.0060 F16019.6422
G01 C2504.76174 X35.75759 Z11.52126 B-24.38644 E0.0075 F12815.7138
G01 C2504.81064 X36.47447 Z11.14182 B-25.30217 E0.0075 F12815.7138
G01 C2504.85896 X37.18678 Z10.75268 B-26.21790 E0.0075 F12815.7138
G01 C2504.90673 X37.89437 Z10.35391 B-27.13363 E0.0075 F12815.7138
G01 C2505.60596 X38.72863 Z9.80394 B-28.10380 E0.0051 F17991.7245
G01 C2506.29018 X39.55998 Z9.24335 B-29.07396 E0.0051 F17991.7245
G01 C2506.95968 X40.38815 Z8.67223 B-30.04413 E0.0051 F17991.7245
G01 C2507.61476 X41.21288 Z8.09069 B-31.01430 E0.0051 F17991.7245
G01 C2511.28193 X37.65152 Z9.51570 B-30.02785 F66220.0349
G01 C2516.48951 X34.18094 Z10.92993 B-29.04139 F66220.0349
G01 C2524.29082 X30.87592 Z12.33328 B-28.05494 F66220.0349
G01 C2536.59933 X27.89456 Z13.72564 B-27.06849 F66220.0349
G01 C2556.09415 X25.57051 Z15.10691 B-26.08204 F66220.0349
G01 C2536.16984 X27.87854 Z13.76345 B-26.93670 E0.0060 F15456.9094
G01 C2523.78372 X30.87033 Z12.41166 B-27.79136 E0.0060 F15456.9094
G01 C2516.02107 X34.19263 Z11.05161 B-28.64602 E0.0060 F15456.9094
G01 C2510.87570 X37.68240 Z9.68335 B-29.50069 E0.0060 F15456.9094
G01 C2507.26849 X41.26391 Z8.30696 B-30.35535 E0.0060 F15456.9094
G94
G01 C2512.77185 X41.57443 Z7.90443 B-31.23035 F20000
G93
G94
G01 C2518.35763 X42.06600 Z7.49351 B-32.10536 F20000
G93
G94
G01 C2523.92116 X42.74000 Z7.07430 B-32.98036 F20000
G93
G94
G01 C2529.36018 X43.59261 Z6.64688 B-33.85536 F20000
G93
G01 C2529.61304 X44.17872 Z6.31772 B-34.61097 E0.0083 F24349.7127
G01 C2529.86272 X44.76108 Z5.98255 B-35.36657 E0.0083 F24349.7127
G01 C2530.10928 X45.33960 Z5.64142 B-36.12217 E0.0083 F24349.7127
G01 C2530.35276 X45.91418 Z5.29440 B-36.87777 E0.0083 F24349.7127
G01 C2530.54865 X46.58824 Z4.88782 B-37.75283 E0.0075 F12531.6073
G01 C2530.74148 X47.25654 Z4.47350 B-38.62788 E0.0075 F12531.6073
G01 C2530.93133 X47.91897 Z4.05152 B-39.50293 E0.0075 F12531.6073
G01 C2605.21725 X28.04555 Z4.41107 B-40.08201 E0.0148 F16092.6511
G01 C2705.59427 X48.11548 Z4.76734 B-40.66109 E0.0148 F16092.6511
G01 C2703.91877 X48.51370 Z4.41813 B-41.44823 E0.0287 F8302.7829
G01 C2702.23873 X48.76297 Z4.20881 B-41.93857 E0.0287 F8302.7829
G01 C2700.55704 X48.89929 Z4.11436 B-42.19145 E0.0287 F8302.7829
G01 C2700.52574 X49.05547 Z3.96281 B-42.41427 F13691.0022
G01 C2797.80043 X30.44445 Z2.98138 B-43.17227 E0.0150 F6013.5200
G01 C2871.42615 X50.56822 Z1.99458 B-43.93027 E0.0150 F6013.5200
G01 C2880.65647 X51.08111 Z1.39688 B-44.73448 E0.0246 F3664.0875
G01 C2882.18104 X51.44493 Z1.01784 B-45.47547 E0.0271 F3326.7655
G01 C2888.70776 X51.25028 Z1.41817 B-46.09395 F13981.2401
G01 C2886.55645 X49.24423 Z3.01069 B-45.31451 E0.0102 F32418.0401
G01 C2884.02052 X47.26489 Z4.59774 B-44.53507 E0.0102 F32418.0401
G01 C2880.99991 X45.32169 Z6.17926 B-43.75563 E0.0102 F32418.0401
G01 C2877.36369 X43.42764 Z7.75515 B-42.97619 E0.0102 F32418.0401
G01 C2885.32770 X48.77390 Z4.38497 B-43.13405 E0.0310 F8596.4064
G01 C2710.22229 X50.25197 Z3.75513 B-43.78849 F13203.7279
G01 C2710.03505 X51.08973 Z2.87225 B-44.59049 F13203.7279
G01 C2874.52359 X50.98175 Z2.49221 B-45.08798 E0.0293 F8183.4972
G01 C2880.60721 X53.09618 Z0.57480 B-46.04349 E0.0183 F4921.4047
G01 C2881.81237 X53.49913 Z0.13696 B-46.88689 E0.0228 F3955.0310
G01 C2706.10814 X53.27595 Z1.29648 B-47.17755 E0.0179 F13266.6558
G01 C2704.69387 X53.27888 Z1.30428 B-47.22250 E0.0263 F9060.4232
G01 C2703.27405 X53.21573 Z1.37049 B-47.13517 E0.0263 F9060.4232
G01 C2701.85262 X53.11340 Z1.49337 B-46.94201 E0.0263 F9060.4232
G94
G01 C2701.85262 X53.03595 Z1.57604 B-46.78748 E-2.0616 F20000
G93
G01 C2874.28118 X52.87898 Z1.36411 B-47.11326 E0.0294 F8163.1611
G01 C2874.16800 X53.50739 Z1.12431 B-47.50685 E0.0298 F8045.5841
G01 C2875.22669 X52.57824 Z2.17608 B-47.21414 F13625.8007
G01 C2873.99393 X52.86509 Z1.86317 B-47.23811 F13625.8007
G01 C2709.88269 X52.68601 Z2.98376 B-46.94597 F13183.7475
G01 C2876.55139 X49.71650 Z6.09144 B-45.95665 E0.0379 F8175.3012
G01 C2705.96493 X51.65715 Z5.32129 B-45.65706 E0.0304 F8500.0466
G01 C2708.91134 X52.28323 Z4.69046 B-45.61529 E0.0277 F9336.3413
G01 C2708.84592 X52.68243 Z4.24506 B-45.67582 E0.0277 F9336.3413
G01 C2704.38774 X51.83704 Z5.54656 B-45.48452 E0.0303 F8543.5275
G01 C2705.89610 X51.69291 Z5.71071 B-45.33645 E0.0303 F8543.5275
G01 C2815.59983 X32.89614 Z3.67325 B-45.92489 E0.0178 F16122.0633
G01 C2873.67096 X54.67746 Z1.63271 B-46.51334 E0.0178 F16122.0633
G01 C2890.24391 X52.78727 Z3.94725 B-46.43974 E0.0291 F9110.4717
G01 C2878.98204 X54.11158 Z2.59089 B-46.97473 E0.0109 F6563.3404
G01 C2869.03593 X56.24343 Z1.23202 B-47.50972 E0.0109 F6563.3404
G01 C2694.61010 X54.46792 Z5.45829 B-46.99902 E0.0238 F8042.5961
G01 C2697.72785 X54.27917 Z6.09103 B-46.68276 E0.0238 F8035.2226
G01 C2704.48325 X54.32712 Z6.00439 B-46.41987 E0.0335 F8247.5208
G01 C2705.48690 X54.56384 Z5.76498 B-46.26035 E0.0335 F8247.5208
G01 C2693.09313 X54.65105 Z6.56815 B-46.08949 E0.0276 F6088.2394
T1
T0
G01 C2703.42994 X54.57379 Z7.08251 B-46.08317 E0.0350 F2178.9057
G01 C2702.28728 X54.84391 Z6.79392 B-46.10110 E0.0350 F2178.9057
G01 C2701.16906 X55.13345 Z6.49508 B-46.13843 E0.0350 F2178.9057
G01 C2701.67098 X55.24531 Z6.36853 B-46.18087 E0.0135 F5668.6447
G01 C2700.14618 X55.01379 Z6.64488 B-46.18065 F16184.1819
G94
G01 C2700.14618 X55.01370 Z6.64497 B-46.18047 E1.6552 F20000
G93
G01 C2695.70476 X55.03036 Z6.59348 B-46.13107 E0.0239 F2000.3610
G01 C2694.73658 X55.36595 Z6.25252 B-46.13597 E0.0239 F2000.3610
G01 C2695.78634 X55.03093 Z7.02545 B-46.10520 F15280.2829
G01 C2706.39039 X55.03752 Z7.03118 B-46.14447 E0.0236 F2021.1801
T1
T0
G01 C2528.57854 X55.59925 Z6.73330 B-46.34952 E0.0221 F2166.1196
T1
T0
T1
T0
T1
T0
T1
T0
T1
T0
T1
T0
T1
T0
T1
T0
