; generated by PrusaSlicer 2.9.2 on 2025-05-16 at 01:59:33 UTC

; 

; external perimeters extrusion width = 0.45mm
; perimeters extrusion width = 0.45mm
; infill extrusion width = 0.45mm
; solid infill extrusion width = 0.45mm
; top infill extrusion width = 0.40mm
; first layer extrusion width = 0.42mm

; external perimeters extrusion width = 0.45mm
; perimeters extrusion width = 0.45mm
; infill extrusion width = 0.45mm
; solid infill extrusion width = 0.45mm
; top infill extrusion width = 0.40mm
; first layer extrusion width = 0.42mm

G10 S200 P0 ; set temperature
G10 S200 P1 ; set temperature
;TYPE:Custom
G10 S200 P0 ; set temperature
M116 ; wait for temperature to be reached
G10 S200 P1 ; set temperature
M116 ; wait for temperature to be reached
G21 ; set units to millimeters
G90 ; use absolute coordinates
M83 ; use relative distances for extrusion
T0
M107
;LAYER_CHANGE
;Z:0.35
;HEIGHT:0.35
G1 E-2 F2400
G1 Z.35 F7800
G1 X-2.146 Y-.024
G1 Z.35
G1 E2 F2400
;TYPE:Skirt/Brim
;WIDTH:0.42
G1 F816
G1 X-2.183 Y3.284 E.16603
G1 X-2.607 Y5.456 E.11106
G1 X-3.769 Y7.339 E.11105
G1 X-5.521 Y8.691 E.11106
G1 X-7.638 Y9.338 E.11109
G1 X-9.846 Y9.197 E.11104
G1 X-11.863 Y8.286 E.11107
G1 X-13.625 Y6.42 E.1288
G1 X-13.925 Y5.928 E.02892
G1 X-14.667 Y4.111 E.0985
G1 X-15.291 Y1.423 E.13849
G1 X-15.32 Y-1.239 E.1336
G1 X-14.728 Y-4.018 E.1426
G1 X-14.336 Y-5.225 E.06369
G1 X-13.396 Y-6.852 E.0943
G1 X-13.11 Y-7.211 E.02304
G1 X-11.444 Y-8.668 E.11107
G1 X-9.371 Y-9.443 E.11107
G1 X-7.158 Y-9.437 E.11106
G1 X-5.089 Y-8.65 E.11109
G1 X-3.43 Y-7.185 E.11107
G1 X-2.396 Y-5.229 E.11104
G1 X-2.108 Y-3.362 E.09481
G1 X-2.145 Y-.084 E.16452
G1 E-2 F2400
G1 X-8.555 Y-2.216 F7800
G1 E2 F2400
;TYPE:External perimeter
;WIDTH:0.47981
G1 F816
G1 X-8.623 Y.013 E.13132
G1 X-8.613 Y1.835 E.1073
G1 X-9.033 Y.025 E.10942
G1 X-8.568 Y-2.157 E.13138
G1 X-8.568 Y-1.757 F7800
;LAYER_CHANGE
;Z:0.65
;HEIGHT:0.3
G1 Z.65 F7800
G1 Z.65
G1 X-9.852 Y-.229
;TYPE:Overhang perimeter
;WIDTH:0.4
;HEIGHT:0.4
G1 F900
G1 X-9.881 Y-.094 E.00721
G1 X-9.88 Y.159 E.01322
G1 X-9.361 Y2.427 E.12155
G1 X-9.225 Y2.853 E.02336
G1 X-8.926 Y3.379 E.03161
G1 X-8.902 Y4.041 E.03461
G1 X-9.533 Y2.979 E.06454
G1 X-9.76 Y2.517 E.02689
G1 X-10.297 Y.08 E.13038
G1 X-10.267 Y-.173 E.01331
G1 X-9.766 Y-2.53 E.12589
G1 X-9.415 Y-3.389 E.04848
G1 X-9.179 Y-3.877 E.02832
G1 X-8.862 Y-4.275 E.02658
G1 X-8.882 Y-3.587 E.03596
G1 X-9.034 Y-3.375 E.01363
G1 X-9.232 Y-2.959 E.02407
G1 X-9.39 Y-2.408 E.02995
G1 X-9.84 Y-.288 E.11323
G1 E-2 F2400
G1 X-8.51 Y5.127 F7800
G1 E2 F2400
G1 F900
G1 X-8.509 Y5.137 E.00053
G1 X-8.667 Y5.139 E.00826
G1 X-10.126 Y2.701 E.14844
G1 X-10.71 Y.04 E.14233
G1 X-10.149 Y-2.632 E.14264
G1 X-9.508 Y-4.077 E.08259
G1 X-8.699 Y-5.094 E.06789
G1 X-8.455 Y-5.092 E.01275
G1 X-8.46 Y-4.927 E.00862
G1 X-8.503 Y-3.449 E.07725
G1 X-8.745 Y-3.145 E.0203
G1 X-8.912 Y-2.774 E.02126
G1 X-9.5 Y-.013 E.14748
G1 X-9.5 Y.069 E.00428
G1 X-8.849 Y2.828 E.1481
G1 X-8.578 Y3.275 E.02731
G1 X-8.512 Y5.067 E.09369
G1 X-8.875 Y4.899 F7800
G1 E-10 F2400
T1
G1 E-2
G1 X-9.007 Y.025 F7800
G1 Z.65
G1 E2 F2400
;TYPE:External perimeter
;WIDTH:0.530021
;HEIGHT:0.3
G1 F600
G1 X-8.475 Y-2.471 E.14822
G1 X-8.536 Y.007 E.14396
G1 X-8.549 Y1.998 E.11563
G1 X-8.994 Y.083 E.11418
G1 X-8.932 Y-.312 F7800
;LAYER_CHANGE
;Z:0.95
;HEIGHT:0.3
G1 E-2 F2400
G1 Z.95 F7800
G1 Z.95
G1 X-8.399 Y-4.653
G1 E2 F2400
;WIDTH:0.535883
G1 F900
G1 X-8.392 Y-4.571 E.00484
;WIDTH:0.521029
G1 X-8.394 Y-2.803 E.1007
;WIDTH:0.524481
G1 X-8.396 Y-2.763 E.0023
G1 X-8.395 Y-3.163 F7800
G1 X-9.539 Y-3.67
;WIDTH:0.404381
G1 F900
G1 X-9.561 Y-3.633 E.00183
G1 X-9.624 Y-3.67 E.0031
G1 X-9.561 Y-3.707 E.0031
G1 E-2 F2400
G1 X-8.943 Y4.432 F7800
G1 E2 F2400
G1 F900
G1 X-8.968 Y4.407 E.0015
;WIDTH:0.424919
G1 X-9.443 Y3.808 E.03438
G1 X-8.481 Y2.287 F7800
;WIDTH:0.523457
G1 F900
G1 X-8.478 Y2.672 E.02205
;WIDTH:0.517523
G1 X-8.456 Y4.303 E.09219
;WIDTH:0.562446
G1 X-8.477 Y4.385 E.00526
;WIDTH:0.607369
G1 X-8.499 Y4.467 E.00575
;WIDTH:0.652293
G1 X-8.52 Y4.55 E.00628
G1 X-8.511 Y4.15 F7800
G1 X-8.481 Y2.287
;WIDTH:0.563329
G1 F900
G1 X-8.977 Y.079 E.14083
G1 X-8.973 Y-.055 E.00834
G1 X-8.436 Y-2.639 E.16424
;WIDTH:0.537101
G1 X-8.396 Y-2.763 E.00768
G1 X-8.404 Y-2.635 E.00756
;WIDTH:0.563329
G1 X-8.485 Y.003 E.16424
G1 X-8.481 Y2.227 E.1384
G1 X-8.584 Y1.84 F7800
G1 E-10 F2400
T0
G1 X-10.09 Y.931 F7800
G1 Z.95
G1 E10 F2400
;TYPE:Perimeter
;WIDTH:0.45
G1 F900
G1 X-10.233 Y.837 E.00823
G1 X-10.538 Y.926 E.01528
G1 X-10.885 Y1.233 E.02228
;TYPE:Overhang perimeter
;WIDTH:0.4
;HEIGHT:0.4
G1 X-10.939 Y1.281 E.00377
G1 X-11.032 Y1.708 E.02283
G1 X-11.164 Y1.244 E.0252
G1 X-11.418 Y.044 E.06408
G1 X-11.128 Y-1.06 E.05964
G1 X-10.97 Y-1.868 E.04301
G1 X-10.928 Y-1.678 E.01017
G1 X-10.812 Y-1.549 E.00906
;TYPE:Perimeter
;WIDTH:0.45
;HEIGHT:0.3
G1 X-10.583 Y-1.294 E.01648
G1 X-10.198 Y-1.149 E.01979
G1 X-10.027 Y-1.241 E.00934
G1 X-10.272 Y-.054 E.05829
G1 X-10.25 Y.247 E.01452
G1 X-10.104 Y.873 E.03092
G1 X-9.888 Y.032 F7800
G1 F900
G1 X-9.89 Y.039 E.00035
G1 X-9.512 Y1.657 E.07992
G1 X-10.166 Y1.217 E.03791
G1 X-10.373 Y1.275 E.01034
G1 X-10.613 Y1.487 E.0154
G1 X-10.751 Y1.842 E.01832
;TYPE:Overhang perimeter
;WIDTH:0.4
;HEIGHT:0.4
G1 X-10.767 Y1.885 E.0024
G1 X-10.666 Y2.409 E.02788
G1 X-10.151 Y4.161 E.09541
G1 X-10.001 Y4.379 E.01383
G1 X-9.62 Y4.761 E.02819
G1 X-10.147 Y4.769 E.02754
G1 X-10.483 Y4.155 E.03657
G1 X-11.143 Y2.532 E.09154
G1 X-11.28 Y1.992 E.02911
G1 X-11.539 Y1.337 E.0368
G1 X-11.814 Y.034 E.06957
G1 X-11.506 Y-1.134 E.06311
G1 X-11.388 Y-1.741 E.03231
G1 X-11.232 Y-2.175 E.02409
G1 X-11.159 Y-2.535 E.01919
G1 X-10.588 Y-4.106 E.08733
G1 X-10.317 Y-4.671 E.03274
G1 X-9.659 Y-4.668 E.03438
G1 X-10.141 Y-4.16 E.03659
G1 X-10.289 Y-3.862 E.01738
G1 X-10.665 Y-2.384 E.07968
G1 X-10.712 Y-2.119 E.01406
G1 X-10.698 Y-2.091 E.00164
;TYPE:Perimeter
;WIDTH:0.648436
;HEIGHT:0.3
G1 X-10.669 Y-2.031 E.00485
;WIDTH:0.598827
G1 X-10.64 Y-1.97 E.0045
;WIDTH:0.549218
G1 X-10.611 Y-1.91 E.00403
;WIDTH:0.499609
G1 X-10.582 Y-1.849 E.00367
;WIDTH:0.45
G1 X-10.375 Y-1.619 E.01488
G1 X-10.119 Y-1.527 E.01308
G1 X-9.48 Y-1.883 E.03518
G1 X-9.707 Y-.894 E.0488
G1 X-9.877 Y-.027 E.04249
G1 X-9.48 Y-1.883 F7800
;WIDTH:0.417823
G1 F900
G1 X-9.369 Y-2.378 E.02236
G1 E-2 F2400
G1 X-9.346 Y2.388 F7800
G1 E2 F2400
;WIDTH:0.436535
G1 F900
G1 X-9.512 Y1.657 E.03479
G1 X-9.492 Y.029 F7800
;TYPE:External perimeter
;WIDTH:0.45
G1 F900
G1 X-9.499 Y.071 E.00205
G1 X-8.961 Y2.37 E.11356
G1 X-8.946 Y3.786 E.06811
G1 X-9.703 Y2.531 E.07049
G1 X-9.876 Y1.745 E.03871
G1 X-10.098 Y1.597 E.01283
G1 X-10.159 Y1.607 E.00297
G1 X-10.288 Y1.694 E.00748
G1 X-10.316 Y1.823 E.00635
G1 X-10.265 Y2.191 E.01787
G1 X-9.858 Y3.958 E.08721
;TYPE:Overhang perimeter
;WIDTH:0.4
;HEIGHT:0.4
G1 X-9.772 Y4.098 E.00858
;TYPE:External perimeter
;WIDTH:0.45
;HEIGHT:0.3
G1 X-8.727 Y5.118 E.07023
G1 X-9.169 Y5.124 E.02126
;TYPE:Overhang perimeter
;WIDTH:0.4
;HEIGHT:0.4
G1 X-10.357 Y5.141 E.06207
G1 X-10.587 Y4.746 E.02388
G1 X-11.551 Y2.706 E.11788
G1 X-11.913 Y1.429 E.06935
G1 X-12.21 Y.024 E.07503
G1 X-11.885 Y-1.208 E.06657
G1 X-11.604 Y-2.643 E.0764
G1 X-10.588 Y-5.08 E.13794
G1 X-9.259 Y-5.073 E.06943
;TYPE:External perimeter
;WIDTH:0.45
;HEIGHT:0.3
G1 X-8.68 Y-5.07 E.02785
G1 X-9.735 Y-4.016 E.07173
G1 X-9.919 Y-3.787 E.01413
G1 X-10.256 Y-2.11 E.08227
G1 X-10.167 Y-1.944 E.00906
G1 X-10.04 Y-1.904 E.0064
G1 X-9.822 Y-2.021 E.0119
G1 X-9.703 Y-2.526 E.02495
;WIDTH:0.488944
G1 X-9.608 Y-2.692 E.01013
;WIDTH:0.527888
G1 X-9.513 Y-2.858 E.01106
;WIDTH:0.566833
G1 X-9.419 Y-3.025 E.01201
G1 X-9.074 Y-3.803 E.05333
G1 X-8.937 Y-3.979 E.01398
G1 X-8.956 Y-2.828 E.07214
G1 X-8.975 Y-2.653 E.01103
;WIDTH:0.527888
G1 X-8.994 Y-2.478 E.01018
;WIDTH:0.488944
G1 X-9.012 Y-2.302 E.00937
;WIDTH:0.45
G1 X-9.401 Y-.477 E.08975
G1 X-9.481 Y-.03 E.02184
G1 X-9.425 Y.366 F7800
G1 E-2 F2400
G1 X-10.765 Y-1.329 F7800
G1 E2 F2400
;TYPE:Bridge infill
;WIDTH:0.49
;HEIGHT:0.4
G1 F3600
G1 X-11.065 Y.157 E.11885
G1 X-10.92 Y.845 E.05512
G1 X-10.685 Y.638 E.02455
G1 X-10.606 Y.612 E.00652
G1 X-10.272 Y-1.044 E.13244
G1 E-2 F2400
G1 X9.701 Y-1.126 F7800
G1 E2 F2400
;TYPE:Overhang perimeter
;WIDTH:0.4
G1 F900
G1 X9.524 Y-2.684 E.08192
G1 X9.569 Y-2.287 F7800
G1 X9.701 Y-1.126
G1 F900
G1 X9.897 Y-.759 E.02174
G1 X10.016 Y.071 E.04381
G1 X9.873 Y.77 E.03728
G1 X9.602 Y1.782 E.05473
G1 X9.645 Y.039 E.09109
G1 X9.592 Y-.724 E.03996
G1 X9.685 Y-1.068 E.01862
G1 X9.913 Y-.739 F7800
M106 S226.95
;LAYER_CHANGE
;Z:1.25
;HEIGHT:0.3
G1 E-2 F2400
G1 Z1.25 F7800
G1 Z1.25
G1 X-9.466 Y.03
G1 E2 F2400
;TYPE:External perimeter
;WIDTH:0.398687
G1 F900
G1 X-9.374 Y.493 E.01968
G1 X-9.384 Y2.006 E.06309
G1 X-9.796 Y.139 E.07972
;WIDTH:0.395877
G1 X-9.795 Y-.074 E.00881
;WIDTH:0.393837
G1 X-9.314 Y-2.361 E.09603
;WIDTH:0.39376
G1 X-9.355 Y-.569 E.07364
G1 X-9.468 Y-.029 E.02266
G1 X-9.398 Y.365 F7800
G1 E-2 F2400
G1 X-11.869 Y.457 F7800
G1 E2 F2400
;TYPE:Perimeter
;WIDTH:0.45
G1 F900
G1 X-11.656 Y1.428 E.04781
;WIDTH:0.496209
G1 X-11.657 Y1.53 E.00549
;WIDTH:0.542419
G1 X-11.658 Y1.633 E.00614
;WIDTH:0.588629
G1 X-11.659 Y1.735 E.00667
;WIDTH:0.634839
G1 X-11.66 Y1.838 E.00733
G1 X-11.572 Y2.215 E.02754
;WIDTH:0.623076
G1 X-11.482 Y2.537 E.0233
;WIDTH:0.585331
G1 X-11.392 Y2.859 E.02172
;WIDTH:0.547586
G1 X-11.225 Y3.32 E.02955
;WIDTH:0.576258
G1 X-10.655 Y4.279 E.07123
G1 X-11.275 Y4.286 E.03959
;TYPE:Overhang perimeter
;WIDTH:0.4
;HEIGHT:0.4
M106 S255
G1 X-11.289 Y4.286 E.00073
G1 X-11.667 Y3.456 E.04765
M106 S226.95
;TYPE:Perimeter
;WIDTH:0.547586
;HEIGHT:0.3
G1 X-11.846 Y3.014 E.02874
;WIDTH:0.587669
G1 X-11.945 Y2.769 E.01725
;WIDTH:0.627753
G1 X-12.044 Y2.525 E.0185
;TYPE:Overhang perimeter
;WIDTH:0.4
;HEIGHT:0.4
M106 S255
G1 X-12.213 Y1.977 E.02996
G1 X-12.412 Y1.618 E.02144
G1 X-12.598 Y.961 E.03567
G1 X-12.817 Y-.088 E.05599
G1 X-12.557 Y-1.348 E.06722
G1 X-12.278 Y-2.444 E.05909
G1 X-11.829 Y-3.34 E.05236
G1 X-11.456 Y-4.219 E.04989
G1 X-11.413 Y-4.218 E.00225
M106 S226.95
;TYPE:Perimeter
;WIDTH:0.613189
;HEIGHT:0.3
G1 X-10.659 Y-4.206 E.05162
G1 X-10.912 Y-3.953 E.02449
G1 X-11.123 Y-3.635 E.02612
;WIDTH:0.601308
G1 X-11.411 Y-2.925 E.05131
;WIDTH:0.59841
G1 X-11.436 Y-2.683 E.0162
;WIDTH:0.54894
G1 X-11.462 Y-2.441 E.01471
;WIDTH:0.49947
G1 X-11.487 Y-2.2 E.01315
;WIDTH:0.45
G1 X-11.917 Y-.157 E.10041
G1 X-11.915 Y.246 E.01938
G1 X-11.882 Y.398 E.00748
G1 X-11.539 Y.042 F7800
G1 F900
G1 X-11.538 Y.164 E.00587
G1 X-10.967 Y2.766 E.12813
G1 X-10.862 Y3.099 E.01679
G1 X-10.237 Y4.09 E.05635
G1 X-9.594 Y4.717 E.0432
G1 X-11.064 Y4.732 E.07071
;TYPE:Overhang perimeter
;WIDTH:0.4
;HEIGHT:0.4
M106 S255
G1 X-11.585 Y4.738 E.02722
G1 X-12.239 Y3.199 E.08736
G1 X-12.551 Y2.539 E.03814
G1 X-12.972 Y1.055 E.08059
G1 X-13.178 Y.105 E.05079
G1 X-13.199 Y-.146 E.01316
G1 X-12.933 Y-1.434 E.06871
G1 X-12.656 Y-2.537 E.05942
G1 X-11.766 Y-4.691 E.12176
G1 X-11.22 Y-4.682 E.02853
M106 S226.95
;TYPE:Perimeter
;WIDTH:0.45
;HEIGHT:0.3
G1 X-9.539 Y-4.666 E.08085
G1 X-10.581 Y-3.623 E.07091
G1 X-10.701 Y-3.448 E.01021
G1 X-10.961 Y-2.83 E.03225
G1 X-11.539 Y-.078 E.13525
G1 X-11.539 Y-.018 E.00289
G1 X-11.162 Y.041 F7800
;TYPE:External perimeter
G1 F900
G1 X-11.162 Y.082 E.00197
G1 X-10.533 Y2.898 E.13878
G1 X-9.968 Y3.814 E.05176
G1 X-8.657 Y5.092 E.08806
G1 X-10.863 Y5.116 E.10611
;TYPE:Overhang perimeter
;WIDTH:0.4
;HEIGHT:0.4
M106 S255
G1 X-11.839 Y5.126 E.05099
G1 X-12.588 Y3.364 E.10003
G1 X-12.913 Y2.675 E.0398
G1 X-13.347 Y1.148 E.08294
G1 X-13.599 Y-.014 E.06212
G1 X-13.581 Y-.204 E.00997
G1 X-13.309 Y-1.52 E.07021
G1 X-13.023 Y-2.658 E.0613
G1 X-12.022 Y-5.081 E.13697
G1 X-11.061 Y-5.065 E.05021
M106 S226.95
;TYPE:External perimeter
;WIDTH:0.45
;HEIGHT:0.3
G1 X-8.614 Y-5.046 E.1177
G1 X-10.348 Y-3.292 E.11863
G1 X-10.583 Y-2.753 E.02828
G1 X-11.158 Y-.018 E.13442
G1 X-11.093 Y.377 F7800
G1 E-2 F2400
G1 X-11.879 Y-2.824 F7800
G1 E2 F2400
;TYPE:Bridge infill
;WIDTH:0.49
;HEIGHT:0.4
M106 S255
G1 F3600
G1 X-12.469 Y.04 E.22925
G1 X-12.286 Y.883 E.06763
G1 X-12.173 Y1.28 E.03236
G1 X-11.997 Y.426 E.06836
M106 S226.95
G1 E-2 F2400
G1 X10.212 Y2.583 F7800
G1 E2 F2400
;TYPE:Overhang perimeter
;WIDTH:0.4
M106 S255
G1 F900
G1 X10.472 Y1.595 E.05338
M106 S226.95
G1 E-2 F2400
G1 X9.926 Y-2.842 F7800
G1 E2 F2400
M106 S255
G1 F900
G1 X9.914 Y-2.878 E.00198
G1 X9.581 Y-3.434 E.03386
G1 X9.524 Y-4.421 E.05165
G1 X10.309 Y-3.115 E.07961
G1 X10.54 Y-2.643 E.02745
G1 X11.063 Y-.126 E.13431
G1 X11.072 Y.027 E.00801
G1 X10.822 Y1.259 E.06568
G1 X10.784 Y1.8 E.02833
G1 X10.551 Y2.674 E.04726
G1 X10.269 Y3.087 E.02613
G1 X9.97 Y3.622 E.03202
G1 X9.58 Y4.242 E.03827
G1 X9.616 Y3.252 E.05176
G1 X9.787 Y2.965 E.01745
G1 X9.872 Y2.493 E.02506
G1 X10.103 Y1.629 E.04673
G1 X10.308 Y1.137 E.02785
G1 X10.542 Y-.018 E.06157
G1 X10.028 Y-2.538 E.13437
G1 X9.945 Y-2.785 E.01361
M106 S226.95
G1 X9.756 Y-3.137 F7800
G1 E-10 F2400
T1
G1 X-8.961 Y-.034 F7800
G1 Z1.25
G1 E10 F2400
;TYPE:External perimeter
;WIDTH:0.59679
;HEIGHT:0.3
G1 F900
G1 X-8.9 Y.468 E.03358
;WIDTH:0.550094
G1 X-8.914 Y2.654 E.13243
;WIDTH:0.55241
G1 X-8.915 Y2.69 E.00219
G1 X-8.979 Y2.74 E.00494
;WIDTH:0.518273
G1 X-9.042 Y2.789 E.00452
;WIDTH:0.484136
G1 X-9.105 Y2.838 E.00418
;WIDTH:0.45
G1 X-9.356 Y2.903 E.01247
;WIDTH:0.48219
G1 X-9.546 Y2.82 E.0108
G1 X-9.726 Y2.502 E.01904
G1 X-10.257 Y.086 E.12891
;WIDTH:0.486528
G1 X-10.264 Y.04 E.00245
G1 X-10.258 Y-.002 E.00223
;WIDTH:0.482212
G1 X-9.739 Y-2.474 E.13163
;WIDTH:0.481996
G1 X-9.475 Y-3.034 E.03225
;WIDTH:0.443669
G1 X-9.431 Y-3.086 E.00322
;WIDTH:0.45
G1 X-9.262 Y-3.145 E.00861
G1 X-8.991 Y-3.083 E.01337
;WIDTH:0.484327
G1 X-8.936 Y-3.023 E.00426
;WIDTH:0.518654
G1 X-8.882 Y-2.963 E.00457
;WIDTH:0.552982
G1 X-8.827 Y-2.902 E.00501
;WIDTH:0.555101
G1 X-8.883 Y-.536 E.14485
;WIDTH:0.59679
G1 X-8.952 Y-.093 E.02977
G1 X-8.917 Y.305 F7800
G1 E-2 F2400
G1 X-9.319 Y3.283 F7800
G1 E2 F2400
;TYPE:Perimeter
;WIDTH:0.444275
G1 F900
G1 X-9.003 Y3.207 E.0154
G1 X-8.758 Y2.936 E.01731
G1 X-8.743 Y3.845 E.04308
G1 X-9.276 Y3.325 E.03528
G1 E-2 F2400
G1 X-9.076 Y-3.459 F7800
G1 E2 F2400
;WIDTH:0.36904
G1 F900
G1 X-8.631 Y-3.904 E.02391
G1 X-8.632 Y-3.061 E.03203
G1 X-8.847 Y-3.397 E.01516
G1 X-9.018 Y-3.443 E.00673
G1 E-2 F2400
G1 X-10.678 Y.04 F7800
G1 E2 F2400
;TYPE:External perimeter
;WIDTH:0.486528
G1 F900
G1 X-10.667 Y-.088 E.00676
;WIDTH:0.482212
G1 X-10.147 Y-2.56 E.13165
G1 X-9.958 Y-3.021 E.02597
G1 X-9.782 Y-3.244 E.0148
;WIDTH:0.45
G1 X-8.291 Y-4.733 E.10135
G1 X-8.286 Y-4.457 E.01328
G1 X-8.287 Y-3.535 E.04435
;WIDTH:0.485033
G1 X-8.304 Y-3.258 E.01456
;WIDTH:0.520067
G1 X-8.322 Y-2.98 E.01583
;WIDTH:0.555101
G1 X-8.397 Y-.523 E.15045
;WIDTH:0.59679
G1 X-8.434 Y-.001 E.03475
G1 X-8.414 Y.471 E.03137
;WIDTH:0.550094
G1 X-8.43 Y2.657 E.13243
;WIDTH:0.55241
G1 X-8.41 Y2.942 E.01739
;WIDTH:0.518273
G1 X-8.389 Y3.16 E.0124
;WIDTH:0.484136
G1 X-8.368 Y3.377 E.01141
;WIDTH:0.45
G1 X-8.344 Y4.769 E.06696
G1 X-9.655 Y3.474 E.08863
;WIDTH:0.482191
G1 X-10.057 Y2.784 E.04161
G1 X-10.134 Y2.592 E.01078
G1 X-10.664 Y.175 E.12895
;WIDTH:0.486528
G1 X-10.679 Y.1 E.00403
G1 X-10.62 Y-.296 F7800
G1 E-2 F2400
G1 X9.528 Y-2.228 F7800
G1 E2 F2400
;WIDTH:0.51701
G1 F900
G1 X9.975 Y-.011 E.12768
G1 X9.975 Y.079 E.00508
G1 X9.835 Y.761 E.0393
G1 X9.514 Y1.962 E.07018
G1 X9.527 Y.068 E.10693
G1 X9.5 Y-2.365 E.13736
G1 X9.516 Y-2.287 E.0045
G1 X9.595 Y-1.895 F7800
M106 S211.65
;LAYER_CHANGE
;Z:1.55
;HEIGHT:0.3
G1 E-2 F2400
G1 Z1.55 F7800
G1 Z1.55
G1 X9.436 Y3.469
G1 E2 F2400
;WIDTH:0.543157
G1 F900
G1 X9.434 Y3.428 E.00245
;WIDTH:0.544935
G1 X9.43 Y2.798 E.03776
;WIDTH:0.548565
G1 X9.436 Y2.191 E.03666
G1 X9.434 Y2.591 F7800
G1 E-2 F2400
G1 X9.415 Y-2.717 F7800
G1 E2 F2400
;WIDTH:0.544525
G1 F900
G1 X9.413 Y-2.758 E.00246
;WIDTH:0.544909
G1 X9.406 Y-3.5 E.04447
G1 X9.542 Y-3.656 F7800
;WIDTH:0.519185
G1 F900
G1 X9.497 Y-3.604 E.0039
;WIDTH:0.544909
G1 X9.406 Y-3.5 E.00828
G1 X9.39 Y-3.714 E.01286
;WIDTH:0.518676
G1 X9.374 Y-3.928 E.01216
;WIDTH:0.492443
G1 X9.365 Y-4.718 E.04218
G1 X9.922 Y-3.767 E.05884
;WIDTH:0.493462
G1 X9.587 Y-3.708 E.0182
;WIDTH:0.519185
G1 X9.581 Y-3.701 E.00052
G1 X9.182 Y-3.684 F7800
G1 E-2 F2400
G1 X9.436 Y2.191 F7800
G1 E2 F2400
;WIDTH:0.562555
G1 F900
G1 X9.457 Y.036 E.13391
G1 X9.415 Y-2.713 E.17083
G1 X9.961 Y.034 E.17402
G1 X9.812 Y.756 E.04581
G1 X9.451 Y2.132 E.08839
G1 X9.438 Y1.733 F7800
G1 X9.621 Y3.633
;WIDTH:0.491874
G1 F900
G1 X9.97 Y3.679 E.01877
;WIDTH:0.48473
G1 X9.417 Y4.565 E.05476
;WIDTH:0.513943
G1 X9.426 Y4.017 E.03073
;WIDTH:0.543157
G1 X9.436 Y3.469 E.03273
G1 X9.527 Y3.551 E.00731
;WIDTH:0.517515
G1 X9.575 Y3.595 E.00368
G1 X9.954 Y3.723 F7800
G1 E-2 F2400
G1 X-9.921 Y.039 F7800
G1 E2 F2400
;TYPE:Perimeter
;WIDTH:0.45
G1 F900
G1 X-9.921 Y.036 E.00014
G1 X-9.415 Y-2.372 E.11835
G1 X-9.383 Y-2.457 E.00437
G1 X-8.987 Y-2.853 E.02694
G1 X-9.064 Y-.005 E.13703
G1 X-9.08 Y2.887 E.1391
G1 X-9.401 Y2.409 E.02769
G1 X-9.908 Y.097 E.11384
G1 X-10.316 Y.038 F7800
G1 F900
G1 X-9.793 Y-2.451 E.12233
G1 X-9.706 Y-2.679 E.01174
G1 X-8.601 Y-3.787 E.07526
G1 X-8.602 Y-2.698 E.05238
G1 X-8.679 Y-.002 E.12972
G1 X-8.699 Y2.657 E.12789
G1 X-8.677 Y3.817 E.0558
G1 X-9.455 Y3.061 E.05218
G1 X-9.763 Y2.555 E.02849
G1 X-10.303 Y.097 E.12104
G1 X-10.71 Y.04 F7800
;TYPE:External perimeter
G1 F900
G1 X-10.17 Y-2.531 E.12635
G1 X-10.03 Y-2.9 E.01898
G1 X-8.226 Y-4.708 E.12284
G1 X-8.215 Y-4.08 E.03021
G1 X-8.216 Y-2.693 E.06671
G1 X-8.293 Y.001 E.12962
G1 X-8.313 Y2.65 E.12741
G1 X-8.274 Y4.746 E.10083
G1 X-9.759 Y3.303 E.09959
G1 X-10.126 Y2.701 E.03391
G1 X-10.697 Y.099 E.12813
G1 X-10.636 Y-.297 F7800
G1 X-9.655 Y.035
;TYPE:Solid infill
;WIDTH:0.391637
G1 F1200
G1 X-9.376 Y-1.293 E.05539
G1 X-9.288 Y-1.283 E.00362
G1 X-9.333 Y1.104 E.09745
G1 X-9.419 Y1.113 E.00353
G1 X-9.614 Y.224 E.03715
G1 E-2 F2400
G1 X-11.241 Y-1.416 F7800
G1 E2 F2400
;TYPE:External perimeter
;WIDTH:0.404381
G1 F900
G1 X-11.151 Y-1.985 E.02443
G1 E-2 F2400
G1 X-11.069 Y2.15 F7800
G1 E2 F2400
G1 F900
G1 X-11.09 Y2.187 E.0018
G1 X-11.154 Y2.15 E.00313
G1 X-11.09 Y2.114 E.00311
G1 E-10 F2400
T0
G1 X11.284 Y-.367 F7800
G1 Z1.55
G1 E10 F2400
;TYPE:Perimeter
;WIDTH:0.655743
G1 F900
G1 X11.346 Y-.026 E.02556
G1 X11.33 Y.159 E.0137
G1 E-2 F2400
G1 X10.825 Y3.612 F7800
G1 E2 F2400
;TYPE:Overhang perimeter
;WIDTH:0.4
;HEIGHT:0.4
M106 S255
G1 F900
G1 X11.116 Y2.496 E.06025
G1 X11.204 Y1.868 E.03313
M106 S211.65
;TYPE:Perimeter
;WIDTH:0.417947
;HEIGHT:0.3
G1 X11.3 Y1.093 E.03444
;WIDTH:0.45
G1 X11.135 Y.613 E.02441
G1 X11.063 Y.556 E.00442
G1 X10.784 Y.458 E.01422
G1 X10.847 Y.15 E.01512
G1 X10.848 Y-.076 E.01087
G1 X10.729 Y-.668 E.02904
G1 X11.02 Y-.773 E.01488
G1 X11.261 Y-1.315 E.02853
;WIDTH:0.410528
G1 X11.167 Y-2.073 E.03298
;TYPE:Overhang perimeter
;WIDTH:0.4
;HEIGHT:0.4
M106 S255
G1 X11.096 Y-2.566 E.02602
G1 X10.79 Y-3.707 E.06172
G1 X11.37 Y-2.67 E.06208
G1 X11.759 Y-.459 E.11729
G1 X11.829 Y.041 E.02638
G1 X11.398 Y2.585 E.1348
G1 X10.854 Y3.56 E.05833
M106 S211.65
G1 X9.895 Y3.012 F7800
;TYPE:External perimeter
;WIDTH:0.383328
;HEIGHT:0.3
G1 F900
G1 X9.894 Y2.282 E.02904
G1 X10.249 Y.912 E.0563
;WIDTH:0.40596
G1 X10.326 Y.655 E.01143
;WIDTH:0.45
G1 X10.403 Y.397 E.01295
G1 X10.47 Y-.003 E.01951
G1 X10.351 Y-.592 E.0289
G1 X10.274 Y-.873 E.01401
;WIDTH:0.410002
G1 X10.196 Y-1.155 E.01261
;WIDTH:0.370005
G1 X9.926 Y-2.475 E.05136
;WIDTH:0.362097
G1 X9.866 Y-2.774 E.01132
G1 X9.862 Y-3.144 E.01374
G1 X10.218 Y-2.535 E.02619
;WIDTH:0.370005
G1 X10.496 Y-1.217 E.05135
;WIDTH:0.410002
G1 X10.585 Y-1.138 E.00513
;WIDTH:0.45
G1 X10.675 Y-1.059 E.00576
G1 X10.81 Y-1.097 E.00675
G1 X10.897 Y-1.278 E.00966
G1 X10.781 Y-2.417 E.05507
G1 X10.711 Y-2.688 E.01346
;WIDTH:0.490218
G1 X10.587 Y-3.222 E.02912
;WIDTH:0.530436
G1 X10.463 Y-3.756 E.03187
;TYPE:Overhang perimeter
;WIDTH:0.4
;HEIGHT:0.4
M106 S255
G1 X10.396 Y-4.01 E.01372
G1 X9.709 Y-5.162 E.07008
G1 X10.277 Y-5.176 E.02968
G1 X10.882 Y-4.139 E.06272
G1 X11.565 Y-3.041 E.06756
G1 X11.705 Y-2.763 E.01626
G1 X12.204 Y-.193 E.13678
G1 X12.211 Y.095 E.01505
G1 X12.161 Y.458 E.01914
G1 X11.765 Y2.481 E.1077
G1 X11.684 Y2.771 E.01573
G1 X10.701 Y4.424 E.10048
G1 X10.229 Y5.174 E.0463
G1 X9.654 Y5.165 E.03004
G1 X10.466 Y3.853 E.08061
G1 X10.518 Y3.62 E.01247
M106 S211.65
;TYPE:External perimeter
;WIDTH:0.516791
;HEIGHT:0.3
G1 X10.653 Y3.015 E.03498
;WIDTH:0.483395
G1 X10.787 Y2.411 E.03233
;WIDTH:0.45
G1 X10.933 Y1.056 E.06555
G1 X10.872 Y.896 E.00824
G1 X10.709 Y.837 E.00834
G1 X10.622 Y.917 E.00568
;WIDTH:0.406088
G1 X10.534 Y.998 E.0051
;WIDTH:0.383328
G1 X10.379 Y1.705 E.02879
G1 X10.15 Y2.558 E.03513
G1 X9.924 Y2.959 E.01831
G1 X9.89 Y2.561 F7800
G1 E-2 F2400
G1 X-10.718 Y-2.297 F7800
G1 E2 F2400
;WIDTH:0.527289
G1 F900
G1 X-10.724 Y-2.261 E.00211
;WIDTH:0.523827
G1 X-10.98 Y-.998 E.07385
;WIDTH:0.549333
G1 X-11.177 Y-.17 E.05148
;WIDTH:0.552685
G1 X-11.184 Y-.141 E.00182
G1 X-11.098 Y-.532 F7800
G1 X-11.044 Y.899
;WIDTH:0.572981
G1 F900
G1 X-10.819 Y1.828 E.06064
;WIDTH:0.530237
G1 X-10.659 Y2.459 E.03782
;WIDTH:0.487493
G1 X-10.656 Y2.473 E.00076
G1 X-10.752 Y2.085 F7800
G1 E-2 F2400
G1 X-12.37 Y.088 F7800
G1 E2 F2400
;TYPE:Perimeter
;WIDTH:0.45
G1 F900
G1 X-12.361 Y.123 E.00174
G1 X-12.202 Y.385 E.01474
G1 X-12.121 Y.43 E.00446
G1 X-12.192 Y.49 E.00447
G1 X-12.28 Y.706 E.01122
G1 X-12.311 Y1.05 E.01661
G1 X-12.152 Y2.516 E.07092
G1 X-11.918 Y2.894 E.02138
G1 X-11.586 Y3.226 E.02258
G1 X-11.217 Y3.456 E.02091
G1 X-11.089 Y3.468 E.00618
G1 X-10.785 Y3.967 E.0281
G1 X-10.472 Y4.313 E.02244
G1 X-12.638 Y4.332 E.10418
;TYPE:Overhang perimeter
;WIDTH:0.4
;HEIGHT:0.4
M106 S255
G1 X-12.735 Y4.333 E.00507
G1 X-13.054 Y3.371 E.05295
M106 S211.65
;TYPE:Perimeter
;WIDTH:0.45
;HEIGHT:0.3
G1 X-13.349 Y2.442 E.04688
G1 X-13.485 Y1.576 E.04216
G1 X-13.841 Y-.066 E.08081
G1 X-13.744 Y-1.072 E.04861
G1 X-13.451 Y-2.492 E.06974
G1 X-13.068 Y-3.665 E.05935
;TYPE:Overhang perimeter
;WIDTH:0.4
;HEIGHT:0.4
M106 S255
G1 X-12.859 Y-4.304 E.03512
G1 X-12.805 Y-4.303 E.00282
M106 S211.65
;TYPE:Perimeter
;WIDTH:0.45
;HEIGHT:0.3
G1 X-10.395 Y-4.264 E.11593
G1 X-10.928 Y-3.729 E.03632
G1 X-11.111 Y-3.473 E.01514
G1 X-11.211 Y-3.248 E.01184
G1 X-11.351 Y-3.222 E.00685
G1 X-11.655 Y-3.026 E.0174
G1 X-11.944 Y-2.752 E.01915
G1 X-12.196 Y-2.353 E.0227
G1 X-12.237 Y-2.169 E.00907
G1 X-12.391 Y-.889 E.06201
G1 X-12.43 Y-.166 E.03482
G1 X-12.383 Y.029 E.00965
G1 X-11.698 Y.251 F7800
G1 F900
G1 X-11.494 Y.365 E.01124
G1 X-11.855 Y.679 E.02301
G1 X-11.909 Y.808 E.00673
G1 X-11.927 Y1.015 E.00999
G1 X-11.813 Y2.265 E.06037
G1 X-11.746 Y2.487 E.01115
G1 X-11.438 Y2.829 E.02214
G1 X-11.092 Y3.091 E.02087
G1 X-10.853 Y3.114 E.01155
G1 X-10.365 Y3.88 E.04368
G1 X-9.53 Y4.69 E.05595
G1 X-12.475 Y4.716 E.14165
;TYPE:Overhang perimeter
;WIDTH:0.4
;HEIGHT:0.4
M106 S255
G1 X-13.012 Y4.721 E.02806
G1 X-13.586 Y2.992 E.09518
G1 X-13.73 Y2.501 E.02673
G1 X-13.861 Y1.658 E.04457
G1 X-14.23 Y-.043 E.09094
G1 X-14.126 Y-1.13 E.05705
G1 X-13.825 Y-2.592 E.07798
G1 X-13.137 Y-4.695 E.1156
G1 X-12.646 Y-4.686 E.02566
M106 S211.65
;TYPE:Perimeter
;WIDTH:0.45
;HEIGHT:0.3
G1 X-9.472 Y-4.643 E.15267
G1 X-10.285 Y-3.828 E.05537
G1 X-10.765 Y-3.303 E.03421
G1 X-10.924 Y-2.946 E.0188
G1 X-11.228 Y-2.855 E.01526
G1 X-11.678 Y-2.472 E.02842
G1 X-11.829 Y-2.233 E.0136
G1 X-12.017 Y-.757 E.07156
G1 X-12.034 Y-.118 E.03074
G1 X-11.908 Y.134 E.01355
G1 X-11.751 Y.222 E.00866
G1 X-11.182 Y.043 F7800
;TYPE:External perimeter
;WIDTH:0.517168
G1 F900
G1 X-11.147 Y.179 E.00793
;WIDTH:0.483584
G1 X-11.1 Y.364 E.00998
;WIDTH:0.490179
G1 X-11.081 Y.542 E.00951
;WIDTH:0.530358
G1 X-11.063 Y.721 E.01046
;WIDTH:0.570537
G1 X-11.044 Y.899 E.0113
G1 X-11.136 Y.853 E.00649
;WIDTH:0.530358
G1 X-11.228 Y.808 E.00595
;WIDTH:0.490179
G1 X-11.32 Y.763 E.00544
;WIDTH:0.45
G1 X-11.408 Y.778 E.00429
G1 X-11.537 Y.911 E.00891
G1 X-11.503 Y1.414 E.02425
G1 X-11.407 Y2.304 E.04305
G1 X-11.041 Y2.68 E.02524
G1 X-10.878 Y2.734 E.00826
;WIDTH:0.456917
G1 X-10.762 Y2.687 E.00613
;WIDTH:0.487037
G1 X-10.656 Y2.473 E.01259
G1 X-10.533 Y2.898 E.02332
;WIDTH:0.45
G1 X-10.096 Y3.603 E.03989
G1 X-8.588 Y5.068 E.10112
G1 X-12.312 Y5.1 E.17912
;TYPE:Overhang perimeter
;WIDTH:0.4
;HEIGHT:0.4
M106 S255
G1 X-13.29 Y5.109 E.0511
G1 X-13.952 Y3.114 E.10982
G1 X-14.111 Y2.56 E.03011
G1 X-14.238 Y1.739 E.0434
G1 X-14.62 Y-.02 E.09404
G1 X-14.508 Y-1.187 E.06125
G1 X-14.198 Y-2.691 E.08023
G1 X-13.415 Y-5.085 E.13159
G1 X-12.488 Y-5.069 E.04844
M106 S211.65
;TYPE:External perimeter
;WIDTH:0.45
;HEIGHT:0.3
G1 X-8.549 Y-5.022 E.18947
G1 X-10.382 Y-3.184 E.12485
G1 X-10.571 Y-2.789 E.02106
;WIDTH:0.488644
G1 X-10.645 Y-2.543 E.01359
;WIDTH:0.527289
G1 X-10.718 Y-2.297 E.01482
G1 X-10.808 Y-2.398 E.00781
;WIDTH:0.490194
G1 X-10.897 Y-2.498 E.00711
;WIDTH:0.4531
G1 X-11.063 Y-2.507 E.00806
;WIDTH:0.45
G1 X-11.412 Y-2.193 E.02258
G1 X-11.471 Y-2.076 E.0063
G1 X-11.632 Y-.734 E.06501
G1 X-11.647 Y-.168 E.02723
G1 X-11.499 Y-.051 E.00907
;WIDTH:0.483584
G1 X-11.385 Y-.052 E.00596
;WIDTH:0.517168
G1 X-11.272 Y-.053 E.00638
;WIDTH:0.552685
G1 X-11.184 Y-.141 E.00758
G1 X-11.194 Y-.015 E.0077
G1 X-11.106 Y.375 F7800
G1 E-2 F2400
G1 X-13.661 Y.203 F7800
G1 E2 F2400
;TYPE:Bridge infill
;WIDTH:0.43468
;HEIGHT:0.4
M106 S255
G1 F3600
G1 X-13.092 Y-2.557 E.17386
G1 X-12.627 Y-3.979 E.0923
G1 X-12.305 Y-3.973 E.01987
G1 X-13.306 Y.883 E.3059
G1 X-13.17 Y1.511 E.03964
G1 X-13.071 Y2.142 E.03941
G1 X-12.671 Y.205 E.12203
G1 X-12.726 Y.028 E.01144
G1 X-12.752 Y-.309 E.02085
G1 X-12.717 Y-.873 E.03486
G1 X-12.555 Y-2.213 E.08328
G1 X-12.5 Y-2.462 E.01573
G1 X-12.177 Y-2.974 E.03735
G1 X-11.977 Y-3.164 E.01702
G1 X-11.812 Y-3.965 E.05046
G1 X-11.319 Y-3.956 E.03042
G1 X-11.454 Y-3.301 E.04126
M106 S211.65
G1 E-2 F2400
G1 X-12.406 Y1.318 F7800
G1 E2 F2400
M106 S255
G1 F3600
G1 X-12.786 Y3.16 E.11604
G1 X-12.504 Y4.009 E.05519
G1 X-12.466 Y4.009 E.00234
G1 X-12.253 Y2.979 E.06489
G1 X-12.152 Y3.115 E.01045
G1 X-11.849 Y3.418 E.02644
G1 X-11.97 Y4.005 E.03698
G1 X-11.474 Y4 E.0306
G1 X-11.37 Y3.495 E.03181
M106 S211.65
M106 S204
;LAYER_CHANGE
;Z:1.85
;HEIGHT:0.3
G1 E-2 F2400
G1 Z1.85 F7800
G1 Z1.85
G1 X10.273 Y-.477
G1 E2 F2400
;TYPE:External perimeter
;WIDTH:0.404381
G1 F900
G1 X10.354 Y-.031 E.01922
G1 E-2 F2400
G1 X11.033 Y-4.417 F7800
G1 E2 F2400
;TYPE:Perimeter
;WIDTH:0.515359
G1 F900
G1 X11.342 Y-3.856 E.03603
;WIDTH:0.465887
G1 X11.65 Y-3.294 E.03209
;WIDTH:0.456782
G1 X11.726 Y-3.098 E.01029
;WIDTH:0.49715
G1 X11.802 Y-2.901 E.0114
;WIDTH:0.537517
G1 X11.877 Y-2.704 E.01244
;WIDTH:0.577885
G1 X11.953 Y-2.507 E.01352
G1 X12.141 Y-1.518 E.06448
;WIDTH:0.547631
G1 X12.193 Y-1.156 E.02204
;WIDTH:0.594952
G1 X12.272 Y-.631 E.03513
;WIDTH:0.642273
G1 X12.35 Y-.107 E.03818
G1 X12.304 Y.436 E.03928
;WIDTH:0.611258
G1 X12.257 Y.978 E.03711
;WIDTH:0.599928
G1 X12.053 Y2.068 E.07407
;WIDTH:0.623996
G1 X11.968 Y2.439 E.02657
G1 X11.89 Y2.649 E.01564
;WIDTH:0.581807
G1 X11.812 Y2.86 E.01452
;WIDTH:0.539618
G1 X11.734 Y3.07 E.01328
;WIDTH:0.497429
G1 X11.63 Y3.295 E.01339
;WIDTH:0.500237
G1 X11.096 Y4.266 E.06024
;WIDTH:0.510697
G1 X11.014 Y4.408 E.00913
G1 X10.269 Y4.812 F7800
;WIDTH:0.45
G1 F900
G1 X10.739 Y4.064 E.04249
G1 X11.283 Y3.099 E.05328
G1 X11.338 Y2.964 E.00701
G1 X11.601 Y1.976 E.04917
G1 X11.808 Y.946 E.05053
G1 X11.871 Y-.056 E.04829
G1 X11.724 Y-1.429 E.06641
G1 X11.404 Y-2.928 E.07372
G1 X11.334 Y-3.104 E.00911
G1 X10.305 Y-4.818 E.09615
G1 X11.024 Y-4.835 E.03459
;TYPE:Overhang perimeter
;WIDTH:0.4
;HEIGHT:0.4
M106 S255
G1 X11.289 Y-4.841 E.01385
G1 X12.386 Y-2.648 E.12811
G1 X12.619 Y-1.24 E.07456
G1 X12.823 Y-.199 E.05542
G1 X12.843 Y.042 E.01263
G1 X12.655 Y1.385 E.07085
G1 X12.42 Y2.589 E.06409
G1 X12.067 Y3.32 E.04241
G1 X11.262 Y4.828 E.08931
G1 X11.014 Y4.824 E.01296
M106 S204
;TYPE:Perimeter
;WIDTH:0.45
;HEIGHT:0.3
G1 X10.329 Y4.813 E.03295
G1 X9.82 Y4.955 F7800
;TYPE:External perimeter
G1 F900
G1 X9.848 Y4.887 E.00354
G1 X9.847 Y4.759 E.00616
G1 X10.403 Y3.874 E.05027
G1 X10.947 Y2.91 E.05324
G1 X11.224 Y1.898 E.05046
G1 X11.423 Y.918 E.0481
G1 X11.488 Y-.016 E.04503
G1 X11.347 Y-1.348 E.06442
G1 X11.003 Y-2.906 E.07674
G1 X9.744 Y-5.002 E.1176
G1 X9.563 Y-5.186 E.01241
G1 X10.806 Y-5.215 E.0598
;TYPE:Overhang perimeter
;WIDTH:0.4
;HEIGHT:0.4
M106 S255
G1 X11.524 Y-5.233 E.03752
G1 X12.757 Y-2.768 E.144
G1 X12.998 Y-1.314 E.077
G1 X13.217 Y-.193 E.05967
G1 X13.225 Y.095 E.01505
G1 X13.036 Y1.449 E.07143
G1 X12.789 Y2.712 E.06724
G1 X12.411 Y3.495 E.04543
G1 X11.491 Y5.218 E.10205
G1 X10.774 Y5.206 E.03746
M106 S204
;TYPE:External perimeter
;WIDTH:0.45
;HEIGHT:0.3
G1 X9.629 Y5.188 E.05508
G1 X9.792 Y5.024 E.01112
G1 X9.797 Y5.011 E.00067
G1 X9.936 Y4.636 F7800
G1 E-2 F2400
G1 X-12.744 Y-1.804 F7800
G1 E2 F2400
;TYPE:Perimeter
G1 F900
G1 X-12.836 Y-1.458 E.01722
G1 X-12.907 Y-.159 E.06257
G1 X-12.78 Y1.604 E.08501
G1 X-12.731 Y1.845 E.01183
G1 X-12.5 Y2.217 E.02106
G1 X-10.402 Y4.287 E.14175
G1 X-13.865 Y4.328 E.16657
G1 X-14.439 Y2.544 E.09014
G1 X-14.795 Y.242 E.11203
G1 X-14.862 Y-.073 E.01549
G1 X-14.676 Y-2.005 E.09335
G1 X-14.576 Y-2.515 E.025
G1 X-14.001 Y-4.307 E.09052
G1 X-10.328 Y-4.241 E.17669
G1 X-10.474 Y-4.095 E.00993
G1 X-11.131 Y-3.436 E.04476
G1 X-12.538 Y-2.098 E.09339
G1 X-12.716 Y-1.856 E.01445
G1 X-12.396 Y-1.64 F7800
G1 F900
G1 X-12.451 Y-1.435 E.01021
G1 X-12.523 Y-.263 E.05648
G1 X-12.396 Y1.576 E.08866
G1 X-12.366 Y1.721 E.00712
G1 X-12.227 Y1.944 E.01264
G1 X-9.459 Y4.665 E.18668
G1 X-12.982 Y4.692 E.16945
G1 X-13.869 Y4.714 E.04267
;TYPE:Overhang perimeter
;WIDTH:0.4
;HEIGHT:0.4
M106 S255
G1 X-14.144 Y4.721 E.01437
G1 X-14.815 Y2.633 E.11458
G1 X-15.177 Y.301 E.12329
G1 X-15.252 Y-.05 E.01875
G1 X-15.053 Y-2.114 E.10833
G1 X-14.95 Y-2.613 E.02662
G1 X-14.279 Y-4.701 E.11458
G1 X-13.994 Y-4.693 E.0149
M106 S204
;TYPE:Perimeter
;WIDTH:0.45
;HEIGHT:0.3
G1 X-9.406 Y-4.62 E.22069
G1 X-10.201 Y-3.822 E.05418
G1 X-10.862 Y-3.16 E.04499
G1 X-12.086 Y-1.996 E.08124
G1 X-12.363 Y-1.688 E.01992
G1 X-12.036 Y-1.476 F7800
;TYPE:External perimeter
G1 F900
G1 X-12.066 Y-1.411 E.00344
G1 X-12.138 Y-.214 E.05768
G1 X-12.011 Y1.548 E.08497
G1 X-11.955 Y1.671 E.0065
G1 X-10.758 Y2.865 E.08132
G1 X-8.517 Y5.044 E.15034
G1 X-13.742 Y5.097 E.25132
;TYPE:Overhang perimeter
;WIDTH:0.4
;HEIGHT:0.4
M106 S255
G1 X-14.423 Y5.114 E.03559
G1 X-15.191 Y2.722 E.13125
G1 X-15.558 Y.36 E.12488
G1 X-15.641 Y-.027 E.02068
G1 X-15.435 Y-2.171 E.11253
G1 X-15.323 Y-2.711 E.02881
G1 X-14.558 Y-5.094 E.13076
G1 X-13.867 Y-5.075 E.03611
M106 S204
;TYPE:External perimeter
;WIDTH:0.45
;HEIGHT:0.3
G1 X-10.531 Y-5.014 E.16048
G1 X-8.484 Y-4.998 E.09846
G1 X-9.928 Y-3.55 E.09836
G1 X-10.592 Y-2.884 E.04523
G1 X-12.006 Y-1.539 E.09386
G1 X-12.011 Y-1.53 E.0005
G1 X-12.077 Y-1.135 F7800
G1 X-13.186 Y-.409
;TYPE:Solid infill
;WIDTH:0.402299
G1 F1200
G1 X-13.137 Y.244 E.0276
G1 X-13.634 Y-.104 E.02557
G1 X-13.345 Y-.3 E.01472
G1 E-2 F2400
G1 X-12.267 Y2.854 F7800
G1 E2 F2400
;WIDTH:0.45
G1 F1200
G1 X-11.105 Y4.004 E.07863
G1 X-12.888 Y4.026 E.08576
G1 X-12.49 Y3.464 E.03312
G1 X-12.304 Y3.043 E.02214
G1 X-12.043 Y3.589 E.02911
;WIDTH:0.503779
G1 X-12.082 Y3.55 E.00302
G1 X-12.135 Y3.565 E.00302
G1 X-12.149 Y3.618 E.003
G1 X-12.11 Y3.656 E.00298
G1 X-12.057 Y3.642 E.003
G1 X-13.886 Y3.875 F7800
;TYPE:Bridge infill
;WIDTH:0.474957
;HEIGHT:0.4
M106 S255
G1 F3600
G1 X-14.523 Y-.237 E.3065
G1 X-14.353 Y-2.008 E.13105
G1 X-14.304 Y-2.246 E.0179
G1 X-14.006 Y-.325 E.14319
G1 X-14.408 Y-.072 E.03499
G1 X-13.927 Y.185 E.04017
G1 X-13.352 Y3.891 E.27625
G1 X-13.135 Y3.672 E.02271
G1 X-12.907 Y3.336 E.02991
G1 X-13.38 Y.286 E.22735
M106 S204
G1 X-13.49 Y-.427 F7800
M106 S255
G1 F3600
G1 X-13.952 Y-3.407 E.22213
G1 X-13.768 Y-3.98 E.04433
G1 X-13.509 Y-3.973 E.01908
G1 X-13.14 Y-1.595 E.17726
G1 X-13.112 Y-1.744 E.01117
G1 X-13.024 Y-1.974 E.01814
G1 X-12.735 Y-2.354 E.03517
G1 X-12.731 Y-2.385 E.0023
G1 X-12.932 Y-3.679 E.09646
M106 S204
G1 X-12.891 Y-3.994 F7800
;TYPE:Solid infill
;WIDTH:0.45
;HEIGHT:0.3
G1 F1200
G1 X-11.015 Y-3.962 E.09024
G1 X-12.322 Y-2.703 E.08728
G1 X-12.487 Y-3.345 E.03188
G1 X-12.789 Y-3.83 E.02748
G1 X-12.027 Y-3.553 F7800
;WIDTH:0.565143
G1 F1200
G1 X-12.071 Y-3.598 E.00393
G1 X-12.132 Y-3.581 E.00396
G1 X-12.148 Y-3.521 E.00388
G1 X-12.104 Y-3.477 E.00389
G1 X-12.043 Y-3.493 E.00394
G1 E-10 F2400
T1
G1 X10.607 Y-.485 F7800
G1 Z1.85
G1 E10 F2400
;TYPE:External perimeter
;WIDTH:0.453393
G1 F900
G1 X10.681 Y-.066 E.02064
;WIDTH:0.442077
G1 X10.654 Y.177 E.01152
;WIDTH:0.45
G1 X10.47 Y.323 E.0113
G1 X10.209 Y.321 E.01255
G1 X10.043 Y.159 E.01116
;WIDTH:0.496438
G1 X9.993 Y-.014 E.0097
;WIDTH:0.542876
G1 X9.942 Y-.188 E.01082
;WIDTH:0.589315
G1 X9.892 Y-.362 E.01185
G1 X9.866 Y-.594 E.01528
;WIDTH:0.574112
G1 X9.915 Y-.649 E.00468
;WIDTH:0.532741
G1 X9.963 Y-.705 E.00431
;WIDTH:0.49137
G1 X10.012 Y-.76 E.00392
;WIDTH:0.45
G1 X10.426 Y-.818 E.02011
;WIDTH:0.453393
G1 X10.575 Y-.667 E.01029
G1 X10.597 Y-.544 E.00606
G1 X10.666 Y-.15 F7800
G1 X10.099 Y-1.564
;TYPE:Perimeter
;WIDTH:0.453655
G1 F900
G1 X10.074 Y-1.522 E.00237
G1 X10.001 Y-1.564 E.00409
G1 X10.074 Y-1.606 E.00409
G1 X10.526 Y-1.177 F7800
;WIDTH:0.45
G1 F900
G1 X10.509 Y-1.194 E.00116
G1 X10.093 Y-1.179 E.02002
G1 X9.796 Y-1.079 E.01507
G1 X9.674 Y-.842 E.01282
G1 X9.645 Y-3.544 E.12996
G1 X10.206 Y-2.61 E.0524
G1 X10.242 Y-2.519 E.00471
G1 X10.514 Y-1.236 E.06308
G1 E-2 F2400
G1 X10.161 Y1.117 F7800
G1 E2 F2400
;WIDTH:0.512775
G1 F900
G1 X10.133 Y1.166 E.00316
G1 X10.077 Y1.166 E.00313
G1 X10.049 Y1.117 E.00316
G1 X10.077 Y1.068 E.00316
G1 X10.133 Y1.068 E.00313
G1 X10.607 Y.617 F7800
;WIDTH:0.45
G1 F900
G1 X10.593 Y.816 E.00959
G1 X10.409 Y1.712 E.04399
G1 X10.179 Y2.57 E.04272
G1 X9.685 Y3.446 E.04837
G1 X9.679 Y.224 E.15497
G1 X10.159 Y.703 E.03262
G1 X10.469 Y.709 E.01491
G1 X10.557 Y.65 E.0051
G1 X9.679 Y.224 F7800
;WIDTH:0.419377
G1 F900
G1 X9.668 Y.076 E.00657
G1 E-2 F2400
G1 X10.043 Y3.593 F7800
G1 E2 F2400
;TYPE:External perimeter
;WIDTH:0.45
G1 F900
G1 X10.009 Y3.656 E.00344
;WIDTH:0.476852
G1 X9.706 Y4.112 E.02817
;WIDTH:0.503705
G1 X9.403 Y4.569 E.03005
;WIDTH:0.532057
G1 X9.355 Y4.688 E.00748
G1 X9.34 Y4.551 E.00804
;WIDTH:0.503705
G1 X9.32 Y4.003 E.03005
;WIDTH:0.476852
G1 X9.3 Y3.456 E.02816
;WIDTH:0.45
G1 X9.308 Y.214 E.15593
;WIDTH:0.496438
G1 X9.329 Y.037 E.00961
;WIDTH:0.542876
G1 X9.349 Y-.139 E.01057
;WIDTH:0.589315
G1 X9.37 Y-.316 E.01167
G1 X9.356 Y-.582 E.01744
;WIDTH:0.574112
G1 X9.331 Y-.768 E.01193
;WIDTH:0.532741
G1 X9.306 Y-.954 E.01096
;WIDTH:0.49137
G1 X9.281 Y-1.14 E.00999
;WIDTH:0.45
G1 X9.248 Y-4.865 E.17917
G1 X9.376 Y-4.741 E.00857
G1 X10.537 Y-2.808 E.10845
G1 X10.619 Y-2.6 E.01075
G1 X10.906 Y-1.246 E.06657
;WIDTH:0.453393
G1 X11.047 Y.024 E.062
;WIDTH:0.442077
G1 X11.025 Y.236 E.01004
;WIDTH:0.45
G1 X10.975 Y.869 E.03054
G1 X10.784 Y1.8 E.04571
G1 X10.56 Y2.638 E.04172
G1 X10.072 Y3.54 E.04933
G1 X9.859 Y3.879 F7800
G1 E-2 F2400
G1 X-10.872 Y-.931 F7800
G1 E2 F2400
;TYPE:Perimeter
G1 F900
G1 X-10.872 Y-.933 E.0001
G1 X-9.748 Y-2.002 E.07461
G1 X-8.916 Y-2.835 E.05663
G1 X-8.997 Y-.009 E.13598
G1 X-9.013 Y2.858 E.13789
G1 X-10.82 Y1.078 E.122
G1 X-10.915 Y-.233 E.06322
G1 X-10.875 Y-.872 E.03079
G1 X-11.247 Y-1.108 F7800
G1 F900
G1 X-10.003 Y-2.292 E.0826
G1 X-8.531 Y-3.768 E.10026
G1 X-8.53 Y-3.704 E.00308
G1 X-8.531 Y-2.69 E.04877
G1 X-8.611 Y-.005 E.1292
G1 X-8.632 Y2.645 E.12746
G1 X-8.608 Y3.789 E.05503
G1 X-11.195 Y1.249 E.17437
G1 X-11.301 Y-.231 E.07137
G1 X-11.251 Y-1.048 E.03937
G1 X-11.623 Y-1.283 F7800
;TYPE:External perimeter
G1 F900
G1 X-10.276 Y-2.564 E.0894
G1 X-8.162 Y-4.684 E.144
G1 X-8.144 Y-3.703 E.04719
G1 X-8.145 Y-2.684 E.04901
G1 X-8.225 Y-.002 E.12905
G1 X-8.247 Y2.637 E.12693
G1 X-8.203 Y4.721 E.10026
G1 X-10.442 Y2.545 E.15017
G1 X-11.569 Y1.42 E.07659
G1 X-11.688 Y-.229 E.07952
G1 X-11.627 Y-1.223 E.0479
G1 X-11.363 Y-1.524 F7800
G1 E-2 F2400
G1 X-9.223 Y-2.124 F7800
G1 E2 F2400
;TYPE:Solid infill
G1 F1200
G1 X-9.286 Y-.01 E.10172
G1 X-9.303 Y2.17 E.10485
G1 X-10.54 Y.949 E.0836
G1 X-10.625 Y-.235 E.05709
G1 X-10.59 Y-.802 E.02732
G1 X-9.362 Y-1.99 E.08218
G1 X-9.685 Y-1.079 F7800
;WIDTH:0.539344
G1 F1200
G1 X-9.713 Y-.027 E.06234
;WIDTH:0.533126
G1 X-9.704 Y.668 E.04064
;WIDTH:0.505089
G1 X-9.709 Y1.189 E.02864
G1 X-10.139 Y.764 E.03323
G1 X-10.145 Y.682 E.00452
;WIDTH:0.533126
G1 X-10.181 Y-.017 E.04092
;WIDTH:0.539344
G1 X-10.171 Y-.609 E.03508
G1 X-9.823 Y-.945 E.02866
M106 S188.7
;LAYER_CHANGE
;Z:2.15
;HEIGHT:0.3
G1 E-2 F2400
G1 Z2.15 F7800
G1 Z2.15
G1 X11.318 Y2.251
G1 E2 F2400
;TYPE:External perimeter
;WIDTH:0.404381
G1 F900
G1 X11.251 Y2.56 E.01341
G1 X10.049 Y1.696 F7800
;TYPE:Perimeter
;WIDTH:0.591009
G1 F900
G1 X10.053 Y.991 E.04631
;WIDTH:0.624949
G1 X10.075 Y-.002 E.06944
G1 X10.045 Y-.74 E.05164
;WIDTH:0.599679
G1 X10.015 Y-1.477 E.04925
;WIDTH:0.57441
G1 X10.005 Y-1.822 E.02196
;WIDTH:0.560021
G1 X9.996 Y-2.876 E.06516
G1 X10.339 Y-2.542 E.0296
G1 X10.494 Y-1.88 E.04203
;WIDTH:0.57441
G1 X10.523 Y-1.507 E.0238
;WIDTH:0.599679
G1 X10.579 Y-.771 E.04928
;WIDTH:0.624949
G1 X10.635 Y.012 E.05488
G1 X10.631 Y.086 E.00518
;WIDTH:0.621687
G1 X10.564 Y1.214 E.07855
;WIDTH:0.591009
G1 X10.433 Y1.229 E.00866
G1 X10.087 Y1.649 E.03574
G1 X9.97 Y3.43 F7800
;WIDTH:0.625225
G1 F900
G1 X9.687 Y3.712 E.02795
G1 X9.653 Y2.338 E.09614
;WIDTH:0.577714
G1 X9.632 Y2.195 E.00925
;WIDTH:0.535142
G1 X9.612 Y2.052 E.00848
;WIDTH:0.492571
G1 X9.591 Y1.909 E.00772
;WIDTH:0.45
G1 X9.603 Y.044 E.0897
G1 X9.567 Y-1.472 E.07293
G1 X9.548 Y-3.924 E.11794
G1 X10.739 Y-2.767 E.07986
G1 X10.934 Y-1.935 E.0411
G1 X11.106 Y.046 E.09564
G1 X10.994 Y1.597 E.07479
G1 X10.633 Y1.638 E.01747
G1 X10.33 Y2.008 E.023
;WIDTH:0.492571
G1 X10.272 Y2.141 E.00775
;WIDTH:0.535142
G1 X10.215 Y2.273 E.00844
;WIDTH:0.577714
G1 X10.157 Y2.406 E.00929
G1 X10.143 Y2.568 E.01041
;WIDTH:0.594208
G1 X10.172 Y2.736 E.01127
;WIDTH:0.625225
G1 X10.201 Y2.905 E.01199
G1 X10.359 Y3.041 E.01458
G1 X10.012 Y3.388 E.03433
G1 X10.303 Y3.766 F7800
;TYPE:External perimeter
;WIDTH:0.449985
G1 F900
G1 X9.23 Y4.838 E.07295
G1 X9.2 Y2.767 E.09961
G1 X9.217 Y.053 E.13053
G1 X9.181 Y-1.466 E.07308
G1 X9.155 Y-4.838 E.16218
G1 X11.088 Y-2.964 E.12948
G1 X11.315 Y-1.997 E.04777
G1 X11.489 Y-.113 E.091
G1 X11.491 Y.074 E.00899
;WIDTH:0.45
G1 X11.318 Y2.251 E.10504
;WIDTH:0.442931
G1 X11.209 Y2.039 E.01126
;WIDTH:0.45
G1 X10.932 Y1.97 E.01373
G1 X10.803 Y1.984 E.00624
G1 X10.702 Y2.108 E.00769
G1 X10.588 Y2.604 E.02448
G1 X10.707 Y2.751 E.0091
G1 X11.058 Y2.855 E.01761
G1 X11.173 Y2.748 E.00755
;WIDTH:0.427584
G1 X11.246 Y2.573 E.00859
;WIDTH:0.449985
G1 X11.113 Y2.957 E.01954
G1 X10.345 Y3.724 E.0522
G1 X10.062 Y4.007 F7800
G1 E-2 F2400
G1 X-11.382 Y-.351 F7800
G1 E2 F2400
;TYPE:Perimeter
;WIDTH:0.45
G1 F900
G1 X-11.383 Y-.358 E.00034
G1 X-9.664 Y-1.992 E.11407
G1 X-8.845 Y-2.814 E.05581
G1 X-8.929 Y-.012 E.13483
G1 X-8.947 Y2.828 E.1366
G1 X-11.349 Y.452 E.1625
G1 X-11.38 Y-.291 E.03577
G1 X-11.76 Y-.527 F7800
G1 F900
G1 X-11.76 Y-.531 E.00019
G1 X-9.93 Y-2.272 E.12149
G1 X-8.467 Y-3.741 E.09972
G1 X-8.459 Y-3.327 E.01992
G1 X-8.46 Y-2.681 E.03107
G1 X-8.543 Y-.009 E.12858
G1 X-8.566 Y2.614 E.12616
G1 X-8.539 Y3.762 E.05523
G1 X-10.179 Y2.167 E.11003
G1 X-11.725 Y.621 E.10516
G1 X-11.756 Y.118 E.02424
G1 X-11.76 Y-.467 E.02814
G1 X-12.138 Y-.702 F7800
;TYPE:External perimeter
G1 F900
G1 X-12.138 Y-.704 E.0001
G1 X-10.192 Y-2.555 E.12917
G1 X-8.097 Y-4.659 E.14281
G1 X-8.074 Y-3.327 E.06407
G1 X-8.074 Y-2.675 E.03136
G1 X-8.158 Y-.006 E.12843
G1 X-8.18 Y2.617 E.12616
G1 X-8.132 Y4.696 E.10002
G1 X-10.45 Y2.442 E.15551
G1 X-12.101 Y.79 E.11233
G1 X-12.158 Y-.151 E.04534
G1 X-12.14 Y-.642 E.02363
G1 X-11.878 Y-.945 F7800
G1 X-11.088 Y-.036
;TYPE:Solid infill
G1 F1200
G1 X-11.067 Y.325 E.01739
G1 X-9.236 Y2.14 E.124
G1 X-9.218 Y-.014 E.1036
G1 X-9.153 Y-2.095 E.10014
G1 X-11.099 Y-.228 E.12971
G1 X-10.705 Y-.071 E.0204
G1 X-9.569 Y-1.152 E.07542
G1 X-9.604 Y-.017 E.05462
G1 X-9.614 Y1.222 E.05959
G1 X-10.691 Y.154 E.07295
G1 X-10.693 Y.121 E.00159
G1 X-10.319 Y.038 E.01843
;WIDTH:0.36828
G1 X-9.939 Y-.324 E.01989
G1 X-9.952 Y.402 E.02752
G1 X-10.182 Y.173 E.0123
G1 E-10 F2400
T0
G1 X11.456 Y4.387 F7800
G1 Z2.15
G1 E10 F2400
;TYPE:Perimeter
;WIDTH:0.51665
G1 F900
G1 X11.783 Y4.034 E.02714
;WIDTH:0.484247
G1 X12.11 Y3.681 E.0252
;WIDTH:0.451844
G1 X12.299 Y3.29 E.02099
;WIDTH:0.488888
G1 X12.393 Y2.965 E.01791
;WIDTH:0.526833
G1 X12.487 Y2.64 E.01951
;WIDTH:0.564779
G1 X12.581 Y2.315 E.02112
G1 X12.628 Y2.051 E.01674
;WIDTH:0.595137
G1 X12.717 Y1.053 E.06633
;WIDTH:0.628335
G1 X12.806 Y.054 E.07055
G1 X12.804 Y-.119 E.01217
;WIDTH:0.627704
G1 X12.693 Y-1.126 E.07118
;WIDTH:0.591775
G1 X12.582 Y-2.132 E.06658
;WIDTH:0.559434
G1 X12.536 Y-2.379 E.01551
G1 X12.465 Y-2.62 E.01551
;WIDTH:0.5301
G1 X12.393 Y-2.86 E.01455
;WIDTH:0.500767
G1 X12.288 Y-3.186 E.01864
;WIDTH:0.467548
G1 X12.182 Y-3.512 E.01724
;WIDTH:0.477538
G1 X11.997 Y-3.762 E.01603
;WIDTH:0.520748
G1 X11.812 Y-4.012 E.0177
G1 X11.419 Y-4.393 E.03116
G1 X12.112 Y-4.408 E.03946
G1 X12.218 Y-4.219 E.01233
;WIDTH:0.495456
G1 X12.323 Y-4.03 E.01162
;WIDTH:0.470165
G1 X12.619 Y-3.443 E.03327
;WIDTH:0.485357
G1 X12.746 Y-3.144 E.01706
;WIDTH:0.522395
G1 X12.872 Y-2.845 E.01854
;WIDTH:0.559434
G1 X12.998 Y-2.547 E.01998
G1 X13.069 Y-2.194 E.02223
;WIDTH:0.591775
G1 X13.216 Y-1.193 E.06655
;WIDTH:0.627704
G1 X13.363 Y-.191 E.07115
;WIDTH:0.634066
G1 X13.379 Y.006 E.01404
G1 X13.367 Y.113 E.00765
;WIDTH:0.628335
G1 X13.245 Y1.108 E.07051
;WIDTH:0.595137
G1 X13.123 Y2.104 E.06643
;WIDTH:0.564779
G1 X13.051 Y2.48 E.02389
G1 X12.921 Y2.792 E.0211
;WIDTH:0.526833
G1 X12.791 Y3.105 E.01955
;WIDTH:0.488888
G1 X12.662 Y3.417 E.01788
;WIDTH:0.451844
G1 X12.432 Y3.893 E.02555
;WIDTH:0.484247
G1 X12.28 Y4.146 E.01546
;WIDTH:0.51665
G1 X12.128 Y4.399 E.01665
G1 X11.516 Y4.388 E.03453
G1 E-2 F2400
G1 X11.806 Y-3.367 F7800
G1 E2 F2400
;WIDTH:0.45
G1 F900
G1 X11.724 Y-3.511 E.00797
G1 X10.402 Y-4.792 E.08854
G1 X12.2 Y-4.831 E.0865
;TYPE:Overhang perimeter
;WIDTH:0.4
;HEIGHT:0.4
M106 S255
G1 X12.373 Y-4.834 E.00904
G1 X13.439 Y-2.65 E.12697
G1 X13.831 Y-.268 E.12612
G1 X13.852 Y.072 E.0178
G1 X13.489 Y2.592 E.13302
G1 X12.778 Y4.064 E.08541
G1 X12.378 Y4.823 E.04482
G1 X12.193 Y4.819 E.00967
M106 S188.7
;TYPE:Perimeter
;WIDTH:0.45
;HEIGHT:0.3
G1 X10.462 Y4.788 E.08327
G1 X11.809 Y3.438 E.09172
G1 X11.923 Y3.203 E.01256
G1 X12.188 Y2.019 E.05836
G1 X12.333 Y.019 E.09645
G1 X12.146 Y-2.091 E.10188
G1 X11.885 Y-3.228 E.05611
G1 X11.836 Y-3.315 E.0048
G1 X11.483 Y-3.186 F7800
;TYPE:External perimeter
G1 F900
G1 X11.456 Y-3.234 E.00265
G1 X9.47 Y-5.157 E.13296
G1 X12.01 Y-5.212 E.12219
;TYPE:Overhang perimeter
;WIDTH:0.4
;HEIGHT:0.4
M106 S255
G1 X12.612 Y-5.225 E.03146
G1 X13.81 Y-2.771 E.14267
G1 X14.258 Y-.048 E.14418
G1 X14.234 Y.125 E.00912
G1 X13.857 Y2.714 E.13669
G1 X13.123 Y4.238 E.08837
G1 X12.609 Y5.212 E.05754
G1 X11.992 Y5.201 E.03224
M106 S188.7
;TYPE:External perimeter
;WIDTH:0.45
;HEIGHT:0.3
G1 X9.547 Y5.158 E.11761
G1 X11.264 Y3.442 E.11675
G1 X11.547 Y3.117 E.02073
G1 X11.803 Y1.992 E.05549
G1 X11.948 Y-.009 E.09649
G1 X11.762 Y-2.056 E.09886
G1 X11.511 Y-3.133 E.05319
G1 X11.245 Y-3.432 F7800
G1 E-2 F2400
G1 X10.942 Y2.489 F7800
G1 E2 F2400
;WIDTH:0.404381
G1 F900
G1 X10.989 Y2.325 E.00723
G1 E-2 F2400
G1 X-13.251 Y-1.224 F7800
G1 E2 F2400
;TYPE:Perimeter
;WIDTH:0.45
G1 F900
G1 X-13.289 Y-1.168 E.00325
G1 X-13.353 Y-.866 E.01485
G1 X-13.382 Y-.151 E.03442
G1 X-13.314 Y.962 E.05363
G1 X-13.252 Y1.249 E.01412
G1 X-13.034 Y1.585 E.01926
G1 X-10.332 Y4.26 E.18287
G1 X-12.523 Y4.274 E.10538
G1 X-14.992 Y4.337 E.11879
G1 X-15.285 Y3.403 E.04708
G1 X-15.505 Y2.595 E.04028
G1 X-15.856 Y-.031 E.12742
G1 X-15.838 Y-.656 E.03007
G1 X-15.649 Y-2.582 E.09308
G1 X-15.142 Y-4.317 E.08694
G1 X-13.45 Y-4.272 E.08141
G1 X-10.248 Y-4.23 E.15402
G1 X-11.043 Y-3.431 E.05421
G1 X-13.054 Y-1.518 E.13349
G1 X-13.218 Y-1.273 E.01418
G1 X-12.907 Y-1.062 F7800
G1 F900
G1 X-12.929 Y-1.029 E.00191
G1 X-12.968 Y-.847 E.00895
G1 X-12.997 Y-.179 E.03216
G1 X-12.929 Y.938 E.05382
G1 X-12.903 Y1.078 E.00685
G1 X-12.761 Y1.312 E.01316
G1 X-11.034 Y3.04 E.1175
G1 X-9.389 Y4.64 E.11037
G1 X-12.513 Y4.66 E.15026
G1 X-14.989 Y4.722 E.11912
;TYPE:Overhang perimeter
;WIDTH:0.4
;HEIGHT:0.4
M106 S255
G1 X-15.273 Y4.73 E.01484
G1 X-15.655 Y3.512 E.06669
G1 X-15.884 Y2.672 E.04549
G1 X-16.242 Y-.01 E.14136
G1 X-16.223 Y-.68 E.03502
G1 X-16.029 Y-2.654 E.10363
G1 X-15.62 Y-4.085 E.07776
G1 X-15.422 Y-4.711 E.0343
G1 X-15.137 Y-4.703 E.0149
M106 S188.7
;TYPE:Perimeter
;WIDTH:0.45
;HEIGHT:0.3
G1 X-13.445 Y-4.658 E.08141
G1 X-9.332 Y-4.603 E.19784
G1 X-10.77 Y-3.159 E.09802
G1 X-12.788 Y-1.238 E.134
G1 X-12.873 Y-1.112 E.00731
G1 X-12.552 Y-.895 F7800
;TYPE:External perimeter
G1 F900
G1 X-12.582 Y-.829 E.00349
G1 X-12.612 Y-.199 E.03034
G1 X-12.544 Y.915 E.05368
G1 X-12.488 Y1.039 E.00654
G1 X-10.767 Y2.761 E.11709
G1 X-8.445 Y5.02 E.15581
G1 X-12.504 Y5.045 E.19523
G1 X-14.87 Y5.105 E.11383
;TYPE:Overhang perimeter
;WIDTH:0.4
;HEIGHT:0.4
M106 S255
G1 X-15.554 Y5.122 E.03575
G1 X-16.025 Y3.62 E.08224
G1 X-16.263 Y2.748 E.04722
G1 X-16.628 Y.01 E.14431
G1 X-16.608 Y-.704 E.03732
G1 X-16.41 Y-2.727 E.1062
G1 X-15.989 Y-4.197 E.07989
G1 X-15.701 Y-5.104 E.04972
G1 X-15.01 Y-5.085 E.03611
M106 S188.7
;TYPE:External perimeter
;WIDTH:0.45
;HEIGHT:0.3
G1 X-13.442 Y-5.043 E.07544
G1 X-8.416 Y-4.977 E.24175
G1 X-10.497 Y-2.887 E.14185
G1 X-12.523 Y-.959 E.13451
G1 X-12.527 Y-.95 E.00047
G1 X-12.59 Y-.555 F7800
G1 E-2 F2400
G1 X-15.051 Y3.428 F7800
G1 E2 F2400
;TYPE:Solid infill
;WIDTH:0.404381
G1 F1200
G1 X-15.07 Y3.499 E.00312
G1 X-14.999 Y3.48 E.00312
G1 X-15.01 Y3.439 E.0018
;WIDTH:0.45
G1 X-14.876 Y3.738 E.01576
G1 X-14.578 Y4.037 E.0203
G1 X-14.872 Y4.113 E.01461
;WIDTH:0.404381
G1 X-14.892 Y4.184 E.00313
G1 X-14.82 Y4.165 E.00316
G1 X-14.831 Y4.124 E.0018
G1 X-14.046 Y4.023 F7800
;WIDTH:0.45
G1 F1200
G1 X-15.104 Y2.965 E.07196
G1 X-15.257 Y2.267 E.03437
G1 X-13.514 Y4.01 E.11856
G1 X-12.983 Y3.996 E.02555
G1 X-15.341 Y1.638 E.16039
G1 X-15.425 Y1.008 E.03057
G1 X-12.449 Y3.984 E.20242
G1 X-11.907 Y3.981 E.02607
G1 X-15.509 Y.379 E.245
G1 X-15.561 Y-.218 E.02882
G1 X-11.365 Y3.977 E.28537
G1 X-10.943 Y4.013 E.02037
;WIDTH:0.404381
G1 X-11.01 Y3.895 E.00575
G1 X-13.269 Y1.637 E.13545
G1 X-13.36 Y1.521 E.00625
;WIDTH:0.45
G1 X-13.549 Y1.248 E.01597
G1 X-15.539 Y-.741 E.13532
G1 X-15.49 Y-1.238 E.02402
G1 X-13.62 Y.632 E.1272
G1 E-2 F2400
G1 X-15.285 Y-1.579 F7800
G1 E2 F2400
G1 F1200
G1 X-13.655 Y.052 E.1109
G1 X-13.638 Y-.928 E.04714
G1 X-13.545 Y-1.298 E.01835
G1 X-13.348 Y-1.624 E.01832
G1 X-10.934 Y-3.951 E.16127
G1 X-14.93 Y-4.024 E.19223
G1 X-15.364 Y-2.527 E.07497
G1 X-15.45 Y-1.647 E.04253
G1 X-15.04 Y-1.878 E.02263
G1 X-14.983 Y-2.454 E.02784
G1 X-14.642 Y-3.633 E.05903
G1 X-11.861 Y-3.582 E.13378
G1 X-13.388 Y-2.12 E.10168
G1 X-13.711 Y-1.781 E.02252
G1 X-13.941 Y-1.336 E.02409
G1 X-14.027 Y-.866 E.02298
G1 X-14.903 Y-1.742 E.05958
G1 X-14.638 Y-2.022 E.01854
G1 X-14.603 Y-2.381 E.01735
G1 X-14.353 Y-3.242 E.04312
G1 X-12.803 Y-3.213 E.07456
G1 X-13.967 Y-2.088 E.07786
G1 X-14.238 Y-1.621 E.02597
G1 X-14.502 Y-1.886 E.01799
G1 X-14.276 Y-2.235 E.02
;WIDTH:0.35746
G1 X-14.268 Y-2.317 E.00301
G1 X-14.1 Y-2.898 E.02211
G1 X-13.632 Y-2.889 E.01711
G1 X-14.144 Y-2.375 E.02652
M106 S181.05
;LAYER_CHANGE
;Z:2.45
;HEIGHT:0.3
G1 E-2 F2400
G1 Z2.45 F7800
G1 Z2.45
G1 X12.97 Y2.009
G1 E2 F2400
;TYPE:Perimeter
;WIDTH:0.45
G1 F900
G1 X13.088 Y.085 E.09271
G1 X12.921 Y-2.201 E.11024
G1 X12.803 Y-2.751 E.02706
G1 X12.577 Y-3.091 E.01964
G1 X11.237 Y-4.395 E.08993
G1 X13.225 Y-4.435 E.09564
G1 X13.364 Y-4.148 E.01534
G1 X13.763 Y-3.126 E.05277
G1 X13.979 Y-2.517 E.03108
G1 X14.033 Y-1.977 E.0261
G1 X14.285 Y-.179 E.08732
G1 X14.307 Y-.016 E.00791
G1 X14.029 Y2.378 E.11592
G1 X13.904 Y2.898 E.02572
G1 X13.478 Y3.943 E.05428
G1 X13.237 Y4.427 E.026
G1 X11.294 Y4.391 E.09347
G1 X12.632 Y3.057 E.09087
G1 X12.844 Y2.738 E.01842
G1 X12.958 Y2.2 E.02645
G1 X12.966 Y2.069 E.00631
G1 E-2 F2400
G1 X12.391 Y-2.662 F7800
G1 E2 F2400
G1 F900
G1 X12.308 Y-2.814 E.00833
G1 X10.307 Y-4.762 E.13432
G1 X13.28 Y-4.821 E.14302
;TYPE:Overhang perimeter
;WIDTH:0.4
;HEIGHT:0.4
M106 S255
G1 X13.464 Y-4.825 E.00962
G1 X13.717 Y-4.303 E.03031
G1 X14.303 Y-2.803 E.08414
G1 X14.363 Y-2.554 E.01338
G1 X14.415 Y-2.031 E.02746
G1 X14.666 Y-.232 E.0949
G1 X14.696 Y-.02 E.01119
G1 X14.4 Y2.529 E.13407
G1 X14.267 Y3.03 E.02708
G1 X13.83 Y4.102 E.06048
G1 X13.474 Y4.818 E.04178
G1 X13.299 Y4.814 E.00915
M106 S181.05
;TYPE:Perimeter
;WIDTH:0.45
;HEIGHT:0.3
G1 X10.378 Y4.759 E.14051
G1 X12.36 Y2.784 E.13458
G1 X12.487 Y2.593 E.01103
G1 X12.573 Y2.177 E.02043
G1 X12.704 Y.061 E.10197
G1 X12.558 Y-1.892 E.09419
G1 X12.473 Y-2.51 E.03
G1 X12.419 Y-2.609 E.00542
G1 X12.067 Y-2.487 F7800
;TYPE:External perimeter
G1 F900
G1 X12.04 Y-2.538 E.00278
G1 X9.377 Y-5.129 E.1787
G1 X13.095 Y-5.203 E.17886
;TYPE:Overhang perimeter
;WIDTH:0.4
;HEIGHT:0.4
M106 S255
G1 X13.704 Y-5.216 E.03182
G1 X14.071 Y-4.457 E.04405
G1 X14.729 Y-2.774 E.09441
G1 X14.797 Y-2.084 E.03622
G1 X15.048 Y-.286 E.09485
G1 X15.085 Y-.025 E.01377
G1 X14.777 Y2.621 E.13917
G1 X14.63 Y3.162 E.02929
G1 X14.181 Y4.261 E.06202
G1 X13.711 Y5.208 E.05523
G1 X13.098 Y5.196 E.03203
M106 S181.05
;TYPE:External perimeter
;WIDTH:0.45
;HEIGHT:0.3
G1 X9.463 Y5.128 E.17486
G1 X12.115 Y2.477 E.18035
G1 X12.188 Y2.153 E.01597
G1 X12.319 Y.01 E.10326
G1 X12.174 Y-1.863 E.09035
G1 X12.095 Y-2.434 E.02772
G1 X11.831 Y-2.735 F7800
G1 X11.935 Y-4.119
;TYPE:Solid infill
G1 F1200
G1 X13.045 Y-4.142 E.0534
G1 X13.294 Y-3.531 E.03173
;WIDTH:0.483765
G1 X13.48 Y-3.009 E.02899
;WIDTH:0.520658
G1 X13.656 Y-2.485 E.03146
G1 X13.715 Y-1.931 E.03171
;WIDTH:0.543655
G1 X13.83 Y-1.002 E.05596
;WIDTH:0.57301
G1 X13.945 Y-.073 E.05938
G1 X13.946 Y.061 E.0085
;WIDTH:0.572414
G1 X13.83 Y1.188 E.07179
;WIDTH:0.541092
G1 X13.715 Y2.316 E.06742
;WIDTH:0.516477
G1 X13.681 Y2.537 E.01261
G1 X13.49 Y3.094 E.0332
;WIDTH:0.491057
G1 X13.209 Y3.835 E.04217
;WIDTH:0.45
G1 X13.06 Y4.135 E.01611
G1 X11.981 Y4.114 E.05191
G1 X12.857 Y3.236 E.05965
;WIDTH:0.491999
G1 X13.142 Y2.821 E.02685
;WIDTH:0.509771
G1 X13.271 Y2.277 E.03106
;WIDTH:0.541092
G1 X13.356 Y1.146 E.06744
;WIDTH:0.572414
G1 X13.44 Y.016 E.0718
;WIDTH:0.574342
G1 X13.354 Y-.943 E.06124
;WIDTH:0.544321
G1 X13.268 Y-1.883 E.0565
;WIDTH:0.5143
G1 X13.266 Y-1.9 E.00096
;WIDTH:0.520658
G1 X13.206 Y-2.414 E.02945
G1 X13.07 Y-2.896 E.0285
;WIDTH:0.485408
G1 X12.772 Y-3.305 E.02657
;WIDTH:0.45
G1 X12.073 Y-3.985 E.0469
G1 E-2 F2400
G1 X-13.756 Y-.629 F7800
G1 E2 F2400
;TYPE:Perimeter
G1 F900
G1 X-13.806 Y-.5 E.00665
G1 X-13.827 Y-.131 E.01778
G1 X-13.758 Y.627 E.03661
G1 X-13.519 Y1.018 E.02204
G1 X-10.264 Y4.233 E.22004
G1 X-12.046 Y4.242 E.08571
G1 X-15.991 Y4.346 E.18981
G1 X-16.473 Y2.615 E.08642
G1 X-16.826 Y.02 E.12596
G1 X-16.777 Y-1.654 E.08055
G1 X-16.689 Y-2.556 E.04359
G1 X-16.184 Y-4.326 E.08853
G1 X-13.422 Y-4.251 E.13289
G1 X-10.179 Y-4.206 E.15599
G1 X-10.96 Y-3.421 E.05326
G1 X-13.471 Y-1.033 E.16666
G1 X-13.709 Y-.747 E.0179
G1 X-13.734 Y-.684 E.00326
G1 X-13.391 Y-.483 F7800
G1 F900
G1 X-13.431 Y-.41 E.004
G1 X-13.442 Y-.149 E.01256
G1 X-13.391 Y.51 E.03179
G1 X-13.247 Y.745 E.01326
G1 X-10.861 Y3.115 E.16175
G1 X-9.319 Y4.614 E.10343
G1 X-12.035 Y4.627 E.13063
G1 X-16.121 Y4.735 E.19659
;TYPE:Overhang perimeter
;WIDTH:0.4
;HEIGHT:0.4
M106 S255
G1 X-16.282 Y4.739 E.00841
G1 X-16.851 Y2.693 E.11095
G1 X-17.212 Y.041 E.13983
G1 X-17.163 Y-1.678 E.08985
G1 X-17.069 Y-2.629 E.04993
G1 X-16.473 Y-4.718 E.11349
G1 X-16.273 Y-4.714 E.01045
M106 S181.05
;TYPE:Perimeter
;WIDTH:0.45
;HEIGHT:0.3
G1 X-13.417 Y-4.637 E.13741
G1 X-9.265 Y-4.58 E.19972
G1 X-10.686 Y-3.149 E.097
G1 X-13.285 Y-.676 E.17255
G1 X-13.362 Y-.536 E.00768
G1 X-13.032 Y-.339 F7800
;TYPE:External perimeter
G1 F1800
G1 X-13.061 Y-.266 E.00378
G1 X-13.032 Y.343 E.02932
G1 X-12.975 Y.471 E.00674
G1 X-10.593 Y2.837 E.16148
G1 X-8.374 Y4.995 E.14887
G1 X-12.025 Y5.012 E.1756
G1 X-16.001 Y5.118 E.1913
;TYPE:Overhang perimeter
;WIDTH:0.4
;HEIGHT:0.4
M106 S255
G1 F3600
G1 X-16.573 Y5.133 E.02989
G1 X-17.23 Y2.772 E.12804
G1 X-17.599 Y.062 E.14289
G1 X-17.548 Y-1.702 E.0922
G1 X-17.45 Y-2.701 E.05244
G1 X-16.763 Y-5.107 E.13073
G1 X-16.153 Y-5.096 E.03187
M106 S181.05
;TYPE:External perimeter
;WIDTH:0.45
;HEIGHT:0.3
G1 F1800
G1 X-13.414 Y-5.022 E.13178
G1 X-8.351 Y-4.953 E.24354
G1 X-10.413 Y-2.878 E.1407
G1 X-13.001 Y-.415 E.17183
G1 X-13.009 Y-.395 E.00104
G1 X-13.042 Y.004 F7800
G1 E-2 F2400
G1 X-16.009 Y-4.154 F7800
G1 E2 F2400
;TYPE:Solid infill
;WIDTH:0.404381
G1 F1200
G1 X-16.08 Y-4.173 E.00312
G1 X-16.061 Y-4.102 E.00312
G1 X-16.02 Y-4.113 E.0018
;WIDTH:0.45
G1 X-15.768 Y-4.025 E.01284
G1 X-16.049 Y-3.745 E.01908
G1 X-15.237 Y-4.011 F7800
G1 F1200
G1 X-16.267 Y-2.981 E.07006
G1 X-16.458 Y-2.829 E.01174
;WIDTH:0.404381
G1 X-16.558 Y-2.389 E.01913
;WIDTH:0.45
G1 X-16.426 Y-2.277 E.00833
G1 X-14.706 Y-3.997 E.11699
;WIDTH:0.483647
G1 X-14.698 Y-4.038 E.00218
;WIDTH:0.517294
G1 X-14.689 Y-4.08 E.00243
;WIDTH:0.550941
G1 X-14.681 Y-4.122 E.00259
G1 X-14.739 Y-4.106 E.00365
G1 X-14.783 Y-4.149 E.00373
G1 X-14.767 Y-4.208 E.00371
G1 X-14.708 Y-4.224 E.00371
G1 X-14.665 Y-4.181 E.00369
;WIDTH:0.45
G1 X-14.171 Y-3.987 E.02553
G1 X-16.485 Y-1.673 E.1574
G1 X-16.504 Y-1.108 E.02719
G1 X-13.635 Y-3.977 E.19515
G1 X-13.099 Y-3.968 E.02578
G1 X-16.52 Y-.547 E.23269
G1 X-16.535 Y.013 E.02694
G1 X-12.563 Y-3.958 E.27014
G1 X-12.028 Y-3.948 E.02574
G1 X-16.47 Y.494 E.30214
G1 X-16.404 Y.974 E.0233
G1 X-11.492 Y-3.939 E.33414
G1 X-10.983 Y-3.879 E.02465
;WIDTH:0.550941
G1 X-11.19 Y-3.647 E.01887
;WIDTH:0.517563
G1 X-12.395 Y-2.472 E.09513
;WIDTH:0.475956
G1 X-13.6 Y-1.296 E.08643
;WIDTH:0.45
G1 X-16.339 Y1.454 E.18668
G1 X-16.274 Y1.934 E.0233
G1 X-14.118 Y-.223 E.14668
G1 X-13.961 Y-.462 E.01375
;WIDTH:0.404381
G1 X-14.002 Y-.451 E.0018
G1 X-14.021 Y-.522 E.00312
G1 X-13.95 Y-.503 E.00312
G1 X-14.095 Y.301 F7800
;WIDTH:0.45
G1 F1200
G1 X-13.994 Y.814 E.02515
G1 X-13.716 Y1.23 E.02406
G1 X-10.97 Y3.947 E.1858
G1 X-12.054 Y3.952 E.05214
G1 X-15.773 Y4.051 E.17893
G1 X-16.031 Y3.123 E.04633
G1 X-16.218 Y2.343 E.03858
G1 X-16.137 Y2.343 E.0039
G1 X-14.232 Y.437 E.12961
G1 X-14.302 Y1.052 E.02977
G1 X-13.988 Y1.504 E.02647
G1 X-11.904 Y3.566 E.141
G1 X-15.482 Y3.657 E.17215
G1 X-15.793 Y2.543 E.05563
G1 X-14.438 Y1.189 E.09213
G1 X-14.361 Y1.657 E.02281
G1 X-14.259 Y1.778 E.00761
G1 X-12.821 Y3.201 E.0973
G1 X-15.192 Y3.264 E.11408
G1 X-15.361 Y2.657 E.03031
G1 X-14.497 Y1.793 E.05877
G1 X-14.369 Y2.264 E.02348
;WIDTH:0.524943
G1 X-13.823 Y2.804 E.04411
G1 X-14.842 Y2.831 E.05856
G1 X-14.887 Y2.781 E.00386
G1 X-14.506 Y2.4 E.03095
G1 E-10 F2400
T1
G1 X10.983 Y1.856 F7800
G1 Z2.45
G1 E10 F2400
;TYPE:Perimeter
;WIDTH:0.45
G1 F900
G1 X10.981 Y1.89 E.00164
G1 X9.89 Y2.977 E.07407
G1 X9.896 Y.055 E.14054
G1 X9.845 Y-2.978 E.1459
G1 X10.946 Y-1.899 E.07414
G1 X11.093 Y.075 E.09521
G1 X10.987 Y1.796 E.08293
G1 X11.357 Y2.053 F7800
G1 F900
G1 X11.357 Y2.059 E.00029
G1 X9.504 Y3.907 E.12587
G1 X9.511 Y.054 E.18532
G1 X9.467 Y-1.799 E.08915
G1 X9.454 Y-3.899 E.101
G1 X11.276 Y-2.117 E.12258
G1 X11.324 Y-2.021 E.00516
G1 X11.478 Y.098 E.10219
G1 X11.361 Y1.993 E.09132
G1 X11.714 Y2.246 F7800
;TYPE:External perimeter
G1 F900
G1 X11.714 Y2.248 E.0001
G1 X9.14 Y4.813 E.17477
G1 X9.117 Y3.87 E.04537
G1 X9.125 Y.051 E.18368
G1 X9.081 Y-1.793 E.08872
G1 X9.062 Y-4.811 E.14516
G1 X11.668 Y-2.272 E.17499
G1 X11.706 Y-2.073 E.00974
G1 X11.863 Y.122 E.10584
G1 X11.764 Y1.728 E.07739
G1 X11.72 Y2.186 E.02213
G1 X11.463 Y2.492 F7800
G1 E-2 F2400
G1 X10.177 Y-2.201 F7800
G1 E2 F2400
;TYPE:Solid infill
;WIDTH:0.517632
G1 F1200
G1 X10.634 Y-1.754 E.03614
G1 X10.64 Y-1.669 E.00482
;WIDTH:0.566653
G1 X10.745 Y.014 E.10564
;WIDTH:0.566805
G1 X10.671 Y1.661 E.10331
;WIDTH:0.518914
G1 X10.666 Y1.747 E.00488
G1 X10.216 Y2.196 E.03604
G1 X10.217 Y1.646 E.03118
;WIDTH:0.56662
G1 X10.244 Y.043 E.10043
;WIDTH:0.566805
G1 X10.188 Y-1.647 E.10596
;WIDTH:0.517632
G1 X10.181 Y-2.008 E.02041
G1 E-2 F2400
G1 X-11.64 Y.076 F7800
G1 E2 F2400
;TYPE:Perimeter
;WIDTH:0.45
G1 F900
G1 X-11.692 Y.025 E.0035
G1 X-9.581 Y-1.983 E.14013
G1 X-8.777 Y-2.791 E.05482
G1 X-8.775 Y-2.672 E.00572
G1 X-8.861 Y-.016 E.12781
G1 X-8.88 Y2.8 E.13544
G1 X-11.597 Y.118 E.18362
G1 X-12.214 Y-.011 F7800
G1 F900
G1 X-9.846 Y-2.262 E.15714
G1 X-8.405 Y-3.712 E.09832
G1 X-8.389 Y-2.678 E.04974
G1 X-8.476 Y-.013 E.12825
G1 X-8.499 Y2.62 E.12664
G1 X-8.471 Y3.736 E.05369
G1 X-10.007 Y2.242 E.10306
G1 X-12.19 Y.074 E.14798
G1 X-12.197 Y.047 E.00134
G1 X-12.608 Y-.168 F7800
;TYPE:External perimeter
G1 F900
G1 X-10.112 Y-2.542 E.16568
G1 X-8.034 Y-4.633 E.14179
G1 X-8.004 Y-2.683 E.0938
G1 X-8.09 Y-.014 E.12844
G1 X-8.113 Y2.61 E.12621
G1 X-8.062 Y4.672 E.09921
G1 X-10.277 Y2.517 E.14863
G1 X-12.588 Y.222 E.15665
G1 X-12.605 Y-.108 E.01589
G1 X-12.345 Y-.412 F7800
G1 E-2 F2400
G1 X-9.084 Y-2.072 F7800
G1 E2 F2400
;TYPE:Solid infill
G1 F1200
G1 X-9.151 Y-.017 E.09889
G1 X-9.169 Y2.113 E.10245
G1 X-11.277 Y.029 E.14257
G1 X-9.22 Y-1.936 E.13682
G1 X-9.5 Y-1.128 F7800
G1 F1200
G1 X-9.536 Y-.021 E.05327
G1 X-9.547 Y1.197 E.05858
G1 X-10.723 Y.035 E.07952
G1 X-9.64 Y-.995 E.07188
G1 X-9.867 Y-.31 E.03471
;WIDTH:0.358245
G1 X-9.88 Y.39 E.02566
G1 X-10.235 Y.039 E.0183
G1 X-10.007 Y-.177 E.01151
M106 S168.3
;LAYER_CHANGE
;Z:2.75
;HEIGHT:0.3
G1 E-2 F2400
G1 Z2.75 F7800
G1 Z2.75
G1 X11.385 Y1.37
G1 E2 F2400
;TYPE:Perimeter
;WIDTH:0.45
G1 F900
G1 X11.385 Y1.374 E.00019
G1 X9.796 Y2.937 E.1072
G1 X9.804 Y.025 E.14006
G1 X9.749 Y-2.951 E.14316
G1 X11.363 Y-1.374 E.10853
G1 X11.458 Y.119 E.07195
G1 X11.388 Y1.31 E.05738
G1 X11.761 Y1.543 F7800
G1 F900
G1 X11.761 Y1.545 E.0001
G1 X9.419 Y3.865 E.15855
G1 X9.419 Y.035 E.18421
G1 X9.367 Y-2.125 E.10392
G1 X9.359 Y-3.872 E.08403
G1 X11.737 Y-1.547 E.15996
G1 X11.843 Y.141 E.08135
G1 X11.765 Y1.483 E.06465
G1 X12.137 Y1.717 F7800
;TYPE:External perimeter
G1 F900
G1 X10.547 Y3.275 E.10707
G1 X9.055 Y4.778 E.10186
G1 X9.023 Y3.463 E.06327
G1 X9.033 Y.044 E.16444
G1 X8.982 Y-2.119 E.10406
G1 X8.969 Y-4.784 E.12818
G1 X12.112 Y-1.72 E.21111
G1 X12.228 Y.163 E.09074
G1 X12.141 Y1.657 E.07198
G1 X11.882 Y1.961 F7800
G1 E-2 F2400
G1 X10.458 Y.041 F7800
G1 E2 F2400
;TYPE:Solid infill
;WIDTH:0.408754
G1 F1200
G1 X10.424 Y-1.011 E.04521
;WIDTH:0.383883
G1 X10.416 Y-1.402 E.01558
G1 X10.695 Y-1.129 E.01556
G1 X10.743 Y-1.026 E.00453
;WIDTH:0.408754
G1 X10.802 Y.025 E.04521
;WIDTH:0.40984
G1 X10.759 Y1.089 E.04588
;WIDTH:0.383659
G1 X10.442 Y1.4 E.01768
G1 X10.443 Y1.018 E.01521
;WIDTH:0.403804
G1 X10.455 Y.234 E.03319
;WIDTH:0.45
G1 X10.093 Y.241 E.01741
G1 X10.087 Y2.241 E.09619
G1 X11.103 Y1.246 E.0684
G1 X11.171 Y.068 E.05675
G1 X11.082 Y-1.245 E.0633
G1 X10.045 Y-2.257 E.06969
G1 X10.094 Y.048 E.11089
G1 E-2 F2400
G1 X-11.589 Y.016 F7800
G1 E2 F2400
;TYPE:Perimeter
G1 F900
G1 X-9.521 Y-1.952 E.1373
G1 X-8.708 Y-2.771 E.0555
G1 X-8.706 Y-2.662 E.00524
G1 X-8.795 Y-.016 E.12734
G1 X-8.811 Y2.76 E.13352
G1 X-11.567 Y.058 E.18563
G1 X-12.148 Y.016 F7800
G1 F900
G1 X-9.787 Y-2.231 E.15676
G1 X-8.338 Y-3.69 E.0989
G1 X-8.32 Y-2.669 E.04911
G1 X-8.41 Y-.013 E.12782
G1 X-8.43 Y2.589 E.12515
G1 X-8.401 Y3.702 E.05355
G1 X-12.118 Y.057 E.25039
G1 X-12.707 Y.015 F7800
;TYPE:External perimeter
G1 F900
G1 X-10.053 Y-2.51 E.17619
G1 X-7.968 Y-4.61 E.14233
G1 X-7.934 Y-2.675 E.09308
G1 X-8.024 Y-.01 E.12825
G1 X-8.044 Y2.592 E.12515
G1 X-7.991 Y4.644 E.09873
G1 X-12.669 Y.057 E.31511
G1 X-12.421 Y-.256 F7800
G1 X-11.183 Y.029
;TYPE:Solid infill
G1 F1200
G1 X-9.016 Y-2.05 E.14443
G1 X-9.085 Y-.017 E.09784
G1 X-9.101 Y2.071 E.10043
G1 X-11.046 Y.164 E.13101
G1 X-10.628 Y.033 E.02107
G1 X-9.434 Y-1.104 E.0793
G1 X-9.47 Y-.02 E.05217
G1 X-9.479 Y1.16 E.05676
G1 X-10.491 Y.168 E.06816
G1 X-9.963 Y-.03 E.02712
;WIDTH:0.627791
G1 X-10.013 Y.02 E.00497
G1 X-9.995 Y.088 E.00494
G1 X-9.927 Y.106 E.00494
G1 X-9.877 Y.056 E.00497
G1 X-9.895 Y-.012 E.00494
G1 E-2 F2400
G1 X-15.349 Y-.44 F7800
G1 E2 F2400
;TYPE:Perimeter
;WIDTH:0.419066
G1 F900
G1 X-15.86 Y-.417 E.02263
G1 X-15.819 Y-1.001 E.0259
G1 X-15.272 Y-.443 E.03457
G1 X-15.289 Y-.442 E.00075
G1 X-14.44 Y-.109 F7800
;WIDTH:0.45
G1 F900
G1 X-16.241 Y-.03 E.08671
G1 X-16.223 Y-.68 E.03127
G1 X-16.119 Y-1.741 E.05127
G1 X-16.014 Y-1.727 E.00509
G1 X-14.458 Y-.143 E.10679
G1 X-13.761 Y.017 F7800
;TYPE:External perimeter
G1 F900
G1 X-13.933 Y.189 E.0117
G1 X-14.001 Y.257 E.00463
G1 X-16.58 Y.371 E.12416
G1 X-16.628 Y.01 E.01752
G1 X-16.608 Y-.704 E.03435
G1 X-16.464 Y-2.177 E.07118
G1 X-15.831 Y-2.091 E.03072
G1 X-13.803 Y-.026 E.13921
G1 X-14.071 Y.271 F7800
G1 E-2 F2400
G1 X-17.552 Y.414 F7800
G1 E2 F2400
;WIDTH:0.450001
G1 F900
G1 X-17.598 Y.046 E.01784
G1 X-17.548 Y-1.696 E.08382
G1 X-17.488 Y-2.315 E.02991
G1 X-17.506 Y-1.915 F7800
G1 E-10 F2400
T0
G1 X13.217 Y-2.232 F7800
G1 Z2.75
G1 E10 F2400
;TYPE:Perimeter
;WIDTH:0.45
G1 F900
G1 X13.034 Y-2.526 E.01666
G1 X11.147 Y-4.364 E.1267
G1 X14.124 Y-4.419 E.14321
G1 X14.839 Y-2.571 E.0953
G1 X14.996 Y-.975 E.07713
G1 X15.107 Y-.176 E.0388
G1 X15.133 Y.014 E.00922
G1 X14.843 Y2.6 E.12516
G1 X14.537 Y3.556 E.04828
G1 X14.182 Y4.425 E.04515
G1 X11.188 Y4.363 E.14403
G1 X13.063 Y2.519 E.12649
G1 X13.295 Y2.158 E.02064
G1 X13.351 Y1.887 E.01331
G1 X13.454 Y.117 E.08527
G1 X13.324 Y-1.901 E.09726
G1 X13.279 Y-2.133 E.01137
G1 X13.249 Y-2.181 E.00272
G1 X12.875 Y-2.074 F7800
G1 F900
G1 X12.765 Y-2.25 E.00998
G1 X10.216 Y-4.732 E.17112
G1 X14.373 Y-4.809 E.19997
;TYPE:Overhang perimeter
;WIDTH:0.4
;HEIGHT:0.4
M106 S255
G1 X14.397 Y-4.81 E.00125
G1 X14.459 Y-4.631 E.0099
M106 S168.3
;TYPE:Perimeter
;WIDTH:0.45
;HEIGHT:0.3
G1 X15.15 Y-2.835 E.09255
;TYPE:Overhang perimeter
;WIDTH:0.4
;HEIGHT:0.4
M106 S255
G1 X15.218 Y-2.662 E.00971
G1 X15.379 Y-1.013 E.08656
G1 X15.488 Y-.23 E.0413
G1 X15.522 Y.009 E.01261
G1 X15.222 Y2.682 E.14053
G1 X15.184 Y2.798 E.00638
M106 S168.3
;TYPE:Perimeter
;WIDTH:0.45
;HEIGHT:0.3
G1 X14.992 Y3.4 E.03039
;TYPE:Overhang perimeter
;WIDTH:0.4
;HEIGHT:0.4
M106 S255
G1 X14.9 Y3.687 E.01575
G1 X14.439 Y4.816 E.06371
G1 X14.386 Y4.815 E.00277
M106 S168.3
;TYPE:Perimeter
;WIDTH:0.45
;HEIGHT:0.3
G1 X10.28 Y4.73 E.19753
G1 X12.575 Y2.458 E.15532
G1 X12.9 Y2.1 E.02326
G1 X12.966 Y1.864 E.01179
G1 X13.068 Y.022 E.08873
G1 X12.939 Y-1.875 E.09145
G1 X12.912 Y-2.014 E.00681
G1 X12.907 Y-2.023 E.0005
G1 X12.525 Y-1.911 F7800
;TYPE:External perimeter
G1 F900
G1 X12.496 Y-1.974 E.00334
G1 X9.285 Y-5.101 E.21557
G1 X14.188 Y-5.192 E.23586
;TYPE:Overhang perimeter
;WIDTH:0.4
;HEIGHT:0.4
M106 S255
G1 X14.669 Y-5.201 E.02513
G1 X14.91 Y-4.509 E.03828
G1 X15.596 Y-2.753 E.09849
G1 X15.763 Y-1.05 E.0894
G1 X15.87 Y-.283 E.04046
G1 X15.91 Y.004 E.01514
G1 X15.601 Y2.763 E.14504
G1 X15.262 Y3.819 E.05794
G1 X14.696 Y5.207 E.07831
G1 X14.201 Y5.197 E.02587
M106 S168.3
;TYPE:External perimeter
;WIDTH:0.45
;HEIGHT:0.3
G1 X9.373 Y5.097 E.23226
G1 X10.864 Y3.595 E.10179
G1 X12.523 Y1.968 E.11176
G1 X12.581 Y1.842 E.00667
G1 X12.684 Y.048 E.08643
G1 X12.554 Y-1.849 E.09145
G1 X12.551 Y-1.857 E.00041
G1 X12.294 Y-2.164 F7800
G1 X11.846 Y-4.087
;TYPE:Solid infill
G1 F1200
G1 X13.922 Y-4.126 E.09987
G1 X14.555 Y-2.503 E.08379
G1 X14.708 Y-.949 E.0751
G1 X14.842 Y.018 E.04695
G1 X14.559 Y2.54 E.12206
G1 X14.265 Y3.457 E.04632
G1 X13.989 Y4.132 E.03507
G1 X11.875 Y4.088 E.1017
G1 X13.212 Y2.779 E.08999
G1 X13.482 Y2.436 E.021
G1 X13.635 Y1.958 E.02414
G1 X13.744 Y.05 E.09192
G1 X13.61 Y-1.947 E.09626
G1 X13.51 Y-2.324 E.01876
G1 X13.229 Y-2.741 E.02418
G1 X11.984 Y-3.953 E.08357
G1 X12.889 Y-3.675 F7800
;WIDTH:0.5428
G1 F1200
G1 X13.629 Y-3.688 E.04416
G1 X13.801 Y-3.315 E.02451
;WIDTH:0.494519
G1 X13.912 Y-3.096 E.01317
;WIDTH:0.446238
G1 X14.037 Y-2.816 E.0146
;WIDTH:0.417416
G1 X14.162 Y-2.535 E.01354
;WIDTH:0.388594
G1 X14.258 Y-1.995 E.02218
;WIDTH:0.38543
G1 X14.356 Y-.914 E.04346
;WIDTH:0.386147
G1 X14.358 Y-.892 E.00089
;WIDTH:0.415701
G1 X14.462 Y.101 E.04375
G1 X14.368 Y1.052 E.04187
;WIDTH:0.3896
G1 X14.274 Y2.003 E.03876
;WIDTH:0.3635
G1 X14.27 Y2.04 E.00139
;WIDTH:0.394624
G1 X14.167 Y2.59 E.02305
;WIDTH:0.432734
G1 X14.061 Y2.859 E.01328
;WIDTH:0.470845
G1 X13.954 Y3.128 E.01468
;WIDTH:0.516037
G1 X13.825 Y3.406 E.01726
;WIDTH:0.56123
G1 X13.695 Y3.684 E.01902
G1 X12.934 Y3.669 E.04717
G1 X13.356 Y3.255 E.03663
G1 X13.477 Y3.1 E.01219
;WIDTH:0.516037
G1 X13.598 Y2.945 E.01108
;WIDTH:0.470845
G1 X13.726 Y2.714 E.01339
;WIDTH:0.43275
G1 X13.854 Y2.482 E.01217
;WIDTH:0.394656
G1 X13.976 Y1.978 E.02136
;WIDTH:0.3896
G1 X14.044 Y1.025 E.03875
;WIDTH:0.415701
G1 X14.112 Y.071 E.04191
;WIDTH:0.416531
G1 X14.036 Y-.888 E.04225
;WIDTH:0.38543
G1 X13.954 Y-1.97 E.04345
;WIDTH:0.388594
G1 X13.86 Y-2.417 E.01847
;WIDTH:0.417416
G1 X13.717 Y-2.669 E.01276
;WIDTH:0.446238
G1 X13.575 Y-2.921 E.01378
;WIDTH:0.494519
G1 X13.437 Y-3.098 E.01204
;WIDTH:0.5428
G1 X13.3 Y-3.275 E.01336
G1 X13.027 Y-3.54 E.0227
G1 E-2 F2400
G1 X-17.031 Y.668 F7800
G1 E2 F2400
;TYPE:External perimeter
;WIDTH:0.522147
G1 F900
G1 X-17.111 Y.053 E.03541
;WIDTH:0.518707
G1 X-17.091 Y-.727 E.04421
;WIDTH:0.55055
G1 X-17.062 Y-1.199 E.02867
;WIDTH:0.582729
G1 X-16.951 Y-2.493 E.08397
;WIDTH:0.583423
G1 X-16.949 Y-2.511 E.00117
G1 X-16.968 Y-2.112 F7800
G1 E-2 F2400
G1 X-14.585 Y1.502 F7800
G1 E2 F2400
;TYPE:Perimeter
;WIDTH:0.45
G1 F900
G1 X-13.758 Y1.465 E.03982
G1 X-13.241 Y1.207 E.02779
G1 X-10.183 Y4.205 E.20597
G1 X-11.568 Y4.209 E.06661
G1 X-16.945 Y4.357 E.25871
G1 X-17.441 Y2.634 E.08624
G1 X-17.579 Y1.638 E.04836
G1 X-14.645 Y1.505 E.14126
G1 X-14.084 Y1.097 F7800
G1 F900
G1 X-13.864 Y1.087 E.01059
G1 X-13.481 Y.918 E.02013
G1 X-13.235 Y.673 E.0167
G1 X-9.242 Y4.588 E.26896
G1 X-11.557 Y4.594 E.11134
G1 X-17.13 Y4.748 E.26814
;TYPE:Overhang perimeter
;WIDTH:0.4
;HEIGHT:0.4
M106 S255
G1 X-17.233 Y4.751 E.00538
G1 X-17.819 Y2.714 E.11074
G1 X-18.049 Y1.052 E.08766
G1 X-17.88 Y1.169 E.01074
M106 S168.3
;TYPE:Perimeter
;WIDTH:0.45
;HEIGHT:0.3
G1 X-17.75 Y1.259 E.0076
G1 X-17.068 Y1.204 E.03291
G1 X-17.011 Y1.128 E.00457
G1 X-16.947 Y1.199 E.0046
G1 X-16.779 Y1.216 E.00812
G1 X-14.143 Y1.1 E.12691
G1 E-2 F2400
G1 X-13.332 Y-1.29 F7800
G1 E2 F2400
G1 F900
G1 X-15.022 Y-3.01 E.11598
G1 X-15.58 Y-3.29 E.03003
G1 X-16.905 Y-3.452 E.0642
G1 X-17.441 Y-3.541 E.02613
G1 X-17.217 Y-4.326 E.03926
G1 X-13.395 Y-4.23 E.18388
G1 X-10.113 Y-4.183 E.15787
G1 X-10.901 Y-3.39 E.05377
G1 X-13.224 Y-1.179 E.15425
G1 X-13.29 Y-1.247 E.00456
G1 X-13.348 Y-.755 F7800
G1 F900
G1 X-15.297 Y-2.74 E.1338
G1 X-15.632 Y-2.908 E.01802
G1 X-16.616 Y-3.041 E.04776
G1 X-16.821 Y-3.032 E.00987
G1 X-16.889 Y-2.96 E.00476
G1 X-16.935 Y-3.047 E.00473
G1 X-17.13 Y-3.11 E.00986
G1 X-17.64 Y-3.179 E.02475
G1 X-17.782 Y-3.086 E.00816
;TYPE:Overhang perimeter
;WIDTH:0.4
;HEIGHT:0.4
M106 S255
G1 X-18.015 Y-2.933 E.01456
G1 X-17.507 Y-4.716 E.09686
G1 X-17.318 Y-4.713 E.00988
M106 S168.3
;TYPE:Perimeter
;WIDTH:0.45
;HEIGHT:0.3
G1 X-13.389 Y-4.615 E.18903
G1 X-9.199 Y-4.556 E.20154
G1 X-10.627 Y-3.118 E.09747
G1 X-13.233 Y-.638 E.17302
G1 X-13.306 Y-.712 E.005
G1 X-13.24 Y-.059 F7800
;TYPE:External perimeter
G1 F1800
G1 X-13.261 Y-.117 E.00297
G1 X-15.572 Y-2.469 E.15859
G1 X-15.684 Y-2.525 E.00602
G1 X-16.691 Y-2.66 E.04887
;WIDTH:0.494474
G1 X-16.777 Y-2.611 E.00531
;WIDTH:0.538948
G1 X-16.863 Y-2.561 E.00589
;WIDTH:0.583423
G1 X-16.949 Y-2.511 E.00644
G1 X-17.005 Y-2.577 E.0056
;WIDTH:0.538948
G1 X-17.061 Y-2.642 E.00508
;WIDTH:0.494474
G1 X-17.117 Y-2.707 E.0046
;WIDTH:0.45
G1 X-17.692 Y-2.797 E.02799
G1 X-17.784 Y-2.751 E.00495
;WIDTH:0.42165
G1 X-17.876 Y-2.706 E.00456
;TYPE:Overhang perimeter
;WIDTH:0.4
;HEIGHT:0.4
M106 S255
G1 F3600
G1 X-17.947 Y-2.671 E.00414
G1 X-17.958 Y-2.624 E.00252
G1 X-18.021 Y-1.725 E.04708
G1 X-18.056 Y.069 E.09375
G1 X-17.992 Y.751 E.03579
G1 X-17.931 Y.784 E.00362
M106 S168.3
;TYPE:External perimeter
;WIDTH:0.55971
;HEIGHT:0.3
G1 F1800
G1 X-17.877 Y.814 E.00382
;WIDTH:0.52314
G1 X-17.822 Y.844 E.00358
;WIDTH:0.48657
G1 X-17.767 Y.874 E.0033
;WIDTH:0.45
G1 X-17.222 Y.848 E.02624
;WIDTH:0.486027
G1 X-17.127 Y.758 E.00688
;WIDTH:0.522054
G1 X-17.031 Y.669 E.00747
G1 X-16.942 Y.747 E.00676
;WIDTH:0.486027
G1 X-16.852 Y.825 E.00626
;WIDTH:0.45
G1 X-13.881 Y.702 E.14302
G1 X-13.753 Y.646 E.00672
G1 X-13.238 Y.103 E.03599
G1 X-13.215 Y.152 E.0026
G1 X-8.3 Y4.971 E.33106
G1 X-11.547 Y4.98 E.15617
G1 X-17.018 Y5.131 E.26324
;TYPE:Overhang perimeter
;WIDTH:0.4
;HEIGHT:0.4
M106 S255
G1 F3600
G1 X-17.521 Y5.145 E.02629
G1 X-18.197 Y2.794 E.1278
G1 X-18.364 Y1.59 E.06351
G1 X-18.456 Y.658 E.04893
G1 X-18.454 Y-1.759 E.12628
G1 X-18.438 Y-2.646 E.04635
G1 X-18.406 Y-2.802 E.00832
G1 X-18.224 Y-3.61 E.04327
G1 X-17.797 Y-5.106 E.08128
G1 X-17.208 Y-5.097 E.03078
M106 S168.3
;TYPE:External perimeter
;WIDTH:0.45
;HEIGHT:0.3
G1 F1800
G1 X-13.386 Y-5.001 E.18388
G1 X-8.286 Y-4.929 E.24532
G1 X-10.353 Y-2.847 E.14111
G1 X-13.213 Y-.125 E.1899
G1 X-13.217 Y-.114 E.00056
G1 X-13.519 Y-.376 F7800
G1 E-2 F2400
G1 X-17.157 Y2.574 F7800
G1 E2 F2400
;TYPE:Solid infill
G1 F1200
G1 X-17.25 Y1.906 E.03244
G1 X-13.748 Y1.753 E.16859
G1 X-13.304 Y1.55 E.02348
G1 X-10.889 Y3.918 E.16267
G1 X-11.577 Y3.92 E.03309
G1 X-16.729 Y4.062 E.24789
G1 X-17.104 Y2.759 E.06521
G1 X-16.76 Y2.479 E.02133
G1 X-16.441 Y3.668 E.05921
G1 X-11.824 Y3.541 E.22215
G1 X-13.378 Y2.018 E.10465
G1 X-13.73 Y2.138 E.01789
G1 X-16.726 Y2.276 E.14425
G1 X-16.807 Y2.292 E.00397
G1 X-16.25 Y2.704 E.03332
;WIDTH:0.578813
G1 X-15.925 Y2.689 E.02088
;WIDTH:0.594784
G1 X-14.18 Y2.617 E.11554
G1 X-13.943 Y2.567 E.01602
;WIDTH:0.546522
G1 X-13.706 Y2.518 E.01455
;WIDTH:0.498261
G1 X-13.469 Y2.468 E.01311
;WIDTH:0.45
G1 X-12.743 Y3.181 E.04894
G1 X-13.558 Y3.203 E.03921
;WIDTH:0.498261
G1 X-13.759 Y3.184 E.01093
;WIDTH:0.546522
G1 X-13.959 Y3.166 E.01208
;WIDTH:0.594784
G1 X-14.16 Y3.147 E.01336
G1 X-15.906 Y3.203 E.11557
;WIDTH:0.578813
G1 X-16.105 Y3.209 E.01277
G1 X-16.197 Y2.89 E.0213
G1 E-2 F2400
G1 X-17.098 Y-3.757 F7800
G1 E2 F2400
;WIDTH:0.414086
G1 F1200
G1 X-17.014 Y-4.05 E.01329
G1 X-16.53 Y-4.039 E.02112
;WIDTH:0.438947
G1 X-16.027 Y-4.013 E.02353
;WIDTH:0.466222
G1 X-15.389 Y-3.986 E.03201
;WIDTH:0.460682
G1 X-14.672 Y-3.973 E.03545
;WIDTH:0.45
G1 X-10.798 Y-3.904 E.18636
G1 X-13.217 Y-1.585 E.16117
G1 X-14.855 Y-3.238 E.11193
;WIDTH:0.466222
G1 X-15.557 Y-3.587 E.03929
G1 X-16.057 Y-3.64 E.0252
;WIDTH:0.438947
G1 X-16.557 Y-3.694 E.02349
;WIDTH:0.414086
G1 X-16.779 Y-3.695 E.00968
G1 X-16.908 Y-3.72 E.00573
G1 E-2 F2400
G1 X-14.682 Y-3.585 F7800
G1 E2 F2400
;WIDTH:0.45
G1 F1200
G1 X-11.731 Y-3.531 E.14196
G1 X-13.208 Y-2.126 E.09805
G1 X-14.527 Y-3.47 E.09057
G1 X-13.681 Y-3.169 F7800
;WIDTH:0.465026
G1 F1200
G1 X-12.7 Y-3.152 E.04903
G1 X-13.198 Y-2.677 E.03439
G1 X-13.546 Y-3.031 E.02481
M106 S155.55
;LAYER_CHANGE
;Z:3.05
;HEIGHT:0.3
G1 E-2 F2400
G1 Z3.05 F7800
G1 Z3.05
G1 X13.646 Y-1.715
G1 E2 F2400
;TYPE:Perimeter
;WIDTH:0.45
G1 F900
G1 X13.631 Y-1.767 E.0026
G1 X13.451 Y-2.007 E.01443
G1 X11.054 Y-4.339 E.16085
G1 X15.044 Y-4.408 E.19193
G1 X15.651 Y-2.692 E.08754
G1 X15.722 Y-2.397 E.01459
G1 X15.961 Y.025 E.11706
G1 X15.681 Y2.616 E.12534
G1 X15.084 Y4.422 E.09149
G1 X11.107 Y4.33 E.19133
G1 X13.277 Y2.192 E.14652
G1 X13.618 Y1.814 E.02449
G1 X13.714 Y1.591 E.01168
G1 X13.751 Y1.376 E.01049
G1 X13.823 Y-.034 E.0679
G1 X13.741 Y-1.375 E.06462
G1 X13.662 Y-1.658 E.01413
G1 X13.299 Y-1.556 F7800
G1 F900
G1 X13.29 Y-1.587 E.00155
G1 X13.182 Y-1.731 E.00866
G1 X10.124 Y-4.706 E.2052
G1 X15.26 Y-4.796 E.24706
;TYPE:Overhang perimeter
;WIDTH:0.4
;HEIGHT:0.4
M106 S255
G1 X15.318 Y-4.796 E.00303
G1 X15.879 Y-3.197 E.08853
M106 S155.55
;TYPE:Perimeter
;WIDTH:0.45
;HEIGHT:0.3
G1 X16.016 Y-2.827 E.01898
;TYPE:Overhang perimeter
;WIDTH:0.4
;HEIGHT:0.4
M106 S255
G1 X16.085 Y-2.64 E.01041
G1 X16.106 Y-2.435 E.01077
G1 X16.349 Y.026 E.1292
G1 X16.06 Y2.697 E.14036
G1 X16.023 Y2.812 E.00631
M106 S155.55
;TYPE:Perimeter
;WIDTH:0.45
;HEIGHT:0.3
G1 X15.624 Y4.057 E.06288
;TYPE:Overhang perimeter
;WIDTH:0.4
;HEIGHT:0.4
M106 S255
G1 X15.532 Y4.345 E.0158
G1 X15.34 Y4.815 E.02652
G1 X15.315 Y4.814 E.00131
M106 S155.55
;TYPE:Perimeter
;WIDTH:0.45
;HEIGHT:0.3
G1 X10.198 Y4.698 E.24617
G1 X13.286 Y1.617 E.2098
G1 X13.365 Y1.355 E.01316
G1 X13.438 Y-.011 E.06579
G1 X13.357 Y-1.351 E.06457
G1 X13.315 Y-1.498 E.00735
G1 X12.942 Y-1.392 F7800
;TYPE:External perimeter
G1 F900
G1 X12.914 Y-1.455 E.00332
G1 X9.193 Y-5.074 E.24965
G1 X15.126 Y-5.18 E.2854
;TYPE:Overhang perimeter
;WIDTH:0.4
;HEIGHT:0.4
M106 S255
G1 X15.591 Y-5.184 E.02429
G1 X16.464 Y-2.731 E.13603
G1 X16.489 Y-2.473 E.01354
G1 X16.737 Y.028 E.13131
G1 X16.439 Y2.777 E.14446
G1 X15.895 Y4.477 E.09325
G1 X15.596 Y5.208 E.04126
G1 X15.16 Y5.195 E.02279
M106 S155.55
;TYPE:External perimeter
;WIDTH:0.45
;HEIGHT:0.3
G1 X9.289 Y5.066 E.28244
G1 X11.161 Y3.181 E.12777
G1 X12.923 Y1.461 E.11843
G1 X12.98 Y1.334 E.0067
G1 X13.053 Y.013 E.06363
G1 X12.972 Y-1.328 E.06461
G1 X12.967 Y-1.337 E.0005
G1 X12.711 Y-1.644 F7800
G1 E-2 F2400
G1 X11.753 Y-4.063 F7800
G1 E2 F2400
;TYPE:Solid infill
G1 F1200
G1 X14.84 Y-4.117 E.1485
G1 X15.423 Y-2.483 E.08344
G1 X15.653 Y-.152 E.11266
G1 X15.509 Y-.152 E.00693
G1 X14.042 Y1.315 E.09978
G1 X14.113 Y.033 E.06175
G1 X14.081 Y-.522 E.02674
G1 X14.017 Y-1.477 E.04604
G1 X13.845 Y-1.966 E.02493
G1 X13.649 Y-2.218 E.01535
G1 X11.891 Y-3.929 E.11799
G1 X12.686 Y-3.693 F7800
G1 F1200
G1 X14.567 Y-3.726 E.09048
G1 X15.044 Y-2.397 E.06791
G1 X15.236 Y-.424 E.09534
G1 X14.483 Y.329 E.05122
G1 X14.498 Y-.013 E.01646
G1 X14.38 Y-1.605 E.07678
G1 X14.196 Y-2.126 E.02658
G1 X13.918 Y-2.495 E.02222
G1 X12.824 Y-3.559 E.0734
G1 X13.647 Y-3.313 F7800
;WIDTH:0.473732
G1 F1200
G1 X14.286 Y-3.324 E.03263
G1 X14.428 Y-2.93 E.02138
;WIDTH:0.51003
G1 X14.471 Y-2.758 E.00985
;WIDTH:0.546328
G1 X14.513 Y-2.587 E.01058
;WIDTH:0.582627
G1 X14.556 Y-2.415 E.01146
G1 X14.436 Y-2.537 E.01106
;WIDTH:0.546328
G1 X14.316 Y-2.658 E.01024
;WIDTH:0.51003
G1 X14.195 Y-2.78 E.00955
;WIDTH:0.473732
G1 X13.786 Y-3.178 E.02914
G1 X14.556 Y-2.415 F7800
;WIDTH:0.582627
G1 F1200
G1 X14.62 Y-2.239 E.01211
;WIDTH:0.552347
G1 X14.658 Y-2.047 E.01191
;WIDTH:0.514456
G1 X14.696 Y-1.854 E.01104
;WIDTH:0.476565
G1 X14.735 Y-1.662 E.01007
;WIDTH:0.438674
G1 X14.773 Y-1.469 E.00918
;WIDTH:0.435965
G1 X14.844 Y-.568 E.04189
G1 X15.645 Y.257 F7800
;WIDTH:0.45
G1 F1200
G1 X11.847 Y4.056 E.25837
G1 X11.585 Y4.141 E.01325
;WIDTH:0.404381
G1 X11.514 Y4.122 E.00312
G1 X11.533 Y4.193 E.00312
G1 X11.574 Y4.182 E.0018
;WIDTH:0.45
G1 X12.262 Y4.261 E.03331
;WIDTH:0.404381
G1 X12.221 Y4.272 E.0018
G1 X12.202 Y4.201 E.00312
G1 X12.273 Y4.22 E.00312
;WIDTH:0.45
G1 X12.379 Y4.068 E.00891
G1 X15.579 Y.869 E.21763
G1 X15.786 Y.752 E.01144
;WIDTH:0.435965
G1 X15.741 Y.764 E.00216
G1 X15.72 Y.686 E.00374
G1 X15.798 Y.707 E.00374
G1 X15.513 Y1.48 F7800
;WIDTH:0.45
G1 F1200
G1 X15.385 Y2.592 E.05384
G1 X14.887 Y4.127 E.07762
G1 X12.912 Y4.081 E.09502
G1 X15.377 Y1.617 E.16763
G1 X14.925 Y2.657 F7800
;WIDTH:0.512495
G1 F1200
G1 X14.586 Y3.703 E.06146
G1 X13.896 Y3.687 E.03858
G1 X14.789 Y2.794 E.07058
G1 E-2 F2400
G1 X-17.391 Y3.93 F7800
G1 E2 F2400
;TYPE:External perimeter
;WIDTH:0.477963
G1 F900
G1 X-17.403 Y3.894 E.00196
;WIDTH:0.486909
G1 X-17.686 Y2.879 E.05553
;WIDTH:0.511547
G1 X-17.725 Y2.698 E.01033
;WIDTH:0.515169
G1 X-17.939 Y1.141 E.08836
G1 X-17.954 Y.8 E.01919
;WIDTH:0.478239
G1 X-17.968 Y.458 E.01767
;WIDTH:0.44131
G1 X-17.983 Y.117 E.01605
;WIDTH:0.404381
G1 X-17.973 Y-1.735 E.07854
;WIDTH:0.443426
G1 X-17.959 Y-2.081 E.01637
;WIDTH:0.482471
G1 X-17.945 Y-2.426 E.01801
;WIDTH:0.521517
G1 X-17.931 Y-2.771 E.01969
;WIDTH:0.543351
G1 X-17.921 Y-2.858 E.00523
;WIDTH:0.543455
G1 X-17.573 Y-4.081 E.07598
G1 X-17.569 Y-3.681 F7800
G1 X-18.146 Y-5.047
;WIDTH:0.543021
G1 F900
G1 X-18.186 Y-5.038 E.00245
;WIDTH:0.494329
G1 X-18.225 Y-5.029 E.00215
;WIDTH:0.445637
G1 X-18.264 Y-5.02 E.0019
;TYPE:Overhang perimeter
;WIDTH:0.4
;HEIGHT:0.4
M106 S255
G1 X-18.384 Y-4.993 E.00643
M106 S155.55
G1 E-2 F2400
G1 X-13.275 Y-1.302 F7800
G1 E2 F2400
;TYPE:Perimeter
;WIDTH:0.45
;HEIGHT:0.3
G1 F900
G1 X-15.59 Y-3.659 E.1589
G1 X-16.26 Y-4.309 E.0449
G1 X-15.087 Y-4.254 E.05648
G1 X-13.379 Y-4.209 E.08218
G1 X-10.047 Y-4.162 E.16027
G1 X-10.838 Y-3.369 E.05387
G1 X-13.146 Y-1.17 E.15333
G1 X-13.233 Y-1.259 E.00599
G1 X-13.191 Y-.666 F7800
G1 F900
G1 X-15.859 Y-3.383 E.18315
G1 X-16.834 Y-4.328 E.06531
G1 X-17.149 Y-4.56 E.01882
G1 X-17.252 Y-4.696 E.00821
G1 X-16.244 Y-4.694 E.04848
G1 X-15.077 Y-4.64 E.05619
G1 X-13.361 Y-4.594 E.08256
G1 X-9.13 Y-4.535 E.20352
G1 X-10.565 Y-3.097 E.09771
G1 X-13.149 Y-.635 E.17166
G1 X-13.127 Y-.123 F7800
;TYPE:External perimeter
G1 F900
G1 X-13.162 Y-.035 E.00455
G1 X-13.191 Y-.116 E.00414
G1 X-16.127 Y-3.106 E.20155
G1 X-17.209 Y-4.154 E.07245
;WIDTH:0.480176
G1 X-17.403 Y-4.214 E.01053
;WIDTH:0.511815
G1 X-17.488 Y-4.148 E.00601
;WIDTH:0.543455
G1 X-17.573 Y-4.081 E.00647
G1 X-17.553 Y-4.211 E.00786
;WIDTH:0.511815
G1 X-17.532 Y-4.341 E.00735
;WIDTH:0.480176
G1 X-17.597 Y-4.535 E.01061
;WIDTH:0.497542
G1 X-17.998 Y-4.963 E.03169
;WIDTH:0.543021
G1 X-18.146 Y-5.047 E.01016
G1 X-17.954 Y-5.068 E.01153
;WIDTH:0.497542
G1 X-17.368 Y-5.083 E.03167
;WIDTH:0.45
G1 X-16.227 Y-5.079 E.05488
G1 X-15.066 Y-5.025 E.0559
G1 X-13.358 Y-4.98 E.08218
G1 X-8.213 Y-4.908 E.24748
G1 X-10.292 Y-2.825 E.14155
G1 X-13.084 Y-.165 E.18547
G1 X-13.453 Y-.317 F7800
G1 E-2 F2400
G1 X-16.324 Y4.325 F7800
G1 E2 F2400
;TYPE:Perimeter
G1 F900
G1 X-13.146 Y1.193 E.2146
G1 X-10.107 Y4.176 E.20481
G1 X-11.09 Y4.176 E.04728
G1 X-16.264 Y4.323 E.24895
G1 X-17.279 Y4.737 F7800
G1 F900
G1 X-17.125 Y4.582 E.01051
G1 X-16.997 Y4.376 E.01166
G1 X-16.799 Y4.252 E.01124
G1 X-13.153 Y.659 E.2462
G1 X-9.164 Y4.562 E.26842
G1 X-11.079 Y4.562 E.0921
G1 X-17.219 Y4.736 E.29543
G1 X-18.02 Y4.756 F7800
;TYPE:External perimeter
;WIDTH:0.531462
G1 F900
G1 X-17.991 Y4.765 E.00177
;WIDTH:0.483204
G1 X-17.945 Y4.779 E.00251
;WIDTH:0.445081
G1 X-17.815 Y4.728 E.00663
;WIDTH:0.45
G1 X-17.351 Y4.229 E.03277
;WIDTH:0.477963
G1 X-17.391 Y3.93 E.01556
G1 X-17.257 Y4.032 E.00869
;WIDTH:0.463539
G1 X-17.149 Y4.024 E.00539
;WIDTH:0.45
G1 X-17.07 Y3.977 E.00442
G1 X-13.782 Y.737 E.22202
G1 X-13.161 Y.087 E.04324
G1 X-13.127 Y.156 E.0037
G1 X-12.514 Y.728 E.04033
G1 X-8.222 Y4.948 E.2895
G1 X-11.068 Y4.947 E.13688
G1 X-17.935 Y5.149 E.33042
;WIDTH:0.462503
G1 X-17.949 Y5.149 E.0007
;WIDTH:0.490061
G1 X-17.963 Y5.148 E.00075
;TYPE:Overhang perimeter
;WIDTH:0.4
;HEIGHT:0.4
M106 S255
G1 X-18.445 Y5.125 E.02521
G1 X-18.519 Y4.873 E.01372
G1 X-18.492 Y3.512 E.07112
G1 X-18.165 Y4.655 E.06211
G1 X-18.133 Y4.723 E.00393
G1 X-18.083 Y4.738 E.00273
M106 S155.55
;TYPE:External perimeter
;WIDTH:0.57972
;HEIGHT:0.3
G1 X-18.078 Y4.739 E.00033
G1 X-17.703 Y4.599 F7800
G1 E-2 F2400
G1 X-13.143 Y1.596 F7800
G1 E2 F2400
;TYPE:Solid infill
;WIDTH:0.45
G1 F1200
G1 X-10.813 Y3.887 E.15716
G1 X-15.597 Y4.015 E.23018
G1 X-13.28 Y1.732 E.15645
G1 X-13.143 Y2.137 E.02056
G1 X-11.737 Y3.52 E.09486
G1 X-14.629 Y3.602 E.13915
G1 X-13.28 Y2.273 E.09108
G1 X-13.142 Y2.688 E.02103
;WIDTH:0.463237
G1 X-12.669 Y3.154 E.03303
G1 X-13.643 Y3.181 E.04847
G1 X-13.28 Y2.823 E.02536
G1 E-2 F2400
G1 X-13.373 Y-3.919 F7800
G1 E2 F2400
;WIDTH:0.45
G1 F1200
G1 X-10.734 Y-3.882 E.12694
G1 X-13.139 Y-1.576 E.16025
G1 X-15.518 Y-3.985 E.16284
G1 X-13.565 Y-3.925 E.09398
G1 X-13.568 Y-3.539 E.01857
G1 X-14.565 Y-3.568 E.04797
G1 X-13.131 Y-2.116 E.09815
G1 X-11.668 Y-3.51 E.09719
G1 X-13.375 Y-3.534 E.08211
G1 X-13.381 Y-3.143 E.01881
;WIDTH:0.460239
G1 X-12.631 Y-3.133 E.03703
G1 X-13.123 Y-2.664 E.03356
G1 X-13.602 Y-3.149 E.03366
G1 X-13.573 Y-3.149 E.00143
G1 E-10 F2400
T1
G1 X11.783 Y.866 F7800
G1 Z3.05
G1 E10 F2400
;TYPE:Perimeter
;WIDTH:0.45
G1 F900
G1 X9.701 Y2.918 E.1406
G1 X9.712 Y.021 E.13934
G1 X9.652 Y-2.917 E.14134
G1 X11.777 Y-.853 E.14248
G1 X11.827 Y.088 E.04532
G1 X11.787 Y.806 E.03459
G1 X12.16 Y1.038 F7800
G1 F900
G1 X10.575 Y2.585 E.10653
G1 X9.334 Y3.835 E.08472
G1 X9.315 Y3.052 E.03767
G1 X9.327 Y.03 E.14535
G1 X9.268 Y-2.451 E.11936
G1 X9.264 Y-3.84 E.06681
G1 X12.153 Y-1.027 E.19394
G1 X12.212 Y.109 E.05471
G1 X12.163 Y.978 E.04186
G1 X12.537 Y1.209 F7800
;TYPE:External perimeter
G1 F900
G1 X10.845 Y2.861 E.11374
G1 X8.971 Y4.748 E.12791
G1 X8.929 Y3.056 E.0814
G1 X8.941 Y.042 E.14496
G1 X8.882 Y-2.446 E.1197
G1 X8.876 Y-4.758 E.1112
G1 X11.141 Y-2.535 E.15264
G1 X12.529 Y-1.201 E.09259
G1 X12.597 Y.131 E.06415
G1 X12.54 Y1.149 E.04904
G1 X12.28 Y1.453 F7800
G1 E-2 F2400
G1 X9.948 Y-2.22 F7800
G1 E2 F2400
;TYPE:Solid infill
G1 F1200
G1 X11.495 Y-.723 E.10354
G1 X11.54 Y.027 E.03614
G1 X11.501 Y.738 E.03425
G1 X9.993 Y2.218 E.10162
G1 X10.001 Y.035 E.105
G1 X9.953 Y-2.028 E.09925
G1 X10.356 Y-1.283 F7800
G1 F1200
G1 X11.119 Y-.55 E.05089
G1 X11.154 Y.028 E.02785
G1 X11.124 Y.568 E.02601
G1 X10.382 Y1.296 E.05
G1 X10.387 Y.023 E.06123
G1 X10.361 Y-1.09 E.05355
G1 X10.753 Y-.38 F7800
;WIDTH:0.430001
G1 F1200
G1 X10.759 Y.402 E.03566
G1 E-2 F2400
G1 X-11.496 Y.01 F7800
G1 E2 F2400
;TYPE:Perimeter
;WIDTH:0.45
G1 F900
G1 X-9.458 Y-1.931 E.13536
G1 X-8.646 Y-2.745 E.0553
G1 X-8.644 Y-2.652 E.00447
G1 X-8.73 Y-.038 E.12579
G1 X-8.708 Y.502 E.02599
G1 X-8.724 Y2.741 E.10769
G1 X-11.459 Y.052 E.18447
G1 X-12.057 Y.011 F7800
G1 F900
G1 X-9.724 Y-2.211 E.15496
G1 X-8.275 Y-3.663 E.09866
G1 X-8.258 Y-2.658 E.04834
G1 X-8.344 Y-.026 E.12666
G1 X-8.322 Y.495 E.02508
G1 X-8.347 Y2.582 E.10038
G1 X-8.311 Y3.689 E.05327
G1 X-12.014 Y.053 E.24961
G1 X-12.619 Y.014 F7800
;TYPE:External perimeter
G1 F900
G1 X-9.99 Y-2.49 E.17462
G1 X-7.904 Y-4.58 E.14202
G1 X-7.873 Y-2.664 E.09217
G1 X-7.959 Y-.013 E.12757
G1 X-7.936 Y.488 E.02412
G1 X-7.961 Y2.587 E.10096
G1 X-7.939 Y2.921 E.0161
G1 X-7.908 Y4.626 E.08202
G1 X-12.201 Y.404 E.2896
G1 X-12.575 Y.055 E.0246
G1 X-12.33 Y-.261 F7800
G1 E-2 F2400
G1 X-8.954 Y-2.027 F7800
G1 E2 F2400
;TYPE:Solid infill
G1 F1200
G1 X-9.019 Y-.051 E.09509
G1 X-8.997 Y.506 E.02681
G1 X-9.015 Y2.049 E.07422
G1 X-11.083 Y.016 E.13948
G1 X-9.09 Y-1.891 E.13267
G1 X-9.371 Y-1.083 F7800
G1 F1200
G1 X-9.404 Y-.064 E.04904
G1 X-9.383 Y.512 E.02772
G1 X-9.39 Y1.14 E.03021
G1 X-10.529 Y.02 E.07683
G1 X-9.51 Y-.95 E.06767
G1 X-9.799 Y.008 F7800
;WIDTH:0.602725
G1 F1200
G1 X-9.847 Y-.039 E.00451
G1 X-9.912 Y-.022 E.00451
G1 X-9.929 Y.043 E.00451
G1 X-9.882 Y.091 E.00451
G1 X-9.817 Y.073 E.00453
G1 E-2 F2400
G1 X-17.824 Y4.101 F7800
G1 E2 F2400
;TYPE:External perimeter
;WIDTH:0.449621
G1 F900
G1 X-18.193 Y2.81 E.06452
;WIDTH:0.450001
G1 X-18.331 Y1.831 E.04755
;WIDTH:0.495617
G1 X-18.366 Y1.741 E.00519
;WIDTH:0.541233
G1 X-18.401 Y1.651 E.00574
G1 X-18.412 Y1.398 E.01506
;WIDTH:0.495618
G1 X-18.422 Y1.144 E.01367
;WIDTH:0.450003
G1 X-18.372 Y.121 E.04926
;WIDTH:0.450451
G1 X-18.414 Y-2.712 E.13643
;WIDTH:0.47985
G1 X-18.404 Y-2.92 E.01079
;WIDTH:0.514441
G1 X-18.394 Y-3.129 E.01175
G1 X-18.357 Y-3.2 E.00449
;WIDTH:0.482223
G1 X-18.32 Y-3.271 E.00417
;WIDTH:0.450005
G1 X-18.021 Y-4.321 E.05251
G1 X-18.017 Y-3.921 F7800
G1 E-2 F2400
G1 X-14.797 Y.023 F7800
G1 E2 F2400
;TYPE:Perimeter
;WIDTH:0.45
G1 F900
G1 X-16.586 Y1.785 E.12077
G1 X-16.826 Y.02 E.08567
G1 X-16.778 Y-1.648 E.08026
G1 X-16.744 Y-1.993 E.01667
G1 X-14.808 Y-.02 E.13295
G1 X-14.246 Y.021 F7800
G1 F900
G1 X-16.864 Y2.601 E.17679
G1 X-17.212 Y.041 E.12426
G1 X-17.163 Y-1.678 E.08271
G1 X-17.112 Y-2.195 E.02499
G1 X-17.019 Y-2.804 E.02963
G1 X-16.584 Y-2.381 E.02918
G1 X-14.269 Y-.021 E.159
G1 X-13.695 Y.02 F7800
;TYPE:External perimeter
G1 F900
G1 X-17.073 Y3.348 E.22807
G1 X-17.23 Y2.772 E.02871
G1 X-17.599 Y.062 E.13154
G1 X-17.548 Y-1.702 E.08488
G1 X-17.45 Y-2.701 E.04828
G1 X-17.213 Y-3.531 E.04152
G1 X-16.309 Y-2.651 E.06068
G1 X-13.73 Y-.023 E.17709
G1 X-13.975 Y.294 F7800
G1 E-2 F2400
G1 X-16.498 Y-1.329 F7800
G1 E2 F2400
;TYPE:Solid infill
G1 F1200
G1 X-15.19 Y.004 E.08982
G1 X-16.377 Y1.174 E.08016
G1 X-16.536 Y.005 E.05674
G1 X-16.503 Y-1.136 E.0549
G1 X-16.149 Y-.438 F7800
;WIDTH:0.427871
G1 F1200
G1 X-15.719 Y-.001 E.02779
G1 X-16.107 Y.382 E.02472
G1 X-16.156 Y.022 E.01647
G1 X-16.152 Y-.246 E.01215
M106 S150.45
;LAYER_CHANGE
;Z:3.35
;HEIGHT:0.3
G1 E-2 F2400
G1 Z3.35 F7800
G1 Z3.35
G1 X12.154 Y.383
G1 E2 F2400
;TYPE:Perimeter
;WIDTH:0.45
G1 F900
G1 X10.513 Y1.983 E.11023
G1 X9.609 Y2.893 E.06169
G1 X9.615 Y.016 E.13837
G1 X9.552 Y-2.887 E.13966
G1 X12.148 Y-.375 E.17374
G1 X12.169 Y.079 E.02186
G1 X12.157 Y.323 E.01175
G1 X12.531 Y.553 F7800
G1 F900
G1 X10.782 Y2.259 E.11751
G1 X9.247 Y3.805 E.10478
G1 X9.218 Y2.7 E.05316
G1 X9.229 Y.031 E.12837
G1 X9.166 Y-2.757 E.13413
G1 X9.167 Y-3.806 E.05045
G1 X10.67 Y-2.328 E.10139
G1 X12.525 Y-.548 E.12365
G1 X12.554 Y.098 E.0311
G1 X12.534 Y.493 E.01902
G1 X12.909 Y.724 F7800
;TYPE:External perimeter
G1 F900
G1 X11.051 Y2.535 E.12479
G1 X8.885 Y4.718 E.14791
G1 X8.833 Y2.704 E.0969
G1 X8.844 Y.036 E.12832
G1 X8.78 Y-2.753 E.13418
G1 X8.782 Y-4.725 E.09485
G1 X10.935 Y-2.608 E.14523
G1 X12.902 Y-.721 E.1311
G1 X12.939 Y.117 E.04034
G1 X12.912 Y.664 E.02634
G1 X12.652 Y.968 F7800
G1 E-2 F2400
G1 X9.904 Y.022 F7800
G1 E2 F2400
;TYPE:Solid infill
G1 F1200
G1 X9.854 Y-2.184 E.10613
G1 X11.862 Y-.249 E.13412
G1 X11.866 Y.26 E.02448
G1 X9.895 Y2.198 E.13295
G1 X9.903 Y.215 E.09538
G1 X10.289 Y.204 E.01857
G1 X10.285 Y1.274 E.05146
G1 X11.479 Y.099 E.08057
G1 X11.478 Y-.083 E.00875
G1 X10.261 Y-1.251 E.08113
G1 X10.29 Y.011 E.06071
G1 X10.642 Y-.195 E.01962
;WIDTH:0.3983
G1 X10.648 Y.412 E.02528
G1 X11.056 Y.011 E.02383
G1 X10.64 Y-.388 E.02401
G1 E-2 F2400
G1 X-11.407 Y.008 F7800
G1 E2 F2400
;TYPE:Perimeter
;WIDTH:0.45
G1 F900
G1 X-9.384 Y-1.922 E.13448
G1 X-8.584 Y-2.729 E.05465
G1 X-8.665 Y-.036 E.12958
G1 X-8.628 Y.804 E.04044
G1 X-8.644 Y2.694 E.09091
G1 X-9.451 Y1.929 E.05348
G1 X-11.365 Y.05 E.129
G1 X-11.97 Y.011 F7800
G1 F900
G1 X-9.65 Y-2.201 E.15417
G1 X-8.214 Y-3.651 E.09815
G1 X-8.197 Y-2.637 E.04878
G1 X-8.279 Y-.024 E.12574
G1 X-8.243 Y.797 E.03953
G1 X-8.263 Y2.623 E.08783
G1 X-8.223 Y3.222 E.02887
G1 X-8.215 Y3.664 E.02126
G1 X-11.536 Y.415 E.22346
G1 X-11.926 Y.052 E.02563
G1 X-12.532 Y.015 F7800
;TYPE:External perimeter
G1 F900
G1 X-9.916 Y-2.48 E.17387
G1 X-7.843 Y-4.566 E.14145
G1 X-7.811 Y-2.634 E.09294
G1 X-7.894 Y-.012 E.12617
G1 X-7.857 Y.791 E.03866
G1 X-7.878 Y2.597 E.08687
G1 X-7.837 Y3.214 E.02974
G1 X-7.811 Y4.607 E.06701
G1 X-11.799 Y.697 E.26862
G1 X-12.489 Y.056 E.0453
G1 X-12.244 Y-.26 F7800
G1 X-10.988 Y.007
;TYPE:Solid infill
G1 F1200
G1 X-8.892 Y-2.008 E.13984
G1 X-8.954 Y0 E.09662
G1 X-8.918 Y.809 E.03895
G1 X-8.932 Y2.02 E.05825
G1 X-10.851 Y.143 E.12911
G1 X-10.434 Y.012 E.02102
G1 X-9.307 Y-1.063 E.07491
G1 X-9.34 Y-.012 E.05057
G1 X-9.307 Y1.123 E.05461
G1 X-10.297 Y.147 E.06686
G1 X-9.805 Y-.044 E.02538
;WIDTH:0.577003
G1 X-9.851 Y.001 E.00411
G1 X-9.834 Y.063 E.00411
G1 X-9.772 Y.079 E.00409
G1 X-9.727 Y.034 E.00407
G1 X-9.744 Y-.028 E.00411
G1 E-2 F2400
G1 X-18.467 Y4.812 F7800
G1 E2 F2400
;TYPE:External perimeter
;WIDTH:0.455945
G1 F900
G1 X-18.454 Y4.177 E.03102
G1 E-2 F2400
G1 X-14.736 Y.029 F7800
G1 E2 F2400
;TYPE:Perimeter
;WIDTH:0.45
G1 F900
G1 X-17.656 Y2.908 E.19723
G1 X-17.511 Y.154 E.13264
G1 X-17.542 Y-.616 E.03706
G1 X-17.566 Y-2.851 E.1075
G1 X-16.787 Y-2.101 E.05201
G1 X-14.759 Y-.014 E.13996
G1 X-14.181 Y.026 F7800
G1 F900
G1 X-16.693 Y2.488 E.16917
G1 X-17.839 Y3.638 E.07809
G1 X-17.901 Y3.581 E.00405
G1 X-18.056 Y3.577 E.00746
G1 X-18.04 Y2.843 E.03531
G1 X-17.896 Y.133 E.13053
G1 X-17.928 Y-.606 E.03558
G1 X-17.947 Y-2.721 E.10173
G1 X-17.985 Y-3.802 E.05202
G1 X-16.515 Y-2.375 E.09854
G1 X-14.212 Y-.017 E.15853
G1 X-13.627 Y.022 F7800
;TYPE:External perimeter
G1 F900
G1 X-16.423 Y2.763 E.18832
G1 X-17.81 Y4.155 E.09451
G1 X-17.827 Y4.095 E.003
G1 X-17.975 Y3.96 E.00963
;WIDTH:0.450374
G1 X-18.284 Y3.99 E.01495
;WIDTH:0.454047
G1 X-18.454 Y4.177 E.01228
G1 X-18.443 Y3.595 E.02829
;WIDTH:0.45
G1 X-18.425 Y2.829 E.03685
G1 X-18.281 Y.113 E.13081
G1 X-18.313 Y-.595 E.03409
G1 X-18.333 Y-2.707 E.10158
G1 X-18.404 Y-4.754 E.09851
G1 X-16.243 Y-2.648 E.14513
G1 X-14.212 Y-.556 E.14024
G1 X-13.666 Y-.02 E.0368
G1 X-13.909 Y.298 F7800
G1 E-2 F2400
G1 X-17.222 Y.156 F7800
G1 E2 F2400
;TYPE:Solid infill
G1 F1200
G1 X-17.253 Y-.624 E.03754
G1 X-17.267 Y-2.162 E.07398
G1 X-15.135 Y.016 E.14659
G1 X-17.329 Y2.173 E.14798
G1 X-17.232 Y.348 E.0879
G1 X-16.845 Y.333 E.01863
G1 X-16.891 Y1.202 E.04185
G1 X-15.679 Y.009 E.0818
G1 X-16.873 Y-1.221 E.08245
G1 X-16.837 Y.141 E.06553
G1 X-16.378 Y-.068 E.02426
;WIDTH:0.644533
G1 X-16.429 Y-.017 E.00522
G1 X-16.41 Y.053 E.00525
G1 X-16.34 Y.072 E.00525
G1 X-16.289 Y.02 E.00527
G1 X-16.308 Y-.05 E.00525
G1 E-10 F2400
T0
G1 X14.016 Y-1.236 F7800
G1 Z3.35
G1 E10 F2400
;TYPE:Perimeter
;WIDTH:0.45
G1 F900
G1 X13.82 Y-1.532 E.01707
G1 X10.945 Y-4.311 E.19232
G1 X14.125 Y-4.374 E.15298
G1 X15.943 Y-4.39 E.08744
G1 X15.975 Y-4.368 E.00187
G1 X16.36 Y-3.084 E.06447
G1 X16.522 Y-2.436 E.03213
G1 X16.737 Y.04 E.11954
G1 X16.482 Y2.636 E.12546
G1 X15.944 Y4.427 E.08994
G1 X12.982 Y4.337 E.14253
G1 X11.021 Y4.299 E.09433
G1 X11.91 Y3.404 E.06067
G1 X13.834 Y1.528 E.12925
G1 X14.059 Y1.187 E.01965
G1 X14.123 Y.886 E.0148
G1 X14.163 Y-.018 E.04352
G1 X14.115 Y-.889 E.04196
G1 X14.055 Y-1.177 E.01415
G1 X14.049 Y-1.186 E.00052
G1 X13.67 Y-1.077 F7800
G1 F900
G1 X13.553 Y-1.253 E.01016
G1 X11.519 Y-3.206 E.13562
G1 X10.021 Y-4.679 E.10105
G1 X14.12 Y-4.76 E.19719
G1 X16.182 Y-4.778 E.09918
;TYPE:Overhang perimeter
;WIDTH:0.4
;HEIGHT:0.4
M106 S255
G1 X16.24 Y-4.778 E.00303
G1 X16.698 Y-3.299 E.08089
M106 S150.45
;TYPE:Perimeter
;WIDTH:0.45
;HEIGHT:0.3
G1 X16.836 Y-2.84 E.02305
G1 X16.907 Y-2.47 E.01812
G1 X17.124 Y.042 E.12127
G1 X16.862 Y2.711 E.12899
G1 X16.257 Y4.715 E.10068
;TYPE:Overhang perimeter
;WIDTH:0.4
;HEIGHT:0.4
M106 S255
G1 X16.214 Y4.82 E.00593
M106 S150.45
;TYPE:Perimeter
;WIDTH:0.45
;HEIGHT:0.3
G1 X12.974 Y4.723 E.1559
G1 X10.113 Y4.667 E.13763
G1 X11.638 Y3.13 E.10414
G1 X13.564 Y1.251 E.12942
G1 X13.7 Y1.047 E.01179
G1 X13.738 Y.866 E.0089
G1 X13.778 Y.003 E.04155
G1 X13.695 Y-1.025 E.0496
G1 X13.316 Y-.911 F7800
;TYPE:External perimeter
G1 F900
G1 X13.286 Y-.975 E.0034
G1 X11.25 Y-2.93 E.13576
G1 X9.097 Y-5.046 E.14519
G1 X14.114 Y-5.145 E.24135
G1 X16.049 Y-5.162 E.09307
;TYPE:Overhang perimeter
;WIDTH:0.4
;HEIGHT:0.4
M106 S255
G1 X16.513 Y-5.166 E.02424
G1 X16.709 Y-4.605 E.03105
G1 X17.205 Y-2.951 E.09021
G1 X17.291 Y-2.503 E.02383
G1 X17.511 Y.044 E.13356
G1 X17.242 Y2.785 E.14389
G1 X16.757 Y4.416 E.0889
G1 X16.495 Y5.212 E.04378
G1 X16.058 Y5.202 E.02284
M106 S150.45
;TYPE:External perimeter
;WIDTH:0.45
;HEIGHT:0.3
G1 X12.967 Y5.108 E.14874
G1 X9.204 Y5.035 E.18102
G1 X11.367 Y2.856 E.14767
G1 X13.295 Y.975 E.12955
G1 X13.353 Y.847 E.00676
G1 X13.393 Y.024 E.03963
G1 X13.345 Y-.847 E.04196
G1 X13.341 Y-.857 E.00052
G1 X13.083 Y-1.163 F7800
G1 E-2 F2400
G1 X11.477 Y-4.1 F7800
G1 E2 F2400
;TYPE:Solid infill
;WIDTH:0.404381
G1 F1200
G1 X11.531 Y-3.982 E.0055
G1 X14.036 Y-1.512 E.14918
G1 E-2 F2400
G1 X11.897 Y4.03 F7800
G1 E2 F2400
;WIDTH:0.45
G1 F1200
G1 X15.733 Y4.133 E.18456
G1 X16.196 Y2.58 E.07794
G1 X16.36 Y.912 E.08061
G1 X16.264 Y.912 E.00462
G1 X14.399 Y-.953 E.12685
G1 X14.454 Y.048 E.04822
G1 X14.374 Y1.138 E.05257
G1 X14.156 Y1.592 E.02422
G1 X11.704 Y4.025 E.16614
G1 X12.619 Y3.664 F7800
G1 F1200
G1 X14.436 Y1.865 E.12298
G1 X14.695 Y1.39 E.02602
G1 X14.758 Y1.166 E.01119
G1 X14.839 Y.032 E.05468
G1 X15.95 Y1.143 E.07557
G1 X15.816 Y2.506 E.06587
G1 X15.448 Y3.74 E.06193
G1 X12.812 Y3.669 E.12683
G1 X13.534 Y3.302 F7800
G1 F1200
G1 X14.662 Y2.19 E.07618
G1 X14.841 Y1.947 E.01452
;WIDTH:0.472281
G1 X15.121 Y1.385 E.03194
G1 X15.171 Y.922 E.02369
;WIDTH:0.466943
G1 X15.54 Y1.29 E.02617
G1 X15.503 Y1.706 E.02097
;WIDTH:0.458421
G1 X15.436 Y2.431 E.03578
;WIDTH:0.45
G1 X15.163 Y3.346 E.04593
G1 X13.727 Y3.308 E.06909
G1 X14.384 Y2.967 E.0356
;WIDTH:0.394979
G1 X14.913 Y2.444 E.03067
G1 X15.099 Y2.204 E.01252
G1 X15.083 Y2.362 E.00655
G1 X14.898 Y2.981 E.02664
G1 X14.577 Y2.972 E.01324
G1 E-2 F2400
G1 X16.4 Y.503 F7800
G1 E2 F2400
;WIDTH:0.45
G1 F1200
G1 X11.859 Y-4.038 E.30887
G1 X12.396 Y-4.047 E.02583
G1 X16.443 Y0 E.27527
G1 X16.391 Y-.597 E.02882
G1 X12.933 Y-4.055 E.23521
G1 X13.47 Y-4.063 E.02583
G1 X16.34 Y-1.194 E.19518
G1 X16.288 Y-1.791 E.02882
G1 X14.007 Y-4.072 E.15515
G1 X14.544 Y-4.08 E.02583
G1 X16.236 Y-2.388 E.11509
G1 X15.245 Y-3.941 F7800
;WIDTH:0.472856
G1 F1200
G1 X16.022 Y-3.163 E.05602
G1 X15.745 Y-4.087 E.04915
G1 X15.108 Y-4.077 E.03246
G1 E-2 F2400
G1 X-13.206 Y-1.285 F7800
G1 E2 F2400
;TYPE:Perimeter
;WIDTH:0.45
G1 F900
G1 X-15.601 Y-3.734 E.16475
G1 X-16.175 Y-4.293 E.03854
G1 X-14.661 Y-4.222 E.0729
G1 X-13.351 Y-4.188 E.06303
G1 X-9.999 Y-4.131 E.16124
G1 X-10.77 Y-3.354 E.05265
G1 X-13.077 Y-1.153 E.15336
G1 X-13.164 Y-1.242 E.00599
G1 X-13.117 Y-.652 F7800
G1 F900
G1 X-13.619 Y-1.144 E.03381
G1 X-15.87 Y-3.458 E.15527
G1 X-17.124 Y-4.677 E.08411
G1 X-16.27 Y-4.683 E.04108
G1 X-14.651 Y-4.608 E.07795
G1 X-13.34 Y-4.573 E.06308
G1 X-9.08 Y-4.511 E.20491
G1 X-10.5 Y-3.078 E.09703
G1 X-13.074 Y-.623 E.17108
G1 X-13.041 Y-.122 F7800
;TYPE:External perimeter
G1 F900
G1 X-13.083 Y-.011 E.00571
G1 X-13.123 Y-.117 E.00545
G1 X-13.892 Y-.872 E.05183
G1 X-16.139 Y-3.181 E.15496
G1 X-18.087 Y-5.077 E.13074
G1 X-16.264 Y-5.069 E.08768
G1 X-14.64 Y-4.993 E.07819
G1 X-13.33 Y-4.959 E.06303
G1 X-10.13 Y-4.904 E.15393
G1 X-8.155 Y-4.891 E.09499
G1 X-8.23 Y-4.821 E.00493
G1 X-10.229 Y-2.803 E.13662
G1 X-12.997 Y-.163 E.18397
G1 X-13.382 Y-.275 F7800
G1 E-2 F2400
G1 X-16.235 Y4.305 F7800
G1 E2 F2400
;TYPE:Perimeter
G1 F900
G1 X-13.068 Y1.184 E.21386
G1 X-10.009 Y4.147 E.20483
G1 X-10.611 Y4.144 E.02895
G1 X-16.175 Y4.303 E.26772
G1 X-17.192 Y4.718 F7800
G1 F900
G1 X-15.835 Y3.358 E.0924
G1 X-13.075 Y.651 E.18594
G1 X-12.374 Y1.303 E.04604
G1 X-9.067 Y4.538 E.2225
G1 X-10.6 Y4.529 E.07373
G1 X-17.132 Y4.716 E.3143
G1 X-17.881 Y4.798 F7800
;TYPE:External perimeter
;WIDTH:0.428588
G1 F900
G1 X-17.806 Y4.773 E.00359
;WIDTH:0.45
G1 X-13.125 Y.16 E.31609
G1 X-13.082 Y.071 E.00475
G1 X-13.04 Y.157 E.0046
G1 X-12.108 Y1.024 E.06122
G1 X-8.126 Y4.929 E.26824
G1 X-10.589 Y4.915 E.11846
G1 X-17.653 Y5.128 E.33991
;WIDTH:0.428588
G1 X-18.205 Y5.157 E.02511
;WIDTH:0.402861
G1 X-18.042 Y4.95 E.01112
G1 X-18.036 Y4.737 E.009
G1 X-17.937 Y4.809 E.00517
G1 X-17.613 Y4.574 F7800
G1 E-2 F2400
G1 X-15.515 Y3.995 F7800
G1 E2 F2400
;TYPE:Solid infill
;WIDTH:0.45
G1 F1200
G1 X-13.063 Y1.584 E.16539
G1 X-10.726 Y3.861 E.15693
G1 X-15.322 Y3.99 E.22114
G1 X-14.545 Y3.582 F7800
G1 F1200
G1 X-13.057 Y2.119 E.10037
G1 X-11.655 Y3.502 E.09472
G1 X-14.352 Y3.577 E.12977
G1 X-13.559 Y3.163 F7800
;WIDTH:0.462872
G1 F1200
G1 X-13.057 Y2.67 E.03497
G1 X-12.585 Y3.135 E.03293
G1 X-13.366 Y3.157 E.03883
G1 E-2 F2400
G1 X-15.436 Y-3.968 F7800
G1 E2 F2400
;WIDTH:0.45
G1 F1200
G1 X-13.36 Y-3.898 E.09991
G1 X-10.683 Y-3.852 E.12877
G1 X-13.073 Y-1.557 E.15937
G1 X-15.301 Y-3.83 E.15308
G1 X-14.486 Y-3.55 F7800
G1 F1200
G1 X-11.612 Y-3.483 E.13827
G1 X-13.064 Y-2.098 E.09651
G1 X-14.352 Y-3.413 E.08853
G1 X-13.528 Y-3.129 F7800
;WIDTH:0.457534
G1 F1200
G1 X-12.567 Y-3.11 E.04713
G1 X-13.054 Y-2.645 E.03302
G1 X-13.393 Y-2.991 E.02375
M106 S153
;LAYER_CHANGE
;Z:3.65
;HEIGHT:0.3
G1 E-2 F2400
G1 Z3.65 F7800
G1 Z3.65
G1 X14.38 Y-.774
G1 E2 F2400
;TYPE:Perimeter
;WIDTH:0.45
G1 F900
G1 X14.179 Y-1.067 E.01709
G1 X10.839 Y-4.284 E.22304
G1 X16.752 Y-4.38 E.28443
G1 X17.19 Y-2.905 E.074
G1 X17.301 Y-2.401 E.02482
G1 X17.508 Y.056 E.11859
G1 X17.259 Y2.65 E.12534
G1 X17.013 Y3.575 E.04604
G1 X16.754 Y4.421 E.04255
G1 X14.224 Y4.369 E.12171
G1 X12.443 Y4.298 E.08573
G1 X10.92 Y4.268 E.07327
G1 X11.778 Y3.396 E.05884
G1 X14.069 Y1.186 E.1531
G1 X14.351 Y.865 E.02055
G1 X14.449 Y.633 E.01211
G1 X14.484 Y.367 E.0129
G1 X14.477 Y-.381 E.03598
G1 X14.407 Y-.722 E.01674
G1 X14.033 Y-.613 F7800
G1 F900
G1 X13.913 Y-.789 E.01025
G1 X11.119 Y-3.463 E.18601
G1 X9.92 Y-4.651 E.08118
G1 X14.071 Y-4.733 E.19969
G1 X17.038 Y-4.769 E.14271
G1 X17.603 Y-2.869 E.09534
G1 X17.685 Y-2.433 E.02134
G1 X17.895 Y.058 E.12023
G1 X17.64 Y2.718 E.12852
G1 X17.384 Y3.681 E.04793
G1 X17.037 Y4.812 E.0569
G1 X14.212 Y4.754 E.1359
G1 X12.416 Y4.683 E.08645
G1 X10.018 Y4.636 E.11536
G1 X11.506 Y3.122 E.1021
G1 X13.802 Y.909 E.15337
G1 X14.019 Y.67 E.01553
G1 X14.099 Y.371 E.01489
G1 X14.091 Y-.377 E.03598
G1 X14.054 Y-.558 E.00889
G1 X13.674 Y-.446 F7800
;TYPE:External perimeter
G1 F1800
G1 X13.646 Y-.51 E.00336
G1 X10.85 Y-3.187 E.18618
G1 X9.002 Y-5.018 E.12512
G1 X14.065 Y-5.119 E.24356
G1 X16.968 Y-5.154 E.13963
;TYPE:Overhang perimeter
;WIDTH:0.4
;HEIGHT:0.4
M106 S255
G1 F3600
G1 X17.325 Y-5.158 E.01865
G1 X18.047 Y-2.727 E.13249
G1 X18.069 Y-2.466 E.01368
G1 X18.282 Y.06 E.13244
G1 X18.02 Y2.787 E.14313
G1 X17.755 Y3.787 E.05405
G1 X17.321 Y5.204 E.07743
G1 X16.954 Y5.196 E.01918
M106 S153
;TYPE:External perimeter
;WIDTH:0.45
;HEIGHT:0.3
G1 F1800
G1 X14.2 Y5.139 E.13249
G1 X12.409 Y5.069 E.08621
G1 X9.116 Y5.004 E.15841
G1 X11.235 Y2.848 E.1454
G1 X13.654 Y.515 E.16164
G1 X13.713 Y.375 E.00731
G1 X13.705 Y-.373 E.03598
G1 X13.698 Y-.391 E.00093
G1 X13.442 Y-.698 F7800
G1 E-2 F2400
G1 X11.534 Y-4.007 F7800
G1 E2 F2400
;TYPE:Solid infill
G1 F1200
G1 X16.537 Y-4.088 E.24066
G1 X17 Y-2.53 E.07817
G1 X17.064 Y-1.77 E.03668
G1 X16.962 Y-1.77 E.00491
G1 X14.766 Y.425 E.14934
G1 X14.762 Y-.459 E.04252
G1 X14.679 Y-.82 E.01782
G1 X14.416 Y-1.239 E.02379
G1 X11.673 Y-3.874 E.18294
G1 X12.476 Y-3.637 F7800
G1 F1200
G1 X16.25 Y-3.698 E.18154
G1 X16.596 Y-2.536 E.05831
G1 X16.656 Y-2.01 E.02546
G1 X15.143 Y-.497 E.10291
G1 X15.131 Y-.592 E.00461
G1 X14.978 Y-1.087 E.02492
G1 X14.683 Y-1.517 E.02508
G1 X12.615 Y-3.503 E.1379
G1 X13.418 Y-3.266 F7800
G1 F1200
G1 X15.964 Y-3.308 E.12247
G1 X16.164 Y-2.636 E.03372
G1 X16.257 Y-2.156 E.02352
G1 X15.331 Y-1.23 E.06299
G1 X15.302 Y-1.296 E.00347
G1 X14.95 Y-1.795 E.02937
G1 X13.557 Y-3.133 E.0929
G1 X14.361 Y-2.896 F7800
G1 F1200
G1 X15.678 Y-2.917 E.06335
G1 X15.858 Y-2.302 E.03082
G1 X15.403 Y-1.848 E.03091
G1 X15.217 Y-2.073 E.01404
G1 X14.5 Y-2.762 E.04783
G1 X15.424 Y-2.513 F7800
;WIDTH:0.505485
G1 F1200
G1 X15.385 Y-2.552 E.00303
G1 X15.332 Y-2.538 E.00302
G1 X15.318 Y-2.485 E.00302
G1 X15.357 Y-2.446 E.00303
G1 X15.41 Y-2.46 E.00302
G1 E-2 F2400
G1 X17.098 Y-1.361 F7800
G1 E2 F2400
;WIDTH:0.45
G1 F1200
G1 X11.742 Y3.995 E.36431
G1 X11.397 Y4.074 E.01702
;WIDTH:0.404381
G1 X11.432 Y3.959 E.0051
G1 X12.247 Y3.147 E.04879
G1 X12.277 Y4.006 F7800
;WIDTH:0.45
G1 F1200
G1 X17.141 Y-.858 E.33084
G1 X17.183 Y-.355 E.02428
G1 X12.805 Y4.023 E.29779
G1 X13.329 Y4.044 E.02522
G1 X17.207 Y.166 E.26378
G1 X17.149 Y.77 E.02918
G1 X13.854 Y4.064 E.22409
G1 X14.381 Y4.083 E.02536
G1 X17.091 Y1.373 E.18433
G1 X17.033 Y1.976 E.02914
G1 X14.916 Y4.094 E.14403
G1 E-2 F2400
G1 X16.835 Y2.734 F7800
G1 E2 F2400
G1 F1200
G1 X15.45 Y4.105 E.09373
G1 X16.542 Y4.127 E.05253
G1 X16.734 Y3.501 E.03149
G1 X16.973 Y2.599 E.04488
G1 E-2 F2400
G1 X-13.126 Y-1.269 F7800
G1 E2 F2400
;TYPE:Perimeter
G1 F900
G1 X-13.61 Y-1.744 E.03262
G1 X-15.594 Y-3.79 E.13707
G1 X-16.107 Y-4.277 E.03402
G1 X-14.235 Y-4.191 E.09013
G1 X-9.941 Y-4.11 E.20656
G1 X-10.698 Y-3.343 E.05183
G1 X-13 Y-1.144 E.15312
G1 X-13.084 Y-1.227 E.00568
G1 X-13.035 Y-.639 F7800
G1 F900
G1 X-13.884 Y-1.472 E.05721
G1 X-15.871 Y-3.522 E.13731
G1 X-17.056 Y-4.659 E.07899
G1 X-16.284 Y-4.672 E.03714
G1 X-14.236 Y-4.577 E.09861
G1 X-13.312 Y-4.552 E.04446
G1 X-9.022 Y-4.494 E.20635
G1 X-10.427 Y-3.068 E.09628
G1 X-12.993 Y-.618 E.17064
G1 X-12.954 Y-.121 F7800
;TYPE:External perimeter
G1 F900
G1 X-13.005 Y.013 E.0069
G1 X-13.053 Y-.116 E.00662
G1 X-14.157 Y-1.2 E.07442
G1 X-16.148 Y-3.253 E.13755
G1 X-18.014 Y-5.059 E.1249
G1 X-16.278 Y-5.057 E.0835
G1 X-14.218 Y-4.962 E.09918
G1 X-13.302 Y-4.937 E.04407
G1 X-10.073 Y-4.882 E.15533
G1 X-8.061 Y-4.877 E.09677
G1 X-8.514 Y-4.459 E.02965
G1 X-10.157 Y-2.793 E.11254
G1 X-12.911 Y-.162 E.18319
G1 X-13.306 Y-.228 F7800
G1 X-12.995 Y1.182
;TYPE:Perimeter
G1 F900
G1 X-12.99 Y1.177 E.00034
G1 X-12.234 Y1.879 E.04962
G1 X-9.932 Y4.113 E.15428
G1 X-16.164 Y4.299 E.29987
G1 X-13.038 Y1.224 E.2109
G1 X-13 Y.647 F7800
G1 F900
G1 X-12.997 Y.644 E.0002
G1 X-11.968 Y1.6 E.06755
G1 X-8.978 Y4.511 E.20071
G1 X-10.123 Y4.497 E.05507
G1 X-17.12 Y4.708 E.33668
G1 X-13.042 Y.689 E.27538
G1 X-13.004 Y.055 F7800
;TYPE:External perimeter
G1 F900
G1 X-12.954 Y.158 E.00551
G1 X-11.701 Y1.321 E.08222
G1 X-10.117 Y2.874 E.10669
G1 X-9.247 Y3.7 E.0577
G1 X-8.032 Y4.909 E.08244
G1 X-10.111 Y4.882 E.1
G1 X-18.075 Y5.116 E.38321
G1 X-16.02 Y3.065 E.13964
G1 X-13.055 Y.161 E.19961
G1 X-13.03 Y.109 E.00278
G1 X-12.726 Y.369 F7800
G1 X-12.985 Y1.577
;TYPE:Solid infill
G1 F1200
G1 X-12.442 Y2.081 E.03563
G1 X-10.638 Y3.838 E.12112
G1 X-15.439 Y3.987 E.23102
G1 X-13.122 Y1.712 E.15618
G1 X-12.977 Y2.11 E.02037
G1 X-11.558 Y3.481 E.0949
G1 X-14.465 Y3.571 E.13988
G1 X-13.115 Y2.245 E.09101
G1 X-12.97 Y2.653 E.02083
;WIDTH:0.463718
G1 X-12.493 Y3.117 E.03314
G1 X-13.474 Y3.148 E.04889
G1 X-13.107 Y2.788 E.02561
G1 E-2 F2400
G1 X-13.328 Y-3.877 F7800
G1 E2 F2400
;WIDTH:0.45
G1 F1200
G1 X-10.623 Y-3.831 E.13012
G1 X-12.996 Y-1.548 E.15838
G1 X-15.358 Y-3.954 E.16216
G1 X-13.521 Y-3.884 E.08842
G1 X-13.528 Y-3.499 E.01852
G1 X-14.403 Y-3.532 E.04211
G1 X-12.987 Y-2.09 E.0972
G1 X-11.551 Y-3.461 E.09549
G1 X-13.335 Y-3.492 E.08582
G1 X-13.342 Y-3.105 E.01862
;WIDTH:0.452064
G1 X-12.499 Y-3.091 E.04077
G1 X-12.978 Y-2.633 E.03205
G1 X-13.384 Y-3.045 E.02797
G1 E-10 F2400
T1
G1 X12.388 Y-.024 F7800
G1 Z3.65
G1 E10 F2400
;TYPE:Perimeter
;WIDTH:0.45
G1 F900
G1 X12.421 Y.008 E.00221
G1 X10.385 Y1.971 E.13603
G1 X9.501 Y2.87 E.06064
G1 X9.515 Y.01 E.13756
G1 X9.448 Y-2.857 E.13793
G1 X12.345 Y-.066 E.19348
G1 X12.876 Y.087 F7800
G1 F900
G1 X12.876 Y.105 E.00087
G1 X10.652 Y2.248 E.14854
G1 X9.148 Y3.779 E.10322
G1 X9.108 Y2.682 E.0528
G1 X9.13 Y.038 E.12717
G1 X9.058 Y-3.014 E.14683
G1 X9.064 Y-3.78 E.03684
G1 X10.27 Y-2.585 E.08166
G1 X12.874 Y-.093 E.17335
G1 X12.875 Y.005 E.00471
G1 X12.875 Y.027 E.00106
G1 X13.263 Y.261 F7800
;TYPE:External perimeter
G1 F900
G1 X13.263 Y.267 E.00029
G1 X10.92 Y2.526 E.15654
G1 X8.795 Y4.688 E.1458
G1 X8.722 Y2.687 E.09631
G1 X8.744 Y.031 E.12775
G1 X8.672 Y-3.011 E.14635
G1 X8.686 Y-4.697 E.08109
G1 X10.534 Y-2.866 E.12512
G1 X13.258 Y-.259 E.18135
G1 X13.261 Y.001 E.01251
G1 X13.263 Y.201 E.00962
G1 X13.007 Y.508 F7800
G1 E-2 F2400
G1 X9.754 Y-2.146 F7800
G1 E2 F2400
;TYPE:Solid infill
G1 F1200
G1 X12.003 Y.008 E.14978
G1 X9.787 Y2.166 E.14877
G1 X9.805 Y.02 E.10322
G1 X9.758 Y-1.954 E.09497
G1 X10.161 Y-1.221 F7800
G1 F1200
G1 X11.447 Y.009 E.08559
G1 X10.181 Y1.23 E.0846
G1 X10.19 Y.026 E.05791
G1 X10.166 Y-1.029 E.05075
G1 X10.535 Y-.374 E.03616
;WIDTH:0.385824
G1 X10.937 Y.01 E.02229
G1 X10.541 Y.392 E.02206
G1 X10.536 Y-.181 E.02297
G1 E-2 F2400
G1 X-11.321 Y.008 F7800
G1 E2 F2400
;TYPE:Perimeter
;WIDTH:0.45
G1 F900
G1 X-9.311 Y-1.912 E.13369
G1 X-8.522 Y-2.711 E.05401
G1 X-8.6 Y-.034 E.12881
G1 X-8.549 Y1.106 E.05488
G1 X-8.563 Y2.665 E.07499
G1 X-11.278 Y.05 E.1813
G1 X-11.884 Y.012 F7800
G1 F900
G1 X-9.577 Y-2.191 E.15342
G1 X-8.152 Y-3.636 E.09761
G1 X-8.135 Y-2.627 E.04854
G1 X-8.214 Y-.022 E.12535
G1 X-8.163 Y1.1 E.05402
G1 X-8.162 Y2.878 E.08552
G1 X-8.121 Y3.498 E.02988
G1 X-8.118 Y3.644 E.00702
G1 X-11.13 Y.711 E.2022
G1 X-11.84 Y.053 E.04656
G1 X-12.446 Y.016 F7800
;TYPE:External perimeter
G1 F900
G1 X-9.843 Y-2.47 E.17312
G1 X-8.205 Y-4.132 E.11223
G1 X-7.759 Y-4.543 E.02917
G1 X-7.778 Y-4.305 E.01148
G1 X-7.75 Y-2.624 E.08086
G1 X-7.829 Y-.01 E.12578
G1 X-7.778 Y1.093 E.05311
G1 X-7.778 Y2.853 E.08465
G1 X-7.735 Y3.491 E.03076
G1 X-7.715 Y4.59 E.05287
G1 X-8.935 Y3.375 E.08281
G1 X-9.804 Y2.552 E.05757
G1 X-11.393 Y.994 E.10703
G1 X-12.402 Y.057 E.06623
G1 X-12.157 Y-.26 F7800
G1 E-2 F2400
G1 X-8.83 Y-1.988 F7800
G1 E2 F2400
;TYPE:Solid infill
G1 F1200
G1 X-8.889 Y-.005 E.09542
G1 X-8.838 Y1.111 E.05373
G1 X-8.849 Y1.993 E.04242
G1 X-10.901 Y.006 E.13738
G1 X-8.965 Y-1.851 E.12903
G1 X-9.244 Y-1.043 F7800
G1 F1200
G1 X-9.274 Y.027 E.05148
G1 X-9.225 Y1.091 E.05123
G1 X-10.344 Y.008 E.0749
G1 X-9.383 Y-.91 E.06392
G1 X-9.653 Y-.006 F7800
;WIDTH:0.554609
G1 F1200
G1 X-9.697 Y-.049 E.00376
G1 X-9.756 Y-.033 E.00374
G1 X-9.772 Y.026 E.00374
G1 X-9.728 Y.07 E.0038
G1 X-9.669 Y.054 E.00374
G1 E-2 F2400
G1 X-14.665 Y.029 F7800
G1 E2 F2400
;TYPE:Perimeter
;WIDTH:0.45
G1 F900
G1 X-17.571 Y2.888 E.19607
G1 X-17.42 Y.147 E.13203
G1 X-17.467 Y-.954 E.053
G1 X-17.487 Y-2.84 E.09072
G1 X-17.009 Y-2.387 E.03167
G1 X-14.691 Y-.014 E.15955
G1 X-14.111 Y.026 F7800
G1 F900
G1 X-17.982 Y3.843 E.26147
G1 X-17.955 Y2.827 E.04888
G1 X-17.805 Y.126 E.13011
G1 X-17.852 Y-.943 E.05146
G1 X-17.869 Y-2.713 E.08513
G1 X-17.907 Y-3.783 E.0515
G1 X-16.738 Y-2.662 E.0779
G1 X-14.745 Y-.606 E.13772
G1 X-14.144 Y-.016 E.04051
G1 X-13.557 Y.023 F7800
;TYPE:External perimeter
G1 F900
G1 X-16.335 Y2.745 E.18706
G1 X-18.392 Y4.797 E.13974
G1 X-18.341 Y2.811 E.09555
G1 X-18.19 Y.086 E.13126
G1 X-18.238 Y-.932 E.04902
G1 X-18.254 Y-2.699 E.08499
G1 X-18.328 Y-4.736 E.09804
G1 X-16.467 Y-2.936 E.12453
G1 X-14.475 Y-.881 E.13765
G1 X-13.596 Y-.019 E.05921
G1 X-13.839 Y.299 F7800
G1 E-2 F2400
G1 X-17.188 Y-2.157 F7800
G1 E2 F2400
;TYPE:Solid infill
G1 F1200
G1 X-15.068 Y.019 E.14612
G1 X-17.242 Y2.154 E.14655
G1 X-17.132 Y.168 E.09567
G1 X-17.177 Y-.962 E.05439
G1 X-17.187 Y-1.964 E.0482
G1 X-16.794 Y-1.199 F7800
G1 F1200
G1 X-15.613 Y.013 E.08139
G1 X-16.802 Y1.181 E.08016
G1 X-16.751 Y.025 E.05565
G1 X-16.787 Y-1.007 E.04967
G1 X-16.212 Y-.012 F7800
;WIDTH:0.623311
G1 F1200
G1 X-16.261 Y-.062 E.00488
G1 X-16.328 Y-.043 E.00485
G1 X-16.347 Y.024 E.00485
G1 X-16.297 Y.073 E.00488
G1 X-16.23 Y.055 E.00484
;LAYER_CHANGE
;Z:3.95
;HEIGHT:0.3
G1 E-2 F2400
G1 Z3.95 F7800
G1 Z3.95
G1 X12.295 Y.008
G1 E2 F2400
;TYPE:Perimeter
;WIDTH:0.45
G1 F900
G1 X11.406 Y.859 E.05919
G1 X10.263 Y1.952 E.07606
G1 X9.391 Y2.845 E.06003
G1 X9.416 Y.03 E.1354
G1 X9.347 Y-2.817 E.13697
G1 X12.251 Y-.033 E.19349
G1 X12.853 Y.008 F7800
G1 F900
G1 X11.672 Y1.138 E.07861
G1 X10.515 Y2.245 E.07702
G1 X9.043 Y3.754 E.10139
G1 X8.999 Y2.69 E.05122
G1 X9.024 Y1.949 E.03566
G1 X9.031 Y.029 E.09235
G1 X8.954 Y-3.752 E.18189
G1 X9.868 Y-2.843 E.062
G1 X12.81 Y-.033 E.19567
G1 X13.411 Y.008 F7800
;TYPE:External perimeter
G1 F900
G1 X11.939 Y1.416 E.09797
G1 X10.791 Y2.514 E.0764
G1 X8.695 Y4.663 E.14438
G1 X8.614 Y2.706 E.09421
G1 X8.638 Y1.947 E.03652
G1 X8.645 Y.025 E.09244
G1 X8.565 Y-3.27 E.15852
G1 X8.576 Y-4.672 E.06743
G1 X10.134 Y-3.122 E.1057
G1 X13.368 Y-.033 E.2151
G1 X13.123 Y.283 F7800
G1 E-2 F2400
G1 X9.705 Y.016 F7800
G1 E2 F2400
;TYPE:Solid infill
G1 F1200
G1 X9.654 Y-2.114 E.10247
G1 X11.876 Y.009 E.14781
G1 X10.064 Y1.742 E.12059
G1 X9.686 Y2.128 E.02598
G1 X9.704 Y.209 E.0923
G1 X10.089 Y.197 E.01853
G1 X10.08 Y1.193 E.04791
G1 X11.318 Y.009 E.08239
G1 X10.062 Y-1.191 E.08355
G1 X10.091 Y.004 E.05749
G1 X10.261 Y-.082 E.00916
;WIDTH:0.411522
G1 X10.431 Y-.167 E.00823
;WIDTH:0.373045
G1 X10.435 Y.373 E.02079
G1 X10.816 Y.009 E.02029
G1 X10.429 Y-.36 E.02059
G1 E-2 F2400
G1 X-11.236 Y.008 F7800
G1 E2 F2400
;TYPE:Perimeter
;WIDTH:0.45
G1 F900
G1 X-11.238 Y.007 E.00011
G1 X-9.252 Y-1.905 E.13259
G1 X-8.461 Y-2.699 E.0539
G1 X-8.534 Y-.032 E.12832
G1 X-8.47 Y1.409 E.06938
G1 X-8.486 Y2.64 E.05921
G1 X-9.283 Y1.892 E.05257
G1 X-10.464 Y.726 E.07982
G1 X-11.192 Y.049 E.04781
G1 X-11.798 Y.013 F7800
G1 F900
G1 X-11.799 Y.011 E.00011
G1 X-9.519 Y-2.183 E.15219
G1 X-8.09 Y-3.617 E.09737
G1 X-8.074 Y-2.617 E.0481
G1 X-8.149 Y-.02 E.12496
G1 X-8.084 Y1.402 E.06846
G1 X-8.097 Y2.614 E.0583
G1 X-8.029 Y3.621 E.04854
G1 X-9.551 Y2.169 E.10117
G1 X-10.726 Y1.008 E.07945
G1 X-11.754 Y.053 E.06749
G1 X-12.36 Y.016 F7800
;TYPE:External perimeter
G1 F900
G1 X-9.786 Y-2.461 E.17181
G1 X-8.377 Y-3.877 E.09608
G1 X-7.662 Y-4.533 E.04667
G1 X-7.71 Y-3.948 E.02823
G1 X-7.688 Y-2.614 E.06417
G1 X-7.763 Y-.009 E.12534
G1 X-7.698 Y1.395 E.0676
G1 X-7.712 Y2.588 E.05738
G1 X-7.633 Y3.767 E.05683
G1 X-7.618 Y4.574 E.03882
G1 X-8.555 Y3.642 E.06356
G1 X-9.819 Y2.446 E.0837
G1 X-10.989 Y1.291 E.07907
G1 X-12.317 Y.057 E.08719
G1 X-12.073 Y-.26 F7800
G1 X-10.817 Y.003
;TYPE:Solid infill
G1 F1200
G1 X-8.767 Y-1.988 E.13745
G1 X-8.824 Y-.011 E.09513
G1 X-8.759 Y1.414 E.06861
G1 X-8.766 Y1.978 E.02713
G1 X-10.676 Y.134 E.12769
G1 X-10.258 Y-.003 E.02116
G1 X-9.18 Y-1.05 E.07228
G1 X-9.209 Y.021 E.05153
G1 X-9.162 Y1.053 E.04969
G1 X-10.117 Y.129 E.06391
G1 X-9.653 Y-.066 E.02421
;WIDTH:0.534549
G1 X-9.694 Y-.024 E.00344
G1 X-9.679 Y.033 E.00346
G1 X-9.622 Y.048 E.00346
G1 X-9.581 Y.006 E.00344
G1 X-9.596 Y-.051 E.00346
G1 E-2 F2400
G1 X-14.593 Y.027 F7800
G1 E2 F2400
;TYPE:Perimeter
;WIDTH:0.45
G1 F900
G1 X-17.486 Y2.869 E.19505
G1 X-17.33 Y.141 E.13142
G1 X-17.391 Y-1.291 E.06894
G1 X-17.409 Y-2.83 E.07403
G1 X-17.021 Y-2.463 E.02569
G1 X-15.272 Y-.662 E.12075
G1 X-14.618 Y-.015 E.04425
G1 X-14.04 Y.025 F7800
G1 F900
G1 X-17.89 Y3.813 E.25977
G1 X-17.871 Y2.807 E.04839
G1 X-17.715 Y.119 E.1295
G1 X-17.776 Y-1.262 E.06649
G1 X-17.79 Y-2.705 E.06941
G1 X-17.83 Y-3.763 E.05092
G1 X-16.75 Y-2.737 E.07165
G1 X-15 Y-.936 E.12078
G1 X-14.072 Y-.017 E.06282
G1 X-13.487 Y.024 F7800
;TYPE:External perimeter
G1 F900
G1 X-18.306 Y4.769 E.32528
G1 X-18.256 Y2.792 E.09512
G1 X-18.1 Y.079 E.1307
G1 X-18.161 Y-1.244 E.0637
G1 X-18.175 Y-2.691 E.0696
G1 X-18.251 Y-4.718 E.09756
G1 X-16.479 Y-3.012 E.11831
G1 X-14.729 Y-1.21 E.12081
G1 X-13.525 Y-.018 E.08149
G1 X-13.768 Y.3 F7800
G1 E-2 F2400
G1 X-17.041 Y.143 F7800
G1 E2 F2400
;TYPE:Solid infill
G1 F1200
G1 X-17.102 Y-1.299 E.06942
G1 X-17.11 Y-2.14 E.04045
G1 X-14.995 Y.017 E.1453
G1 X-17.156 Y2.135 E.14553
G1 X-17.051 Y.336 E.08667
G1 X-16.667 Y.32 E.01849
G1 X-16.713 Y1.161 E.04051
G1 X-15.541 Y.011 E.07897
G1 X-16.711 Y-1.183 E.0804
G1 X-16.656 Y.127 E.06306
G1 X-16.214 Y-.061 E.0231
;WIDTH:0.606805
G1 X-16.262 Y-.013 E.00459
G1 X-16.245 Y.053 E.00461
G1 X-16.179 Y.07 E.00461
G1 X-16.131 Y.022 E.00459
G1 X-16.149 Y-.043 E.00456
G1 E-10 F2400
T0
G1 X14.288 Y-.844 F7800
G1 Z3.95
G1 E10 F2400
;TYPE:Perimeter
;WIDTH:0.45
G1 F900
G1 X10.727 Y-4.254 E.23713
G1 X17.536 Y-4.372 E.32754
G1 X17.994 Y-2.811 E.07824
G1 X18.079 Y-2.366 E.02179
G1 X18.279 Y.071 E.11761
G1 X18.037 Y2.649 E.12454
G1 X17.559 Y4.421 E.08827
G1 X14.174 Y4.349 E.16284
G1 X11.864 Y4.258 E.11119
G1 X10.815 Y4.239 E.05046
G1 X11.653 Y3.379 E.05775
G1 X14.448 Y.706 E.18601
G1 X14.601 Y.518 E.01166
G1 X14.706 Y.286 E.01225
G1 X14.744 Y-.071 E.01727
G1 X14.613 Y-.483 E.02079
G1 X14.449 Y-.689 E.01266
G1 X14.331 Y-.803 E.00789
G1 X14.021 Y-.565 F7800
G1 F900
G1 X10.716 Y-3.721 E.21979
G1 X9.809 Y-4.624 E.06156
G1 X17.824 Y-4.763 E.38555
G1 X18.442 Y-2.653 E.10575
G1 X18.463 Y-2.397 E.01235
G1 X18.666 Y.073 E.1192
G1 X18.418 Y2.717 E.12773
G1 X17.992 Y4.322 E.07987
G1 X17.844 Y4.807 E.02439
G1 X14.162 Y4.735 E.17713
G1 X11.857 Y4.643 E.11095
G1 X9.915 Y4.608 E.09342
G1 X11.382 Y3.105 E.10102
G1 X14.182 Y.427 E.18635
G1 X14.341 Y.161 E.01491
G1 X14.342 Y-.141 E.01453
G1 X14.187 Y-.406 E.01477
G1 X14.065 Y-.523 E.00813
G1 X13.755 Y-.285 F7800
;TYPE:External perimeter
G1 F1800
G1 X10.447 Y-3.445 E.22003
G1 X8.892 Y-4.994 E.10557
G1 X17.77 Y-5.148 E.42707
;TYPE:Overhang perimeter
;WIDTH:0.4
;HEIGHT:0.4
M106 S255
G1 F3600
G1 X18.111 Y-5.154 E.01782
G1 X18.823 Y-2.723 E.13234
G1 X18.848 Y-2.429 E.01542
G1 X19.053 Y.076 E.13131
G1 X18.799 Y2.785 E.14215
G1 X18.363 Y4.428 E.08881
G1 X18.129 Y5.192 E.04175
G1 X17.769 Y5.192 E.01881
M106 S153
;TYPE:External perimeter
;WIDTH:0.45
;HEIGHT:0.3
G1 F1800
G1 X14.15 Y5.12 E.1741
G1 X11.85 Y5.029 E.11071
G1 X9.016 Y4.978 E.13633
G1 X11.11 Y2.831 E.14425
G1 X13.915 Y.148 E.18669
G1 X13.975 Y.026 E.00654
G1 X13.919 Y-.129 E.00793
G1 X13.799 Y-.244 E.00799
G1 X13.509 Y-.52 F7800
G1 E-2 F2400
G1 X11.485 Y3.965 F7800
G1 E2 F2400
;TYPE:Solid infill
G1 F1200
G1 X11.857 Y3.585 E.02558
G1 X14.004 Y1.531 E.14291
G1 X16.586 Y4.113 E.17562
G1 X14.183 Y4.06 E.1156
G1 X11.678 Y3.972 E.12056
G1 X12.387 Y3.611 F7800
G1 F1200
G1 X13.998 Y2.071 E.10719
G1 X15.634 Y3.706 E.11124
G1 X12.58 Y3.618 E.14695
G1 X13.419 Y3.218 F7800
;WIDTH:0.537065
G1 F1200
G1 X13.991 Y2.671 E.04666
G1 X14.574 Y3.254 E.04861
G1 X13.612 Y3.225 E.05674
G1 E-2 F2400
G1 X14.282 Y1.265 F7800
G1 E2 F2400
;WIDTH:0.45
G1 F1200
G1 X17.144 Y4.126 E.19464
G1 X17.416 Y4.201 E.01357
;WIDTH:0.404381
G1 X17.397 Y4.273 E.00316
G1 X17.468 Y4.253 E.00313
G1 X17.457 Y4.212 E.0018
;WIDTH:0.45
G1 X17.416 Y3.853 E.01738
G1 X14.561 Y.998 E.19419
G1 X15.028 Y.003 F7800
G1 F1200
G1 X15.033 Y.059 E.0027
G1 X14.936 Y.475 E.02054
G1 X14.833 Y.725 E.013
G1 X17.531 Y3.423 E.18351
G1 X17.752 Y2.598 E.04108
G1 X17.762 Y2.489 E.00526
G1 X17.666 Y2.467 E.00474
G1 X15.01 Y-.189 E.18066
G1 X14.767 Y-.582 E.02222
;WIDTH:0.404381
G1 X14.574 Y-.799 E.01232
G1 X11.404 Y-3.898 E.18799
G1 X11.336 Y-4.012 E.00563
;WIDTH:0.45
G1 X11.762 Y-3.983 E.02054
G1 X17.802 Y2.058 E.41087
G1 X17.849 Y1.559 E.02411
G1 X12.298 Y-3.992 E.37757
G1 X12.834 Y-4.002 E.02578
G1 X17.896 Y1.06 E.34431
G1 X17.943 Y.562 E.02406
G1 X13.37 Y-4.011 E.31105
G1 X13.906 Y-4.02 E.02578
G1 X17.988 Y.062 E.27765
G1 X17.939 Y-.532 E.02867
G1 X14.442 Y-4.03 E.2379
G1 X14.978 Y-4.039 E.02578
G1 X17.891 Y-1.126 E.19814
G1 X17.842 Y-1.72 E.02867
G1 X15.514 Y-4.048 E.15835
G1 X16.05 Y-4.057 E.02578
G1 X17.793 Y-2.314 E.11856
G1 X16.773 Y-3.91 F7800
;WIDTH:0.492843
G1 F1200
G1 X17.587 Y-3.096 E.06152
G1 X17.305 Y-4.058 E.05357
G1 X16.637 Y-4.046 E.0357
G1 E-2 F2400
G1 X15.288 Y.634 F7800
G1 E2 F2400
;WIDTH:0.449981
G1 F1200
G1 X17.331 Y2.677 E.13896
G1 E-2 F2400
G1 X-12.912 Y1.171 F7800
G1 E2 F2400
;TYPE:Perimeter
;WIDTH:0.45
G1 F900
G1 X-11.832 Y2.175 E.07092
G1 X-10.676 Y3.317 E.07816
G1 X-9.847 Y4.101 E.05488
G1 X-16.084 Y4.284 E.30011
G1 X-12.955 Y1.213 E.21087
G1 X-12.919 Y.638 F7800
G1 F900
G1 X-11.565 Y1.896 E.08889
G1 X-10.405 Y3.042 E.07843
G1 X-8.879 Y4.498 E.10144
G1 X-9.99 Y4.486 E.05344
G1 X-17.042 Y4.692 E.33932
G1 X-12.962 Y.68 E.27521
G1 X-12.762 Y-1.292 F7800
G1 F900
G1 X-12.921 Y-1.139 E.01061
G1 X-13.863 Y-2.071 E.06373
G1 X-15.607 Y-3.867 E.12041
G1 X-16.024 Y-4.262 E.02763
G1 X-13.802 Y-4.159 E.10699
G1 X-11.468 Y-4.114 E.11228
G1 X-9.873 Y-4.105 E.07672
G1 X-10.641 Y-3.333 E.05237
G1 X-12.718 Y-1.334 E.13865
G1 X-12.765 Y-.754 F7800
G1 F900
G1 X-12.925 Y-.6 E.01068
G1 X-14.137 Y-1.8 E.08203
G1 X-15.884 Y-3.598 E.12058
G1 X-16.989 Y-4.65 E.07338
G1 X-16.298 Y-4.66 E.03324
G1 X-13.794 Y-4.544 E.12056
G1 X-11.453 Y-4.499 E.11261
G1 X-8.949 Y-4.486 E.12044
G1 X-10.371 Y-3.058 E.09693
G1 X-12.722 Y-.796 E.15691
G1 X-12.918 Y.016 F7800
;TYPE:External perimeter
G1 F1800
G1 X-12.926 Y.039 E.00117
G1 X-12.867 Y.16 E.00647
G1 X-11.298 Y1.618 E.10302
G1 X-10.131 Y2.771 E.0789
G1 X-8.866 Y3.967 E.08373
G1 X-7.934 Y4.895 E.06326
G1 X-9.979 Y4.871 E.09836
G1 X-17.998 Y5.098 E.38584
G1 X-12.985 Y.162 E.33837
G1 X-12.926 Y.037 E.00665
G1 X-12.982 Y-.114 E.00775
G1 X-14.411 Y-1.528 E.09669
G1 X-16.16 Y-3.329 E.12075
G1 X-17.939 Y-5.042 E.11878
G1 X-16.292 Y-5.046 E.07922
G1 X-13.792 Y-4.93 E.12037
G1 X-11.453 Y-4.885 E.11252
G1 X-7.964 Y-4.866 E.16781
G1 X-8.686 Y-4.204 E.04711
G1 X-10.1 Y-2.783 E.09642
G1 X-12.869 Y-.119 E.18481
G1 X-12.897 Y-.04 E.00403
G1 X-12.7 Y.308 F7800
G1 E-2 F2400
G1 X-15.263 Y-3.933 F7800
G1 E2 F2400
;TYPE:Solid infill
G1 F1200
G1 X-13.837 Y-3.87 E.06865
G1 X-10.569 Y-3.822 E.1572
G1 X-12.919 Y-1.543 E.15745
G1 X-13.657 Y-2.274 E.04996
G1 X-15.129 Y-3.794 E.10177
G1 X-14.312 Y-3.505 F7800
G1 F1200
G1 X-11.506 Y-3.45 E.13498
G1 X-12.916 Y-2.083 E.09446
G1 X-14.178 Y-3.367 E.08659
G1 X-13.376 Y-3.092 F7800
;WIDTH:0.449878
G1 F1200
G1 X-12.443 Y-3.078 E.04486
G1 X-12.913 Y-2.623 E.03145
G1 X-13.241 Y-2.955 E.02244
G1 E-2 F2400
G1 X-15.357 Y3.973 F7800
G1 E2 F2400
;WIDTH:0.45
G1 F1200
G1 X-12.907 Y1.57 E.16506
G1 X-12.218 Y2.211 E.04526
G1 X-10.552 Y3.828 E.11167
G1 X-15.165 Y3.967 E.22197
G1 X-14.383 Y3.558 F7800
G1 F1200
G1 X-12.9 Y2.103 E.09992
G1 X-11.475 Y3.47 E.09497
G1 X-14.19 Y3.552 E.13064
G1 X-13.393 Y3.135 F7800
;WIDTH:0.462925
G1 F1200
G1 X-12.893 Y2.645 E.0348
G1 X-12.413 Y3.106 E.03308
G1 X-13.2 Y3.13 E.03914
M106 S132.6
;LAYER_CHANGE
;Z:4.25
;HEIGHT:0.3
G1 E-2 F2400
G1 Z4.25 F7800
G1 Z4.25
G1 X18.062 Y-3.98
G1 E2 F2400
;TYPE:External perimeter
;WIDTH:0.404381
G1 F900
G1 X18.411 Y-2.808 E.05186
G1 X18.442 Y-2.651 E.00679
G1 X18.667 Y.075 E.11599
G1 X18.417 Y2.715 E.11245
G1 X18.082 Y4.016 E.05697
G1 X18.087 Y3.616 F7800
G1 E-2 F2400
G1 X19.278 Y.984 F7800
G1 E2 F2400
G1 F900
G1 X19.216 Y2.854 E.07934
G1 X19.229 Y2.454 F7800
G1 E-2 F2400
G1 X19.278 Y-.935 F7800
G1 E2 F2400
G1 F900
G1 X19.221 Y-2.782 E.07836
G1 X19.234 Y-2.383 F7800
G1 E-2 F2400
G1 X13.95 Y-1.304 F7800
G1 E2 F2400
;TYPE:Perimeter
;WIDTH:0.45
G1 F900
G1 X13.816 Y-1.171 E.00908
G1 X10.627 Y-4.215 E.21204
G1 X13.978 Y-4.295 E.16122
G1 X16.993 Y-4.339 E.14503
G1 X13.992 Y-1.347 E.20382
G1 X13.86 Y-.671 F7800
G1 F900
G1 X13.822 Y-.633 E.00258
G1 X10.318 Y-3.977 E.23296
G1 X9.704 Y-4.591 E.04176
G1 X17.38 Y-4.732 E.36925
;WIDTH:0.498295
G1 X17.468 Y-4.71 E.00491
;WIDTH:0.54659
G1 X17.555 Y-4.688 E.0054
;WIDTH:0.594885
G1 X17.643 Y-4.665 E.00602
;WIDTH:0.64318
G1 X17.731 Y-4.643 E.00655
;WIDTH:0.691474
G1 X17.818 Y-4.621 E.00702
G1 X17.764 Y-4.565 E.00608
;WIDTH:0.64318
G1 X17.709 Y-4.51 E.00562
;WIDTH:0.594885
G1 X17.654 Y-4.455 E.00515
;WIDTH:0.54659
G1 X17.6 Y-4.399 E.00468
;WIDTH:0.498295
G1 X17.545 Y-4.344 E.00421
;WIDTH:0.45
G1 X13.903 Y-.713 E.24735
G1 E-2 F2400
G1 X17.818 Y-4.621 F7800
G1 E2 F2400
;WIDTH:0.691474
G1 F900
G1 X18.069 Y-4.648 E.01975
;WIDTH:0.647233
G1 X18.319 Y-4.675 E.01828
;WIDTH:0.602992
G1 X18.569 Y-4.703 E.0169
G1 E-2 F2400
G1 X13.792 Y-.129 F7800
G1 E2 F2400
;TYPE:External perimeter
;WIDTH:0.45
G1 F900
G1 X10.048 Y-3.702 E.24891
G1 X8.783 Y-4.967 E.08604
G1 X10.793 Y-4.988 E.09668
G1 X13.965 Y-5.066 E.15261
G1 X18.557 Y-5.142 E.22089
;TYPE:Overhang perimeter
;WIDTH:0.4
;HEIGHT:0.4
M106 S255
G1 X18.897 Y-5.149 E.01777
G1 X19.219 Y-4.09 E.05783
G1 X19.219 Y-2.884 E.06301
M106 S132.6
;TYPE:External perimeter
;WIDTH:0.40592
;HEIGHT:0.3
G1 X19.219 Y-2.812 E.00307
;WIDTH:0.408268
G1 X18.96 Y-3.756 E.04199
;TYPE:Overhang perimeter
;WIDTH:0.4
;HEIGHT:0.4
M106 S255
G1 X18.85 Y-4.134 E.02057
M106 S132.6
;TYPE:External perimeter
;WIDTH:0.467554
;HEIGHT:0.3
G1 X18.666 Y-4.271 E.01154
;WIDTH:0.45
G1 X18.081 Y-4.181 E.02847
G1 X18.062 Y-3.98 E.00971
;WIDTH:0.443245
G1 X17.951 Y-4.116 E.0083
;WIDTH:0.45
G1 X17.817 Y-4.071 E.0068
G1 X13.864 Y-.129 E.2685
G1 X13.826 Y-.04 E.00465
G1 X13.813 Y-.073 E.00171
G1 X13.54 Y-.365 F7800
G1 E-2 F2400
G1 X18.59 Y4.729 F7800
G1 E2 F2400
;TYPE:Perimeter
;WIDTH:0.60389
G1 F900
G1 X18.357 Y4.715 E.01571
;WIDTH:0.631201
G1 X18.123 Y4.701 E.01657
G1 X17.027 Y4.398 F7800
;WIDTH:0.45
G1 F900
G1 X14.123 Y4.33 E.13971
G1 X10.71 Y4.209 E.16426
G1 X11.529 Y3.363 E.05663
G1 X13.812 Y1.195 E.15143
G1 X16.984 Y4.355 E.21535
G1 X18.123 Y4.701 F7800
;WIDTH:0.631201
G1 F900
G1 X18.069 Y4.724 E.00415
;WIDTH:0.5859
G1 X18.015 Y4.747 E.00382
;WIDTH:0.5406
G1 X17.961 Y4.769 E.00346
;WIDTH:0.4953
G1 X17.908 Y4.792 E.00311
;WIDTH:0.45
G1 X14.111 Y4.715 E.18266
G1 X11.297 Y4.604 E.13545
G1 X9.813 Y4.58 E.07138
G1 X11.258 Y3.089 E.09986
G1 X13.819 Y.657 E.16987
G1 X17.56 Y4.385 E.25402
G1 X17.918 Y4.551 E.01898
;WIDTH:0.4953
G1 X17.969 Y4.589 E.00342
;WIDTH:0.5406
G1 X18.02 Y4.626 E.00374
;WIDTH:0.5859
G1 X18.072 Y4.664 E.00419
;WIDTH:0.631201
G1 X18.074 Y4.666 E.0002
G1 X18.763 Y4.244 F7800
;TYPE:External perimeter
;WIDTH:0.45
G1 F900
G1 X18.782 Y4.231 E.00111
;WIDTH:0.409994
G1 X18.87 Y4.173 E.00454
;TYPE:Overhang perimeter
;WIDTH:0.4
;HEIGHT:0.4
M106 S255
G1 X19.128 Y3.202 E.05249
M106 S132.6
;TYPE:External perimeter
;WIDTH:0.405355
;HEIGHT:0.3
G1 X19.214 Y2.873 E.01446
;WIDTH:0.404556
G1 X19.214 Y2.878 E.00021
;TYPE:Overhang perimeter
;WIDTH:0.4
;HEIGHT:0.4
M106 S255
G1 X19.242 Y4.101 E.06391
G1 X19.197 Y4.291 E.0102
G1 X18.933 Y5.178 E.04835
G1 X18.578 Y5.178 E.01855
M106 S132.6
;TYPE:External perimeter
;WIDTH:0.45
;HEIGHT:0.3
G1 X17.385 Y5.177 E.05738
G1 X14.099 Y5.1 E.15809
G1 X11.291 Y4.989 E.13516
G1 X8.915 Y4.952 E.11429
G1 X10.987 Y2.815 E.14316
G1 X13.791 Y.151 E.18602
G1 X13.825 Y.082 E.0037
G1 X13.857 Y.15 E.00361
G1 X17.832 Y4.112 E.26993
G1 X17.952 Y4.167 E.00635
G1 X18.082 Y4.016 E.00958
;WIDTH:0.442454
G1 X18.099 Y4.187 E.0081
;WIDTH:0.45
G1 X18.178 Y4.228 E.00428
G1 X18.694 Y4.289 E.02499
G1 X18.713 Y4.277 E.00108
G1 X18.924 Y3.937 F7800
G1 E-2 F2400
G1 X13.807 Y1.598 F7800
G1 E2 F2400
;TYPE:Solid infill
G1 F1200
G1 X16.31 Y4.091 E.16991
G1 X14.132 Y4.04 E.10478
G1 X11.378 Y3.935 E.13255
G1 X11.733 Y3.569 E.02452
G1 X13.668 Y1.731 E.12836
G1 X13.801 Y2.136 E.0205
G1 X15.354 Y3.683 E.10543
G1 X12.277 Y3.583 E.14807
G1 X13.661 Y2.269 E.09179
G1 X13.794 Y2.709 E.02211
;WIDTH:0.499932
G1 X14.336 Y3.249 E.04156
G1 X13.266 Y3.21 E.05817
G1 X13.654 Y2.842 E.02905
G1 E-2 F2400
G1 X13.983 Y-4.006 F7800
G1 E2 F2400
;WIDTH:0.45
G1 F1200
G1 X16.28 Y-4.036 E.11049
G1 X13.812 Y-1.575 E.16763
G1 X11.334 Y-3.941 E.16479
G1 X13.79 Y-4.001 E.11816
G1 X13.797 Y-3.616 E.01852
G1 X12.272 Y-3.578 E.07337
G1 X13.806 Y-2.114 E.10199
G1 X15.335 Y-3.638 E.10383
G1 X13.99 Y-3.62 E.0647
G1 X13.791 Y-3.206 E.02209
;WIDTH:0.497996
G1 X14.331 Y-3.215 E.02921
G1 X13.8 Y-2.686 E.04054
G1 X13.269 Y-3.193 E.03971
G1 X13.598 Y-3.201 E.0178
G1 E-2 F2400
G1 X-12.971 Y1.3 F7800
G1 E2 F2400
;TYPE:Perimeter
;WIDTH:0.45
G1 F900
G1 X-12.836 Y1.167 E.00911
G1 X-11.44 Y2.47 E.09185
G1 X-10.583 Y3.318 E.05799
G1 X-9.761 Y4.092 E.0543
G1 X-12.859 Y4.163 E.14904
G1 X-15.991 Y4.267 E.15072
G1 X-13.014 Y1.342 E.20073
G1 X-12.879 Y.669 F7800
G1 F900
G1 X-12.843 Y.633 E.00245
G1 X-11.172 Y2.192 E.10992
G1 X-10.302 Y3.053 E.05887
G1 X-8.78 Y4.487 E.10058
G1 X-9.894 Y4.477 E.05358
G1 X-12.841 Y4.548 E.14178
G1 X-16.958 Y4.676 E.19811
G1 X-12.922 Y.711 E.27212
G1 X-12.785 Y.163 F7800
;TYPE:External perimeter
;WIDTH:0.456359
G1 F900
G1 X-11.431 Y1.424 E.09046
;WIDTH:0.45
G1 X-10.905 Y1.914 E.03458
G1 X-10.037 Y2.773 E.05873
G1 X-8.482 Y4.238 E.10275
G1 X-7.836 Y4.88 E.0438
G1 X-9.884 Y4.863 E.09851
G1 X-12.831 Y4.933 E.14178
G1 X-16.299 Y5.049 E.16689
G1 X-17.919 Y5.081 E.07793
G1 X-14.234 Y1.46 E.24848
;WIDTH:0.456359
G1 X-12.912 Y.165 E.09048
;WIDTH:0.462169
G1 X-12.85 Y.039 E.00697
G1 X-12.813 Y.11 E.00397
G1 X-12.533 Y.395 F7800
G1 X-12.972 Y-1.261
;TYPE:Perimeter
;WIDTH:0.45
G1 F900
G1 X-14.115 Y-2.399 E.07758
G1 X-15.621 Y-3.944 E.10377
G1 X-15.939 Y-4.246 E.02109
G1 X-13.365 Y-4.127 E.12393
G1 X-9.805 Y-4.099 E.17123
G1 X-12.845 Y-1.135 E.20421
G1 X-12.929 Y-1.218 E.00568
G1 X-12.881 Y-.626 F7800
G1 F900
G1 X-14.389 Y-2.128 E.10237
G1 X-15.897 Y-3.675 E.10391
G1 X-16.918 Y-4.64 E.06757
G1 X-16.312 Y-4.649 E.02915
G1 X-13.362 Y-4.512 E.14204
G1 X-8.849 Y-4.477 E.21707
G1 X-9.213 Y-4.143 E.02376
G1 X-10.315 Y-3.049 E.07469
G1 X-12.838 Y-.604 E.16898
G1 X-12.788 Y-.121 F7800
;TYPE:External perimeter
;WIDTH:0.462167
G1 F900
G1 X-12.85 Y.005 E.00697
G1 X-12.916 Y-.122 E.0071
;WIDTH:0.456358
G1 X-14.255 Y-1.45 E.0922
;WIDTH:0.45
G1 X-16.173 Y-3.406 E.13176
G1 X-17.863 Y-5.024 E.11253
G1 X-16.306 Y-5.035 E.07489
G1 X-13.361 Y-4.898 E.1418
G1 X-7.866 Y-4.855 E.2643
G1 X-8.941 Y-3.869 E.07016
G1 X-11.431 Y-1.431 E.16761
;WIDTH:0.456358
G1 X-12.745 Y-.162 E.08931
G1 X-13.14 Y-.228 F7800
G1 X-12.831 Y1.567
;TYPE:Solid infill
;WIDTH:0.45
G1 F1200
G1 X-10.472 Y3.817 E.15679
G1 X-15.26 Y3.955 E.23038
G1 X-12.968 Y1.702 E.15458
G1 X-12.824 Y2.101 E.0204
G1 X-11.401 Y3.458 E.09457
G1 X-14.289 Y3.541 E.13896
G1 X-12.961 Y2.236 E.08955
G1 X-12.817 Y2.64 E.02063
;WIDTH:0.457396
G1 X-12.34 Y3.095 E.03231
G1 X-13.309 Y3.123 E.04752
G1 X-12.955 Y2.775 E.02433
G1 E-2 F2400
G1 X-13.41 Y-3.839 F7800
G1 E2 F2400
;WIDTH:0.45
G1 F1200
G1 X-10.504 Y-3.815 E.13977
G1 X-12.843 Y-1.54 E.15693
G1 X-13.91 Y-2.602 E.07241
G1 X-15.195 Y-3.921 E.08857
G1 X-13.602 Y-3.847 E.0767
G1 X-13.605 Y-3.462 E.01852
G1 X-14.237 Y-3.491 E.03043
G1 X-12.84 Y-2.081 E.09547
G1 X-11.446 Y-3.437 E.09353
G1 X-13.413 Y-3.453 E.09461
G1 X-13.294 Y-3.071 E.01924
;WIDTH:0.440493
G1 X-12.376 Y-3.064 E.04307
G1 X-12.836 Y-2.616 E.03012
G1 X-13.158 Y-2.935 E.02126
G1 E-10 F2400
T1
G1 X12.167 Y.009 F7800
G1 Z4.25
G1 E10 F2400
;TYPE:Perimeter
;WIDTH:0.45
G1 F900
G1 X11.281 Y.851 E.05879
G1 X10.142 Y1.933 E.07556
G1 X9.28 Y2.821 E.05952
G1 X9.311 Y1.594 E.05903
G1 X9.317 Y.025 E.07546
G1 X9.247 Y-2.778 E.13486
G1 X12.124 Y-.032 E.19129
G1 X12.726 Y.01 F7800
G1 F900
G1 X11.547 Y1.13 E.07821
G1 X10.39 Y2.23 E.07678
G1 X8.929 Y3.738 E.10099
G1 X8.888 Y2.657 E.05203
G1 X8.926 Y1.593 E.05121
G1 X8.931 Y.007 E.07628
G1 X8.844 Y-3.724 E.1795
G1 X9.469 Y-3.099 E.04251
G1 X12.683 Y-.032 E.21367
G1 X13.286 Y.01 F7800
;TYPE:External perimeter
G1 F900
G1 X11.813 Y1.41 E.09774
G1 X10.667 Y2.498 E.076
G1 X8.582 Y4.649 E.14408
G1 X8.502 Y2.657 E.09589
G1 X8.54 Y1.591 E.0513
G1 X8.546 Y.022 E.07546
G1 X8.457 Y-3.529 E.17084
G1 X8.466 Y-4.648 E.05382
G1 X9.735 Y-3.378 E.08635
G1 X13.242 Y-.031 E.23316
G1 X12.997 Y.285 F7800
G1 E-2 F2400
G1 X9.554 Y-2.085 F7800
G1 E2 F2400
;TYPE:Solid infill
G1 F1200
G1 X11.748 Y.009 E.14587
G1 X9.931 Y1.734 E.1205
G1 X9.583 Y2.093 E.02405
G1 X9.606 Y.013 E.10005
G1 X9.559 Y-1.893 E.0917
G1 X9.963 Y-1.162 F7800
G1 F1200
G1 X11.189 Y.008 E.08151
G1 X9.988 Y1.149 E.07968
G1 X9.992 Y.017 E.05445
G1 X9.967 Y-.97 E.04749
G1 X10.324 Y-.347 E.03454
;WIDTH:0.360134
G1 X10.695 Y.007 E.01892
G1 X10.331 Y.353 E.01853
G1 X10.326 Y-.154 E.0187
G1 E-2 F2400
G1 X15.45 Y.014 F7800
G1 E2 F2400
;TYPE:Perimeter
;WIDTH:0.45
G1 F900
G1 X17.345 Y-1.876 E.12873
G1 X17.508 Y.056 E.09325
G1 X17.332 Y1.889 E.08857
G1 X15.492 Y.056 E.12492
G1 X14.904 Y.014 F7800
G1 F900
G1 X17.647 Y-2.721 E.1863
G1 X17.667 Y-2.651 E.0035
G1 X17.895 Y.058 E.13075
G1 X17.635 Y2.735 E.12936
G1 X14.946 Y.056 E.18256
G1 X14.357 Y.014 F7800
;TYPE:External perimeter
G1 F900
G1 X17.831 Y-3.449 E.23592
G1 X18.051 Y-2.683 E.03833
G1 X18.282 Y.06 E.1324
G1 X18.02 Y2.786 E.13172
G1 X17.835 Y3.479 E.0345
G1 X14.4 Y.056 E.23324
G1 X14.638 Y-.265 F7800
G1 E-2 F2400
G1 X17.109 Y-1.232 F7800
G1 E2 F2400
;TYPE:Solid infill
G1 F1200
G1 X17.217 Y.054 E.06207
G1 X17.102 Y1.252 E.05788
G1 X15.86 Y.014 E.08434
G1 X16.972 Y-1.096 E.07557
G1 X16.802 Y-.395 E.03469
;WIDTH:0.431231
G1 X16.835 Y-.002 E.01805
G1 X16.804 Y.423 E.0195
G1 X16.393 Y.013 E.02656
G1 X16.666 Y-.259 E.01763
G1 E-2 F2400
G1 X18.507 Y-3.797 F7800
G1 E2 F2400
;TYPE:External perimeter
;WIDTH:0.450191
G1 F900
G1 X18.825 Y-2.703 E.05482
;WIDTH:0.449999
G1 X18.994 Y-.64 E.09956
;WIDTH:0.489098
G1 X19.02 Y-.57 E.00396
;WIDTH:0.528897
G1 X19.045 Y-.501 E.00425
;WIDTH:0.568696
G1 X19.071 Y-.431 E.0047
G1 X19.091 Y.077 E.03198
;WIDTH:0.561445
G1 X19.073 Y.464 E.02402
G1 X19.048 Y.531 E.00443
;WIDTH:0.524535
G1 X19.023 Y.597 E.00405
;WIDTH:0.487626
G1 X18.998 Y.664 E.00378
;WIDTH:0.450717
G1 X18.801 Y2.767 E.10178
;WIDTH:0.449997
G1 X18.526 Y3.816 E.05216
G1 X18.531 Y3.416 F7800
G1 E-2 F2400
G1 X-11.159 Y.006 F7800
G1 E2 F2400
;TYPE:Perimeter
;WIDTH:0.45
G1 F900
G1 X-8.399 Y-2.686 E.18543
G1 X-8.469 Y-.029 E.12784
G1 X-8.391 Y1.723 E.08435
G1 X-8.4 Y2.635 E.04387
G1 X-9.191 Y1.892 E.0522
G1 X-10.069 Y1.024 E.05938
G1 X-11.116 Y.047 E.06888
G1 X-11.719 Y.011 F7800
G1 F900
G1 X-8.028 Y-3.573 E.24744
G1 X-8.012 Y-2.606 E.04652
G1 X-8.083 Y.024 E.12654
G1 X-8.005 Y1.727 E.08199
G1 X-8.014 Y2.609 E.04242
G1 X-7.948 Y3.593 E.04743
G1 X-9.458 Y2.17 E.09979
G1 X-10.332 Y1.306 E.05911
G1 X-11.675 Y.052 E.08837
G1 X-12.278 Y.017 F7800
;TYPE:External perimeter
G1 F900
G1 X-9.731 Y-2.451 E.17058
G1 X-8.628 Y-3.546 E.07475
G1 X-7.566 Y-4.52 E.06931
G1 X-7.643 Y-3.592 E.04479
G1 X-7.626 Y-2.604 E.04753
G1 X-7.698 Y-.008 E.12491
G1 X-7.62 Y1.732 E.08377
G1 X-7.629 Y2.583 E.04093
G1 X-7.532 Y4.044 E.07042
G1 X-7.522 Y4.559 E.02477
G1 X-8.174 Y3.91 E.04425
G1 X-9.726 Y2.447 E.10258
G1 X-10.595 Y1.588 E.05877
G1 X-12.235 Y.058 E.10787
G1 X-11.992 Y-.261 F7800
G1 E-2 F2400
G1 X-8.705 Y-1.979 F7800
G1 E2 F2400
;TYPE:Solid infill
G1 F1200
G1 X-8.759 Y-.012 E.09464
G1 X-8.68 Y1.713 E.08305
G1 X-8.683 Y1.968 E.01227
G1 X-9.87 Y.815 E.07959
G1 X-10.74 Y.002 E.05727
G1 X-8.843 Y-1.845 E.12734
G1 X-9.116 Y-1.04 F7800
G1 F1200
G1 X-9.144 Y-.023 E.04893
G1 X-9.098 Y1.028 E.0506
G1 X-10.181 Y-.004 E.07195
G1 X-9.254 Y-.906 E.06221
G1 X-9.512 Y-.025 F7800
;WIDTH:0.525341
G1 F1200
G1 X-9.553 Y-.066 E.00333
G1 X-9.608 Y-.051 E.00328
G1 X-9.623 Y.005 E.00333
G1 X-9.583 Y.046 E.00329
G1 X-9.527 Y.031 E.00333
G1 E-2 F2400
G1 X-14.518 Y.026 F7800
G1 E2 F2400
;TYPE:Perimeter
;WIDTH:0.45
G1 F900
G1 X-17.402 Y2.86 E.19447
G1 X-17.239 Y.135 E.1313
G1 X-17.315 Y-1.62 E.08449
G1 X-17.33 Y-2.819 E.05767
G1 X-17.033 Y-2.538 E.01966
G1 X-15.342 Y-.808 E.11635
G1 X-14.546 Y-.016 E.05401
G1 X-13.966 Y.025 F7800
G1 F900
G1 X-17.806 Y3.797 E.25889
G1 X-17.786 Y2.789 E.04849
G1 X-17.624 Y.112 E.12899
G1 X-17.701 Y-1.602 E.08252
G1 X-17.711 Y-2.697 E.05267
G1 X-17.752 Y-3.748 E.05059
G1 X-16.762 Y-2.813 E.06549
G1 X-15.07 Y-1.082 E.11642
G1 X-14 Y-.017 E.07261
G1 X-13.415 Y.024 F7800
;TYPE:External perimeter
G1 F900
G1 X-18.23 Y4.755 E.32467
G1 X-18.171 Y2.774 E.09532
G1 X-18.009 Y.071 E.13024
G1 X-18.086 Y-1.584 E.07969
G1 X-18.097 Y-2.682 E.05281
G1 X-18.175 Y-4.699 E.09708
G1 X-16.492 Y-3.088 E.11205
G1 X-14.798 Y-1.355 E.11656
G1 X-13.455 Y-.018 E.09115
G1 X-13.697 Y.3 F7800
G1 E-2 F2400
G1 X-17.031 Y-2.124 F7800
G1 E2 F2400
;TYPE:Solid infill
G1 F1200
G1 X-14.921 Y.017 E.14458
G1 X-17.07 Y2.129 E.14492
G1 X-16.949 Y.035 E.10088
G1 X-17.029 Y-1.932 E.09468
G1 X-16.618 Y-1.156 F7800
G1 F1200
G1 X-15.467 Y.012 E.07887
G1 X-16.627 Y1.153 E.07826
G1 X-16.564 Y.075 E.05194
G1 X-16.609 Y-.964 E.05002
G1 X-16.046 Y-.01 F7800
;WIDTH:0.587331
G1 F1200
G1 X-16.093 Y-.056 E.00429
G1 X-16.156 Y-.039 E.00426
G1 X-16.173 Y.024 E.00426
G1 X-16.127 Y.07 E.00424
G1 X-16.063 Y.054 E.0043
M106 S140.25
;LAYER_CHANGE
;Z:4.55
;HEIGHT:0.3
G1 E-2 F2400
G1 Z4.55 F7800
G1 Z4.55
G1 X12.046 Y.014
G1 E2 F2400
;TYPE:Perimeter
;WIDTH:0.45
G1 F900
G1 X11.518 Y.52 E.03517
G1 X9.992 Y1.943 E.10035
G1 X9.169 Y2.786 E.05666
G1 X9.213 Y1.238 E.07448
G1 X9.217 Y.019 E.05863
G1 X9.147 Y-2.757 E.13356
G1 X12.003 Y-.027 E.19002
G1 X12.604 Y.014 F7800
G1 F900
G1 X11.785 Y.799 E.05456
G1 X10.268 Y2.212 E.09971
G1 X8.818 Y3.702 E.1
G1 X8.778 Y2.641 E.05107
G1 X8.827 Y1.237 E.06757
G1 X8.832 Y.018 E.05863
G1 X8.737 Y-3.698 E.17879
G1 X12.561 Y-.027 E.25495
G1 X13.162 Y.014 F7800
;TYPE:External perimeter
G1 F900
G1 X12.051 Y1.077 E.07395
G1 X10.544 Y2.481 E.09906
G1 X8.482 Y4.617 E.14279
G1 X8.392 Y2.641 E.09514
G1 X8.442 Y1.235 E.06767
G1 X8.446 Y.016 E.05863
G1 X8.349 Y-3.788 E.18302
G1 X8.356 Y-4.624 E.04021
G1 X9.346 Y-3.635 E.0673
G1 X13.118 Y-.028 E.25102
G1 X12.874 Y.289 F7800
G1 E-2 F2400
G1 X9.507 Y.009 F7800
G1 E2 F2400
;TYPE:Solid infill
G1 F1200
G1 X9.454 Y-2.064 E.09974
G1 X11.627 Y.014 E.14461
G1 X9.824 Y1.703 E.11882
G1 X9.473 Y2.061 E.02411
G1 X9.502 Y1.238 E.03961
G1 X9.506 Y.202 E.04983
G1 X9.892 Y.192 E.01857
G1 X9.888 Y1.114 E.04435
G1 X11.066 Y.011 E.07762
G1 X9.863 Y-1.139 E.08004
G1 X9.892 Y-.001 E.05475
G1 X10.352 Y-.062 E.02232
;WIDTH:0.635113
G1 X10.301 Y-.011 E.00513
G1 X10.32 Y.058 E.00509
G1 X10.389 Y.076 E.00508
G1 X10.439 Y.026 E.00503
G1 X10.421 Y-.043 E.00508
G1 E-2 F2400
G1 X19.083 Y-4.614 F7800
G1 E2 F2400
;TYPE:External perimeter
;WIDTH:0.506555
G1 F900
G1 X19.089 Y-4.304 E.0171
;WIDTH:0.478078
G1 X19.096 Y-3.993 E.01605
;WIDTH:0.452517
G1 X19.093 Y-3.96 E.0016
G1 E-2 F2400
G1 X19.112 Y4.673 F7800
G1 E2 F2400
;WIDTH:0.517753
G1 F900
G1 X19.12 Y4.33 E.0194
;WIDTH:0.483877
G1 X19.128 Y3.987 E.01795
G1 E-2 F2400
G1 X15.375 Y.026 F7800
G1 E2 F2400
;TYPE:Perimeter
;WIDTH:0.45
G1 F900
G1 X15.368 Y.019 E.00048
G1 X18.297 Y-2.902 E.19896
G1 X18.244 Y.668 E.17172
G1 X18.307 Y2.944 E.10951
G1 X17.478 Y2.138 E.05561
G1 X15.417 Y.069 E.14046
G1 X14.827 Y.023 F7800
G1 F900
G1 X14.822 Y.018 E.00034
G1 X18.376 Y-3.525 E.24136
G1 X18.485 Y-3.414 E.00748
G1 X18.695 Y-3.396 E.01014
G1 X18.629 Y.658 E.19501
G1 X18.682 Y2.801 E.1031
G1 X18.724 Y3.265 E.02241
G1 X18.727 Y3.388 E.00592
G1 X18.495 Y3.417 E.01125
G1 X18.374 Y3.547 E.00854
G1 X17.207 Y2.412 E.0783
G1 X14.869 Y.065 E.15933
G1 X14.279 Y.019 F7800
;TYPE:External perimeter
;WIDTH:0.450001
G1 F900
G1 X14.277 Y.018 E.00011
G1 X18.415 Y-4.109 E.28109
G1 X18.472 Y-3.912 E.00986
G1 X18.6 Y-3.782 E.00877
;WIDTH:0.450454
G1 X18.928 Y-3.807 E.01584
;WIDTH:0.452517
G1 X19.093 Y-3.96 E.01089
G1 X19.081 Y-3.416 E.02634
;WIDTH:0.45
G1 X19.015 Y.649 E.19554
G1 X19.068 Y2.791 E.10305
G1 X19.109 Y3.255 E.0224
;WIDTH:0.450001
G1 X19.128 Y3.987 E.03522
G1 X18.958 Y3.8 E.01216
G1 X18.663 Y3.771 E.01426
G1 X18.5 Y3.912 E.01037
G1 X18.437 Y4.146 E.01166
G1 X16.936 Y2.686 E.10071
G1 X14.321 Y.062 E.17818
G1 X14.557 Y-.261 F7800
G1 X15.777 Y.02
;TYPE:Solid infill
;WIDTH:0.45
G1 F1200
G1 X17.991 Y-2.188 E.15039
G1 X17.955 Y.634 E.13574
G1 X17.993 Y2.231 E.07683
G1 X15.913 Y.156 E.14131
G1 X16.323 Y.02 E.02078
G1 X17.593 Y-1.247 E.08628
G1 X17.569 Y.643 E.09091
G1 X17.584 Y1.278 E.03055
G1 X16.459 Y.156 E.07642
G1 X16.827 Y.02 E.01887
;WIDTH:0.390564
G1 X17.226 Y-.378 E.02293
G1 X17.216 Y.408 E.03198
G1 X16.963 Y.156 E.01453
G1 E-2 F2400
G1 X-11.09 Y.002 F7800
G1 E2 F2400
;TYPE:Perimeter
;WIDTH:0.45
G1 F900
G1 X-11.092 Y0 E.00014
G1 X-8.338 Y-2.67 E.18449
G1 X-8.404 Y-.027 E.12716
G1 X-8.311 Y2.021 E.0986
G1 X-8.316 Y2.629 E.02924
G1 X-9.677 Y1.321 E.09079
G1 X-11.046 Y.043 E.09008
G1 X-11.649 Y.007 F7800
G1 F900
G1 X-11.65 Y.006 E.00007
G1 X-8.808 Y-2.762 E.19081
G1 X-7.936 Y-3.559 E.05682
G1 X-7.961 Y-3.229 E.01592
G1 X-7.951 Y-2.596 E.03045
G1 X-8.019 Y-.017 E.12408
G1 X-7.926 Y2.026 E.09836
G1 X-7.931 Y2.604 E.0278
G1 X-7.866 Y3.58 E.04705
G1 X-9.256 Y2.276 E.09167
G1 X-9.94 Y1.603 E.04615
G1 X-11.605 Y.048 E.10957
G1 X-12.209 Y.012 F7800
;TYPE:External perimeter
G1 F900
G1 X-9.073 Y-3.042 E.21054
G1 X-7.469 Y-4.509 E.10455
G1 X-7.575 Y-3.254 E.06058
G1 X-7.565 Y-2.594 E.03175
G1 X-7.633 Y-.007 E.12447
G1 X-7.54 Y2.03 E.09807
G1 X-7.546 Y2.579 E.02641
G1 X-7.43 Y4.321 E.08397
G1 X-7.425 Y4.543 E.01068
G1 X-9.527 Y2.551 E.13928
G1 X-10.204 Y1.885 E.04568
G1 X-12.165 Y.053 E.12907
G1 X-11.924 Y-.266 F7800
G1 X-10.673 Y-.004
;TYPE:Solid infill
G1 F1200
G1 X-8.642 Y-1.982 E.13636
G1 X-8.693 Y-.025 E.09416
G1 X-8.612 Y1.949 E.09502
G1 X-10.532 Y.127 E.12731
G1 X-10.114 Y-.01 E.02116
G1 X-9.052 Y-1.044 E.07129
G1 X-9.078 Y-.009 E.0498
G1 X-9.037 Y1.002 E.04867
G1 X-9.973 Y.122 E.06179
G1 X-9.516 Y-.072 E.02388
;WIDTH:0.524201
G1 X-9.557 Y-.031 E.00333
G1 X-9.542 Y.024 E.00327
G1 X-9.487 Y.039 E.00327
G1 X-9.446 Y-.002 E.00333
G1 X-9.461 Y-.057 E.00327
G1 E-2 F2400
G1 X-14.438 Y.024 F7800
G1 E2 F2400
;TYPE:Perimeter
;WIDTH:0.45
G1 F900
G1 X-17.317 Y2.84 E.1937
G1 X-17.149 Y.129 E.13064
G1 X-17.24 Y-1.96 E.10057
G1 X-17.252 Y-2.809 E.04084
G1 X-15.267 Y-.813 E.13539
G1 X-14.465 Y-.018 E.05431
G1 X-13.885 Y.023 F7800
G1 F900
G1 X-17.725 Y3.779 E.25835
G1 X-17.701 Y2.771 E.0485
G1 X-17.533 Y.041 E.13155
G1 X-17.625 Y-1.942 E.09548
G1 X-17.633 Y-2.689 E.03593
G1 X-17.675 Y-3.739 E.05054
G1 X-16.774 Y-2.888 E.05961
G1 X-14.995 Y-1.087 E.12176
G1 X-13.918 Y-.02 E.07292
G1 X-13.332 Y.021 F7800
;TYPE:External perimeter
G1 F900
G1 X-18.154 Y4.738 E.32444
G1 X-18.087 Y2.755 E.09543
G1 X-17.918 Y.059 E.12992
G1 X-18.01 Y-1.924 E.09548
G1 X-18.018 Y-2.674 E.03607
G1 X-18.098 Y-4.681 E.09661
G1 X-16.504 Y-3.163 E.10587
G1 X-14.724 Y-1.361 E.12182
G1 X-13.371 Y-.021 E.09159
G1 X-13.615 Y.297 F7800
G1 E-2 F2400
G1 X-16.87 Y.24 F7800
G1 E2 F2400
;TYPE:Solid infill
G1 F1200
G1 X-16.984 Y2.11 E.09011
G1 X-14.842 Y.014 E.14414
G1 X-16.945 Y-2.101 E.14345
G1 X-16.858 Y.047 E.1034
G1 X-16.474 Y.071 E.01851
G1 X-16.519 Y-1.126 E.05761
G1 X-15.389 Y.01 E.07707
G1 X-16.538 Y1.135 E.07734
G1 X-16.485 Y.263 E.04202
G1 X-16.042 Y-.056 E.02626
;WIDTH:0.574505
G1 X-16.087 Y-.011 E.00405
G1 X-16.07 Y.051 E.00409
G1 X-16.009 Y.068 E.00403
G1 X-15.963 Y.022 E.00414
G1 X-15.98 Y-.039 E.00403
G1 E-10 F2400
T0
G1 X18.728 Y-4.381 F7800
G1 Z4.55
G1 E10 F2400
;TYPE:External perimeter
;WIDTH:0.404381
G1 F900
G1 X18.656 Y-4.631 E.01103
G1 X19.231 Y-5.24 F7800
G1 F900
G1 X19.137 Y-5.265 E.00412
G1 E-2 F2400
G1 X18.761 Y4.391 F7800
G1 E2 F2400
G1 F900
G1 X18.681 Y4.686 E.01296
G1 X16.922 Y4.377 F7800
;TYPE:Perimeter
;WIDTH:0.45
G1 F900
G1 X14.072 Y4.31 E.13711
G1 X10.595 Y4.178 E.16735
G1 X11.401 Y3.351 E.05554
G1 X13.711 Y1.179 E.1525
G1 X16.073 Y3.55 E.16097
G1 X16.879 Y4.335 E.05411
G1 X17.887 Y4.777 F7800
G1 F900
G1 X14.06 Y4.695 E.18411
G1 X10.734 Y4.565 E.16009
G1 X9.695 Y4.552 E.04998
G1 X11.132 Y3.076 E.09908
G1 X13.717 Y.639 E.17087
G1 X16.346 Y3.277 E.17913
G1 X17.844 Y4.735 E.10054
G1 X18.551 Y4.793 F7800
;TYPE:External perimeter
;WIDTH:0.44897
G1 F900
G1 X18.611 Y4.773 E.00303
;WIDTH:0.418209
G1 X18.681 Y4.686 E.00493
;WIDTH:0.44897
G1 X18.594 Y4.907 E.01139
G1 X18.839 Y5.165 E.01707
;WIDTH:0.45
G1 X17.544 Y5.163 E.06229
G1 X14.048 Y5.081 E.16819
G1 X10.729 Y4.951 E.15975
G1 X8.809 Y4.926 E.09235
G1 X10.862 Y2.8 E.14215
G1 X12.352 Y1.413 E.09791
G1 X13.667 Y.153 E.08759
G1 X13.723 Y.037 E.0062
G1 X13.777 Y.153 E.00615
G1 X16.619 Y3.005 E.19365
G1 X18.495 Y4.81 E.12521
G1 X18.802 Y5.066 F7800
G1 E-2 F2400
G1 X13.833 Y-1.265 F7800
G1 E2 F2400
;TYPE:Perimeter
G1 F900
G1 X13.714 Y-1.146 E.00809
G1 X10.529 Y-4.189 E.21187
G1 X16.908 Y-4.331 E.30688
G1 X13.876 Y-1.307 E.20596
G1 X13.748 Y-.635 F7800
G1 F900
G1 X13.72 Y-.607 E.0019
G1 X11.027 Y-3.17 E.17881
G1 X9.596 Y-4.566 E.09615
G1 X10.931 Y-4.578 E.06421
G1 X16.871 Y-4.716 E.28577
G1 X17.844 Y-4.72 E.0468
G1 X13.791 Y-.677 E.27534
G1 X13.667 Y-.126 F7800
;TYPE:External perimeter
G1 F900
G1 X10.758 Y-2.894 E.19313
G1 X8.674 Y-4.943 E.14057
G1 X10.919 Y-4.963 E.10798
G1 X16.862 Y-5.102 E.28592
G1 X18.798 Y-5.126 E.09312
G1 X18.557 Y-4.867 E.01702
G1 X18.656 Y-4.631 E.01231
;WIDTH:0.419876
G1 X18.581 Y-4.736 E.00572
;WIDTH:0.45
G1 X18.464 Y-4.774 E.00592
G1 X18.404 Y-4.734 E.00347
G1 X13.785 Y-.127 E.31377
G1 X13.724 Y.026 E.00792
G1 X13.688 Y-.07 E.00493
G1 X13.414 Y-.362 F7800
G1 E-2 F2400
G1 X11.235 Y-3.91 F7800
G1 E2 F2400
;TYPE:Solid infill
G1 F1200
G1 X16.192 Y-4.025 E.23848
G1 X13.709 Y-1.549 E.16865
G1 X11.375 Y-3.777 E.15519
G1 X12.175 Y-3.546 F7800
G1 F1200
G1 X15.237 Y-3.617 E.14731
G1 X13.703 Y-2.088 E.10417
G1 X12.315 Y-3.413 E.09229
G1 X13.169 Y-3.161 F7800
;WIDTH:0.494582
G1 F1200
G1 X14.227 Y-3.186 E.05678
G1 X13.697 Y-2.658 E.04014
G1 X13.309 Y-3.028 E.02877
G1 E-2 F2400
G1 X11.26 Y3.91 F7800
G1 E2 F2400
;WIDTH:0.45
G1 F1200
G1 X11.604 Y3.558 E.02367
G1 X13.706 Y1.583 E.13872
G1 X16.197 Y4.07 E.1693
G1 X14.082 Y4.021 E.10175
G1 X11.453 Y3.918 E.12654
G1 X12.165 Y3.56 F7800
G1 F1200
G1 X13.697 Y2.12 E.10112
G1 X15.243 Y3.662 E.10502
G1 X12.358 Y3.567 E.13883
G1 X13.158 Y3.189 F7800
;WIDTH:0.498269
G1 F1200
G1 X13.689 Y2.69 E.03943
G1 X14.228 Y3.229 E.04125
G1 X13.351 Y3.196 E.04749
G1 E-2 F2400
G1 X-12.617 Y-1.295 F7800
G1 E2 F2400
;TYPE:Perimeter
;WIDTH:0.45
G1 F900
G1 X-12.771 Y-1.145 E.01034
G1 X-15.854 Y-4.23 E.20977
G1 X-13.19 Y-4.117 E.12824
G1 X-9.728 Y-4.098 E.16651
G1 X-12.574 Y-1.336 E.19075
G1 X-12.618 Y-.757 F7800
G1 F900
G1 X-12.774 Y-.605 E.01048
G1 X-14.643 Y-2.457 E.12655
G1 X-15.91 Y-3.752 E.08714
G1 X-16.84 Y-4.63 E.06151
G1 X-16.325 Y-4.637 E.02477
G1 X-13.189 Y-4.503 E.15097
G1 X-8.748 Y-4.472 E.2136
G1 X-9.653 Y-3.644 E.059
G1 X-12.575 Y-.799 E.19615
G1 E-2 F2400
G1 X-12.919 Y1.325 F7800
G1 E2 F2400
G1 F900
G1 X-12.759 Y1.169 E.01075
G1 X-11.054 Y2.761 E.11219
G1 X-9.678 Y4.083 E.09178
G1 X-13.945 Y4.184 E.20529
G1 X-15.91 Y4.252 E.09457
G1 X-12.961 Y1.367 E.19842
G1 X-12.924 Y.791 F7800
G1 F900
G1 X-12.765 Y.636 E.01068
G1 X-10.791 Y2.479 E.12989
G1 X-10.091 Y3.167 E.04721
G1 X-8.697 Y4.475 E.09194
G1 X-9.801 Y4.468 E.0531
G1 X-16.88 Y4.661 E.3406
G1 X-12.967 Y.833 E.26328
G1 X-12.764 Y.013 F7800
;TYPE:External perimeter
G1 F1800
G1 X-12.773 Y.037 E.00123
G1 X-12.713 Y.157 E.00645
G1 X-10.528 Y2.198 E.14381
G1 X-9.827 Y2.886 E.04724
G1 X-8.102 Y4.505 E.11378
G1 X-7.739 Y4.866 E.02462
G1 X-9.792 Y4.854 E.09874
G1 X-13.926 Y4.955 E.19889
G1 X-16.315 Y5.037 E.11497
G1 X-17.843 Y5.063 E.0735
G1 X-12.829 Y.159 E.33733
G1 X-12.773 Y.033 E.00663
G1 X-12.828 Y-.116 E.00764
G1 X-14.917 Y-2.185 E.14141
G1 X-16.186 Y-3.482 E.08727
G1 X-17.787 Y-5.006 E.10631
G1 X-16.319 Y-5.023 E.07061
G1 X-13.188 Y-4.888 E.15073
G1 X-10.755 Y-4.882 E.11702
G1 X-7.768 Y-4.845 E.14368
G1 X-9.384 Y-3.367 E.10533
G1 X-12.716 Y-.122 E.2237
G1 X-12.744 Y-.044 E.00399
G1 X-12.547 Y.304 F7800
G1 E-2 F2400
G1 X-15.117 Y-3.906 F7800
G1 E2 F2400
;TYPE:Solid infill
G1 F1200
G1 X-13.189 Y-3.828 E.09281
G1 X-10.443 Y-3.816 E.13207
G1 X-12.77 Y-1.551 E.15619
G1 X-14.982 Y-3.768 E.15063
G1 X-14.156 Y-3.475 F7800
G1 F1200
G1 X-13.191 Y-3.442 E.04644
G1 X-11.388 Y-3.434 E.08672
G1 X-12.767 Y-2.091 E.09258
G1 X-14.02 Y-3.338 E.08502
G1 X-13.192 Y-3.065 F7800
;WIDTH:0.433297
G1 F1200
G1 X-12.312 Y-3.061 E.04049
G1 X-12.765 Y-2.62 E.02909
G1 X-13.059 Y-2.926 E.01953
G1 E-2 F2400
G1 X-15.177 Y3.939 F7800
G1 E2 F2400
;WIDTH:0.45
G1 F1200
G1 X-12.755 Y1.569 E.16298
G1 X-10.391 Y3.809 E.15664
G1 X-14.984 Y3.934 E.22099
G1 X-14.204 Y3.527 F7800
G1 F1200
G1 X-12.748 Y2.103 E.09795
G1 X-11.328 Y3.448 E.09407
G1 X-14.011 Y3.521 E.12909
G1 X-13.228 Y3.113 F7800
;WIDTH:0.452257
G1 F1200
G1 X-12.742 Y2.638 E.03288
G1 X-12.268 Y3.087 E.03159
G1 X-13.036 Y3.108 E.03717
;LAYER_CHANGE
;Z:4.85
;HEIGHT:0.3
G1 E-2 F2400
G1 Z4.85 F7800
G1 Z4.85
G1 X13.736 Y-1.247
G1 E2 F2400
;TYPE:Perimeter
;WIDTH:0.45
G1 F900
G1 X13.612 Y-1.123 E.00843
G1 X10.424 Y-4.174 E.21224
G1 X12.026 Y-4.195 E.07706
G1 X16.797 Y-4.313 E.22954
G1 X13.778 Y-1.29 E.20548
G1 X13.648 Y-.613 F7800
G1 F900
G1 X13.618 Y-.583 E.00204
G1 X10.412 Y-3.645 E.21323
G1 X9.496 Y-4.548 E.06186
G1 X12.016 Y-4.581 E.12121
G1 X16.877 Y-4.7 E.23387
G1 X17.735 Y-4.697 E.04127
G1 X13.691 Y-.655 E.275
G1 X13.549 Y-.13 F7800
;TYPE:External perimeter
;WIDTH:0.469828
G1 F900
G1 X12.161 Y-1.442 E.09659
;WIDTH:0.45
G1 X10.144 Y-3.368 E.13413
G1 X8.567 Y-4.922 E.10649
G1 X12.004 Y-4.966 E.16532
G1 X16.879 Y-5.086 E.23454
G1 X17.638 Y-5.08 E.03651
G1 X18.696 Y-5.103 E.0509
G1 X15.054 Y-1.479 E.24711
;WIDTH:0.469828
G1 X13.699 Y-.132 E.09662
;WIDTH:0.491143
G1 X13.622 Y0 E.00813
G1 X13.578 Y-.078 E.00477
G1 X13.299 Y-.363 F7800
G1 X13.608 Y1.17
;TYPE:Perimeter
;WIDTH:0.45
G1 F900
G1 X15.96 Y3.526 E.16012
G1 X16.837 Y4.356 E.05808
G1 X14.02 Y4.29 E.13553
G1 X10.479 Y4.161 E.17042
G1 X11.292 Y3.335 E.05574
G1 X13.564 Y1.195 E.15012
G1 X13.615 Y.624 F7800
G1 F900
G1 X14.402 Y1.434 E.05432
G1 X16.232 Y3.253 E.1241
G1 X17.802 Y4.762 E.10474
G1 X17.708 Y4.762 E.00452
G1 X14.009 Y4.676 E.17796
G1 X9.595 Y4.527 E.21242
G1 X11.022 Y3.059 E.09847
G1 X13.571 Y.658 E.16842
G1 X13.622 Y.037 F7800
;TYPE:External perimeter
;WIDTH:0.491143
G1 F900
G1 X13.695 Y.168 E.00798
;WIDTH:0.470196
G1 X14.672 Y1.158 E.0704
;WIDTH:0.45
G1 X16.504 Y2.979 E.12424
G1 X17.339 Y3.769 E.05529
G1 X18.747 Y5.148 E.09479
G1 X17.708 Y5.148 E.04997
G1 X13.997 Y5.061 E.17854
G1 X10.142 Y4.92 E.18554
G1 X8.71 Y4.902 E.06888
G1 X9.776 Y3.776 E.07458
G1 X10.753 Y2.783 E.067
G1 X12.529 Y1.111 E.11732
;WIDTH:0.470196
G1 X13.548 Y.164 E.07041
;WIDTH:0.491143
G1 X13.592 Y.089 E.00463
G1 X13.886 Y.36 F7800
G1 X13.591 Y1.567
;TYPE:Solid infill
;WIDTH:0.45
G1 F1200
G1 X16.092 Y4.049 E.16947
G1 X14.029 Y4.001 E.09925
G1 X11.146 Y3.896 E.13875
G1 X11.494 Y3.541 E.02391
G1 X13.45 Y1.7 E.12919
G1 X13.579 Y2.108 E.02058
G1 X15.118 Y3.641 E.10448
G1 X12.055 Y3.543 E.1474
G1 X13.438 Y2.241 E.09136
G1 X13.57 Y2.677 E.02191
;WIDTH:0.49412
G1 X14.106 Y3.21 E.04052
G1 X13.044 Y3.171 E.05696
G1 X13.43 Y2.809 E.02836
G1 E-2 F2400
G1 X15.886 Y-4.002 F7800
G1 E2 F2400
;WIDTH:0.45
G1 F1200
G1 X11.126 Y-3.896 E.229
G1 X13.607 Y-1.528 E.16496
G1 X16.079 Y-4.006 E.16835
G1 X15.128 Y-3.599 F7800
G1 F1200
G1 X13.6 Y-2.067 E.10407
G1 X12.066 Y-3.532 E.10202
G1 X14.936 Y-3.595 E.13807
G1 X14.121 Y-3.168 F7800
;WIDTH:0.496054
G1 F1200
G1 X13.593 Y-2.639 E.04024
G1 X13.063 Y-3.145 E.03945
G1 X13.928 Y-3.164 E.04658
G1 E-2 F2400
G1 X-12.827 Y1.312 F7800
G1 E2 F2400
;TYPE:Perimeter
;WIDTH:0.45
G1 F900
G1 X-12.683 Y1.172 E.00966
G1 X-9.589 Y4.074 E.20402
G1 X-15.833 Y4.24 E.30042
G1 X-12.87 Y1.354 E.19894
G1 X-12.731 Y.681 F7800
G1 F900
G1 X-12.688 Y.639 E.00289
G1 X-8.611 Y4.463 E.26885
G1 X-9.709 Y4.46 E.05281
G1 X-16.803 Y4.646 E.34131
G1 X-12.774 Y.722 E.2705
G1 X-12.644 Y.152 F7800
;TYPE:External perimeter
G1 F900
G1 X-8.011 Y4.497 E.30549
G1 X-7.648 Y4.852 E.02442
G1 X-9.699 Y4.845 E.09865
G1 X-16.329 Y5.025 E.319
G1 X-17.767 Y5.046 E.06917
G1 X-12.744 Y.155 E.3372
G1 X-12.695 Y.05 E.00557
G1 X-12.67 Y.098 E.0026
G1 X-12.392 Y.385 F7800
G1 X-12.817 Y-1.278
;TYPE:Perimeter
G1 F900
G1 X-15.768 Y-4.213 E.20018
G1 X-13.126 Y-4.116 E.12716
G1 X-9.643 Y-4.092 E.16752
G1 X-10 Y-3.767 E.02322
G1 X-12.694 Y-1.155 E.18048
G1 X-12.774 Y-1.235 E.00544
G1 X-12.727 Y-.646 F7800
G1 F900
G1 X-14.716 Y-2.605 E.13427
G1 X-15.937 Y-3.842 E.0836
G1 X-16.757 Y-4.623 E.05447
G1 X-16.341 Y-4.626 E.02001
G1 X-13.125 Y-4.502 E.15479
G1 X-10.993 Y-4.497 E.10254
G1 X-8.659 Y-4.463 E.11227
G1 X-9.732 Y-3.49 E.06967
G1 X-12.684 Y-.628 E.19775
G1 X-12.646 Y-.127 F7800
;TYPE:External perimeter
G1 F900
G1 X-12.695 Y.006 E.00682
G1 X-12.743 Y-.121 E.00653
G1 X-14.989 Y-2.333 E.15162
G1 X-16.203 Y-3.562 E.08309
G1 X-17.712 Y-5.001 E.10029
G1 X-16.334 Y-5.012 E.06628
G1 X-13.124 Y-4.888 E.1545
G1 X-10.99 Y-4.883 E.10264
G1 X-7.675 Y-4.834 E.15946
G1 X-9.464 Y-3.213 E.11611
G1 X-12.603 Y-.169 E.2103
G1 X-12.997 Y-.236 F7800
G1 X-12.68 Y1.572
;TYPE:Solid infill
G1 F1200
G1 X-10.303 Y3.801 E.15673
G1 X-15.101 Y3.931 E.23085
G1 X-12.818 Y1.707 E.15329
G1 X-12.675 Y2.106 E.02039
G1 X-11.251 Y3.441 E.09388
G1 X-14.125 Y3.519 E.13828
G1 X-12.813 Y2.24 E.08813
G1 X-12.67 Y2.638 E.02034
;WIDTH:0.447729
G1 X-12.196 Y3.082 E.03105
G1 X-13.152 Y3.108 E.04573
G1 X-12.808 Y2.772 E.02299
G1 E-2 F2400
G1 X-13.126 Y-3.827 F7800
G1 E2 F2400
;WIDTH:0.45
G1 F1200
G1 X-10.371 Y-3.81 E.13251
G1 X-12.692 Y-1.56 E.15548
G1 X-15.033 Y-3.89 E.15886
G1 X-13.318 Y-3.834 E.08253
G1 X-13.321 Y-3.448 E.01857
G1 X-14.067 Y-3.472 E.0359
G1 X-12.688 Y-2.1 E.09356
G1 X-11.317 Y-3.431 E.0919
G1 X-13.128 Y-3.442 E.0871
G1 X-13.127 Y-3.067 E.01804
;WIDTH:0.428849
G1 X-12.236 Y-3.061 E.0405
G1 X-12.685 Y-2.626 E.02842
G1 X-12.991 Y-2.931 E.01964
G1 E-10 F2400
T1
G1 X11.913 Y.013 F7800
G1 Z4.85
G1 E10 F2400
;TYPE:Perimeter
;WIDTH:0.45
G1 F900
G1 X11.041 Y.834 E.0576
G1 X9.886 Y1.923 E.07635
G1 X9.059 Y2.763 E.0567
G1 X9.115 Y.882 E.09051
G1 X9.118 Y-.015 E.04314
G1 X9.047 Y-2.736 E.13092
G1 X11.875 Y-.029 E.18829
G1 X12.474 Y.014 F7800
G1 F900
G1 X11.305 Y1.115 E.07724
G1 X10.161 Y2.194 E.07564
G1 X8.707 Y3.667 E.09955
G1 X8.667 Y2.624 E.0502
G1 X8.729 Y.881 E.08389
G1 X8.732 Y-.005 E.04261
G1 X8.637 Y-3.665 E.17609
G1 X12.434 Y-.027 E.25292
G1 X13.036 Y.015 F7800
;TYPE:External perimeter
G1 F900
G1 X11.57 Y1.396 E.09687
G1 X10.435 Y2.464 E.07496
G1 X9.451 Y3.464 E.06748
G1 X8.383 Y4.592 E.07471
G1 X8.322 Y3.687 E.04363
G1 X8.282 Y2.625 E.05111
G1 X8.344 Y.879 E.08403
G1 X8.347 Y.005 E.04204
G1 X8.242 Y-4.047 E.19495
G1 X8.246 Y-4.601 E.02665
G1 X8.956 Y-3.891 E.04829
G1 X12.992 Y-.026 E.26877
G1 X12.745 Y.288 F7800
G1 E-2 F2400
G1 X9.354 Y-2.041 F7800
G1 E2 F2400
;TYPE:Solid infill
G1 F1200
G1 X11.496 Y.009 E.1426
G1 X9.715 Y1.686 E.11766
G1 X9.363 Y2.042 E.02408
G1 X9.403 Y.919 E.05405
G1 X9.407 Y.003 E.04406
G1 X9.359 Y-1.849 E.0891
G1 X9.764 Y-1.115 F7800
G1 F1200
G1 X10.936 Y.007 E.07804
G1 X9.783 Y1.092 E.07615
G1 X9.793 Y-.007 E.05286
G1 X9.769 Y-.923 E.04407
G1 X10.325 Y-.014 F7800
;WIDTH:0.610845
G1 F1200
G1 X10.276 Y-.062 E.00468
G1 X10.211 Y-.045 E.00458
G1 X10.193 Y.021 E.00466
G1 X10.241 Y.07 E.00468
G1 X10.307 Y.052 E.00466
G1 E-2 F2400
G1 X15.515 Y.266 F7800
G1 E2 F2400
;TYPE:Perimeter
;WIDTH:0.45
G1 F900
G1 X15.277 Y.029 E.01615
G1 X18.197 Y-2.895 E.19875
G1 X18.14 Y.98 E.18639
G1 X18.193 Y2.895 E.09214
G1 X17.356 Y2.104 E.05539
G1 X15.557 Y.308 E.12226
G1 X14.867 Y.157 F7800
G1 F900
G1 X14.736 Y.025 E.00894
G1 X18.607 Y-3.841 E.26313
G1 X18.557 Y-1.879 E.0944
G1 X18.526 Y.971 E.13708
G1 X18.57 Y2.774 E.08674
G1 X18.641 Y3.544 E.03719
G1 X18.649 Y3.883 E.01631
G1 X17.087 Y2.381 E.10422
G1 X14.91 Y.2 E.14821
G1 X14.217 Y.045 F7800
;TYPE:External perimeter
G1 F900
G1 X14.195 Y.022 E.00153
G1 X17.05 Y-2.846 E.19464
G1 X19.017 Y-4.788 E.13295
G1 X18.942 Y-1.877 E.14006
G1 X18.911 Y.961 E.13651
G1 X18.956 Y2.764 E.08675
G1 X19.026 Y3.534 E.03719
G1 X19.059 Y4.824 E.06206
G1 X17.65 Y3.444 E.09486
G1 X16.819 Y2.658 E.05501
G1 X14.993 Y.843 E.12383
G1 X14.259 Y.088 E.05065
G1 X14.464 Y-.255 F7800
G1 E-2 F2400
G1 X17.889 Y-2.182 F7800
G1 E2 F2400
;TYPE:Solid infill
G1 F1200
G1 X17.851 Y.948 E.15055
G1 X17.881 Y2.203 E.06038
G1 X15.684 Y.03 E.14862
G1 X17.753 Y-2.046 E.14097
G1 X17.491 Y-1.236 F7800
G1 F1200
G1 X17.473 Y1.268 E.12044
G1 X16.229 Y.029 E.08445
G1 X17.355 Y-1.1 E.07669
G1 X17.126 Y-.368 E.03689
;WIDTH:0.387998
G1 X17.117 Y.413 E.03153
G1 X16.731 Y.028 E.02201
G1 X16.99 Y-.232 E.01481
G1 E-2 F2400
G1 X-11.022 Y-.001 F7800
G1 E2 F2400
;TYPE:Perimeter
;WIDTH:0.45
G1 F900
G1 X-8.628 Y-2.322 E.16037
G1 X-8.285 Y-2.633 E.02227
G1 X-8.339 Y-.021 E.12565
G1 X-8.232 Y2.312 E.11233
G1 X-8.233 Y2.614 E.01453
G1 X-10.978 Y.04 E.18099
G1 X-11.581 Y.004 F7800
G1 F900
G1 X-8.89 Y-2.606 E.1803
G1 X-7.839 Y-3.557 E.06817
G1 X-7.894 Y-2.894 E.032
G1 X-7.954 Y-.013 E.1386
G1 X-7.847 Y2.294 E.11108
G1 X-7.848 Y2.6 E.01472
G1 X-7.783 Y3.565 E.04652
G1 X-11.537 Y.045 E.24751
G1 X-12.139 Y.008 F7800
;TYPE:External perimeter
G1 F900
G1 X-9.153 Y-2.887 E.20003
G1 X-7.373 Y-4.5 E.11553
G1 X-7.508 Y-2.886 E.0779
G1 X-7.568 Y-.005 E.1386
G1 X-7.462 Y2.276 E.10983
G1 X-7.463 Y2.574 E.01433
G1 X-7.332 Y4.531 E.09434
G1 X-12.096 Y.05 E.31456
G1 X-11.853 Y-.269 F7800
G1 E-2 F2400
G1 X-8.592 Y-1.949 F7800
G1 E2 F2400
;TYPE:Solid infill
G1 F1200
G1 X-8.628 Y-.017 E.09294
G1 X-8.539 Y1.931 E.09379
G1 X-10.603 Y-.004 E.13607
G1 X-8.731 Y-1.815 E.12527
G1 X-8.995 Y-1.022 F7800
G1 F1200
G1 X-9.013 Y0 E.04916
G1 X-8.968 Y1 E.04815
G1 X-10.044 Y-.009 E.07095
G1 X-9.134 Y-.888 E.06085
G1 X-9.379 Y-.028 F7800
;WIDTH:0.519401
G1 F1200
G1 X-9.419 Y-.068 E.00321
G1 X-9.474 Y-.053 E.00324
G1 X-9.489 Y.001 E.00318
G1 X-9.449 Y.042 E.00325
G1 X-9.394 Y.027 E.00324
G1 E-2 F2400
G1 X-14.356 Y.02 F7800
G1 E2 F2400
;TYPE:Perimeter
;WIDTH:0.45
G1 F900
G1 X-17.234 Y2.822 E.19319
G1 X-17.057 Y.02 E.13504
G1 X-17.173 Y-2.799 E.1357
G1 X-15.183 Y-.81 E.13532
G1 X-14.383 Y-.022 E.05401
G1 X-13.801 Y.018 F7800
G1 F900
G1 X-17.658 Y3.773 E.2589
G1 X-17.617 Y2.76 E.04876
G1 X-17.442 Y.036 E.13129
G1 X-17.597 Y-3.729 E.18124
G1 X-16.786 Y-2.963 E.05365
G1 X-14.912 Y-1.085 E.1276
G1 X-13.835 Y-.024 E.07271
G1 X-13.247 Y.017 F7800
;TYPE:External perimeter
G1 F900
G1 X-18.082 Y4.725 E.32458
G1 X-18.002 Y2.739 E.0956
G1 X-17.827 Y.055 E.12937
G1 X-18.022 Y-4.663 E.22711
G1 X-16.516 Y-3.239 E.09969
G1 X-14.642 Y-1.36 E.12764
G1 X-13.287 Y-.025 E.09149
G1 X-13.531 Y.292 F7800
G1 E-2 F2400
G1 X-16.854 Y-2.072 F7800
G1 E2 F2400
;TYPE:Solid infill
G1 F1200
G1 X-14.761 Y.011 E.14202
G1 X-16.898 Y2.091 E.14343
G1 X-16.768 Y.042 E.09875
G1 X-16.846 Y-1.879 E.09247
G1 X-16.427 Y-1.091 F7800
G1 F1200
G1 X-15.312 Y.01 E.07537
G1 X-16.449 Y1.117 E.07632
G1 X-16.383 Y.066 E.05065
G1 X-16.419 Y-.898 E.0464
G1 X-15.882 Y-.008 F7800
;WIDTH:0.559303
G1 F1200
G1 X-15.926 Y-.052 E.00384
G1 X-15.985 Y-.036 E.00377
G1 X-16.001 Y.024 E.00383
G1 X-15.958 Y.068 E.0038
G1 X-15.898 Y.052 E.00383
M106 S145.35
;LAYER_CHANGE
;Z:5.15
;HEIGHT:0.3
G1 E-2 F2400
G1 Z5.15 F7800
G1 Z5.15
G1 X11.788 Y.015
G1 E2 F2400
;TYPE:Perimeter
;WIDTH:0.45
G1 F900
G1 X10.924 Y.828 E.05706
G1 X9.78 Y1.905 E.07557
G1 X8.948 Y2.746 E.0569
G1 X9.018 Y-.021 E.13313
G1 X8.947 Y-2.714 E.12957
G1 X11.75 Y-.026 E.18679
G1 X12.349 Y.017 F7800
G1 F900
G1 X11.188 Y1.109 E.07666
G1 X10.054 Y2.176 E.07489
G1 X8.609 Y3.664 E.09976
G1 X8.557 Y2.608 E.05085
G1 X8.631 Y.525 E.10025
G1 X8.633 Y-.011 E.02578
G1 X8.537 Y-3.641 E.17465
G1 X12.309 Y-.025 E.25132
G1 X12.911 Y.018 F7800
;TYPE:External perimeter
G1 F900
G1 X11.452 Y1.39 E.09633
G1 X10.328 Y2.447 E.07421
G1 X9.446 Y3.34 E.06037
G1 X8.283 Y4.568 E.08135
G1 X8.197 Y3.295 E.06137
G1 X8.171 Y2.608 E.03307
G1 X8.245 Y.523 E.10034
G1 X8.247 Y-.001 E.0252
G1 X8.136 Y-4.578 E.2202
G1 X12.868 Y-.024 E.31587
G1 X12.62 Y.291 F7800
G1 E-2 F2400
G1 X9.308 Y0 F7800
G1 E2 F2400
;TYPE:Solid infill
G1 F1200
G1 X9.255 Y-2.018 E.09709
G1 X11.371 Y.011 E.141
G1 X9.608 Y1.669 E.1164
G1 X9.253 Y2.027 E.02425
G1 X9.307 Y.193 E.08825
G1 X9.692 Y.183 E.01852
G1 X9.673 Y1.078 E.04306
G1 X10.811 Y.008 E.07513
G1 X9.665 Y-1.091 E.07637
G1 X9.693 Y-.01 E.05201
G1 X10.132 Y-.059 E.02125
;WIDTH:0.590281
G1 X10.086 Y-.012 E.00431
G1 X10.103 Y.051 E.00428
G1 X10.166 Y.068 E.00428
G1 X10.213 Y.022 E.00431
G1 X10.196 Y-.042 E.00434
G1 E-2 F2400
G1 X15.423 Y.256 F7800
G1 E2 F2400
;TYPE:Perimeter
;WIDTH:0.45
G1 F900
G1 X15.198 Y.03 E.01534
G1 X18.097 Y-2.876 E.19742
G1 X18.062 Y-1.524 E.06505
G1 X18.037 Y1.26 E.13391
G1 X18.081 Y2.871 E.07751
G1 X17.24 Y2.077 E.05563
G1 X15.465 Y.298 E.12087
G1 X14.77 Y.141 F7800
G1 F900
G1 X14.657 Y.027 E.00772
G1 X17.314 Y-2.647 E.1813
G1 X18.507 Y-3.821 E.0805
G1 X18.447 Y-1.52 E.11071
G1 X18.422 Y1.263 E.13386
G1 X18.458 Y2.747 E.0714
G1 X18.557 Y3.817 E.05168
G1 X18.558 Y3.868 E.00245
G1 X16.972 Y2.354 E.10546
G1 X14.812 Y.184 E.14726
G1 X14.126 Y.035 F7800
;TYPE:External perimeter
G1 F900
G1 X14.116 Y.025 E.00068
G1 X17.042 Y-2.92 E.19967
G1 X18.918 Y-4.766 E.12659
G1 X18.833 Y-1.52 E.15617
G1 X18.808 Y1.267 E.13405
G1 X18.844 Y2.737 E.07072
G1 X18.942 Y3.808 E.05173
G1 X18.968 Y4.809 E.04816
G1 X17.841 Y3.705 E.07588
G1 X16.703 Y2.631 E.07526
G1 X15.171 Y1.108 E.1039
G1 X14.168 Y.078 E.06915
G1 X14.391 Y-.254 F7800
G1 X15.604 Y.031
;TYPE:Solid infill
G1 F1200
G1 X17.789 Y-2.164 E.14896
G1 X17.747 Y1.255 E.16445
G1 X17.769 Y2.179 E.04445
G1 X15.741 Y.168 E.13737
G1 X16.149 Y.031 E.0207
G1 X17.392 Y-1.218 E.08475
G1 X17.362 Y1.244 E.11842
G1 X16.285 Y.167 E.07326
G1 X16.465 Y.099 E.00925
;WIDTH:0.415227
G1 X16.645 Y.03 E.00844
;WIDTH:0.380455
G1 X17.03 Y-.358 E.02155
G1 X17.021 Y.407 E.03016
G1 X16.781 Y.167 E.01338
G1 E-2 F2400
G1 X-10.911 Y0 F7800
G1 E2 F2400
;TYPE:Perimeter
;WIDTH:0.45
G1 F900
G1 X-10.918 Y-.007 E.00048
G1 X-8.912 Y-1.971 E.13502
G1 X-8.206 Y-2.584 E.04497
G1 X-8.235 Y.219 E.13482
G1 X-8.146 Y2.609 E.11503
G1 X-10.867 Y.041 E.17995
G1 X-11.47 Y.002 F7800
G1 F900
G1 X-11.474 Y-.002 E.00027
G1 X-9.171 Y-2.257 E.15502
G1 X-7.741 Y-3.55 E.09272
G1 X-7.82 Y-2.58 E.04681
G1 X-7.85 Y.205 E.13396
G1 X-7.76 Y2.619 E.11619
G1 X-7.702 Y3.558 E.04525
G1 X-11.426 Y.044 E.24626
G1 X-12.029 Y.005 F7800
;TYPE:External perimeter
G1 F900
G1 X-12.03 Y.004 E.00007
G1 X-9.435 Y-2.538 E.17472
G1 X-7.276 Y-4.49 E.13999
G1 X-7.434 Y-2.576 E.09237
G1 X-7.464 Y.191 E.13309
G1 X-7.375 Y2.604 E.11614
G1 X-7.257 Y4.509 E.0918
G1 X-11.985 Y.046 E.31271
G1 X-11.746 Y-.275 F7800
G1 X-10.5 Y-.011
;TYPE:Solid infill
G1 F1200
G1 X-8.502 Y-1.953 E.13401
G1 X-8.524 Y.232 E.1051
G1 X-8.461 Y1.914 E.08096
G1 X-10.36 Y.122 E.12558
G1 X-9.944 Y-.016 E.02108
G1 X-8.897 Y-1.042 E.07051
G1 X-8.909 Y.247 E.062
G1 X-8.882 Y.987 E.03562
G1 X-9.804 Y.117 E.06097
G1 X-9.347 Y-.077 E.02388
;WIDTH:0.527579
G1 X-9.388 Y-.036 E.00335
G1 X-9.373 Y.019 E.00329
G1 X-9.317 Y.034 E.00335
G1 X-9.276 Y-.006 E.00331
G1 X-9.291 Y-.062 E.00335
G1 E-2 F2400
G1 X-14.274 Y.013 F7800
G1 E2 F2400
;TYPE:Perimeter
;WIDTH:0.45
G1 F900
G1 X-17.149 Y2.802 E.19265
G1 X-16.971 Y.116 E.12947
G1 X-17.092 Y-2.786 E.1397
G1 X-17.064 Y-2.76 E.00184
G1 X-14.3 Y-.029 E.18688
G1 X-13.72 Y.013 F7800
G1 F900
G1 X-17.576 Y3.754 E.2584
G1 X-17.532 Y2.743 E.04867
G1 X-17.355 Y.026 E.13096
G1 X-17.518 Y-3.721 E.18039
G1 X-16.793 Y-3.034 E.04804
G1 X-13.752 Y-.029 E.20562
G1 X-13.165 Y.012 F7800
;TYPE:External perimeter
G1 F900
G1 X-18.004 Y4.706 E.32425
G1 X-17.917 Y2.721 E.09556
G1 X-17.74 Y.047 E.12889
G1 X-17.945 Y-4.656 E.22641
G1 X-16.522 Y-3.308 E.09427
G1 X-13.204 Y-.03 E.22433
G1 X-13.449 Y.286 F7800
G1 E-2 F2400
G1 X-16.693 Y.225 F7800
G1 E2 F2400
;TYPE:Solid infill
G1 F1200
G1 X-16.812 Y2.072 E.08902
G1 X-14.679 Y.003 E.14292
G1 X-16.771 Y-2.064 E.14145
G1 X-16.681 Y.033 E.10095
G1 X-16.296 Y.058 E.01856
G1 X-16.343 Y-1.099 E.05569
G1 X-15.23 Y.001 E.07526
G1 X-16.363 Y1.099 E.07588
G1 X-16.308 Y.25 E.04092
G1 X-15.873 Y-.061 E.02572
;WIDTH:0.555169
G1 X-15.916 Y-.018 E.00372
G1 X-15.9 Y.041 E.00374
G1 X-15.841 Y.057 E.00374
G1 X-15.798 Y.014 E.00372
G1 X-15.813 Y-.046 E.00379
G1 E-10 F2400
T0
G1 X13.506 Y1.149 F7800
G1 Z5.15
G1 E10 F2400
;TYPE:Perimeter
;WIDTH:0.45
G1 F900
G1 X15.844 Y3.499 E.15944
G1 X16.716 Y4.322 E.05767
G1 X13.966 Y4.271 E.13229
G1 X10.367 Y4.146 E.1732
G1 X11.184 Y3.319 E.05591
G1 X13.463 Y1.176 E.15046
G1 X13.513 Y.604 F7800
G1 F900
G1 X14.581 Y1.699 E.07357
G1 X16.116 Y3.226 E.10414
G1 X17.705 Y4.741 E.1056
G1 X13.956 Y4.656 E.18036
G1 X9.496 Y4.503 E.21464
G1 X10.914 Y3.043 E.09789
G1 X13.47 Y.64 E.16873
G1 X13.519 Y.042 F7800
;TYPE:External perimeter
;WIDTH:0.536437
G1 F900
G1 X13.61 Y.178 E.00963
;WIDTH:0.487666
G1 X14.851 Y1.423 E.09281
;WIDTH:0.45
G1 X16.388 Y2.952 E.10427
G1 X17.531 Y4.031 E.0756
G1 X18.656 Y5.133 E.07574
G1 X17.858 Y5.133 E.03838
G1 X16.911 Y5.098 E.04558
G1 X13.946 Y5.042 E.14263
G1 X9.555 Y4.889 E.21132
G1 X8.61 Y4.877 E.04545
G1 X9.771 Y3.652 E.08118
G1 X10.645 Y2.767 E.05982
G1 X12.136 Y1.365 E.09844
;WIDTH:0.487666
G1 X13.429 Y.174 E.09281
;WIDTH:0.536437
G1 X13.486 Y.092 E.00588
G1 X13.787 Y.354 F7800
G1 X13.52 Y-1.108
;TYPE:Perimeter
;WIDTH:0.45
G1 F900
G1 X13.51 Y-1.099 E.00065
G1 X10.316 Y-4.156 E.21264
G1 X13.112 Y-4.198 E.13449
G1 X16.7 Y-4.294 E.17263
G1 X13.562 Y-1.151 E.21361
G1 X13.521 Y-.562 F7800
G1 F900
G1 X13.517 Y-.558 E.00027
G1 X9.383 Y-4.528 E.27567
G1 X13.102 Y-4.583 E.17889
G1 X16.865 Y-4.684 E.18105
G1 X17.644 Y-4.678 E.03747
G1 X16.451 Y-3.51 E.0803
G1 X13.563 Y-.605 E.19702
G1 X13.52 Y.001 F7800
;TYPE:External perimeter
;WIDTH:0.536441
G1 F900
G1 X13.431 Y-.133 E.00947
;WIDTH:0.48707
G1 X12.059 Y-1.42 E.09917
;WIDTH:0.45
G1 X9.529 Y-3.842 E.16845
G1 X8.456 Y-4.9 E.07248
G1 X13.089 Y-4.969 E.22286
G1 X16.873 Y-5.069 E.18206
G1 X18.599 Y-5.08 E.08302
G1 X18.108 Y-4.593 E.03326
G1 X16.726 Y-3.241 E.09299
G1 X14.953 Y-1.456 E.12101
;WIDTH:0.48707
G1 X13.614 Y-.135 E.09916
;WIDTH:0.536441
G1 X13.554 Y-.048 E.00622
G1 X13.247 Y-.304 F7800
G1 E-2 F2400
G1 X11.026 Y-3.877 F7800
G1 E2 F2400
;TYPE:Solid infill
;WIDTH:0.45
G1 F1200
G1 X13.118 Y-3.909 E.10063
G1 X15.971 Y-3.985 E.13727
G1 X13.505 Y-1.504 E.16825
G1 X11.165 Y-3.744 E.1558
G1 X11.971 Y-3.506 F7800
G1 F1200
G1 X15.019 Y-3.574 E.14663
G1 X13.498 Y-2.044 E.10376
G1 X12.111 Y-3.373 E.09239
G1 X12.968 Y-3.114 F7800
;WIDTH:0.491461
G1 F1200
G1 X14.015 Y-3.14 E.05579
G1 X13.491 Y-2.613 E.03959
G1 X13.107 Y-2.981 E.02833
G1 E-2 F2400
G1 X11.036 Y3.88 F7800
G1 E2 F2400
;WIDTH:0.45
G1 F1200
G1 X11.386 Y3.526 E.02394
G1 X13.49 Y1.547 E.13893
G1 X14.091 Y2.163 E.04139
G1 X15.974 Y4.019 E.12716
G1 X13.974 Y3.982 E.09621
G1 X11.229 Y3.886 E.13211
G1 X11.949 Y3.525 F7800
G1 F1200
G1 X13.478 Y2.087 E.10095
G1 X15.004 Y3.615 E.10386
G1 X12.142 Y3.532 E.13771
G1 X12.94 Y3.153 F7800
;WIDTH:0.492702
G1 F1200
G1 X13.466 Y2.658 E.03859
G1 X13.995 Y3.188 E.04
G1 X13.132 Y3.159 E.04613
G1 E-2 F2400
G1 X-12.449 Y-1.295 F7800
G1 E2 F2400
;TYPE:Perimeter
;WIDTH:0.45
G1 F900
G1 X-12.599 Y-1.149 E.01007
G1 X-15.671 Y-4.185 E.20773
G1 X-15.662 Y-4.205 E.00105
G1 X-13.093 Y-4.117 E.12363
G1 X-9.546 Y-4.084 E.17061
G1 X-10.286 Y-3.414 E.04801
G1 X-12.407 Y-1.337 E.14278
G1 X-12.445 Y-.76 F7800
G1 F900
G1 X-12.6 Y-.608 E.01044
G1 X-15.942 Y-3.91 E.22596
G1 X-16.681 Y-4.611 E.04899
G1 X-16.351 Y-4.615 E.01587
G1 X-13.08 Y-4.502 E.15742
G1 X-11.228 Y-4.497 E.08908
G1 X-8.562 Y-4.453 E.12824
G1 X-10.016 Y-3.139 E.09426
G1 X-12.402 Y-.802 E.16063
G1 E-2 F2400
G1 X-12.756 Y1.316 F7800
G1 E2 F2400
G1 F900
G1 X-12.589 Y1.155 E.01116
G1 X-9.506 Y4.065 E.2039
G1 X-9.6 Y4.065 E.00452
G1 X-15.755 Y4.226 E.29614
G1 X-12.799 Y1.358 E.19809
G1 X-12.758 Y.781 F7800
G1 F900
G1 X-12.593 Y.621 E.01105
G1 X-8.535 Y4.452 E.26841
G1 X-9.6 Y4.451 E.05122
G1 X-16.727 Y4.632 E.34289
G1 X-12.801 Y.823 E.26309
G1 X-12.584 Y.002 F7800
;TYPE:External perimeter
G1 F1800
G1 X-12.593 Y.026 E.00123
G1 X-12.534 Y.147 E.00647
G1 X-7.564 Y4.838 E.3287
G1 X-9.601 Y4.837 E.09797
G1 X-16.345 Y5.013 E.32447
G1 X-17.691 Y5.029 E.06474
G1 X-12.662 Y.151 E.33697
G1 X-12.604 Y.026 E.00663
G1 X-12.66 Y-.125 E.00775
G1 X-16.213 Y-3.636 E.24025
G1 X-17.636 Y-4.986 E.09434
G1 X-16.346 Y-5 E.06205
G1 X-13.067 Y-4.887 E.1578
G1 X-11.224 Y-4.883 E.08864
G1 X-7.578 Y-4.823 E.17538
G1 X-9.746 Y-2.863 E.14057
G1 X-12.536 Y-.131 E.18781
G1 X-12.564 Y-.054 E.00394
G1 X-12.369 Y.295 F7800
G1 E-2 F2400
G1 X-14.963 Y-3.892 F7800
G1 E2 F2400
;TYPE:Solid infill
G1 F1200
G1 X-13.099 Y-3.827 E.08971
G1 X-10.286 Y-3.805 E.1353
G1 X-12.598 Y-1.554 E.1552
G1 X-14.826 Y-3.756 E.15066
G1 X-13.99 Y-3.472 F7800
G1 F1200
G1 X-13.102 Y-3.442 E.04273
G1 X-11.238 Y-3.427 E.08965
G1 X-12.597 Y-2.095 E.09152
G1 X-13.853 Y-3.337 E.08496
G1 X-13.044 Y-3.066 F7800
;WIDTH:0.430202
G1 F1200
G1 X-12.151 Y-3.058 E.04075
G1 X-12.596 Y-2.623 E.02839
G1 X-12.907 Y-2.93 E.01994
G1 E-2 F2400
G1 X-15.022 Y3.917 F7800
G1 E2 F2400
;WIDTH:0.45
G1 F1200
G1 X-12.587 Y1.555 E.16316
G1 X-10.217 Y3.792 E.15675
G1 X-14.829 Y3.912 E.2219
G1 X-14.044 Y3.506 F7800
G1 F1200
G1 X-12.583 Y2.089 E.09789
G1 X-11.161 Y3.431 E.09404
G1 X-13.851 Y3.501 E.12942
G1 X-13.066 Y3.095 F7800
;WIDTH:0.449831
G1 F1200
G1 X-12.579 Y2.623 E.0326
G1 X-12.106 Y3.07 E.03129
G1 X-12.874 Y3.09 E.03693
M106 S140.25
;LAYER_CHANGE
;Z:5.45
;HEIGHT:0.3
G1 E-2 F2400
G1 Z5.45 F7800
G1 Z5.45
G1 X13.421 Y-1.091
G1 E2 F2400
;TYPE:Perimeter
;WIDTH:0.45
G1 F900
G1 X13.411 Y-1.081 E.00068
G1 X10.218 Y-4.136 E.21254
G1 X13.564 Y-4.19 E.16095
G1 X16.601 Y-4.274 E.14613
G1 X13.463 Y-1.133 E.21354
G1 X13.421 Y-.545 F7800
G1 F900
G1 X13.418 Y-.541 E.00024
G1 X9.273 Y-4.507 E.27592
G1 X13.553 Y-4.575 E.20588
G1 X16.864 Y-4.667 E.15931
G1 X17.539 Y-4.647 E.03248
G1 X16.443 Y-3.585 E.0734
G1 X13.464 Y-.587 E.20328
G1 X13.42 Y.002 F7800
;TYPE:External perimeter
;WIDTH:0.567015
G1 F900
G1 X13.369 Y-.066 E.00533
;WIDTH:0.531345
G1 X13.318 Y-.134 E.00495
;WIDTH:0.495676
G1 X11.961 Y-1.401 E.09987
;WIDTH:0.45
G1 X8.346 Y-4.877 E.24121
G1 X13.54 Y-4.961 E.24985
G1 X16.867 Y-5.053 E.16008
G1 X18.5 Y-5.058 E.07854
G1 X16.717 Y-3.313 E.11999
G1 X14.853 Y-1.438 E.12716
;WIDTH:0.495676
G1 X13.527 Y-.137 E.09993
;WIDTH:0.531345
G1 X13.474 Y-.067 E.00511
;WIDTH:0.567015
G1 X13.457 Y-.046 E.00169
G1 X13.144 Y-.296 F7800
G1 X13.407 Y1.13
;TYPE:Perimeter
;WIDTH:0.45
G1 F900
G1 X15.724 Y3.467 E.15828
G1 X16.606 Y4.3 E.05835
G1 X13.909 Y4.255 E.12973
G1 X10.28 Y4.131 E.17464
G1 X11.08 Y3.299 E.05551
G1 X13.363 Y1.161 E.15044
G1 X13.414 Y.589 F7800
G1 F900
G1 X15.997 Y3.196 E.17651
G1 X17.604 Y4.717 E.10642
G1 X13.899 Y4.64 E.17824
G1 X9.402 Y4.487 E.21642
G1 X10.809 Y3.024 E.09763
G1 X13.37 Y.626 E.16874
G1 X13.419 Y.046 F7800
;TYPE:External perimeter
;WIDTH:0.567011
G1 F900
G1 X13.471 Y.114 E.00537
;WIDTH:0.531761
G1 X13.522 Y.183 E.005
;WIDTH:0.496511
G1 X14.839 Y1.479 E.09959
;WIDTH:0.45
G1 X16.271 Y2.925 E.09788
G1 X17.722 Y4.292 E.09588
G1 X18.565 Y5.118 E.05676
G1 X18.027 Y5.118 E.02588
G1 X16.901 Y5.076 E.05419
G1 X13.889 Y5.026 E.14489
G1 X8.516 Y4.853 E.25856
G1 X10.538 Y2.75 E.14032
G1 X11.953 Y1.425 E.09324
;WIDTH:0.496511
G1 X13.317 Y.179 E.09957
;WIDTH:0.531761
G1 X13.368 Y.113 E.00486
;WIDTH:0.567011
G1 X13.383 Y.093 E.00157
G1 X13.691 Y.349 F7800
G1 X13.394 Y1.528
;TYPE:Solid infill
;WIDTH:0.45
G1 F1200
G1 X15.517 Y3.67 E.14505
G1 X15.865 Y3.998 E.023
G1 X13.916 Y3.966 E.09375
G1 X10.938 Y3.864 E.14332
G1 X11.283 Y3.505 E.02395
G1 X13.254 Y1.66 E.12985
G1 X13.384 Y2.066 E.0205
G1 X14.901 Y3.596 E.10363
G1 X11.843 Y3.509 E.14714
G1 X13.244 Y2.197 E.09232
G1 X13.374 Y2.635 E.02197
;WIDTH:0.495978
G1 X13.904 Y3.17 E.04054
G1 X12.841 Y3.134 E.05726
G1 X13.233 Y2.767 E.02891
G1 E-2 F2400
G1 X13.556 Y-3.9 F7800
G1 E2 F2400
;WIDTH:0.45
G1 F1200
G1 X15.87 Y-3.965 E.11134
G1 X13.406 Y-1.486 E.16811
G1 X10.927 Y-3.858 E.16502
G1 X13.364 Y-3.897 E.11723
G1 X13.377 Y-3.512 E.01853
G1 X11.872 Y-3.488 E.07239
G1 X13.399 Y-2.027 E.10164
G1 X14.916 Y-3.552 E.10346
G1 X13.569 Y-3.515 E.06481
G1 X13.385 Y-3.106 E.02157
;WIDTH:0.490294
G1 X13.913 Y-3.119 E.02806
G1 X13.392 Y-2.595 E.03925
G1 X12.866 Y-3.098 E.03866
G1 X13.192 Y-3.103 E.01732
G1 E-2 F2400
G1 X-12.634 Y-1.241 F7800
G1 E2 F2400
;TYPE:Perimeter
;WIDTH:0.45
G1 F900
G1 X-15.607 Y-4.182 E.20113
G1 X-15.599 Y-4.201 E.00099
G1 X-13.005 Y-4.116 E.12483
G1 X-9.465 Y-4.085 E.17027
G1 X-9.425 Y-4.084 E.00192
G1 X-10.188 Y-3.395 E.04945
G1 X-12.507 Y-1.115 E.15641
G1 X-12.591 Y-1.198 E.00568
G1 X-12.534 Y-.608 F7800
G1 F900
G1 X-13.035 Y-1.085 E.03327
G1 X-15.879 Y-3.908 E.19273
G1 X-16.616 Y-4.606 E.04882
G1 X-16.315 Y-4.611 E.01448
G1 X-13.001 Y-4.501 E.15948
G1 X-9.456 Y-4.47 E.17051
G1 X-8.446 Y-4.447 E.04859
G1 X-9.918 Y-3.12 E.09532
G1 X-12.49 Y-.59 E.17352
G1 X-12.414 Y-.148 F7800
;TYPE:External perimeter
;WIDTH:0.525363
G1 F900
G1 X-12.497 Y-.015 E.00901
G1 X-12.584 Y-.147 E.00909
;WIDTH:0.48401
G1 X-13.304 Y-.809 E.05119
;WIDTH:0.45
G1 X-16.15 Y-3.635 E.1929
G1 X-17.566 Y-4.974 E.09373
G1 X-16.312 Y-4.997 E.06032
G1 X-12.998 Y-4.887 E.15948
G1 X-9.447 Y-4.856 E.1708
G1 X-7.468 Y-4.81 E.09521
G1 X-9.647 Y-2.845 E.14112
G1 X-11.713 Y-.813 E.13938
;WIDTH:0.48401
G1 X-12.371 Y-.189 E.04746
G1 X-12.77 Y-.212 F7800
G1 X-12.488 Y1.135
;TYPE:Perimeter
;WIDTH:0.45
G1 F900
G1 X-9.399 Y4.056 E.20448
G1 X-15.685 Y4.215 E.30243
G1 X-12.531 Y1.161 E.21116
G1 X-12.491 Y.592 F7800
G1 F900
G1 X-8.43 Y4.439 E.26904
G1 X-9.523 Y4.443 E.05257
G1 X-16.657 Y4.62 E.34323
G1 X-12.535 Y.627 E.27602
G1 X-12.497 Y.025 F7800
;TYPE:External perimeter
;WIDTH:0.525365
G1 F900
G1 X-12.406 Y.159 E.00931
;WIDTH:0.483345
G1 X-11.739 Y.79 E.04798
;WIDTH:0.45
G1 X-7.462 Y4.822 E.28271
G1 X-9.513 Y4.828 E.09865
G1 X-16.326 Y5.003 E.32779
G1 X-17.617 Y5.013 E.06209
G1 X-13.249 Y.783 E.29245
;WIDTH:0.483345
G1 X-12.581 Y.158 E.0478
;WIDTH:0.525365
G1 X-12.529 Y.075 E.00563
G1 X-12.222 Y.332 F7800
G1 X-12.496 Y1.529
;TYPE:Solid infill
;WIDTH:0.45
G1 F1200
G1 X-10.11 Y3.783 E.15787
G1 X-14.951 Y3.907 E.23291
G1 X-12.634 Y1.663 E.15514
G1 X-12.492 Y2.062 E.02037
G1 X-11.054 Y3.421 E.09516
G1 X-13.972 Y3.496 E.14039
G1 X-12.631 Y2.196 E.08983
G1 X-12.489 Y2.601 E.02064
;WIDTH:0.45687
G1 X-12.007 Y3.056 E.03245
G1 X-12.985 Y3.081 E.04789
G1 X-12.627 Y2.735 E.02437
G1 E-2 F2400
G1 X-13.034 Y-3.827 F7800
G1 E2 F2400
;WIDTH:0.45
G1 F1200
G1 X-10.169 Y-3.802 E.1378
G1 X-12.509 Y-1.518 E.15727
G1 X-14.901 Y-3.889 E.16199
G1 X-13.227 Y-3.833 E.08056
G1 X-13.23 Y-3.448 E.01852
G1 X-13.931 Y-3.471 E.03373
G1 X-12.508 Y-2.06 E.09638
G1 X-11.12 Y-3.425 E.09363
G1 X-13.038 Y-3.441 E.09225
G1 X-12.971 Y-3.058 E.0187
;WIDTH:0.443859
G1 X-12.047 Y-3.05 E.04374
G1 X-12.507 Y-2.598 E.03052
G1 X-12.834 Y-2.922 E.02179
G1 E-10 F2400
T1
G1 X11.672 Y.014 F7800
G1 Z5.45
G1 E10 F2400
;TYPE:Perimeter
;WIDTH:0.45
G1 F900
G1 X10.809 Y.823 E.05689
G1 X9.699 Y1.863 E.07316
G1 X8.844 Y2.75 E.05925
G1 X8.833 Y2.577 E.00834
G1 X8.919 Y-.027 E.12531
G1 X8.848 Y-2.694 E.12832
G1 X11.632 Y-.027 E.18543
G1 X12.234 Y.016 F7800
G1 F900
G1 X11.072 Y1.105 E.0766
G1 X9.941 Y2.166 E.07459
G1 X8.515 Y3.648 E.09892
G1 X8.447 Y2.583 E.05133
G1 X8.533 Y-.016 E.12507
G1 X8.437 Y-3.621 E.17345
G1 X12.191 Y-.025 E.25003
G1 X12.795 Y.02 F7800
;TYPE:External perimeter
G1 F900
G1 X11.336 Y1.386 E.09613
G1 X10.219 Y2.433 E.07363
G1 X8.186 Y4.547 E.14106
G1 X8.061 Y2.589 E.09436
G1 X8.148 Y-.006 E.12488
G1 X8.027 Y-4.555 E.21887
G1 X12.752 Y-.022 E.31493
G1 X12.504 Y.292 F7800
G1 E-2 F2400
G1 X9.155 Y-1.998 F7800
G1 E2 F2400
;TYPE:Solid infill
G1 F1200
G1 X11.253 Y.011 E.13971
G1 X9.503 Y1.65 E.11532
G1 X9.141 Y2.024 E.02503
G1 X9.208 Y.008 E.09702
G1 X9.161 Y-1.806 E.08728
G1 X9.566 Y-1.071 F7800
G1 F1200
G1 X10.692 Y.008 E.07501
G1 X9.559 Y1.069 E.07466
G1 X9.594 Y.021 E.05043
G1 X9.571 Y-.879 E.0433
G1 X10.103 Y-.012 F7800
;WIDTH:0.573919
G1 F1200
G1 X10.058 Y-.057 E.00404
G1 X9.996 Y-.041 E.00407
G1 X9.98 Y.021 E.00407
G1 X10.025 Y.066 E.00404
G1 X10.087 Y.049 E.00409
G1 E-2 F2400
G1 X15.298 Y.207 F7800
G1 E2 F2400
;TYPE:Perimeter
;WIDTH:0.45
G1 F900
G1 X15.119 Y.027 E.01221
G1 X17.997 Y-2.858 E.196
G1 X17.952 Y-1.164 E.0815
G1 X17.933 Y1.574 E.13169
G1 X17.97 Y2.847 E.06125
G1 X17.127 Y2.053 E.0557
G1 X15.34 Y.25 E.12209
G1 X14.648 Y.099 F7800
G1 F900
G1 X14.576 Y.026 E.00493
G1 X17.307 Y-2.721 E.1863
G1 X18.408 Y-3.801 E.07418
G1 X18.338 Y-1.162 E.12697
G1 X18.319 Y1.576 E.13169
G1 X18.346 Y2.72 E.05504
G1 X18.449 Y3.835 E.05386
G1 X16.857 Y2.329 E.1054
G1 X14.69 Y.142 E.14808
G1 X14.046 Y.012 F7800
;TYPE:External perimeter
G1 F900
G1 X17.035 Y-2.995 E.20392
G1 X18.818 Y-4.744 E.12013
G1 X18.724 Y-1.163 E.17229
G1 X18.704 Y1.579 E.13188
G1 X18.733 Y2.724 E.05509
G1 X18.859 Y4.082 E.0656
G1 X18.877 Y4.794 E.03426
G1 X18.032 Y3.967 E.05687
G1 X16.588 Y2.605 E.09547
G1 X14.061 Y.055 E.17267
G1 X14.314 Y-.255 F7800
G1 E-2 F2400
G1 X17.689 Y-2.147 F7800
G1 E2 F2400
;TYPE:Solid infill
G1 F1200
G1 X17.663 Y-1.165 E.04725
G1 X17.644 Y1.57 E.13155
G1 X17.658 Y2.156 E.02819
G1 X17.329 Y1.845 E.02177
G1 X15.526 Y.027 E.12315
G1 X17.553 Y-2.01 E.13821
G1 X17.265 Y-1.173 F7800
G1 F1200
G1 X17.277 Y-1.168 E.00063
G1 X17.26 Y1.229 E.11529
G1 X16.07 Y.028 E.08132
G1 X17.129 Y-1.037 E.07224
G1 X16.926 Y-.344 E.03473
;WIDTH:0.369272
G1 X16.921 Y.396 E.02814
G1 X16.556 Y.028 E.01971
G1 X16.79 Y-.207 E.01261
G1 E-2 F2400
G1 X-10.796 Y.001 F7800
G1 E2 F2400
;TYPE:Perimeter
;WIDTH:0.45
G1 F900
G1 X-10.798 Y-.001 E.00014
G1 X-8.807 Y-1.958 E.13427
G1 X-8.09 Y-2.605 E.04645
G1 X-8.112 Y.498 E.14925
G1 X-8.032 Y2.606 E.10146
G1 X-10.752 Y.042 E.17978
G1 X-11.35 Y.001 F7800
G1 F900
G1 X-9.072 Y-2.239 E.15366
G1 X-7.63 Y-3.539 E.09338
G1 X-7.705 Y-2.602 E.04521
G1 X-7.695 Y-2.201 E.01929
G1 X-7.727 Y.483 E.1291
G1 X-7.597 Y3.547 E.1475
G1 X-11.306 Y.042 E.24544
G1 X-11.9 Y.001 F7800
;TYPE:External perimeter
G1 F900
G1 X-9.336 Y-2.52 E.17294
G1 X-7.168 Y-4.474 E.14038
G1 X-7.32 Y-2.571 E.09182
G1 X-7.309 Y-2.206 E.01756
G1 X-7.341 Y.469 E.12867
G1 X-7.25 Y2.871 E.11561
G1 X-7.155 Y4.493 E.07815
G1 X-11.857 Y.043 E.31137
G1 X-11.616 Y-.277 F7800
G1 E-2 F2400
G1 X-8.373 Y-1.961 F7800
G1 E2 F2400
;TYPE:Solid infill
G1 F1200
G1 X-8.402 Y.453 E.11611
G1 X-8.348 Y1.911 E.07017
G1 X-10.381 Y-.005 E.13436
G1 X-8.516 Y-1.831 E.12554
G1 X-8.769 Y-1.049 F7800
G1 F1200
G1 X-8.787 Y.468 E.07297
G1 X-8.768 Y.985 E.02488
G1 X-9.825 Y-.011 E.06985
G1 X-8.907 Y-.914 E.06193
G1 X-9.152 Y-.033 F7800
;WIDTH:0.533159
G1 F1200
G1 X-9.194 Y-.074 E.00343
G1 X-9.25 Y-.059 E.00339
G1 X-9.266 Y-.002 E.00346
G1 X-9.224 Y.039 E.00343
G1 X-9.168 Y.024 E.00339
G1 E-2 F2400
G1 X-14.213 Y.015 F7800
G1 E2 F2400
;TYPE:Perimeter
;WIDTH:0.45
G1 F900
G1 X-17.075 Y2.788 E.19167
G1 X-16.898 Y.107 E.12923
G1 X-16.934 Y-.403 E.02459
G1 X-17.028 Y-2.779 E.11437
G1 X-14.25 Y-.027 E.18807
G1 X-13.656 Y.013 F7800
G1 F900
G1 X-17.502 Y3.738 E.25752
G1 X-17.459 Y2.729 E.04857
G1 X-17.282 Y.082 E.1276
G1 X-17.319 Y-.377 E.02215
G1 X-17.451 Y-3.714 E.16062
G1 X-16.847 Y-3.142 E.04001
G1 X-13.696 Y-.029 E.21304
G1 X-13.098 Y.009 F7800
;TYPE:External perimeter
G1 F900
G1 X-17.929 Y4.688 E.32347
G1 X-17.844 Y2.707 E.09537
G1 X-17.667 Y.056 E.12779
G1 X-17.704 Y-.35 E.01961
G1 X-17.874 Y-4.645 E.20674
G1 X-16.579 Y-3.419 E.08577
G1 X-13.14 Y-.033 E.23212
G1 X-13.383 Y.285 F7800
G1 E-2 F2400
G1 X-16.71 Y-2.057 F7800
G1 E2 F2400
;TYPE:Solid infill
G1 F1200
G1 X-14.623 Y.01 E.14128
G1 X-16.738 Y2.059 E.14163
G1 X-16.607 Y.035 E.09755
G1 X-16.646 Y-.422 E.02206
G1 X-16.703 Y-1.864 E.06941
G1 X-16.286 Y-1.094 F7800
G1 F1200
G1 X-15.174 Y.007 E.07526
G1 X-16.289 Y1.087 E.07466
G1 X-16.222 Y.06 E.0495
G1 X-16.279 Y-.901 E.0463
G1 X-15.733 Y-.011 F7800
;WIDTH:0.540625
G1 F1200
G1 X-15.775 Y-.054 E.00357
G1 X-15.832 Y-.038 E.00352
G1 X-15.848 Y.019 E.00352
G1 X-15.806 Y.061 E.00353
G1 X-15.748 Y.046 E.00356
;LAYER_CHANGE
;Z:5.75
;HEIGHT:0.3
G1 E-2 F2400
G1 Z5.75 F7800
G1 Z5.75
G1 X11.552 Y.014
G1 E2 F2400
;TYPE:Perimeter
;WIDTH:0.45
G1 F900
G1 X10.691 Y.819 E.05669
G1 X9.635 Y1.806 E.06952
G1 X8.734 Y2.739 E.06238
G1 X8.722 Y2.56 E.00863
G1 X8.814 Y-.027 E.1245
G1 X8.75 Y-2.67 E.12716
G1 X11.509 Y-.028 E.18373
G1 X12.113 Y.017 F7800
G1 F900
G1 X10.954 Y1.101 E.07633
G1 X9.876 Y2.109 E.07098
G1 X8.409 Y3.632 E.10171
G1 X8.336 Y2.566 E.05139
G1 X8.428 Y-.018 E.12436
G1 X8.342 Y-3.595 E.17209
G1 X12.07 Y-.024 E.24829
G1 X12.674 Y.021 F7800
;TYPE:External perimeter
G1 F900
G1 X11.218 Y1.382 E.09586
G1 X10.154 Y2.377 E.07006
G1 X8.084 Y4.525 E.14348
G1 X7.95 Y2.572 E.09415
G1 X8.043 Y-.008 E.12417
G1 X7.934 Y-4.52 E.21707
G1 X12.631 Y-.021 E.31282
G1 X12.383 Y.293 F7800
G1 E-2 F2400
G1 X9.096 Y.2 F7800
G1 E2 F2400
;TYPE:Solid infill
G1 F1200
G1 X9.031 Y2.014 E.0873
G1 X9.439 Y1.593 E.0282
G1 X11.131 Y.011 E.11141
G1 X9.056 Y-1.977 E.13821
G1 X9.103 Y.007 E.09545
G1 X9.488 Y.021 E.01853
G1 X9.464 Y-1.052 E.05162
G1 X10.57 Y.008 E.07368
G1 X9.451 Y1.054 E.07367
G1 X9.481 Y.213 E.04047
G1 X9.913 Y-.056 E.02448
;WIDTH:0.559955
G1 X9.869 Y-.012 E.00385
G1 X9.885 Y.048 E.00384
G1 X9.945 Y.064 E.00384
G1 X9.989 Y.02 E.00385
G1 X9.973 Y-.04 E.00384
G1 E-2 F2400
G1 X15.025 Y.027 F7800
G1 E2 F2400
;TYPE:Perimeter
;WIDTH:0.45
G1 F900
G1 X15.024 Y.025 E.00011
G1 X17.897 Y-2.841 E.19518
G1 X17.83 Y-.014 E.13601
G1 X17.83 Y1.916 E.09283
G1 X17.858 Y2.824 E.04369
G1 X17.01 Y2.025 E.05604
G1 X15.068 Y.069 E.13257
G1 X14.479 Y.024 F7800
G1 F900
G1 X18.306 Y-3.779 E.25949
G1 X18.216 Y-.027 E.18051
G1 X18.215 Y1.907 E.09302
G1 X18.237 Y2.732 E.03969
G1 X18.337 Y3.805 E.05183
G1 X16.741 Y2.301 E.10548
G1 X14.522 Y.067 E.15144
G1 X13.935 Y.023 F7800
;TYPE:External perimeter
G1 F900
G1 X17.027 Y-3.068 E.21028
G1 X18.718 Y-4.722 E.11377
G1 X18.602 Y-.018 E.22631
G1 X18.601 Y1.897 E.0921
G1 X18.621 Y2.697 E.03849
G1 X18.775 Y4.356 E.08014
G1 X18.786 Y4.779 E.02035
G1 X16.472 Y2.578 E.1536
G1 X13.977 Y.066 E.17029
G1 X14.215 Y-.256 F7800
G1 X15.432 Y.026
;TYPE:Solid infill
G1 F1200
G1 X17.591 Y-2.133 E.14685
G1 X17.541 Y-.045 E.10045
G1 X17.55 Y2.137 E.10495
G1 X17.212 Y1.818 E.02235
G1 X15.568 Y.163 E.1122
G1 X15.977 Y.027 E.02073
G1 X17.183 Y-1.179 E.08203
G1 X17.156 Y-.038 E.05489
G1 X17.161 Y1.219 E.06046
G1 X16.112 Y.164 E.07156
G1 X16.285 Y.096 E.00894
;WIDTH:0.405293
G1 X16.458 Y.028 E.0079
;WIDTH:0.360587
G1 X16.822 Y-.336 E.01902
G1 X16.817 Y.389 E.02679
G1 X16.594 Y.164 E.0117
G1 E-2 F2400
G1 X-10.666 Y0 F7800
G1 E2 F2400
;TYPE:Perimeter
;WIDTH:0.45
G1 F900
G1 X-8.702 Y-1.945 E.13294
G1 X-7.976 Y-2.603 E.04713
G1 X-7.957 Y-1.877 E.03493
G1 X-7.989 Y.776 E.12761
G1 X-7.919 Y2.593 E.08746
G1 X-10.623 Y.041 E.17883
G1 X-11.217 Y-.001 F7800
G1 F900
G1 X-8.969 Y-2.224 E.15206
G1 X-7.512 Y-3.54 E.09443
G1 X-7.593 Y-2.519 E.04926
G1 X-7.571 Y-1.881 E.0307
G1 X-7.603 Y.761 E.12708
G1 X-7.49 Y3.527 E.13315
G1 X-10.755 Y.454 E.21565
G1 X-11.174 Y.041 E.0283
G1 X-11.767 Y-.003 F7800
;TYPE:External perimeter
G1 F900
G1 X-9.236 Y-2.503 E.1711
G1 X-7.048 Y-4.461 E.14122
G1 X-7.207 Y-2.532 E.09309
G1 X-7.185 Y-1.885 E.03114
G1 X-7.218 Y.747 E.1266
G1 X-7.126 Y3.137 E.11504
G1 X-7.048 Y4.472 E.06432
G1 X-11.022 Y.732 E.26247
G1 X-11.724 Y.04 E.04741
G1 X-11.485 Y-.281 F7800
G1 X-10.252 Y-.001
;TYPE:Solid infill
G1 F1200
G1 X-8.505 Y-1.733 E.11832
G1 X-8.249 Y-1.965 E.01662
G1 X-8.278 Y.731 E.12968
G1 X-8.235 Y1.899 E.05621
G1 X-10.112 Y.131 E.12402
G1 X-9.697 Y-.008 E.02105
G1 X-8.642 Y-1.055 E.07149
G1 X-8.655 Y.973 E.09754
G1 X-9.557 Y.124 E.05958
G1 X-9.098 Y-.073 E.02402
;WIDTH:0.533519
G1 X-9.139 Y-.031 E.00343
G1 X-9.124 Y.025 E.00339
G1 X-9.067 Y.04 E.00345
G1 X-9.026 Y-.001 E.00339
G1 X-9.041 Y-.058 E.00345
G1 E-2 F2400
G1 X-14.146 Y.012 F7800
G1 E2 F2400
;TYPE:Perimeter
;WIDTH:0.45
G1 F900
G1 X-17.01 Y2.781 E.1916
G1 X-16.824 Y.103 E.12911
G1 X-16.891 Y-.72 E.03971
G1 X-16.971 Y-2.786 E.09944
G1 X-14.186 Y-.03 E.18845
G1 X-13.587 Y.008 F7800
G1 F900
G1 X-17.435 Y3.728 E.25742
G1 X-17.393 Y2.719 E.04857
G1 X-17.209 Y.076 E.12743
G1 X-17.276 Y-.693 E.03713
G1 X-17.393 Y-3.714 E.14541
G1 X-16.681 Y-3.042 E.04709
G1 X-14.125 Y-.502 E.17331
G1 X-13.63 Y-.033 E.0328
G1 X-13.029 Y.005 F7800
;TYPE:External perimeter
G1 F900
G1 X-17.861 Y4.676 E.32324
G1 X-17.778 Y2.697 E.09527
G1 X-17.593 Y.05 E.12762
G1 X-17.661 Y-.667 E.03464
G1 X-17.815 Y-4.643 E.19138
G1 X-16.413 Y-3.319 E.09275
G1 X-13.859 Y-.781 E.17318
G1 X-13.073 Y-.036 E.05209
G1 X-13.316 Y.282 F7800
G1 E-2 F2400
G1 X-16.544 Y.195 F7800
G1 E2 F2400
;TYPE:Solid infill
G1 F1200
G1 X-16.67 Y2.05 E.08942
G1 X-14.561 Y.011 E.14109
G1 X-16.654 Y-2.064 E.14175
G1 X-16.602 Y-.739 E.06378
G1 X-16.534 Y.002 E.03579
G1 X-16.15 Y-.033 E.01855
G1 X-16.23 Y-1.101 E.05151
G1 X-15.112 Y.008 E.07574
G1 X-16.218 Y1.076 E.07395
G1 X-16.155 Y.16 E.04416
G1 X-15.736 Y-.053 E.02261
;WIDTH:0.530941
G1 X-15.778 Y-.011 E.00346
G1 X-15.763 Y.045 E.00337
G1 X-15.706 Y.06 E.00343
G1 X-15.665 Y.019 E.00337
G1 X-15.68 Y-.037 E.00337
G1 E-10 F2400
T0
G1 X13.306 Y-1.075 F7800
G1 Z5.75
G1 E10 F2400
;TYPE:Perimeter
;WIDTH:0.45
G1 F900
G1 X13.302 Y-1.07 E.00031
G1 X10.129 Y-4.116 E.21155
G1 X12.876 Y-4.163 E.13214
G1 X13.704 Y-4.197 E.03986
G1 X14.947 Y-4.21 E.05979
G1 X16.497 Y-4.255 E.07458
G1 X13.348 Y-1.117 E.21382
G1 X13.309 Y-.532 F7800
G1 F900
G1 X13.307 Y-.53 E.00014
G1 X9.187 Y-4.485 E.27468
G1 X12.869 Y-4.549 E.17712
G1 X13.694 Y-4.583 E.03971
G1 X14.935 Y-4.596 E.05969
G1 X16.853 Y-4.651 E.09229
G1 X17.457 Y-4.647 E.02905
G1 X16.437 Y-3.66 E.06827
G1 X13.351 Y-.574 E.20991
G1 X13.31 Y0 F7800
;TYPE:External perimeter
;WIDTH:0.589859
G1 F900
G1 X13.255 Y-.067 E.00568
;WIDTH:0.546277
G1 X13.2 Y-.135 E.00526
;WIDTH:0.502695
G1 X12.526 Y-.764 E.0504
;WIDTH:0.476347
G1 X11.852 Y-1.393 E.04737
;WIDTH:0.45
G1 X8.245 Y-4.855 E.24046
G1 X12.863 Y-4.934 E.22214
G1 X13.684 Y-4.968 E.03952
G1 X14.924 Y-4.981 E.05964
G1 X16.849 Y-5.037 E.09262
G1 X18.401 Y-5.035 E.07465
G1 X16.712 Y-3.39 E.1134
G1 X14.744 Y-1.422 E.13386
;WIDTH:0.476347
G1 X14.083 Y-.78 E.04735
;WIDTH:0.502695
G1 X13.422 Y-.137 E.05041
;WIDTH:0.546277
G1 X13.366 Y-.069 E.00529
;WIDTH:0.589859
G1 X13.348 Y-.046 E.00191
G1 X13.032 Y-.291 F7800
G1 X13.304 Y1.121
;TYPE:Perimeter
;WIDTH:0.45
G1 F900
G1 X15.631 Y3.464 E.15882
G1 X16.494 Y4.277 E.05703
G1 X13.824 Y4.25 E.12842
G1 X10.164 Y4.127 E.17613
G1 X11.015 Y3.243 E.05902
G1 X13.26 Y1.145 E.14779
G1 X13.308 Y.578 F7800
G1 F900
G1 X15.896 Y3.183 E.17661
G1 X17.497 Y4.692 E.10582
G1 X14.955 Y4.634 E.12229
G1 X13.818 Y4.636 E.05469
G1 X9.285 Y4.483 E.21815
G1 X10.744 Y2.968 E.10116
G1 X13.264 Y.613 E.16589
G1 X13.31 Y.046 F7800
;TYPE:External perimeter
;WIDTH:0.58986
G1 F900
G1 X13.369 Y.116 E.006
;WIDTH:0.544865
G1 X13.428 Y.187 E.00553
;WIDTH:0.499869
G1 X14.733 Y1.465 E.09921
;WIDTH:0.45
G1 X16.16 Y2.902 E.0974
G1 X18.474 Y5.103 E.1536
G1 X18.184 Y5.103 E.01395
G1 X16.892 Y5.055 E.06218
G1 X14.955 Y5.02 E.09318
G1 X13.812 Y5.021 E.05497
G1 X8.407 Y4.839 E.26011
G1 X10.473 Y2.694 E.14324
G1 X11.845 Y1.412 E.09031
;WIDTH:0.499869
G1 X13.197 Y.182 E.09928
;WIDTH:0.544865
G1 X13.254 Y.114 E.00532
;WIDTH:0.58986
G1 X13.272 Y.092 E.00186
G1 X13.585 Y.34 F7800
G1 E-2 F2400
G1 X10.823 Y3.859 F7800
G1 E2 F2400
;TYPE:Solid infill
;WIDTH:0.45
G1 F1200
G1 X11.218 Y3.449 E.02738
G1 X13.288 Y1.515 E.13625
G1 X15.402 Y3.644 E.1443
G1 X15.754 Y3.976 E.02327
G1 X13.829 Y3.961 E.09259
G1 X11.016 Y3.866 E.13537
G1 X11.724 Y3.504 F7800
G1 F1200
G1 X13.278 Y2.052 E.10229
G1 X14.798 Y3.583 E.10376
G1 X13.837 Y3.575 E.04622
G1 X11.917 Y3.51 E.0924
G1 X12.729 Y3.127 F7800
;WIDTH:0.499789
G1 F1200
G1 X13.267 Y2.624 E.04
G1 X13.803 Y3.163 E.04128
G1 X12.921 Y3.134 E.04792
G1 E-2 F2400
G1 X10.834 Y-3.84 F7800
G1 E2 F2400
;WIDTH:0.45
G1 F1200
G1 X15.769 Y-3.946 E.23741
G1 X13.297 Y-1.475 E.16811
G1 X10.973 Y-3.706 E.15495
G1 X11.771 Y-3.474 F7800
G1 F1200
G1 X14.817 Y-3.54 E.14654
G1 X13.292 Y-2.015 E.10373
G1 X11.911 Y-3.341 E.09208
G1 X12.762 Y-3.088 F7800
;WIDTH:0.49325
G1 F1200
G1 X13.812 Y-3.111 E.05618
G1 X13.286 Y-2.585 E.03979
G1 X12.901 Y-2.955 E.02856
G1 E-2 F2400
G1 X-12.408 Y-1.088 F7800
G1 E2 F2400
;TYPE:Perimeter
;WIDTH:0.45
G1 F900
G1 X-13.01 Y-1.659 E.03991
G1 X-15.569 Y-4.202 E.17352
G1 X-12.964 Y-4.116 E.12536
G1 X-9.32 Y-4.074 E.17528
G1 X-10.098 Y-3.367 E.05056
G1 X-12.365 Y-1.126 E.15332
G1 X-12.401 Y-.551 F7800
G1 F900
G1 X-13.279 Y-1.383 E.05818
G1 X-15.827 Y-3.915 E.17277
G1 X-16.558 Y-4.605 E.04835
G1 X-16.263 Y-4.611 E.01419
G1 X-12.952 Y-4.501 E.15934
G1 X-8.333 Y-4.444 E.22217
G1 X-9.824 Y-3.096 E.09668
G1 X-10.629 Y-2.284 E.05499
G1 X-12.358 Y-.593 E.11632
G1 X-12.396 Y-.023 F7800
;TYPE:External perimeter
;WIDTH:0.589593
G1 F900
G1 X-12.453 Y-.09 E.00576
;WIDTH:0.545678
G1 X-12.51 Y-.158 E.00533
;WIDTH:0.501764
G1 X-13.022 Y-.625 E.0378
;WIDTH:0.475882
G1 X-13.533 Y-1.093 E.03556
;WIDTH:0.45
G1 X-16.098 Y-3.641 E.17389
G1 X-17.507 Y-4.971 E.09319
G1 X-16.26 Y-4.997 E.05999
G1 X-12.939 Y-4.886 E.15982
G1 X-11.692 Y-4.883 E.05998
G1 X-8.013 Y-4.824 E.17697
G1 X-7.346 Y-4.798 E.0321
G1 X-9.543 Y-2.831 E.14183
G1 X-11.278 Y-1.11 E.11754
;WIDTH:0.475882
G1 X-11.782 Y-.635 E.03555
;WIDTH:0.501764
G1 X-12.287 Y-.16 E.03782
;WIDTH:0.545678
G1 X-12.341 Y-.091 E.00526
;WIDTH:0.589593
G1 X-12.359 Y-.07 E.00181
G1 X-12.678 Y-.311 F7800
G1 X-12.388 Y1.1
;TYPE:Perimeter
;WIDTH:0.45
G1 F900
G1 X-11.861 Y1.619 E.03557
G1 X-9.281 Y4.047 E.1704
G1 X-15.619 Y4.208 E.30493
G1 X-12.432 Y1.126 E.21323
G1 X-12.391 Y.556 F7800
G1 F900
G1 X-11.597 Y1.338 E.0536
G1 X-8.317 Y4.425 E.21664
G1 X-9.43 Y4.434 E.05353
G1 X-16.592 Y4.612 E.34457
G1 X-12.434 Y.592 E.27817
G1 X-12.395 Y.023 F7800
;TYPE:External perimeter
;WIDTH:0.589595
G1 F900
G1 X-12.337 Y.092 E.0059
;WIDTH:0.545178
G1 X-12.278 Y.161 E.00544
;WIDTH:0.500761
G1 X-11.807 Y.608 E.03534
;WIDTH:0.47538
G1 X-11.336 Y1.054 E.03325
;WIDTH:0.45
G1 X-7.353 Y4.803 E.26308
G1 X-9.416 Y4.819 E.09923
G1 X-16.265 Y4.996 E.32952
G1 X-17.55 Y5.002 E.0618
G1 X-13.456 Y1.044 E.27388
;WIDTH:0.47538
G1 X-12.981 Y.602 E.03326
;WIDTH:0.500761
G1 X-12.506 Y.16 E.03531
;WIDTH:0.545178
G1 X-12.451 Y.092 E.00524
;WIDTH:0.589595
G1 X-12.433 Y.07 E.00186
G1 X-12.116 Y.314 F7800
G1 E-2 F2400
G1 X-14.884 Y3.899 F7800
G1 E2 F2400
;TYPE:Solid infill
;WIDTH:0.45
G1 F1200
G1 X-12.398 Y1.496 E.1663
G1 X-9.994 Y3.773 E.15926
G1 X-14.691 Y3.894 E.22598
G1 X-13.904 Y3.488 F7800
G1 F1200
G1 X-12.401 Y2.035 E.10055
G1 X-10.941 Y3.412 E.09653
G1 X-13.711 Y3.483 E.13327
G1 X-12.906 Y3.07 F7800
;WIDTH:0.464744
G1 F1200
G1 X-12.399 Y2.58 E.03521
G1 X-11.905 Y3.044 E.03384
G1 X-12.713 Y3.065 E.04036
G1 E-2 F2400
G1 X-14.843 Y-3.889 F7800
G1 E2 F2400
;WIDTH:0.45
G1 F1200
G1 X-12.971 Y-3.826 E.09009
G1 X-10.057 Y-3.795 E.14016
G1 X-12.409 Y-1.488 E.15846
G1 X-14.706 Y-3.753 E.15515
G1 X-13.875 Y-3.471 F7800
G1 F1200
G1 X-12.975 Y-3.441 E.04331
G1 X-11.004 Y-3.42 E.0948
G1 X-12.415 Y-2.025 E.09543
G1 X-13.739 Y-3.335 E.08958
G1 X-12.9 Y-3.05 F7800
;WIDTH:0.458341
G1 F1200
G1 X-11.943 Y-3.04 E.04703
G1 X-12.417 Y-2.571 E.03277
G1 X-12.763 Y-2.914 E.02394
M106 S145.35
;LAYER_CHANGE
;Z:6.05
;HEIGHT:0.3
G1 E-2 F2400
G1 Z6.05 F7800
G1 Z6.05
G1 X13.199 Y-1.067
G1 E2 F2400
;TYPE:Perimeter
;WIDTH:0.45
G1 F900
G1 X13.194 Y-1.061 E.00038
G1 X9.99 Y-4.096 E.21226
G1 X12.2 Y-4.137 E.10631
G1 X13.628 Y-4.196 E.06874
G1 X16.393 Y-4.236 E.133
G1 X13.242 Y-1.109 E.21351
G1 X13.201 Y-.525 F7800
G1 F900
G1 X13.2 Y-.523 E.00011
G1 X10.544 Y-3.054 E.17646
G1 X10.106 Y-3.446 E.02827
G1 X9.058 Y-4.464 E.07027
G1 X12.193 Y-4.522 E.15081
G1 X13.618 Y-4.581 E.0686
G1 X17.363 Y-4.636 E.18014
G1 X16.431 Y-3.736 E.06231
G1 X13.244 Y-.567 E.21616
G1 X13.202 Y-.003 F7800
;TYPE:External perimeter
;WIDTH:0.607388
G1 F900
G1 X13.162 Y-.048 E.00408
;WIDTH:0.573137
G1 X13.123 Y-.094 E.00383
;WIDTH:0.538886
G1 X13.083 Y-.139 E.00356
;WIDTH:0.504635
G1 X12.414 Y-.758 E.05005
;WIDTH:0.477317
G1 X11.746 Y-1.376 E.04687
;WIDTH:0.45
G1 X10.278 Y-2.775 E.09753
G1 X9.843 Y-3.163 E.02804
G1 X8.126 Y-4.833 E.1152
G1 X12.186 Y-4.908 E.19531
G1 X13.608 Y-4.967 E.06845
G1 X15.758 Y-4.989 E.10341
G1 X16.843 Y-5.02 E.05221
G1 X18.313 Y-5.023 E.0707
G1 X16.705 Y-3.465 E.10769
G1 X14.635 Y-1.407 E.14039
;WIDTH:0.477317
G1 X13.98 Y-.774 E.04691
;WIDTH:0.504635
G1 X13.324 Y-.142 E.05002
;WIDTH:0.538886
G1 X13.283 Y-.096 E.00365
;WIDTH:0.573137
G1 X13.243 Y-.049 E.00392
G1 X12.922 Y-.288 F7800
G1 X13.193 Y1.107
;TYPE:Perimeter
;WIDTH:0.45
G1 F900
G1 X15.494 Y3.416 E.15678
G1 X16.39 Y4.26 E.0592
G1 X15.81 Y4.244 E.02791
G1 X13.755 Y4.246 E.09884
G1 X10.059 Y4.103 E.1779
G1 X10.881 Y3.247 E.05708
G1 X13.15 Y1.134 E.14912
G1 X13.199 Y.566 F7800
G1 F900
G1 X15.767 Y3.143 E.17498
G1 X17.393 Y4.675 E.10745
G1 X15.81 Y4.629 E.07617
G1 X13.746 Y4.631 E.09927
G1 X9.182 Y4.459 E.21967
G1 X10.61 Y2.972 E.09916
G1 X13.155 Y.602 E.16726
G1 X13.202 Y.044 F7800
;TYPE:External perimeter
;WIDTH:0.607385
G1 F900
G1 X13.243 Y.091 E.00422
;WIDTH:0.572563
G1 X13.285 Y.138 E.004
;WIDTH:0.537742
G1 X13.326 Y.185 E.00368
;WIDTH:0.502921
G1 X13.974 Y.817 E.04951
;WIDTH:0.47646
G1 X14.622 Y1.448 E.04649
;WIDTH:0.45
G1 X16.045 Y2.876 E.09696
G1 X18.383 Y5.089 E.15484
G1 X18.341 Y5.089 E.00202
G1 X15.816 Y5.015 E.1215
G1 X13.738 Y5.017 E.09994
G1 X8.306 Y4.815 E.26144
G1 X10.339 Y2.697 E.1412
G1 X11.739 Y1.394 E.09199
;WIDTH:0.47646
G1 X12.41 Y.787 E.0465
;WIDTH:0.502921
G1 X13.081 Y.181 E.04945
;WIDTH:0.537742
G1 X13.121 Y.135 E.0036
;WIDTH:0.572563
G1 X13.161 Y.09 E.00382
G1 X13.479 Y.334 F7800
G1 X13.179 Y1.502
;TYPE:Solid infill
;WIDTH:0.45
G1 F1200
G1 X15.288 Y3.619 E.14372
G1 X15.646 Y3.956 E.02365
G1 X13.761 Y3.956 E.09066
G1 X10.715 Y3.837 E.14661
G1 X11.084 Y3.453 E.02561
G1 X13.038 Y1.634 E.1284
G1 X13.169 Y2.038 E.02043
G1 X14.696 Y3.571 E.10407
G1 X13.769 Y3.571 E.04459
G1 X11.614 Y3.486 E.10373
G1 X13.028 Y2.17 E.09291
G1 X13.158 Y2.611 E.02211
;WIDTH:0.502259
G1 X13.701 Y3.156 E.04202
G1 X12.618 Y3.114 E.05919
G1 X13.017 Y2.742 E.02979
G1 E-2 F2400
G1 X13.443 Y-3.899 F7800
G1 E2 F2400
;WIDTH:0.45
G1 F1200
G1 X12.204 Y-3.848 E.05964
G1 X10.702 Y-3.82 E.07225
G1 X13.19 Y-1.465 E.16477
G1 X15.669 Y-3.93 E.16814
G1 X13.636 Y-3.907 E.09779
G1 X13.646 Y-3.521 E.01857
G1 X14.723 Y-3.533 E.0518
G1 X13.184 Y-2.003 E.10438
G1 X11.664 Y-3.452 E.101
G1 X13.454 Y-3.513 E.08614
G1 X13.166 Y-3.092 E.02453
;WIDTH:0.496908
G1 X13.72 Y-3.113 E.02991
G1 X13.178 Y-2.574 E.04124
G1 X12.657 Y-3.071 E.03884
G1 X12.973 Y-3.084 E.01706
G1 E-2 F2400
G1 X-12.086 Y-1.272 F7800
G1 E2 F2400
;TYPE:Perimeter
;WIDTH:0.45
G1 F900
G1 X-12.304 Y-1.059 E.01466
G1 X-13.254 Y-1.957 E.06287
G1 X-15.499 Y-4.197 E.15253
G1 X-12.88 Y-4.115 E.12603
G1 X-9.185 Y-4.071 E.17773
G1 X-10 Y-3.348 E.0524
G1 X-11.101 Y-2.233 E.07537
G1 X-12.043 Y-1.314 E.0633
G1 X-12.065 Y-.754 F7800
G1 F900
G1 X-12.3 Y-.524 E.01582
G1 X-13.522 Y-1.68 E.08091
G1 X-15.774 Y-3.921 E.1528
G1 X-16.499 Y-4.604 E.04791
G1 X-16.21 Y-4.61 E.0139
G1 X-12.876 Y-4.5 E.16044
G1 X-8.765 Y-4.452 E.19774
G1 X-8.197 Y-4.429 E.02734
G1 X-9.726 Y-3.077 E.09817
G1 X-10.829 Y-1.959 E.07554
G1 X-12.022 Y-.796 E.08013
G1 E-2 F2400
G1 X-12.522 Y1.275 F7800
G1 E2 F2400
G1 F900
G1 X-12.296 Y1.056 E.01514
G1 X-11.458 Y1.884 E.05666
G1 X-9.174 Y4.048 E.15133
G1 X-11.886 Y4.096 E.13046
G1 X-15.552 Y4.199 E.17639
G1 X-12.565 Y1.316 E.19967
G1 X-12.535 Y.751 F7800
G1 F900
G1 X-12.292 Y.517 E.01623
G1 X-11.193 Y1.604 E.07435
G1 X-8.212 Y4.417 E.19713
G1 X-11.869 Y4.481 E.17592
G1 X-16.527 Y4.604 E.22411
G1 X-12.578 Y.793 E.26395
G1 X-12.444 Y-.002 F7800
;TYPE:External perimeter
;WIDTH:0.39128
G1 F1800
G1 X-12.455 Y-.062 E.00249
;WIDTH:0.423422
G1 X-12.468 Y-.134 E.00328
;WIDTH:0.45
G1 X-13.791 Y-1.403 E.08817
G1 X-16.046 Y-3.647 E.15301
G1 X-17.449 Y-4.968 E.09268
G1 X-16.208 Y-4.996 E.0597
G1 X-12.875 Y-4.886 E.16039
G1 X-8.755 Y-4.837 E.19817
G1 X-7.222 Y-4.776 E.07379
G1 X-9.451 Y-2.806 E.14308
G1 X-12.126 Y-.137 E.18175
;WIDTH:0.423422
G1 X-12.137 Y-.078 E.00269
;WIDTH:0.39128
G1 X-12.148 Y-.019 E.00245
;WIDTH:0.391638
G1 X-12.132 Y.056 E.00313
;WIDTH:0.424137
G1 X-12.116 Y.131 E.00344
;WIDTH:0.45
G1 X-10.928 Y1.324 E.08098
G1 X-8.5 Y3.624 E.16086
G1 X-7.246 Y4.786 E.08223
G1 X-11.862 Y4.867 E.22205
G1 X-16.204 Y4.989 E.20892
G1 X-17.485 Y4.992 E.06161
G1 X-12.463 Y.129 E.33623
;WIDTH:0.424137
G1 X-12.452 Y.069 E.00274
;WIDTH:0.391638
G1 X-12.45 Y.057 E.0005
G1 X-12.645 Y-.292 F7800
G1 X-12.298 Y1.461
;TYPE:Solid infill
;WIDTH:0.45
G1 F1200
G1 X-11.674 Y2.078 E.04221
G1 X-9.887 Y3.772 E.11843
G1 X-11.892 Y3.807 E.09645
G1 X-14.814 Y3.889 E.14059
G1 X-12.437 Y1.595 E.15888
G1 X-12.301 Y2 E.02055
G1 X-10.837 Y3.402 E.09749
G1 X-13.831 Y3.475 E.14404
G1 X-12.44 Y2.134 E.09293
G1 X-12.305 Y2.552 E.02113
;WIDTH:0.469374
G1 X-11.811 Y3.024 E.03451
G1 X-12.822 Y3.051 E.05109
G1 X-12.444 Y2.686 E.02654
G1 E-2 F2400
G1 X-12.907 Y-3.826 F7800
G1 E2 F2400
;WIDTH:0.45
G1 F1200
G1 X-9.937 Y-3.791 E.14286
G1 X-10.208 Y-3.549 E.01747
G1 X-11.305 Y-2.438 E.07509
G1 X-12.307 Y-1.46 E.06734
G1 X-13.052 Y-2.164 E.0493
G1 X-14.785 Y-3.888 E.11757
G1 X-13.1 Y-3.832 E.08109
G1 X-13.105 Y-3.447 E.01852
G1 X-13.818 Y-3.47 E.03431
G1 X-12.312 Y-1.995 E.10139
G1 X-10.881 Y-3.416 E.097
G1 X-12.912 Y-3.44 E.09769
G1 X-12.823 Y-3.041 E.01966
;WIDTH:0.474495
G1 X-11.822 Y-3.03 E.05121
G1 X-12.316 Y-2.546 E.03538
G1 X-12.686 Y-2.906 E.02641
G1 E-10 F2400
T1
G1 X11.432 Y.011 F7800
G1 Z6.05
G1 E10 F2400
;TYPE:Perimeter
;WIDTH:0.45
G1 F900
G1 X10.569 Y.814 E.0567
G1 X9.502 Y1.808 E.07014
G1 X8.619 Y2.726 E.06126
G1 X8.605 Y2.54 E.00897
G1 X8.703 Y-.03 E.1237
G1 X8.629 Y-2.641 E.12563
G1 X11.388 Y-.03 E.1827
G1 X11.994 Y.015 F7800
G1 F900
G1 X10.832 Y1.096 E.07633
G1 X9.742 Y2.113 E.0717
G1 X8.3 Y3.615 E.10014
G1 X8.219 Y2.547 E.05151
G1 X8.318 Y-.02 E.12356
G1 X8.26 Y-2.12 E.10104
G1 X8.21 Y-2.906 E.03788
G1 X8.204 Y-3.591 E.03295
G1 X9.282 Y-2.544 E.07228
G1 X9.709 Y-2.163 E.02752
G1 X11.951 Y-.027 E.14894
G1 X12.556 Y.018 F7800
;TYPE:External perimeter
G1 F900
G1 X11.095 Y1.379 E.09603
G1 X10.02 Y2.38 E.07065
G1 X7.981 Y4.504 E.14161
G1 X7.833 Y2.555 E.09401
G1 X7.932 Y-.009 E.12341
G1 X7.875 Y-2.109 E.10104
G1 X7.824 Y-2.882 E.03726
G1 X7.811 Y-4.511 E.07835
G1 X9.539 Y-2.831 E.11592
G1 X9.971 Y-2.446 E.02783
G1 X12.513 Y-.023 E.16891
G1 X12.264 Y.29 F7800
G1 E-2 F2400
G1 X8.94 Y-1.946 F7800
G1 E2 F2400
;TYPE:Solid infill
G1 F1200
G1 X11.01 Y.009 E.13694
G1 X9.307 Y1.595 E.11193
G1 X8.915 Y2 E.02711
G1 X8.992 Y.006 E.09598
G1 X8.945 Y-1.753 E.08463
G1 X9.35 Y-1.04 F7800
G1 F1200
G1 X10.447 Y.006 E.0729
G1 X9.338 Y1.039 E.07289
G1 X9.378 Y.021 E.049
G1 X9.355 Y-.847 E.04176
G1 X9.872 Y-.014 F7800
;WIDTH:0.548731
G1 F1200
G1 X9.829 Y-.056 E.00363
G1 X9.77 Y-.041 E.00368
G1 X9.755 Y.018 E.00368
G1 X9.797 Y.061 E.00363
G1 X9.856 Y.045 E.00369
G1 E-2 F2400
G1 X14.928 Y.025 F7800
G1 E2 F2400
;TYPE:Perimeter
;WIDTH:0.45
G1 F900
G1 X17.8 Y-2.826 E.19464
G1 X17.727 Y-.03 E.13452
G1 X17.726 Y2.228 E.1086
G1 X17.746 Y2.801 E.02758
G1 X16.894 Y1.998 E.05631
G1 X14.97 Y.067 E.13111
G1 X14.382 Y.023 F7800
G1 F900
G1 X18.21 Y-3.764 E.25899
G1 X18.113 Y-.045 E.17893
G1 X18.111 Y2.204 E.10817
G1 X18.125 Y2.706 E.02415
G1 X18.225 Y3.782 E.05197
G1 X16.625 Y2.274 E.10575
G1 X14.424 Y.066 E.14995
G1 X13.836 Y.022 F7800
;TYPE:External perimeter
G1 F900
G1 X17.019 Y-3.142 E.21586
G1 X18.621 Y-4.702 E.10755
G1 X18.498 Y-.035 E.22454
G1 X18.497 Y1.647 E.0809
G1 X18.509 Y2.67 E.04921
G1 X18.692 Y4.63 E.09468
G1 X18.695 Y4.765 E.00649
G1 X16.356 Y2.551 E.1549
G1 X13.879 Y.065 E.16879
G1 X14.117 Y-.256 F7800
G1 E-2 F2400
G1 X17.492 Y-2.117 F7800
G1 E2 F2400
;TYPE:Solid infill
G1 F1200
G1 X17.438 Y-.058 E.09906
G1 X17.439 Y2.114 E.10447
G1 X17.095 Y1.79 E.02273
G1 X15.337 Y.025 E.11982
G1 X17.355 Y-1.981 E.13685
G1 X17.081 Y-1.165 F7800
G1 F1200
G1 X17.052 Y-.058 E.05326
G1 X17.053 Y1.201 E.06055
G1 X15.882 Y.027 E.07975
G1 X16.944 Y-1.029 E.07203
G1 X16.72 Y-.329 E.03535
;WIDTH:0.356025
G1 X16.714 Y.381 E.02583
G1 X16.362 Y.028 E.01813
G1 X16.584 Y-.193 E.01139
G1 E-2 F2400
G1 X-10.533 Y-.003 F7800
G1 E2 F2400
;TYPE:Perimeter
;WIDTH:0.45
G1 F900
G1 X-8.607 Y-1.923 E.1308
G1 X-7.862 Y-2.581 E.04781
G1 X-7.833 Y-1.556 E.04932
G1 X-7.866 Y1.054 E.12554
G1 X-7.805 Y2.6 E.07442
G1 X-10.49 Y.038 E.1785
G1 X-11.084 Y-.005 F7800
G1 F900
G1 X-9.965 Y-1.097 E.0752
G1 X-8.872 Y-2.203 E.07479
G1 X-7.396 Y-3.507 E.09473
G1 X-7.479 Y-2.502 E.0485
G1 X-7.447 Y-1.56 E.04533
G1 X-7.48 Y1.039 E.12501
G1 X-7.382 Y3.522 E.11952
G1 X-10.348 Y.723 E.19615
G1 X-11.041 Y.037 E.0469
G1 X-11.634 Y-.007 F7800
;TYPE:External perimeter
G1 F900
G1 X-10.239 Y-1.368 E.09374
G1 X-9.137 Y-2.483 E.0754
G1 X-6.928 Y-4.435 E.14178
G1 X-7.094 Y-2.515 E.09269
G1 X-7.061 Y-1.565 E.04572
G1 X-7.095 Y1.024 E.12453
G1 X-7.002 Y3.408 E.11475
G1 X-6.94 Y4.456 E.05049
G1 X-8.192 Y3.297 E.08206
G1 X-10.616 Y1 E.16062
G1 X-11.591 Y.035 E.06598
G1 X-11.35 Y-.284 F7800
G1 E-2 F2400
G1 X-8.136 Y-1.953 F7800
G1 E2 F2400
;TYPE:Solid infill
G1 F1200
G1 X-8.124 Y-1.598 E.01708
G1 X-8.155 Y.998 E.12487
G1 X-8.122 Y1.901 E.04346
G1 X-10.12 Y-.004 E.13278
G1 X-8.28 Y-1.825 E.12451
G1 X-8.516 Y-1.06 F7800
G1 F1200
G1 X-8.541 Y.969 E.0976
G1 X-9.568 Y-.01 E.06824
G1 X-8.652 Y-.924 E.06224
G1 X-8.899 Y-.032 F7800
;WIDTH:0.533399
G1 F1200
G1 X-8.941 Y-.074 E.00347
G1 X-8.997 Y-.059 E.00339
G1 X-9.013 Y-.002 E.00346
G1 X-8.971 Y.04 E.00347
G1 X-8.914 Y.024 E.00346
G1 E-2 F2400
G1 X-14.079 Y.008 F7800
G1 E2 F2400
;TYPE:Perimeter
;WIDTH:0.45
G1 F900
G1 X-16.944 Y2.773 E.1915
G1 X-16.86 Y1.788 E.04755
G1 X-16.75 Y.091 E.08179
G1 X-16.848 Y-1.036 E.05441
G1 X-16.913 Y-2.765 E.08322
G1 X-16.898 Y-2.772 E.0008
G1 X-14.632 Y-.518 E.15372
G1 X-14.12 Y-.033 E.03392
G1 X-13.519 Y.004 F7800
G1 F900
G1 X-17.37 Y3.719 E.25736
G1 X-17.327 Y2.704 E.04886
G1 X-17.245 Y1.763 E.04543
G1 X-17.135 Y.066 E.08179
G1 X-17.232 Y-1.01 E.05196
G1 X-17.335 Y-3.714 E.13015
G1 X-16.629 Y-3.049 E.04665
G1 X-14.367 Y-.798 E.15348
G1 X-13.563 Y-.037 E.05324
G1 X-12.961 Y.001 F7800
;TYPE:External perimeter
G1 F900
G1 X-17.795 Y4.666 E.32311
G1 X-17.713 Y2.706 E.09435
G1 X-17.63 Y1.738 E.04673
G1 X-17.52 Y.041 E.08179
G1 X-17.617 Y-.984 E.04952
G1 X-17.757 Y-4.64 E.17597
G1 X-16.361 Y-3.326 E.09221
G1 X-14.102 Y-1.078 E.15328
G1 X-13.004 Y-.04 E.07267
G1 X-13.247 Y.277 F7800
G1 E-2 F2400
G1 X-16.597 Y-2.065 F7800
G1 E2 F2400
;TYPE:Solid infill
G1 F1200
G1 X-14.495 Y.008 E.14199
G1 X-16.596 Y2.035 E.14041
G1 X-16.46 Y.032 E.09656
G1 X-16.559 Y-1.056 E.05255
G1 X-16.59 Y-1.872 E.03928
G1 X-16.162 Y-1.088 F7800
G1 F1200
G1 X-15.048 Y.005 E.07506
G1 X-16.143 Y1.062 E.0732
G1 X-16.075 Y.058 E.0484
G1 X-16.157 Y-.901 E.04629
G1 X-15.597 Y-.012 F7800
;WIDTH:0.521793
G1 F1200
G1 X-15.637 Y-.052 E.00323
G1 X-15.693 Y-.037 E.00331
G1 X-15.707 Y.018 E.00324
G1 X-15.667 Y.058 E.00323
G1 X-15.612 Y.043 E.00325
;LAYER_CHANGE
;Z:6.35
;HEIGHT:0.3
G1 E-2 F2400
G1 Z6.35 F7800
G1 Z6.35
G1 X11.31 Y.011
G1 E2 F2400
;TYPE:Perimeter
;WIDTH:0.45
G1 F900
G1 X10.447 Y.81 E.05657
G1 X9.39 Y1.789 E.06929
G1 X8.501 Y2.709 E.06153
G1 X8.488 Y2.526 E.00882
G1 X8.592 Y-.031 E.12308
G1 X8.521 Y-2.59 E.12313
G1 X9.338 Y-1.862 E.05263
G1 X11.27 Y-.03 E.12806
G1 X11.875 Y.014 F7800
G1 F900
G1 X10.709 Y1.093 E.07641
G1 X9.628 Y2.095 E.07089
G1 X8.18 Y3.598 E.10038
G1 X8.101 Y2.532 E.05141
G1 X8.207 Y-.02 E.12285
G1 X8.134 Y-2.599 E.12409
G1 X8.067 Y-3.168 E.02756
G1 X8.063 Y-3.572 E.01943
G1 X8.864 Y-2.795 E.05367
G1 X9.598 Y-2.146 E.04712
G1 X11.834 Y-.027 E.14816
G1 X12.44 Y.016 F7800
;TYPE:External perimeter
G1 F900
G1 X10.971 Y1.376 E.09628
G1 X9.906 Y2.363 E.06984
G1 X7.859 Y4.487 E.14188
G1 X7.715 Y2.538 E.094
G1 X7.821 Y-.009 E.12261
G1 X7.751 Y-2.554 E.12245
G1 X7.681 Y-3.153 E.02901
G1 X7.67 Y-4.491 E.06436
G1 X9.119 Y-3.084 E.09714
G1 X9.859 Y-2.431 E.04747
G1 X12.397 Y-.025 E.1682
G1 X12.147 Y.288 F7800
G1 E-2 F2400
G1 X8.874 Y.198 F7800
G1 E2 F2400
;TYPE:Solid infill
G1 F1200
G1 X8.8 Y1.983 E.08593
G1 X9.195 Y1.575 E.02731
G1 X10.889 Y.007 E.11102
G1 X8.83 Y-1.925 E.1358
G1 X8.882 Y.006 E.09291
G1 X9.267 Y.022 E.01853
G1 X9.24 Y-1.025 E.05037
G1 X10.325 Y.004 E.07192
G1 X9.226 Y1.022 E.07205
G1 X9.259 Y.214 E.03889
G1 X9.682 Y-.057 E.02416
;WIDTH:0.537509
G1 X9.64 Y-.015 E.00351
G1 X9.655 Y.042 E.00348
G1 X9.712 Y.057 E.00348
G1 X9.754 Y.015 E.00351
G1 X9.739 Y-.042 E.00348
G1 E-2 F2400
G1 X14.83 Y.026 F7800
G1 E2 F2400
;TYPE:Perimeter
;WIDTH:0.45
G1 F900
G1 X17.698 Y-2.807 E.19389
G1 X17.623 Y-.046 E.13284
G1 X17.642 Y2.778 E.13583
G1 X16.763 Y1.968 E.05749
G1 X14.873 Y.068 E.1289
G1 X14.284 Y.023 F7800
G1 F900
G1 X18.11 Y-3.743 E.25821
G1 X18.009 Y-.061 E.17716
G1 X18.008 Y1.602 E.07998
G1 X18.01 Y2.57 E.04656
G1 X18.118 Y3.765 E.05771
G1 X16.496 Y2.246 E.10688
G1 X14.326 Y.066 E.14794
G1 X13.738 Y.021 F7800
;TYPE:External perimeter
G1 F900
G1 X17.011 Y-3.215 E.22137
G1 X18.521 Y-4.679 E.10116
G1 X18.395 Y-.051 E.22267
G1 X18.394 Y2.535 E.12438
G1 X18.594 Y4.751 E.10702
G1 X16.228 Y2.523 E.15631
G1 X13.78 Y.064 E.16688
G1 X14.02 Y-.257 F7800
G1 X15.24 Y.027
;TYPE:Solid infill
G1 F1200
G1 X17.39 Y-2.098 E.14539
G1 X17.335 Y-.076 E.09729
G1 X17.333 Y2.1 E.10466
G1 X16.964 Y1.759 E.02417
G1 X15.376 Y.164 E.10825
G1 X15.786 Y.029 E.02076
G1 X16.978 Y-1.149 E.0806
G1 X16.949 Y-.076 E.05163
G1 X16.948 Y1.197 E.06123
G1 X15.922 Y.166 E.06996
G1 X16.449 Y-.037 E.02716
;WIDTH:0.640939
G1 X16.398 Y.014 E.00519
G1 X16.417 Y.083 E.00515
G1 X16.486 Y.102 E.00515
G1 X16.537 Y.051 E.00519
G1 X16.519 Y-.019 E.0052
G1 E-2 F2400
G1 X-10.399 Y-.005 F7800
G1 E2 F2400
;TYPE:Perimeter
;WIDTH:0.45
G1 F900
G1 X-8.566 Y-1.843 E.12485
G1 X-7.749 Y-2.57 E.0526
G1 X-7.709 Y-1.236 E.06419
G1 X-7.743 Y1.282 E.12112
G1 X-7.694 Y2.567 E.06185
G1 X-9.676 Y.711 E.1306
G1 X-10.356 Y.037 E.04605
G1 X-10.949 Y-.007 F7800
G1 F900
G1 X-10.165 Y-.772 E.05268
G1 X-8.832 Y-2.123 E.09128
G1 X-7.282 Y-3.502 E.09978
G1 X-7.366 Y-2.484 E.04913
G1 X-7.323 Y-1.24 E.05987
G1 X-7.357 Y1.318 E.12304
G1 X-7.271 Y3.492 E.10464
G1 X-9.943 Y.989 E.17609
G1 X-10.906 Y.035 E.0652
G1 X-11.499 Y-.009 F7800
;TYPE:External perimeter
G1 F900
G1 X-10.439 Y-1.043 E.07122
G1 X-9.097 Y-2.403 E.0919
G1 X-6.815 Y-4.415 E.14632
G1 X-6.981 Y-2.498 E.09255
G1 X-6.938 Y-1.244 E.06035
G1 X-6.972 Y1.302 E.12246
G1 X-6.833 Y4.43 E.15059
G1 X-10.211 Y1.266 E.22261
G1 X-11.457 Y.033 E.08431
G1 X-11.215 Y-.286 F7800
G1 X-9.987 Y-.005
;TYPE:Solid infill
G1 F1200
G1 X-8.371 Y-1.629 E.11019
G1 X-8.023 Y-1.94 E.02245
G1 X-8.007 Y-1.488 E.02175
G1 X-8.032 Y1.276 E.13294
G1 X-8.01 Y1.875 E.02883
G1 X-9.85 Y.131 E.12193
G1 X-9.441 Y-.007 E.02076
G1 X-8.397 Y-1.057 E.07122
G1 X-8.415 Y.967 E.09735
G1 X-9.301 Y.126 E.05875
G1 X-8.849 Y-.068 E.02366
;WIDTH:0.534007
G1 X-8.89 Y-.026 E.00344
G1 X-8.875 Y.03 E.0034
G1 X-8.819 Y.046 E.00341
G1 X-8.777 Y.004 E.00348
G1 X-8.792 Y-.053 E.00345
G1 E-2 F2400
G1 X-14.005 Y.006 F7800
G1 E2 F2400
;TYPE:Perimeter
;WIDTH:0.45
G1 F900
G1 X-14.821 Y.801 E.05479
G1 X-16.878 Y2.76 E.13662
G1 X-16.762 Y1.408 E.06527
G1 X-16.676 Y.084 E.06381
G1 X-16.804 Y-1.353 E.06939
G1 X-16.857 Y-2.771 E.06825
G1 X-14.875 Y-.814 E.13397
G1 X-14.049 Y-.035 E.05461
G1 X-13.448 Y.002 F7800
G1 F900
G1 X-14.552 Y1.077 E.07411
G1 X-17.304 Y3.707 E.18309
G1 X-17.261 Y2.694 E.04877
G1 X-17.147 Y1.383 E.06329
G1 X-17.061 Y.059 E.06381
G1 X-17.189 Y-1.327 E.06695
G1 X-17.278 Y-3.712 E.11479
G1 X-16.578 Y-3.053 E.04624
G1 X-14.61 Y-1.095 E.13352
G1 X-13.492 Y-.039 E.07397
G1 X-12.891 Y-.002 F7800
;TYPE:External perimeter
G1 F900
G1 X-14.283 Y1.353 E.09343
G1 X-17.73 Y4.655 E.22958
G1 X-17.647 Y2.696 E.09431
G1 X-17.532 Y1.358 E.06459
G1 X-17.446 Y.034 E.06381
G1 X-17.574 Y-1.301 E.0645
G1 X-17.698 Y-4.637 E.16056
G1 X-16.309 Y-3.33 E.09173
G1 X-14.345 Y-1.375 E.13328
G1 X-12.935 Y-.043 E.09329
G1 X-13.176 Y.275 F7800
G1 E-2 F2400
G1 X-16.386 Y.003 F7800
G1 E2 F2400
;TYPE:Solid infill
G1 F1200
G1 X-16.515 Y-1.372 E.06642
G1 X-16.541 Y-2.065 E.03335
G1 X-15.098 Y-.628 E.09795
G1 X-14.424 Y.009 E.0446
G1 X-16.529 Y2.022 E.14009
G1 X-16.398 Y.196 E.08805
G1 X-16.015 Y.161 E.0185
G1 X-16.072 Y1.052 E.04294
G1 X-14.984 Y.011 E.07242
G1 X-16.101 Y-1.082 E.07517
G1 X-16.002 Y-.032 E.05073
G1 X-15.6 Y-.041 E.01934
;WIDTH:0.507815
G1 X-15.639 Y-.002 E.00305
G1 X-15.625 Y.052 E.00309
G1 X-15.571 Y.066 E.00309
G1 X-15.532 Y.027 E.00305
G1 X-15.546 Y-.027 E.00309
G1 E-10 F2400
T0
G1 X13.086 Y1.097 F7800
G1 Z6.35
G1 E10 F2400
;TYPE:Perimeter
;WIDTH:0.45
G1 F900
G1 X15.367 Y3.389 E.15553
G1 X16.286 Y4.239 E.06021
G1 X13.68 Y4.241 E.12534
G1 X9.939 Y4.088 E.18008
G1 X10.765 Y3.232 E.05721
G1 X13.042 Y1.123 E.14927
G1 X13.092 Y.556 F7800
G1 F900
G1 X15.64 Y3.117 E.17375
G1 X17.268 Y4.641 E.10726
G1 X16.665 Y4.624 E.02901
G1 X13.671 Y4.627 E.144
G1 X11.682 Y4.535 E.09577
G1 X9.062 Y4.443 E.12609
G1 X10.495 Y2.956 E.09932
G1 X13.048 Y.593 E.16731
G1 X13.095 Y.043 F7800
;TYPE:External perimeter
;WIDTH:0.623523
G1 F900
G1 X13.139 Y.091 E.00454
;WIDTH:0.583732
G1 X13.184 Y.138 E.00421
;WIDTH:0.543941
G1 X13.228 Y.185 E.00385
;WIDTH:0.50415
G1 X13.871 Y.812 E.04926
;WIDTH:0.477075
G1 X14.514 Y1.439 E.04623
;WIDTH:0.45
G1 X15.913 Y2.845 E.0954
G1 X18.263 Y5.057 E.15522
G1 X16.665 Y5.009 E.07689
G1 X13.662 Y5.012 E.14443
G1 X11.671 Y4.921 E.09586
G1 X8.184 Y4.799 E.16782
G1 X10.225 Y2.681 E.14147
G1 X11.63 Y1.38 E.0921
;WIDTH:0.477075
G1 X12.298 Y.78 E.04622
;WIDTH:0.50415
G1 X12.966 Y.18 E.04925
;WIDTH:0.543941
G1 X13.009 Y.134 E.00377
;WIDTH:0.583732
G1 X13.052 Y.089 E.00403
;WIDTH:0.623523
G1 X13.054 Y.087 E.0002
G1 X13.373 Y.327 F7800
G1 X13.092 Y-1.058
;TYPE:Perimeter
;WIDTH:0.45
G1 F900
G1 X13.087 Y-1.053 E.00034
G1 X10.671 Y-3.343 E.16011
G1 X9.849 Y-4.078 E.05304
G1 X11.545 Y-4.111 E.08159
G1 X13.554 Y-4.194 E.09671
G1 X16.3 Y-4.227 E.13208
G1 X13.135 Y-1.1 E.21399
G1 X13.094 Y-.518 F7800
G1 F900
G1 X13.093 Y-.516 E.00011
G1 X10.415 Y-3.054 E.17746
G1 X9.684 Y-3.7 E.04692
G1 X8.917 Y-4.445 E.05143
G1 X11.529 Y-4.496 E.12565
G1 X13.544 Y-4.58 E.097
G1 X17.255 Y-4.616 E.17849
G1 X13.137 Y-.56 E.278
G1 X13.095 Y-.005 F7800
;TYPE:External perimeter
;WIDTH:0.623527
G1 F900
G1 X13.053 Y-.051 E.00434
;WIDTH:0.584426
G1 X13.01 Y-.096 E.00404
;WIDTH:0.545326
G1 X12.968 Y-.142 E.00374
;WIDTH:0.506226
G1 X12.304 Y-.752 E.04969
;WIDTH:0.478113
G1 X11.64 Y-1.362 E.04653
;WIDTH:0.45
G1 X10.16 Y-2.765 E.09808
G1 X9.422 Y-3.417 E.04736
G1 X7.984 Y-4.813 E.09639
G1 X11.513 Y-4.881 E.16976
G1 X13.533 Y-4.966 E.09724
G1 X16.834 Y-5.004 E.15878
G1 X18.2 Y-4.995 E.0657
G1 X14.527 Y-1.392 E.24746
;WIDTH:0.478113
G1 X13.876 Y-.768 E.04653
;WIDTH:0.506226
G1 X13.225 Y-.144 E.0497
;WIDTH:0.545326
G1 X13.182 Y-.098 E.00378
;WIDTH:0.584426
G1 X13.138 Y-.052 E.00413
;WIDTH:0.623527
G1 X13.136 Y-.049 E.00025
G1 X12.813 Y-.285 F7800
G1 E-2 F2400
G1 X10.587 Y-3.803 F7800
G1 E2 F2400
;TYPE:Solid infill
;WIDTH:0.45
G1 F1200
G1 X11.558 Y-3.822 E.04671
G1 X13.562 Y-3.905 E.09647
G1 X15.585 Y-3.929 E.09731
G1 X13.083 Y-1.456 E.1692
G1 X10.729 Y-3.672 E.15549
G1 X11.569 Y-3.422 F7800
G1 F1200
G1 X11.574 Y-3.437 E.00076
G1 X13.572 Y-3.52 E.09618
G1 X14.635 Y-3.532 E.05113
G1 X13.077 Y-1.992 E.10536
G1 X11.709 Y-3.29 E.0907
G1 X12.543 Y-3.065 F7800
;WIDTH:0.501272
G1 F1200
G1 X13.622 Y-3.109 E.05885
G1 X13.071 Y-2.565 E.04219
G1 X12.683 Y-2.933 E.02914
G1 E-2 F2400
G1 X10.596 Y3.823 F7800
G1 E2 F2400
;WIDTH:0.45
G1 F1200
G1 X10.967 Y3.438 E.02572
G1 X13.07 Y1.491 E.13784
G1 X15.16 Y3.591 E.1425
G1 X15.548 Y3.95 E.02542
G1 X13.686 Y3.952 E.08956
G1 X10.789 Y3.831 E.13946
G1 X11.495 Y3.475 F7800
G1 F1200
G1 X13.059 Y2.027 E.10251
G1 X14.59 Y3.565 E.10438
G1 X13.694 Y3.566 E.04309
G1 X11.688 Y3.483 E.09656
G1 X12.504 Y3.104 F7800
;WIDTH:0.50427
G1 F1200
G1 X13.047 Y2.6 E.04065
G1 X13.594 Y3.149 E.04252
G1 X12.696 Y3.112 E.04931
G1 E-2 F2400
G1 X-12.436 Y1.259 F7800
G1 E2 F2400
;TYPE:Perimeter
;WIDTH:0.45
G1 F900
G1 X-12.193 Y1.023 E.01629
G1 X-11.048 Y2.155 E.07744
G1 X-9.044 Y4.033 E.13209
G1 X-12.114 Y4.094 E.14769
G1 X-15.492 Y4.191 E.16254
G1 X-13.493 Y2.289 E.13271
G1 X-12.478 Y1.301 E.06813
G1 X-12.457 Y.742 F7800
G1 F900
G1 X-12.191 Y.482 E.01789
G1 X-10.784 Y1.874 E.09519
G1 X-8.089 Y4.399 E.17762
G1 X-12.098 Y4.479 E.19286
G1 X-16.466 Y4.596 E.21016
G1 X-13.762 Y2.013 E.17985
G1 X-12.5 Y.784 E.08472
G1 E-2 F2400
G1 X-11.96 Y-1.266 F7800
G1 E2 F2400
G1 F900
G1 X-12.201 Y-1.031 E.01619
G1 X-13.567 Y-2.323 E.09043
G1 X-15.449 Y-4.199 E.12781
G1 X-12.816 Y-4.114 E.1267
G1 X-9.066 Y-4.065 E.18038
G1 X-9.961 Y-3.267 E.05767
G1 X-11.302 Y-1.908 E.09183
G1 X-11.917 Y-1.307 E.04136
G1 X-11.933 Y-.753 F7800
G1 F900
G1 X-12.197 Y-.496 E.01772
G1 X-13.766 Y-1.977 E.10377
G1 X-15.722 Y-3.925 E.13277
G1 X-16.443 Y-4.603 E.0476
G1 X-16.157 Y-4.61 E.01376
G1 X-12.812 Y-4.5 E.16097
G1 X-9.311 Y-4.462 E.1684
G1 X-8.129 Y-4.412 E.0569
G1 X-8.115 Y-4.395 E.00106
G1 X-9.686 Y-2.996 E.10118
G1 X-11.03 Y-1.635 E.092
G1 X-11.89 Y-.795 E.05782
G1 X-12.36 Y-.007 F7800
;TYPE:External perimeter
;WIDTH:0.437217
G1 F1800
G1 X-12.391 Y-.141 E.0064
;WIDTH:0.45
G1 X-14.034 Y-1.7 E.10894
G1 X-15.998 Y-3.656 E.13332
G1 X-17.39 Y-4.966 E.09194
G1 X-16.156 Y-4.996 E.05937
G1 X-12.812 Y-4.885 E.16092
G1 X-9.301 Y-4.847 E.16888
G1 X-7.108 Y-4.756 E.10557
G1 X-7.863 Y-4.104 E.04798
G1 X-9.412 Y-2.725 E.09975
G1 X-10.744 Y-1.375 E.09122
G1 X-11.996 Y-.144 E.08445
;WIDTH:0.437262
G1 X-12.03 Y-.024 E.0058
G1 X-11.989 Y.13 E.00741
;WIDTH:0.45
G1 X-10.521 Y1.592 E.09965
G1 X-7.133 Y4.766 E.22329
G1 X-12.091 Y4.865 E.23851
G1 X-16.143 Y4.982 E.19497
G1 X-17.421 Y4.982 E.06147
G1 X-15.347 Y2.979 E.13868
G1 X-14.033 Y1.738 E.08693
G1 X-12.389 Y.128 E.11067
;WIDTH:0.437324
G1 X-12.368 Y.051 E.00371
G1 X-12.567 Y-.296 F7800
G1 E-2 F2400
G1 X-14.754 Y3.882 F7800
G1 E2 F2400
;TYPE:Solid infill
;WIDTH:0.45
G1 F1200
G1 X-12.195 Y1.427 E.17056
G1 X-11.501 Y2.115 E.047
G1 X-9.758 Y3.759 E.11524
G1 X-14.562 Y3.877 E.23113
G1 X-13.77 Y3.472 F7800
G1 F1200
G1 X-12.199 Y1.966 E.10467
G1 X-10.704 Y3.396 E.0995
G1 X-13.577 Y3.467 E.13822
G1 X-12.742 Y3.044 F7800
;WIDTH:0.483947
G1 F1200
G1 X-12.204 Y2.528 E.03901
G1 X-11.692 Y3.018 E.03709
G1 X-12.549 Y3.039 E.04486
G1 E-2 F2400
G1 X-14.729 Y-3.888 F7800
G1 E2 F2400
;WIDTH:0.45
G1 F1200
G1 X-12.843 Y-3.826 E.09076
G1 X-9.807 Y-3.792 E.14603
G1 X-10.169 Y-3.468 E.02337
G1 X-12.205 Y-1.431 E.13852
G1 X-13.296 Y-2.461 E.07216
G1 X-14.592 Y-3.752 E.08798
G1 X-13.762 Y-3.47 F7800
G1 F1200
G1 X-12.848 Y-3.44 E.04398
G1 X-10.761 Y-3.417 E.10038
G1 X-12.209 Y-1.966 E.09859
G1 X-13.028 Y-2.738 E.05413
G1 X-13.626 Y-3.334 E.04061
G1 X-12.744 Y-3.031 F7800
;WIDTH:0.486544
G1 F1200
G1 X-11.716 Y-3.024 E.05413
G1 X-12.214 Y-2.525 E.03712
G1 X-12.605 Y-2.898 E.02845
;LAYER_CHANGE
;Z:6.65
;HEIGHT:0.3
G1 E-2 F2400
G1 Z6.65 F7800
G1 Z6.65
G1 X12.981 Y1.084
G1 E2 F2400
;TYPE:Perimeter
;WIDTH:0.45
G1 F900
G1 X15.194 Y3.309 E.15093
G1 X16.177 Y4.233 E.06489
G1 X13.604 Y4.237 E.12375
G1 X9.819 Y4.074 E.18221
G1 X10.649 Y3.216 E.05742
G1 X12.937 Y1.11 E.14957
G1 X12.988 Y.544 F7800
G1 F900
G1 X15.467 Y3.037 E.1691
G1 X17.161 Y4.627 E.11174
G1 X13.596 Y4.622 E.17146
G1 X8.941 Y4.428 E.22408
G1 X10.38 Y2.94 E.09956
G1 X12.944 Y.58 E.16761
G1 X12.991 Y.043 F7800
;TYPE:External perimeter
;WIDTH:0.645967
G1 F900
G1 X13.039 Y.09 E.00487
;WIDTH:0.598933
G1 X13.088 Y.138 E.00457
;WIDTH:0.551899
G1 X13.136 Y.185 E.00408
;WIDTH:0.504866
G1 X13.773 Y.806 E.04888
;WIDTH:0.477433
G1 X14.409 Y1.426 E.04576
;WIDTH:0.45
G1 X15.746 Y2.77 E.09118
G1 X18.166 Y5.042 E.15965
G1 X16.802 Y5.003 E.06563
G1 X13.587 Y5.008 E.15463
G1 X10.978 Y4.888 E.12562
G1 X8.062 Y4.783 E.14034
G1 X10.11 Y2.664 E.14174
G1 X11.524 Y1.363 E.09242
;WIDTH:0.477433
G1 X12.187 Y.771 E.04579
;WIDTH:0.504866
G1 X12.85 Y.179 E.04883
;WIDTH:0.551899
G1 X12.897 Y.134 E.00396
;WIDTH:0.598933
G1 X12.944 Y.088 E.00438
;WIDTH:0.645967
G1 X12.948 Y.085 E.00036
G1 X13.272 Y.319 F7800
G1 X12.988 Y-1.048
;TYPE:Perimeter
;WIDTH:0.45
G1 F900
G1 X12.982 Y-1.043 E.00038
G1 X10.581 Y-3.307 E.15872
G1 X9.726 Y-4.061 E.05483
G1 X10.867 Y-4.084 E.05489
G1 X13.477 Y-4.193 E.12564
G1 X16.209 Y-4.215 E.1314
G1 X13.03 Y-1.09 E.2144
G1 X12.99 Y-.508 F7800
G1 F900
G1 X12.989 Y-.507 E.00007
G1 X10.317 Y-3.027 E.17665
G1 X9.263 Y-3.955 E.06754
G1 X8.775 Y-4.427 E.03265
G1 X10.851 Y-4.47 E.09987
G1 X13.467 Y-4.579 E.12593
G1 X16.916 Y-4.606 E.16589
G1 X17.166 Y-4.604 E.01202
G1 X15.537 Y-3.027 E.10905
G1 X13.033 Y-.551 E.16937
G1 X12.991 Y-.008 F7800
;TYPE:External perimeter
;WIDTH:0.645968
G1 F900
G1 X12.945 Y-.053 E.00467
;WIDTH:0.599773
G1 X12.899 Y-.099 E.00434
;WIDTH:0.553578
G1 X12.853 Y-.144 E.00393
;WIDTH:0.507383
G1 X12.194 Y-.746 E.04932
;WIDTH:0.478691
G1 X11.534 Y-1.349 E.0462
;WIDTH:0.45
G1 X10.049 Y-2.749 E.09816
G1 X9.001 Y-3.671 E.06714
G1 X7.843 Y-4.793 E.07755
G1 X10.835 Y-4.855 E.14394
G1 X13.458 Y-4.964 E.12627
G1 X16.919 Y-4.992 E.16647
G1 X18.111 Y-4.982 E.05733
G1 X15.81 Y-2.755 E.15402
G1 X14.423 Y-1.383 E.09383
;WIDTH:0.478691
G1 X13.778 Y-.765 E.04616
;WIDTH:0.507383
G1 X13.133 Y-.148 E.04932
;WIDTH:0.553578
G1 X13.086 Y-.101 E.00406
;WIDTH:0.599773
G1 X13.038 Y-.054 E.00449
;WIDTH:0.645968
G1 X13.034 Y-.05 E.00041
G1 X12.706 Y-.279 F7800
G1 X12.965 Y1.478
;TYPE:Solid infill
;WIDTH:0.45
G1 F1200
G1 X14.988 Y3.512 E.13798
G1 X15.448 Y3.945 E.03038
G1 X13.61 Y3.948 E.0884
G1 X10.477 Y3.81 E.15083
G1 X10.851 Y3.423 E.02588
G1 X12.823 Y1.608 E.1289
G1 X12.953 Y2.013 E.02046
G1 X14.493 Y3.561 E.10502
G1 X13.619 Y3.562 E.04204
G1 X11.376 Y3.464 E.10798
G1 X12.811 Y2.143 E.09381
G1 X12.94 Y2.588 E.02228
;WIDTH:0.507727
G1 X13.491 Y3.141 E.04317
G1 X12.391 Y3.093 E.06088
G1 X12.798 Y2.718 E.0306
G1 E-2 F2400
G1 X13.291 Y-3.897 F7800
G1 E2 F2400
;WIDTH:0.45
G1 F1200
G1 X10.47 Y-3.791 E.13578
G1 X12.978 Y-1.445 E.16517
G1 X15.489 Y-3.92 E.16958
G1 X13.484 Y-3.904 E.09644
G1 X13.493 Y-3.518 E.01857
G1 X14.534 Y-3.527 E.05007
G1 X12.971 Y-1.981 E.10574
G1 X11.423 Y-3.441 E.10234
G1 X13.3 Y-3.511 E.09034
G1 X12.952 Y-3.084 E.02649
;WIDTH:0.506196
G1 X13.519 Y-3.105 E.03127
G1 X12.964 Y-2.556 E.04302
G1 X12.425 Y-3.064 E.04081
G1 X12.76 Y-3.077 E.01847
G1 E-2 F2400
G1 X-12.358 Y1.244 F7800
G1 E2 F2400
;TYPE:Perimeter
;WIDTH:0.45
G1 F900
G1 X-12.092 Y.988 E.01776
G1 X-10.646 Y2.424 E.09802
G1 X-8.938 Y4.017 E.11233
G1 X-15.427 Y4.183 E.3122
G1 X-12.402 Y1.285 E.20148
G1 X-12.386 Y.736 F7800
G1 F900
G1 X-12.089 Y.447 E.01993
G1 X-10.383 Y2.142 E.11567
G1 X-7.982 Y4.381 E.1579
G1 X-16.403 Y4.588 E.40514
G1 X-13.328 Y1.655 E.20439
G1 X-12.429 Y.778 E.06041
G1 E-2 F2400
G1 X-11.836 Y-1.259 F7800
G1 E2 F2400
G1 F900
G1 X-12.098 Y-1.002 E.01765
G1 X-13.74 Y-2.551 E.10857
G1 X-15.396 Y-4.201 E.11244
G1 X-12.751 Y-4.114 E.12728
G1 X-9.587 Y-4.081 E.15219
G1 X-8.958 Y-4.04 E.03032
G1 X-9.845 Y-3.248 E.05719
G1 X-10.392 Y-2.724 E.03643
G1 X-11.506 Y-1.581 E.07677
G1 X-11.793 Y-1.301 E.01928
G1 X-11.801 Y-.754 F7800
G1 F900
G1 X-12.094 Y-.468 E.01969
G1 X-14.009 Y-2.274 E.1266
G1 X-15.67 Y-3.929 E.11278
G1 X-16.386 Y-4.602 E.04726
G1 X-16.105 Y-4.61 E.01352
G1 X-12.747 Y-4.499 E.1616
G1 X-9.599 Y-4.467 E.15142
G1 X-7.978 Y-4.387 E.07806
G1 X-8.338 Y-4.076 E.02288
G1 X-9.578 Y-2.97 E.07992
G1 X-10.116 Y-2.454 E.03585
G1 X-11.233 Y-1.309 E.07694
G1 X-11.758 Y-.796 E.0353
G1 X-12.276 Y-.013 F7800
;TYPE:External perimeter
;WIDTH:0.446574
G1 F1800
G1 X-12.319 Y-.148 E.00675
;WIDTH:0.45
G1 X-14.277 Y-1.997 E.12953
G1 X-15.942 Y-3.656 E.11305
G1 X-17.332 Y-4.963 E.09177
G1 X-16.104 Y-4.996 E.05908
G1 X-12.744 Y-4.885 E.16169
G1 X-9.595 Y-4.852 E.15146
G1 X-6.988 Y-4.733 E.12552
G1 X-8.086 Y-3.784 E.0698
G1 X-9.311 Y-2.691 E.07896
G1 X-9.839 Y-2.185 E.03517
G1 X-10.96 Y-1.036 E.07721
G1 X-11.863 Y-.152 E.06078
;WIDTH:0.446574
G1 X-11.911 Y-.028 E.00634
;WIDTH:0.44628
G1 X-11.859 Y.13 E.00792
;WIDTH:0.45
G1 X-10.12 Y1.86 E.11798
G1 X-7.026 Y4.745 E.20347
G1 X-12.671 Y4.872 E.27157
G1 X-16.083 Y4.975 E.16418
G1 X-17.356 Y4.972 E.06123
G1 X-13.539 Y1.322 E.25401
G1 X-12.317 Y.128 E.08217
;WIDTH:0.44628
G1 X-12.285 Y.044 E.00428
G1 X-12.491 Y-.299 F7800
G1 X-12.094 Y1.393
;TYPE:Solid infill
;WIDTH:0.45
G1 F1200
G1 X-10.842 Y2.637 E.08489
G1 X-9.654 Y3.744 E.0781
G1 X-14.687 Y3.873 E.24215
G1 X-12.234 Y1.527 E.16325
G1 X-12.099 Y1.932 E.02053
G1 X-11.105 Y2.919 E.06737
G1 X-10.607 Y3.383 E.03274
G1 X-13.699 Y3.462 E.14876
G1 X-12.239 Y2.065 E.09719
G1 X-12.105 Y2.5 E.02189
;WIDTH:0.493119
G1 X-11.6 Y3.001 E.03804
G1 X-12.657 Y3.028 E.05654
G1 X-12.244 Y2.633 E.03056
G1 E-2 F2400
G1 X-13.083 Y-3.835 F7800
G1 E2 F2400
;WIDTH:0.45
G1 F1200
G1 X-9.68 Y-3.783 E.16369
G1 X-10.571 Y-2.952 E.0586
G1 X-12.103 Y-1.404 E.10475
G1 X-13.539 Y-2.758 E.09493
G1 X-14.672 Y-3.887 E.07693
G1 X-13.276 Y-3.841 E.06718
G1 X-13.278 Y-3.456 E.01852
G1 X-13.707 Y-3.47 E.02064
G1 X-12.112 Y-1.943 E.1062
G1 X-10.649 Y-3.412 E.09972
G1 X-13.086 Y-3.449 E.11722
G1 X-12.677 Y-3.036 E.02796
;WIDTH:0.493766
G1 X-11.621 Y-3.02 E.05656
G1 X-12.122 Y-2.513 E.03817
G1 X-12.537 Y-2.903 E.0305
G1 E-10 F2400
T1
G1 X11.19 Y.01 F7800
G1 Z6.65
G1 E10 F2400
;TYPE:Perimeter
;WIDTH:0.45
G1 F900
G1 X10.325 Y.806 E.05654
G1 X9.278 Y1.77 E.06845
G1 X8.383 Y2.693 E.06184
G1 X8.371 Y2.513 E.00868
G1 X8.427 Y1.556 E.04611
G1 X8.482 Y.03 E.07344
G1 X8.411 Y-2.563 E.12476
G1 X9.227 Y-1.845 E.05228
G1 X11.151 Y-.031 E.12718
G1 X11.757 Y.012 F7800
G1 F900
G1 X10.586 Y1.09 E.07655
G1 X9.515 Y2.078 E.07008
G1 X8.061 Y3.582 E.10061
G1 X7.986 Y2.49 E.05265
G1 X8.042 Y1.542 E.04567
G1 X8.096 Y-.02 E.07517
G1 X8.027 Y-2.532 E.12086
G1 X7.921 Y-3.554 E.04942
G1 X8.444 Y-3.048 E.035
G1 X9.487 Y-2.13 E.06683
G1 X11.716 Y-.029 E.14732
G1 X12.324 Y.015 F7800
;TYPE:External perimeter
G1 F900
G1 X10.847 Y1.374 E.09653
G1 X9.792 Y2.346 E.06899
G1 X7.738 Y4.471 E.14215
G1 X7.602 Y2.578 E.09128
G1 X7.711 Y-.01 E.12458
G1 X7.642 Y-2.521 E.12082
G1 X7.537 Y-3.424 E.04372
G1 X7.528 Y-4.472 E.05041
G1 X8.699 Y-3.338 E.0784
G1 X9.747 Y-2.416 E.06714
G1 X12.28 Y-.026 E.1675
G1 X12.03 Y.285 F7800
G1 E-2 F2400
G1 X8.72 Y-1.907 F7800
G1 E2 F2400
;TYPE:Solid infill
G1 F1200
G1 X10.768 Y.005 E.13476
G1 X9.084 Y1.556 E.11011
G1 X8.689 Y1.962 E.02724
G1 X8.771 Y.004 E.09426
G1 X8.725 Y-1.714 E.08266
G1 X9.13 Y-1.009 F7800
G1 F1200
G1 X10.202 Y.002 E.07087
G1 X9.115 Y1.003 E.07107
G1 X9.157 Y-.019 E.0492
G1 X9.135 Y-.817 E.0384
G1 X9.637 Y-.017 F7800
;WIDTH:0.526253
G1 F1200
G1 X9.596 Y-.058 E.00334
G1 X9.54 Y-.043 E.00334
G1 X9.525 Y.013 E.00334
G1 X9.566 Y.054 E.00334
G1 X9.622 Y.039 E.00334
G1 E-2 F2400
G1 X14.742 Y.021 F7800
G1 E2 F2400
;TYPE:Perimeter
;WIDTH:0.45
G1 F900
G1 X17.601 Y-2.796 E.19304
G1 X17.527 Y-.046 E.13231
G1 X17.539 Y2.778 E.13583
G1 X16.594 Y1.891 E.06234
G1 X14.777 Y.064 E.12393
G1 X14.194 Y.02 F7800
G1 F900
G1 X18.012 Y-3.727 E.25729
G1 X17.913 Y-.046 E.17711
G1 X17.914 Y2.612 E.12784
G1 X18.009 Y3.748 E.05483
G1 X16.325 Y2.168 E.11106
G1 X14.232 Y.063 E.14277
G1 X13.645 Y.02 F7800
;TYPE:External perimeter
G1 F900
G1 X16.913 Y-3.204 E.22079
G1 X18.422 Y-4.659 E.10082
G1 X18.298 Y-.052 E.22166
G1 X18.3 Y2.612 E.12813
G1 X18.479 Y4.718 E.10166
G1 X16.057 Y2.445 E.15975
G1 X13.687 Y.062 E.16165
G1 X13.927 Y-.258 F7800
G1 E-2 F2400
G1 X17.292 Y-2.089 F7800
G1 E2 F2400
;TYPE:Solid infill
G1 F1200
G1 X17.238 Y-.076 E.09685
G1 X17.239 Y2.1 E.10466
G1 X16.796 Y1.684 E.02923
G1 X15.148 Y.027 E.1124
G1 X17.155 Y-1.953 E.1356
G1 X16.881 Y-1.141 F7800
G1 F1200
G1 X16.853 Y-.076 E.05124
G1 X16.853 Y1.195 E.06113
G1 X15.694 Y.03 E.07904
G1 X16.744 Y-1.006 E.07095
G1 X16.443 Y.014 F7800
;WIDTH:0.637278
G1 F1200
G1 X16.392 Y-.036 E.0051
G1 X16.323 Y-.018 E.0051
G1 X16.304 Y.051 E.00511
G1 X16.355 Y.102 E.00515
G1 X16.424 Y.083 E.00511
G1 E-2 F2400
G1 X-10.266 Y-.007 F7800
G1 E2 F2400
;TYPE:Perimeter
;WIDTH:0.45
G1 F900
G1 X-8.977 Y-1.32 E.0885
G1 X-8.48 Y-1.797 E.03313
G1 X-7.635 Y-2.55 E.05444
G1 X-7.585 Y-.916 E.07863
G1 X-7.62 Y1.559 E.11905
G1 X-7.581 Y2.558 E.04809
G1 X-9.275 Y.978 E.11141
G1 X-10.224 Y.036 E.06431
G1 X-10.816 Y-.009 F7800
G1 F900
G1 X-9.249 Y-1.594 E.1072
G1 X-8.742 Y-2.08 E.03378
G1 X-7.166 Y-3.475 E.10123
G1 X-7.253 Y-2.467 E.04866
G1 X-7.199 Y-.919 E.0745
G1 X-7.234 Y1.596 E.12097
G1 X-7.158 Y3.479 E.09064
G1 X-9.542 Y1.256 E.15678
G1 X-10.773 Y.033 E.08346
G1 X-11.365 Y-.011 F7800
;TYPE:External perimeter
G1 F900
G1 X-10.64 Y-.72 E.04877
G1 X-9.52 Y-1.868 E.07714
G1 X-9.003 Y-2.363 E.03443
G1 X-6.694 Y-4.393 E.14787
G1 X-6.708 Y-4.26 E.00643
G1 X-6.867 Y-2.48 E.08595
G1 X-6.814 Y-.923 E.07493
G1 X-6.849 Y1.58 E.1204
G1 X-6.726 Y4.41 E.13624
G1 X-9.81 Y1.534 E.20282
G1 X-11.323 Y.031 E.10257
G1 X-11.081 Y-.288 F7800
G1 E-2 F2400
G1 X-7.909 Y-1.918 F7800
G1 E2 F2400
;TYPE:Solid infill
G1 F1200
G1 X-7.874 Y-.913 E.04837
G1 X-7.909 Y1.552 E.11857
G1 X-7.898 Y1.867 E.01516
G1 X-9.074 Y.77 E.07735
G1 X-9.856 Y-.007 E.05302
G1 X-8.774 Y-1.115 E.07449
G1 X-8.053 Y-1.79 E.0475
G1 X-8.266 Y-1.067 E.03625
G1 X-8.287 Y.977 E.09831
G1 X-9.313 Y-.011 E.06851
G1 X-8.402 Y-.931 E.06227
G1 X-8.647 Y-.031 F7800
;WIDTH:0.542441
G1 F1200
G1 X-8.689 Y-.073 E.00354
G1 X-8.747 Y-.058 E.00357
G1 X-8.762 Y0 E.00357
G1 X-8.72 Y.042 E.00354
G1 X-8.662 Y.027 E.00357
G1 E-2 F2400
G1 X-13.937 Y.002 F7800
G1 E2 F2400
;TYPE:Perimeter
;WIDTH:0.45
G1 F900
G1 X-13.936 Y.003 E.00007
G1 X-14.44 Y.495 E.03388
G1 X-16.812 Y2.751 E.15744
G1 X-16.664 Y1.029 E.08313
G1 X-16.605 Y-.08 E.05341
G1 X-16.759 Y-1.656 E.07616
G1 X-16.797 Y-2.778 E.054
G1 X-15.137 Y-1.129 E.11254
G1 X-13.981 Y-.039 E.07642
G1 X-13.379 Y-.001 F7800
G1 F900
G1 X-14.171 Y.771 E.0532
G1 X-17.238 Y3.698 E.20391
G1 X-17.196 Y2.692 E.04843
G1 X-17.049 Y1.004 E.08149
G1 X-16.989 Y-.042 E.05039
G1 X-17.146 Y-1.643 E.07737
G1 X-17.22 Y-3.711 E.09953
G1 X-16.526 Y-3.058 E.04583
G1 X-14.853 Y-1.391 E.11359
G1 X-13.422 Y-.042 E.09459
G1 X-12.822 Y-.006 F7800
;TYPE:External perimeter
G1 F900
G1 X-13.902 Y1.047 E.07255
G1 X-15.589 Y2.643 E.1117
G1 X-17.664 Y4.644 E.13865
G1 X-17.581 Y2.668 E.09512
G1 X-17.434 Y.979 E.08154
G1 X-17.373 Y-.005 E.04742
G1 X-17.531 Y-1.618 E.07795
G1 X-17.64 Y-4.634 E.14515
G1 X-16.257 Y-3.335 E.09126
G1 X-14.589 Y-1.672 E.11329
G1 X-12.865 Y-.047 E.11395
G1 X-13.107 Y.272 F7800
G1 E-2 F2400
G1 X-16.486 Y-2.065 F7800
G1 E2 F2400
;TYPE:Solid infill
G1 F1200
G1 X-15.319 Y-.903 E.07921
G1 X-14.355 Y.006 E.06373
G1 X-16.459 Y2.011 E.13979
G1 X-16.312 Y.026 E.09573
G1 X-16.479 Y-1.872 E.09164
G1 X-16.025 Y-1.062 F7800
G1 F1200
G1 X-14.915 Y.008 E.07415
G1 X-15.988 Y1.03 E.07127
G1 X-15.929 Y-.04 E.05154
G1 X-16.007 Y-.871 E.04014
G1 X-15.461 Y-.005 F7800
;WIDTH:0.502687
G1 F1200
G1 X-15.5 Y-.044 E.00302
G1 X-15.553 Y-.03 E.003
G1 X-15.567 Y.023 E.003
G1 X-15.528 Y.062 E.00302
G1 X-15.475 Y.048 E.003
M106 S147.9
;LAYER_CHANGE
;Z:6.95
;HEIGHT:0.3
G1 E-2 F2400
G1 Z6.95 F7800
G1 Z6.95
G1 X11.071 Y.008
G1 E2 F2400
;TYPE:Perimeter
;WIDTH:0.45
G1 F900
G1 X10.202 Y.803 E.05665
G1 X9.124 Y1.791 E.07033
G1 X8.265 Y2.677 E.05935
G1 X8.253 Y2.502 E.00844
G1 X8.329 Y1.219 E.06182
G1 X8.371 Y.03 E.05722
G1 X8.302 Y-2.542 E.12375
G1 X9.116 Y-1.829 E.05205
G1 X11.031 Y-.033 E.12627
G1 X11.639 Y.011 F7800
G1 F900
G1 X10.462 Y1.087 E.0767
G1 X9.401 Y2.06 E.06924
G1 X7.941 Y3.565 E.10085
G1 X7.867 Y2.504 E.05115
G1 X7.943 Y1.205 E.06258
G1 X7.986 Y-.021 E.059
G1 X7.917 Y-2.517 E.12009
G1 X7.803 Y-3.511 E.04812
G1 X9.375 Y-2.114 E.10115
G1 X11.598 Y-.03 E.14655
G1 X12.208 Y.013 F7800
;TYPE:External perimeter
G1 F900
G1 X10.723 Y1.372 E.09682
G1 X9.678 Y2.328 E.06812
G1 X7.616 Y4.454 E.14245
G1 X7.48 Y2.506 E.09392
G1 X7.558 Y1.191 E.06336
G1 X7.6 Y-.01 E.0578
G1 X7.532 Y-2.506 E.12009
G1 X7.393 Y-3.695 E.05758
G1 X7.387 Y-4.451 E.03636
G1 X8.275 Y-3.591 E.05946
G1 X9.634 Y-2.4 E.08691
G1 X12.164 Y-.028 E.1668
G1 X11.913 Y.283 F7800
G1 E-2 F2400
G1 X8.654 Y.195 F7800
G1 E2 F2400
;TYPE:Solid infill
G1 F1200
G1 X8.576 Y1.942 E.08411
G1 X8.964 Y1.544 E.02673
G1 X10.647 Y.004 E.10972
G1 X8.609 Y-1.888 E.13375
G1 X8.661 Y.002 E.09094
G1 X9.046 Y-.02 E.01855
G1 X9.02 Y-.994 E.04686
G1 X10.08 Y0 E.06989
G1 X9.012 Y.976 E.06959
G1 X9.04 Y.172 E.03869
G1 X9.45 Y-.058 E.02261
;WIDTH:0.514729
G1 X9.41 Y-.018 E.00318
G1 X9.425 Y.036 E.00315
G1 X9.479 Y.051 E.00315
G1 X9.519 Y.011 E.00318
G1 X9.504 Y-.044 E.0032
G1 E-2 F2400
G1 X14.648 Y.019 F7800
G1 E2 F2400
;TYPE:Perimeter
;WIDTH:0.45
G1 F900
G1 X16.264 Y-1.581 E.10938
G1 X17.507 Y-2.779 E.08303
G1 X17.432 Y-.043 E.13164
G1 X17.447 Y2.731 E.13342
G1 X16.499 Y1.88 E.06127
G1 X14.686 Y.061 E.12352
G1 X14.101 Y.018 F7800
G1 F900
G1 X15.995 Y-1.856 E.12815
G1 X17.918 Y-3.712 E.12854
G1 X17.817 Y-.044 E.17648
G1 X17.831 Y2.698 E.13188
G1 X17.92 Y3.724 E.04953
G1 X16.232 Y2.158 E.11074
G1 X14.14 Y.061 E.14247
G1 X13.553 Y.018 F7800
;TYPE:External perimeter
G1 F900
G1 X15.725 Y-2.132 E.14699
G1 X18.33 Y-4.644 E.17405
G1 X18.203 Y-.045 E.22128
G1 X18.215 Y2.664 E.13029
G1 X18.393 Y4.703 E.09844
G1 X16.921 Y3.308 E.09754
G1 X15.966 Y2.437 E.06217
G1 X13.596 Y.06 E.16144
G1 X13.835 Y-.26 F7800
G1 X15.056 Y.023
;TYPE:Solid infill
G1 F1200
G1 X17.198 Y-2.077 E.14427
G1 X17.143 Y-.041 E.09796
G1 X17.149 Y2.081 E.10206
G1 X16.699 Y1.671 E.02928
G1 X15.192 Y.16 E.10264
G1 X15.604 Y.026 E.02084
G1 X16.787 Y-1.133 E.07965
G1 X16.757 Y-.04 E.05259
G1 X16.761 Y1.186 E.05897
G1 X15.74 Y.163 E.06952
G1 X16.262 Y-.038 E.0269
;WIDTH:0.631919
G1 X16.212 Y.012 E.00501
G1 X16.23 Y.08 E.00498
G1 X16.299 Y.099 E.00507
G1 X16.349 Y.048 E.00506
G1 X16.331 Y-.02 E.00498
G1 E-2 F2400
G1 X-10.142 Y-.014 F7800
G1 E2 F2400
;TYPE:Perimeter
;WIDTH:0.45
G1 F900
G1 X-10.148 Y-.02 E.00041
G1 X-9.255 Y-.921 E.06101
G1 X-8.382 Y-1.76 E.05824
G1 X-7.522 Y-2.529 E.05549
G1 X-7.462 Y-.574 E.09407
G1 X-7.497 Y1.836 E.11592
G1 X-7.466 Y2.546 E.03418
G1 X-9.04 Y1.081 E.10342
G1 X-10.099 Y.028 E.07183
G1 X-10.689 Y-.015 F7800
G1 F900
G1 X-10.692 Y-.018 E.0002
G1 X-9.525 Y-1.196 E.07975
G1 X-8.645 Y-2.043 E.05874
G1 X-7.046 Y-3.452 E.1025
G1 X-7.139 Y-2.45 E.0484
G1 X-7.076 Y-.568 E.09057
G1 X-7.111 Y1.842 E.11592
G1 X-7.039 Y3.471 E.07843
G1 X-9.308 Y1.359 E.14909
G1 X-10.646 Y.028 E.09077
G1 X-11.236 Y-.015 F7800
;TYPE:External perimeter
G1 F900
G1 X-11.237 Y-.016 E.00007
G1 X-9.796 Y-1.471 E.09849
G1 X-8.907 Y-2.326 E.05932
G1 X-6.568 Y-4.375 E.14956
G1 X-6.754 Y-2.463 E.09239
G1 X-6.69 Y-.562 E.09148
G1 X-6.725 Y1.859 E.11645
G1 X-6.611 Y4.396 E.12214
G1 X-9.575 Y1.637 E.19476
G1 X-11.193 Y.027 E.10978
G1 X-10.959 Y-.297 F7800
G1 X-9.739 Y-.022
;TYPE:Solid infill
G1 F1200
G1 X-9.052 Y-.715 E.04693
G1 X-8.186 Y-1.548 E.05779
G1 X-7.795 Y-1.897 E.02521
G1 X-7.751 Y-.592 E.0628
G1 X-7.775 Y1.864 E.11813
G1 X-8.84 Y.873 E.06997
G1 X-9.602 Y.114 E.05173
G1 X-9.194 Y-.024 E.02072
G1 X-8.152 Y-1.046 E.0702
G1 X-8.136 Y-.587 E.02209
G1 X-8.152 Y.986 E.07566
G1 X-9.057 Y.112 E.06051
G1 X-8.594 Y-.085 E.0242
;WIDTH:0.551097
G1 X-8.637 Y-.042 E.00369
G1 X-8.621 Y.017 E.00371
G1 X-8.562 Y.033 E.00371
G1 X-8.519 Y-.01 E.00369
G1 X-8.535 Y-.069 E.00371
G1 E-2 F2400
G1 X-13.874 Y-.006 F7800
G1 E2 F2400
;TYPE:Perimeter
;WIDTH:0.45
G1 F900
G1 X-16.747 Y2.75 E.19148
G1 X-16.53 Y.086 E.12855
G1 X-16.532 Y-.087 E.00832
G1 X-16.717 Y-1.986 E.09177
G1 X-16.743 Y-2.784 E.0384
G1 X-15.381 Y-1.427 E.09247
G1 X-14.84 Y-.917 E.03576
G1 X-13.918 Y-.047 E.06097
G1 X-13.315 Y-.008 F7800
G1 F900
G1 X-17.173 Y3.693 E.25713
G1 X-17.13 Y2.68 E.04877
G1 X-16.915 Y.054 E.12672
G1 X-17.102 Y-1.96 E.09728
G1 X-17.163 Y-3.71 E.08422
G1 X-16.474 Y-3.062 E.04549
G1 X-15.108 Y-1.7 E.09278
G1 X-14.576 Y-1.197 E.03521
G1 X-13.358 Y-.049 E.0805
G1 X-12.755 Y-.01 F7800
;TYPE:External perimeter
G1 F900
G1 X-17.599 Y4.635 E.32279
G1 X-17.515 Y2.657 E.09522
G1 X-17.299 Y.023 E.12711
G1 X-17.487 Y-1.935 E.09461
G1 X-17.581 Y-4.631 E.12975
G1 X-16.206 Y-3.339 E.09075
G1 X-14.836 Y-1.973 E.09305
G1 X-14.311 Y-1.478 E.0347
G1 X-12.799 Y-.052 E.09996
G1 X-13.043 Y.265 F7800
G1 E-2 F2400
G1 X-16.239 Y-.014 F7800
G1 E2 F2400
;TYPE:Solid infill
G1 F1200
G1 X-16.431 Y-2.066 E.09913
G1 X-15.558 Y-1.196 E.05928
G1 X-14.294 Y-.004 E.08356
G1 X-16.399 Y2.015 E.14029
G1 X-16.251 Y.178 E.08864
G1 X-15.869 Y.142 E.01845
G1 X-15.933 Y1.034 E.04301
G1 X-14.853 Y-.001 E.07195
G1 X-15.949 Y-1.042 E.0727
G1 X-15.855 Y-.05 E.04793
G1 X-15.459 Y-.051 E.01905
;WIDTH:0.494091
G1 X-15.497 Y-.013 E.00288
G1 X-15.483 Y.039 E.00289
G1 X-15.431 Y.053 E.00289
G1 X-15.393 Y.015 E.00288
G1 X-15.407 Y-.037 E.00289
G1 E-10 F2400
T0
G1 X13.093 Y-1.245 F7800
G1 Z6.95
G1 E10 F2400
;TYPE:Perimeter
;WIDTH:0.45
G1 F900
G1 X12.878 Y-1.032 E.01456
G1 X10.466 Y-3.294 E.15904
G1 X9.61 Y-4.045 E.05477
G1 X13.4 Y-4.191 E.18242
G1 X16.116 Y-4.205 E.13063
G1 X14.867 Y-3.001 E.08344
G1 X13.136 Y-1.288 E.11713
G1 X13.119 Y-.728 F7800
G1 F900
G1 X12.885 Y-.497 E.01581
G1 X10.202 Y-3.013 E.17691
G1 X8.631 Y-4.409 E.10108
G1 X10.174 Y-4.443 E.07423
G1 X13.391 Y-4.577 E.15486
G1 X17.03 Y-4.596 E.17503
G1 X17.075 Y-4.595 E.00216
G1 X15.139 Y-2.727 E.12939
G1 X13.161 Y-.77 E.13383
G1 E-2 F2400
G1 X12.615 Y1.296 F7800
G1 E2 F2400
G1 F900
G1 X12.87 Y1.062 E.01665
G1 X15.105 Y3.304 E.15226
G1 X16.114 Y4.226 E.06574
G1 X13.528 Y4.232 E.12438
G1 X9.698 Y4.061 E.18439
G1 X10.533 Y3.2 E.05769
G1 X12.571 Y1.336 E.13284
G1 X12.616 Y.772 F7800
G1 F900
G1 X12.882 Y.528 E.01736
G1 X15.378 Y3.032 E.17005
G1 X17.09 Y4.62 E.11231
G1 X13.52 Y4.618 E.1717
G1 X8.819 Y4.414 E.22631
G1 X10.264 Y2.924 E.09983
G1 X12.571 Y.813 E.1504
G1 X13.041 Y.018 F7800
;TYPE:External perimeter
;WIDTH:0.398182
G1 F1800
G1 X13.055 Y.081 E.00269
;WIDTH:0.429517
G1 X13.073 Y.158 E.0036
;WIDTH:0.45
G1 X15.651 Y2.759 E.17614
G1 X16.613 Y3.637 E.06264
G1 X18.087 Y5.033 E.09764
G1 X16.718 Y4.996 E.06587
G1 X13.512 Y5.004 E.1542
G1 X7.94 Y4.767 E.26824
G1 X9.995 Y2.647 E.14201
G1 X12.709 Y.15 E.17738
;WIDTH:0.429517
G1 X12.723 Y.09 E.00281
;WIDTH:0.398182
G1 X12.737 Y.029 E.00261
;WIDTH:0.397617
G1 X12.724 Y-.044 E.00308
;WIDTH:0.428387
G1 X12.711 Y-.117 E.00337
;WIDTH:0.45
G1 X9.939 Y-2.731 E.18325
G1 X8.577 Y-3.925 E.08712
G1 X7.701 Y-4.774 E.05867
G1 X10.158 Y-4.828 E.1182
G1 X13.382 Y-4.963 E.1552
G1 X17.034 Y-4.981 E.17565
G1 X18.019 Y-4.97 E.04738
G1 X15.412 Y-2.455 E.17422
G1 X13.07 Y-.122 E.15899
;WIDTH:0.428387
G1 X13.054 Y-.06 E.00291
;WIDTH:0.397617
G1 X13.049 Y-.041 E.00082
G1 X13.238 Y.312 F7800
G1 E-2 F2400
G1 X10.355 Y-3.777 F7800
G1 E2 F2400
;TYPE:Solid infill
;WIDTH:0.45
G1 F1200
G1 X13.407 Y-3.902 E.14691
G1 X15.395 Y-3.913 E.09562
G1 X12.873 Y-1.434 E.17009
G1 X10.499 Y-3.649 E.15616
G1 X11.308 Y-3.43 F7800
G1 F1200
G1 X13.416 Y-3.517 E.10147
G1 X14.435 Y-3.522 E.04901
G1 X12.866 Y-1.969 E.10618
G1 X11.448 Y-3.298 E.09347
G1 X12.314 Y-3.056 F7800
;WIDTH:0.50954
G1 F1200
G1 X13.419 Y-3.101 E.0614
G1 X12.858 Y-2.546 E.04382
G1 X12.455 Y-2.924 E.03068
G1 E-2 F2400
G1 X10.356 Y3.798 F7800
G1 E2 F2400
;WIDTH:0.45
G1 F1200
G1 X10.735 Y3.408 E.02616
G1 X12.861 Y1.463 E.13859
G1 X14.899 Y3.506 E.13879
G1 X15.371 Y3.939 E.03081
G1 X13.535 Y3.943 E.08831
G1 X10.549 Y3.807 E.14377
G1 X11.256 Y3.453 F7800
G1 F1200
G1 X12.849 Y1.997 E.1038
G1 X14.403 Y3.555 E.10584
G1 X13.543 Y3.558 E.04136
G1 X11.449 Y3.462 E.10082
G1 X12.279 Y3.083 F7800
;WIDTH:0.512288
G1 F1200
G1 X12.835 Y2.573 E.04215
G1 X13.394 Y3.134 E.04424
G1 X12.471 Y3.091 E.05162
G1 E-2 F2400
G1 X-12.293 Y1.238 F7800
G1 E2 F2400
;TYPE:Perimeter
;WIDTH:0.45
G1 F900
G1 X-11.995 Y.953 E.01983
G1 X-10.41 Y2.528 E.10747
G1 X-8.836 Y3.994 E.10345
G1 X-9.802 Y4.042 E.04652
G1 X-12.622 Y4.092 E.13565
G1 X-15.355 Y4.176 E.13151
G1 X-12.336 Y1.28 E.20121
G1 X-12.325 Y.735 F7800
G1 F900
G1 X-11.99 Y.414 E.02232
G1 X-10.148 Y2.246 E.12495
G1 X-7.878 Y4.358 E.14913
G1 X-9.068 Y4.385 E.05725
G1 X-9.787 Y4.427 E.03464
G1 X-12.61 Y4.478 E.1358
G1 X-16.334 Y4.581 E.17918
G1 X-12.369 Y.777 E.26428
G1 E-2 F2400
G1 X-11.739 Y-1.245 F7800
G1 E2 F2400
G1 F900
G1 X-12.002 Y-.979 E.01799
G1 X-13.984 Y-2.847 E.13099
G1 X-15.339 Y-4.2 E.0921
G1 X-12.687 Y-4.113 E.12762
G1 X-9.84 Y-4.085 E.13694
G1 X-8.845 Y-4.018 E.04796
G1 X-9.75 Y-3.209 E.05838
G1 X-10.645 Y-2.349 E.0597
G1 X-11.697 Y-1.288 E.07186
G1 X-11.688 Y-.749 F7800
G1 F900
G1 X-11.993 Y-.441 E.02085
G1 X-14.252 Y-2.571 E.14933
G1 X-15.618 Y-3.934 E.09281
G1 X-16.329 Y-4.601 E.04689
G1 X-16.052 Y-4.609 E.01333
G1 X-12.683 Y-4.499 E.16212
G1 X-9.812 Y-4.47 E.13809
G1 X-8.984 Y-4.41 E.03993
G1 X-7.857 Y-4.365 E.05425
G1 X-8.515 Y-3.796 E.04184
G1 X-9.483 Y-2.931 E.06244
G1 X-10.377 Y-2.071 E.05966
G1 X-11.646 Y-.791 E.08669
G1 X-12.196 Y-.019 F7800
;TYPE:External perimeter
;WIDTH:0.45644
G1 F1800
G1 X-12.249 Y-.152 E.007
;WIDTH:0.450374
G1 X-13.458 Y-1.291 E.07997
;WIDTH:0.45
G1 X-14.521 Y-2.294 E.07029
G1 X-15.895 Y-3.665 E.09336
G1 X-17.274 Y-4.96 E.09099
G1 X-16.051 Y-4.995 E.05885
G1 X-12.68 Y-4.884 E.16222
G1 X-9.784 Y-4.854 E.1393
G1 X-8.969 Y-4.795 E.0393
G1 X-6.866 Y-4.712 E.10123
G1 X-8.263 Y-3.505 E.0888
G1 X-9.215 Y-2.653 E.06145
G1 X-10.559 Y-1.341 E.09034
;WIDTH:0.450374
G1 X-11.727 Y-.161 E.07993
;WIDTH:0.45644
G1 X-11.796 Y-.031 E.0072
G1 X-11.726 Y.132 E.00867
;WIDTH:0.450385
G1 X-10.547 Y1.305 E.08007
;WIDTH:0.45
G1 X-9.885 Y1.963 E.04489
G1 X-6.92 Y4.723 E.19483
G1 X-9.06 Y4.77 E.10295
G1 X-9.772 Y4.813 E.03431
G1 X-12.596 Y4.863 E.13585
G1 X-16.022 Y4.968 E.16486
G1 X-17.29 Y4.963 E.06099
G1 X-13.448 Y1.278 E.25604
;WIDTH:0.450385
G1 X-12.248 Y.127 E.08005
;WIDTH:0.45644
G1 X-12.202 Y.036 E.00499
G1 X-12.418 Y-.301 F7800
G1 E-2 F2400
G1 X-14.612 Y3.864 F7800
G1 E2 F2400
;TYPE:Solid infill
;WIDTH:0.45
G1 F1200
G1 X-11.998 Y1.357 E.1742
G1 X-10.606 Y2.741 E.09441
G1 X-9.537 Y3.736 E.07024
G1 X-14.419 Y3.858 E.23488
G1 X-13.621 Y3.448 F7800
G1 F1200
G1 X-12.003 Y1.896 E.10783
G1 X-10.869 Y3.023 E.0769
G1 X-10.486 Y3.379 E.02515
G1 X-13.428 Y3.442 E.14153
G1 X-12.565 Y3.005 F7800
;WIDTH:0.501568
G1 F1200
G1 X-12.008 Y2.471 E.04208
G1 X-11.49 Y2.986 E.03983
G1 X-12.372 Y3.001 E.0481
G1 E-2 F2400
G1 X-14.616 Y-3.887 F7800
G1 E2 F2400
;WIDTH:0.45
G1 F1200
G1 X-12.689 Y-3.824 E.09273
G1 X-10.089 Y-3.799 E.12506
G1 X-9.552 Y-3.774 E.02586
G1 X-9.951 Y-3.417 E.02575
G1 X-10.844 Y-2.558 E.0596
G1 X-12.009 Y-1.383 E.07958
G1 X-13.782 Y-3.055 E.11721
G1 X-14.48 Y-3.751 E.04741
G1 X-13.652 Y-3.47 F7800
G1 F1200
G1 X-12.692 Y-3.438 E.0462
G1 X-10.507 Y-3.417 E.1051
G1 X-12.018 Y-1.922 E.10223
G1 X-13.512 Y-3.337 E.09897
G1 X-12.589 Y-3.026 F7800
;WIDTH:0.5017
G1 F1200
G1 X-11.513 Y-3.016 E.05869
G1 X-12.028 Y-2.497 E.03988
G1 X-12.449 Y-2.894 E.03156
;LAYER_CHANGE
;Z:7.25
;HEIGHT:0.3
G1 E-2 F2400
G1 Z7.25 F7800
G1 Z7.25
G1 X12.997 Y-1.243
G1 E2 F2400
;TYPE:Perimeter
;WIDTH:0.45
G1 F900
G1 X12.774 Y-1.022 E.0151
G1 X10.352 Y-3.281 E.15929
G1 X9.495 Y-4.03 E.05474
G1 X13.325 Y-4.19 E.18437
G1 X16.025 Y-4.197 E.12986
G1 X14.392 Y-2.624 E.10905
G1 X13.04 Y-1.285 E.09152
G1 X13.025 Y-.728 F7800
G1 F900
G1 X12.782 Y-.487 E.01646
G1 X10.089 Y-2.999 E.17713
G1 X8.495 Y-4.391 E.10178
G1 X9.743 Y-4.421 E.06004
G1 X13.316 Y-4.576 E.17201
G1 X16.984 Y-4.585 E.17642
G1 X14.659 Y-2.346 E.15525
G1 X13.068 Y-.77 E.10771
G1 E-2 F2400
G1 X12.498 Y1.292 F7800
G1 E2 F2400
G1 F900
G1 X12.767 Y1.048 E.01747
G1 X15.019 Y3.299 E.15314
G1 X16.032 Y4.219 E.06582
G1 X13.453 Y4.228 E.12404
G1 X9.577 Y4.047 E.18663
G1 X10.415 Y3.185 E.05782
G1 X12.454 Y1.332 E.13252
G1 X12.498 Y.771 F7800
G1 F900
G1 X12.779 Y.515 E.01828
G1 X15.291 Y3.026 E.17083
G1 X17.01 Y4.613 E.11252
G1 X13.445 Y4.614 E.17146
G1 X8.698 Y4.399 E.22855
G1 X10.147 Y2.908 E.1
G1 X12.454 Y.811 E.14995
G1 X12.944 Y.017 F7800
;TYPE:External perimeter
;WIDTH:0.406689
G1 F1800
G1 X12.96 Y.081 E.00282
;WIDTH:0.434862
G1 X12.98 Y.16 E.00377
;WIDTH:0.45
G1 X15.564 Y2.753 E.17607
G1 X16.616 Y3.708 E.06834
G1 X18.007 Y5.026 E.09216
G1 X16.634 Y4.988 E.06606
G1 X13.436 Y4.999 E.15381
G1 X7.818 Y4.751 E.27047
G1 X9.879 Y2.63 E.14224
G1 X12.596 Y.151 E.1769
;WIDTH:0.434862
G1 X12.612 Y.089 E.00296
;WIDTH:0.406688
G1 X12.628 Y.028 E.00269
;WIDTH:0.40615
G1 X12.612 Y-.047 E.00327
;WIDTH:0.433787
G1 X12.597 Y-.121 E.00348
;WIDTH:0.45
G1 X9.826 Y-2.717 E.18263
G1 X8.153 Y-4.178 E.10683
G1 X7.558 Y-4.755 E.03986
G1 X9.726 Y-4.807 E.1043
G1 X13.307 Y-4.961 E.17239
G1 X17.15 Y-4.971 E.18484
G1 X17.931 Y-4.962 E.03757
G1 X14.927 Y-2.069 E.20059
G1 X12.978 Y-.127 E.13233
;WIDTH:0.433787
G1 X12.959 Y-.063 E.00308
;WIDTH:0.406151
G1 X12.953 Y-.041 E.00097
G1 X13.143 Y.311 F7800
G1 X12.757 Y1.447
;TYPE:Solid infill
;WIDTH:0.45
G1 F1200
G1 X14.812 Y3.502 E.13978
G1 X15.286 Y3.933 E.03081
G1 X13.46 Y3.939 E.08782
G1 X10.234 Y3.786 E.15533
G1 X10.616 Y3.393 E.02636
G1 X12.615 Y1.577 E.12989
G1 X12.745 Y1.98 E.02037
G1 X14.315 Y3.55 E.10679
G1 X13.468 Y3.553 E.04074
G1 X11.135 Y3.443 E.11233
G1 X12.602 Y2.11 E.09534
G1 X12.731 Y2.559 E.02247
;WIDTH:0.517118
G1 X13.297 Y3.125 E.0452
G1 X12.166 Y3.072 E.06394
G1 X12.588 Y2.689 E.03218
G1 E-2 F2400
G1 X13.139 Y-3.893 F7800
G1 E2 F2400
;WIDTH:0.45
G1 F1200
G1 X10.235 Y-3.767 E.1398
G1 X12.768 Y-1.423 E.16599
G1 X15.306 Y-3.906 E.17077
G1 X13.331 Y-3.901 E.09499
G1 X13.34 Y-3.515 E.01857
G1 X14.347 Y-3.518 E.04843
G1 X12.76 Y-1.958 E.10703
G1 X11.19 Y-3.422 E.10325
G1 X13.148 Y-3.507 E.09426
G1 X13.125 Y-3.088 E.02018
;WIDTH:0.513134
G1 X12.202 Y-3.048 E.05171
G1 X12.751 Y-2.536 E.04202
G1 X13.317 Y-3.097 E.0446
G1 E-2 F2400
G1 X-12.213 Y1.23 F7800
G1 E2 F2400
;TYPE:Perimeter
;WIDTH:0.45
G1 F900
G1 X-11.894 Y.925 E.02123
G1 X-10.855 Y1.962 E.0706
G1 X-8.718 Y3.977 E.14127
G1 X-10.058 Y4.047 E.06454
G1 X-12.781 Y4.094 E.13099
G1 X-15.288 Y4.169 E.12063
G1 X-12.257 Y1.272 E.20166
G1 X-12.252 Y.734 F7800
G1 F900
G1 X-11.908 Y.405 E.02289
;WIDTH:0.451804
G1 X-11.889 Y.383 E.0014
G1 X-11.869 Y.405 E.00144
;WIDTH:0.45
G1 X-10.589 Y1.683 E.087
G1 X-7.765 Y4.339 E.18646
G1 X-8.982 Y4.369 E.05855
G1 X-10.043 Y4.432 E.05112
G1 X-12.77 Y4.479 E.13118
G1 X-16.269 Y4.573 E.16835
G1 X-12.296 Y.775 E.26435
G1 E-2 F2400
G1 X-11.623 Y-1.238 F7800
G1 E2 F2400
G1 F900
G1 X-11.902 Y-.955 E.01911
G1 X-14.227 Y-3.144 E.15359
G1 X-15.282 Y-4.199 E.07176
G1 X-12.842 Y-4.116 E.11742
G1 X-10.13 Y-4.091 E.13044
G1 X-8.726 Y-3.997 E.06768
G1 X-8.86 Y-3.881 E.00852
G1 X-9.654 Y-3.171 E.05123
G1 X-10.92 Y-1.953 E.0845
G1 X-11.581 Y-1.281 E.04534
G1 X-11.564 Y-.749 F7800
G1 F900
G1 X-11.872 Y-.435 E.02115
G1 X-11.911 Y-.434 E.00188
G1 X-14.495 Y-2.867 E.1707
G1 X-15.566 Y-3.938 E.07285
G1 X-16.272 Y-4.601 E.04658
G1 X-16 Y-4.609 E.01309
G1 X-12.838 Y-4.501 E.15217
G1 X-10.126 Y-4.477 E.13044
G1 X-8.887 Y-4.389 E.05974
G1 X-7.735 Y-4.343 E.05545
G1 X-8.607 Y-3.589 E.05544
G1 X-9.386 Y-2.893 E.05024
G1 X-10.652 Y-1.675 E.0845
G1 X-11.522 Y-.791 E.05965
G1 X-12.112 Y-.023 F7800
;TYPE:External perimeter
;WIDTH:0.483666
G1 F1800
G1 X-12.176 Y-.154 E.00762
;WIDTH:0.45
G1 X-14.764 Y-2.591 E.17097
G1 X-15.843 Y-3.669 E.07336
G1 X-17.216 Y-4.957 E.09055
G1 X-15.999 Y-4.995 E.05856
G1 X-12.835 Y-4.887 E.15227
G1 X-10.123 Y-4.862 E.13044
G1 X-8.872 Y-4.774 E.06032
G1 X-6.745 Y-4.69 E.10238
G1 X-8.355 Y-3.298 E.10237
G1 X-9.119 Y-2.615 E.04929
G1 X-10.385 Y-1.397 E.0845
G1 X-11.597 Y-.165 E.08312
;WIDTH:0.483666
G1 X-11.681 Y-.034 E.00814
G1 X-11.596 Y.132 E.00975
;WIDTH:0.45
G1 X-10.322 Y1.404 E.08659
G1 X-9.444 Y2.245 E.05848
G1 X-6.811 Y4.702 E.17321
G1 X-8.973 Y4.754 E.10401
G1 X-10.028 Y4.818 E.05084
G1 X-12.756 Y4.865 E.13123
G1 X-15.961 Y4.961 E.15422
G1 X-17.224 Y4.953 E.06075
G1 X-12.175 Y.126 E.33596
;WIDTH:0.483666
G1 X-12.114 Y.029 E.00599
G1 X-12.342 Y-.3 F7800
G1 X-11.899 Y1.329
;TYPE:Solid infill
;WIDTH:0.45
G1 F1200
G1 X-11.187 Y2.04 E.0484
G1 X-9.416 Y3.718 E.11734
G1 X-10.069 Y3.758 E.03147
G1 X-12.773 Y3.804 E.13007
G1 X-14.543 Y3.857 E.08517
G1 X-12.038 Y1.462 E.16669
G1 X-11.904 Y1.868 E.02056
G1 X-10.337 Y3.377 E.10463
G1 X-13.55 Y3.442 E.15457
G1 X-12.044 Y2.001 E.10025
G1 X-11.911 Y2.451 E.02257
;WIDTH:0.511909
G1 X-11.363 Y2.978 E.04244
G1 X-12.482 Y2.997 E.06247
G1 X-12.05 Y2.584 E.03336
G1 E-2 F2400
G1 X-12.843 Y-3.826 F7800
G1 E2 F2400
;WIDTH:0.45
G1 F1200
G1 X-10.123 Y-3.802 E.13083
G1 X-9.44 Y-3.752 E.03294
G1 X-9.856 Y-3.378 E.02691
G1 X-11.119 Y-2.162 E.08432
G1 X-11.909 Y-1.36 E.05414
G1 X-14.025 Y-3.352 E.13977
G1 X-14.558 Y-3.885 E.03625
G1 X-13.036 Y-3.833 E.07325
G1 X-13.04 Y-3.447 E.01857
G1 X-13.584 Y-3.466 E.02618
G1 X-11.92 Y-1.899 E.10993
G1 X-11.387 Y-2.44 E.03653
G1 X-10.37 Y-3.418 E.06786
G1 X-12.847 Y-3.441 E.11914
G1 X-12.505 Y-3.022 E.02601
;WIDTH:0.510965
G1 X-11.393 Y-3.012 E.06194
G1 X-11.931 Y-2.481 E.0421
G1 X-12.365 Y-2.889 E.03318
G1 E-10 F2400
T1
G1 X10.95 Y.006 F7800
G1 Z7.25
G1 E10 F2400
;TYPE:Perimeter
;WIDTH:0.45
G1 F900
G1 X10.079 Y.798 E.05662
G1 X9.009 Y1.773 E.06962
G1 X8.148 Y2.659 E.05942
G1 X8.136 Y2.486 E.00834
G1 X8.23 Y.882 E.07728
G1 X8.261 Y-.031 E.04394
G1 X8.197 Y-2.513 E.11942
G1 X9.005 Y-1.812 E.05145
G1 X10.911 Y-.034 E.12537
G1 X11.521 Y.009 F7800
G1 F900
G1 X10.338 Y1.084 E.07688
G1 X9.285 Y2.042 E.06847
G1 X7.821 Y3.548 E.10102
G1 X7.749 Y2.488 E.0511
G1 X7.845 Y.868 E.07805
G1 X7.875 Y-.021 E.04278
G1 X7.807 Y-2.502 E.11937
G1 X7.696 Y-3.468 E.04677
G1 X9.263 Y-2.099 E.10008
G1 X11.48 Y-.032 E.14579
G1 X12.091 Y.011 F7800
;TYPE:External perimeter
G1 F900
G1 X10.598 Y1.369 E.09707
G1 X9.562 Y2.311 E.06735
G1 X7.495 Y4.437 E.14262
G1 X7.363 Y2.489 E.09391
G1 X7.459 Y.854 E.07877
G1 X7.49 Y-.01 E.04158
G1 X7.421 Y-2.491 E.11937
G1 X7.294 Y-3.579 E.05268
G1 X7.245 Y-4.431 E.04105
G1 X7.852 Y-3.844 E.04061
G1 X9.522 Y-2.385 E.10666
G1 X12.048 Y-.029 E.16613
G1 X11.795 Y.281 F7800
G1 E-2 F2400
G1 X8.499 Y-1.87 F7800
G1 E2 F2400
;TYPE:Solid infill
G1 F1200
G1 X10.526 Y.001 E.13267
G1 X8.851 Y1.524 E.10888
G1 X8.459 Y1.925 E.02697
G1 X8.55 Y-.011 E.09322
G1 X8.505 Y-1.677 E.08016
G1 X8.91 Y-.979 F7800
G1 F1200
G1 X9.956 Y-.002 E.06884
G1 X8.903 Y.932 E.0677
G1 X8.936 Y-.022 E.04591
G1 X8.915 Y-.786 E.03676
G1 X9.401 Y-.02 F7800
;WIDTH:0.502905
G1 F1200
G1 X9.362 Y-.059 E.00302
G1 X9.309 Y-.045 E.003
G1 X9.295 Y.008 E.003
G1 X9.334 Y.047 E.00302
G1 X9.387 Y.033 E.003
G1 E-2 F2400
G1 X14.557 Y.017 F7800
G1 E2 F2400
;TYPE:Perimeter
;WIDTH:0.45
G1 F900
G1 X15.779 Y-1.194 E.08275
G1 X17.415 Y-2.77 E.10926
G1 X17.336 Y-.04 E.13136
G1 X17.36 Y2.734 E.13342
G1 X16.409 Y1.872 E.06173
G1 X14.596 Y.059 E.12332
G1 X14.008 Y.017 F7800
G1 F900
G1 X15.51 Y-1.47 E.10166
G1 X17.828 Y-3.703 E.1548
G1 X17.722 Y-.042 E.17616
G1 X17.736 Y2.603 E.12722
G1 X17.827 Y3.442 E.04059
G1 X17.85 Y3.726 E.0137
G1 X16.143 Y2.151 E.11171
G1 X14.051 Y.06 E.14226
G1 X13.462 Y.016 F7800
;TYPE:External perimeter
G1 F900
G1 X15.24 Y-1.746 E.12039
G1 X18.241 Y-4.636 E.20038
G1 X18.108 Y-.044 E.22095
G1 X18.122 Y2.601 E.12722
G1 X18.212 Y3.411 E.0392
G1 X18.316 Y4.699 E.06215
G1 X16.92 Y3.376 E.0925
G1 X15.877 Y2.431 E.06769
G1 X13.504 Y.058 E.16141
G1 X13.743 Y-.262 F7800
G1 E-2 F2400
G1 X17.106 Y-2.068 F7800
G1 E2 F2400
;TYPE:Solid infill
G1 F1200
G1 X17.047 Y-.037 E.09773
G1 X17.059 Y2.07 E.10134
G1 X16.609 Y1.663 E.02918
G1 X14.966 Y.02 E.11175
G1 X16.968 Y-1.933 E.13452
G1 X16.693 Y-1.126 F7800
G1 F1200
G1 X16.662 Y-.035 E.05249
G1 X16.668 Y1.177 E.05829
G1 X15.514 Y.023 E.07849
G1 X16.555 Y-.992 E.06993
G1 X16.256 Y.009 F7800
;WIDTH:0.625843
G1 F1200
G1 X16.207 Y-.04 E.00485
G1 X16.139 Y-.022 E.00493
G1 X16.121 Y.046 E.00493
G1 X16.17 Y.095 E.00485
G1 X16.238 Y.077 E.00493
G1 E-2 F2400
G1 X-10.017 Y-.017 F7800
G1 E2 F2400
;TYPE:Perimeter
;WIDTH:0.45
G1 F900
G1 X-10.024 Y-.023 E.00044
G1 X-9.528 Y-.527 E.03401
G1 X-8.292 Y-1.717 E.08252
G1 X-7.408 Y-2.502 E.05686
G1 X-7.338 Y-.25 E.10837
G1 X-7.374 Y2.113 E.11367
G1 X-7.357 Y2.522 E.01969
G1 X-8.604 Y1.358 E.08205
G1 X-9.974 Y.025 E.09194
G1 X-10.563 Y-.017 F7800
G1 F900
G1 X-10.567 Y-.021 E.00027
G1 X-9.799 Y-.801 E.05265
G1 X-8.548 Y-2.006 E.08354
G1 X-6.93 Y-3.425 E.10351
G1 X-7.026 Y-2.433 E.04793
G1 X-6.952 Y-.244 E.10534
G1 X-6.988 Y2.119 E.11367
G1 X-6.93 Y3.448 E.06398
G1 X-8.869 Y1.638 E.12758
G1 X-9.74 Y.805 E.05797
G1 X-10.52 Y.026 E.05302
G1 X-11.109 Y-.017 F7800
;TYPE:External perimeter
G1 F900
G1 X-11.11 Y-.018 E.00007
G1 X-10.07 Y-1.075 E.07132
G1 X-8.81 Y-2.288 E.08412
G1 X-6.448 Y-4.351 E.15083
G1 X-6.64 Y-2.446 E.09209
G1 X-6.567 Y-.238 E.10626
G1 X-6.602 Y2.125 E.11366
G1 X-6.503 Y4.373 E.10823
G1 X-9.134 Y1.918 E.17308
G1 X-10.009 Y1.081 E.05824
G1 X-11.066 Y.026 E.07183
G1 X-10.833 Y-.299 F7800
G1 E-2 F2400
G1 X-7.682 Y-1.876 F7800
G1 E2 F2400
;TYPE:Solid infill
G1 F1200
G1 X-7.627 Y-.272 E.07719
G1 X-7.659 Y1.845 E.10183
G1 X-9.614 Y-.025 E.13012
G1 X-7.825 Y-1.747 E.11943
G1 X-8.038 Y-1.021 E.03639
G1 X-8.012 Y-.268 E.03624
G1 X-8.031 Y.97 E.05955
G1 X-9.061 Y-.025 E.06888
G1 X-8.176 Y-.887 E.05942
G1 X-8.388 Y-.041 F7800
;WIDTH:0.536741
G1 F1200
G1 X-8.43 Y-.083 E.0035
G1 X-8.487 Y-.068 E.00347
G1 X-8.502 Y-.011 E.00347
G1 X-8.46 Y.031 E.0035
G1 X-8.403 Y.016 E.00347
G1 E-2 F2400
G1 X-13.802 Y-.008 F7800
G1 E2 F2400
;TYPE:Perimeter
;WIDTH:0.45
G1 F900
G1 X-16.682 Y2.745 E.19162
G1 X-16.457 Y.082 E.12854
G1 X-16.458 Y-.094 E.00847
G1 X-16.673 Y-2.296 E.10641
G1 X-16.69 Y-2.789 E.02373
G1 X-15.624 Y-1.724 E.07247
G1 X-14.773 Y-.922 E.05624
G1 X-13.846 Y-.049 E.06124
G1 X-13.242 Y-.01 F7800
G1 F900
G1 X-17.107 Y3.685 E.25718
G1 X-17.064 Y2.671 E.04881
G1 X-16.841 Y.049 E.12656
G1 X-17.059 Y-2.277 E.11236
G1 X-17.107 Y-3.709 E.06891
G1 X-16.422 Y-3.067 E.04515
G1 X-15.339 Y-1.985 E.07363
G1 X-14.508 Y-1.202 E.05492
G1 X-13.285 Y-.051 E.08078
G1 X-12.682 Y-.012 F7800
;TYPE:External perimeter
G1 F900
G1 X-17.533 Y4.626 E.3228
G1 X-17.449 Y2.646 E.09532
G1 X-17.225 Y.016 E.12695
G1 X-17.444 Y-2.251 E.10954
G1 X-17.523 Y-4.628 E.11439
G1 X-16.154 Y-3.344 E.09027
G1 X-15.079 Y-2.27 E.07309
G1 X-14.244 Y-1.483 E.05519
G1 X-12.725 Y-.053 E.10034
G1 X-12.97 Y.263 F7800
G1 E-2 F2400
G1 X-16.359 Y-2.05 F7800
G1 E2 F2400
;TYPE:Solid infill
G1 F1200
G1 X-15.826 Y-1.517 E.03625
G1 X-14.222 Y-.006 E.10599
G1 X-16.331 Y2.01 E.14032
G1 X-16.165 Y.016 E.09624
G1 X-16.341 Y-1.858 E.09053
G1 X-15.875 Y-1.033 F7800
G1 F1200
G1 X-14.782 Y-.004 E.0722
G1 X-15.863 Y1.028 E.07188
G1 X-15.781 Y-.055 E.05224
G1 X-15.856 Y-.841 E.03798
G1 X-15.321 Y-.016 F7800
;WIDTH:0.491253
G1 F1200
G1 X-15.359 Y-.053 E.00282
G1 X-15.41 Y-.04 E.0028
G1 X-15.424 Y.012 E.00287
G1 X-15.386 Y.05 E.00286
G1 X-15.335 Y.036 E.00282
;LAYER_CHANGE
;Z:7.55
;HEIGHT:0.3
G1 E-2 F2400
G1 Z7.55 F7800
G1 Z7.55
G1 X10.829 Y.005
G1 E2 F2400
;TYPE:Perimeter
;WIDTH:0.45
G1 F900
G1 X9.955 Y.794 E.05663
G1 X8.937 Y1.712 E.06593
G1 X8.03 Y2.641 E.06245
G1 X8.018 Y2.468 E.00834
G1 X8.15 Y-.031 E.12036
G1 X8.081 Y-2.51 E.11928
G1 X8.679 Y-1.992 E.03805
G1 X10.791 Y-.036 E.13845
G1 X11.402 Y.008 F7800
G1 F900
G1 X10.213 Y1.08 E.077
G1 X9.168 Y2.025 E.06776
G1 X7.701 Y3.531 E.10112
G1 X7.632 Y2.47 E.05114
G1 X7.765 Y-.021 E.11998
G1 X7.693 Y-2.538 E.12111
G1 X7.586 Y-3.45 E.04416
G1 X8.936 Y-2.279 E.08595
G1 X11.361 Y-.033 E.15897
G1 X11.975 Y.01 F7800
;TYPE:External perimeter
G1 F900
G1 X10.471 Y1.367 E.09743
G1 X9.444 Y2.294 E.06654
G1 X7.373 Y4.42 E.14275
G1 X7.246 Y2.472 E.09389
G1 X7.379 Y-.01 E.11955
G1 X7.31 Y-2.493 E.11947
G1 X7.139 Y-3.944 E.07027
G1 X7.104 Y-4.411 E.02252
G1 X7.428 Y-4.097 E.0217
G1 X9.194 Y-2.566 E.11241
G1 X11.931 Y-.031 E.17943
G1 X11.677 Y.278 F7800
G1 E-2 F2400
G1 X8.429 Y.195 F7800
G1 E2 F2400
;TYPE:Solid infill
G1 F1200
G1 X8.338 Y1.911 E.08265
G1 X8.745 Y1.496 E.02796
G1 X10.403 Y0 E.10741
G1 X8.389 Y-1.86 E.13186
G1 X8.439 Y.002 E.08959
G1 X8.825 Y-.024 E.01861
G1 X8.799 Y-.96 E.04504
G1 X9.832 Y-.004 E.0677
G1 X8.775 Y.949 E.06845
G1 X8.815 Y.169 E.03756
G1 X9.217 Y-.059 E.02223
;WIDTH:0.489685
G1 X9.179 Y-.022 E.00281
G1 X9.193 Y.03 E.00286
G1 X9.245 Y.043 E.00284
G1 X9.282 Y.006 E.00278
G1 X9.268 Y-.046 E.00286
G1 E-2 F2400
G1 X14.464 Y.016 F7800
G1 E2 F2400
;TYPE:Perimeter
;WIDTH:0.45
G1 F900
G1 X17.324 Y-2.76 E.1917
G1 X17.241 Y-.074 E.12925
G1 X17.271 Y2.73 E.13487
G1 X16.322 Y1.866 E.06173
G1 X14.507 Y.058 E.12322
G1 X13.917 Y.015 F7800
G1 F900
G1 X15.069 Y-1.126 E.07798
G1 X17.739 Y-3.694 E.17817
G1 X17.627 Y-.034 E.17612
G1 X17.65 Y1.208 E.05975
G1 X17.648 Y2.593 E.06661
G1 X17.77 Y3.719 E.05447
G1 X16.056 Y2.145 E.11192
G1 X13.96 Y.057 E.1423
G1 X13.37 Y.014 F7800
;TYPE:External perimeter
G1 F900
G1 X14.8 Y-1.402 E.09679
G1 X18.153 Y-4.628 E.22379
G1 X18.012 Y-.041 E.22072
G1 X18.035 Y1.204 E.05989
G1 X18.033 Y2.594 E.06685
G1 X18.155 Y3.695 E.05328
G1 X18.237 Y4.692 E.04811
G1 X17.123 Y3.637 E.07379
G1 X15.79 Y2.425 E.08665
G1 X13.413 Y.056 E.16141
G1 X13.652 Y-.264 F7800
G1 X14.876 Y.017
;TYPE:Solid infill
G1 F1200
G1 X17.013 Y-2.058 E.14326
G1 X16.952 Y-.077 E.09532
G1 X16.971 Y2.066 E.10307
G1 X16.521 Y1.656 E.02928
G1 X15.012 Y.153 E.10244
G1 X15.425 Y.021 E.02085
G1 X16.598 Y-1.118 E.07864
G1 X16.567 Y-.074 E.05023
G1 X16.578 Y1.169 E.05979
G1 X15.562 Y.157 E.06897
G1 X16.079 Y-.042 E.02664
;WIDTH:0.620297
G1 X16.03 Y.007 E.0048
G1 X16.048 Y.074 E.00481
G1 X16.115 Y.092 E.00481
G1 X16.164 Y.043 E.0048
G1 X16.146 Y-.024 E.00481
G1 E-2 F2400
G1 X-9.894 Y-.037 F7800
G1 E2 F2400
;TYPE:Perimeter
;WIDTH:0.45
G1 F900
G1 X-8.194 Y-1.68 E.11371
G1 X-7.31 Y-2.449 E.05635
G1 X-7.295 Y-2.442 E.0008
G1 X-7.214 Y.069 E.12083
G1 X-7.247 Y2.503 E.11708
G1 X-9.866 Y.004 E.17411
G1 X-10.44 Y-.03 F7800
G1 F900
G1 X-10.073 Y-.406 E.02527
G1 X-8.455 Y-1.964 E.10803
G1 X-6.816 Y-3.39 E.10449
G1 X-6.909 Y-2.454 E.04524
G1 X-6.829 Y.075 E.1217
G1 X-6.864 Y2.431 E.11333
G1 X-6.821 Y3.427 E.04795
G1 X-8.282 Y2.065 E.09607
G1 X-10.407 Y.012 E.14211
G1 X-10.986 Y-.023 F7800
;TYPE:External perimeter
G1 F900
G1 X-10.345 Y-.68 E.04415
G1 X-8.715 Y-2.249 E.10882
G1 X-6.329 Y-4.325 E.15212
G1 X-6.524 Y-2.467 E.08985
G1 X-6.443 Y.081 E.12261
G1 X-6.479 Y2.414 E.11222
G1 X-6.396 Y4.352 E.0933
G1 X-8.547 Y2.345 E.1415
G1 X-10.947 Y.019 E.16075
G1 X-10.711 Y-.304 F7800
G1 X-9.49 Y-.031
;TYPE:Solid infill
G1 F1200
G1 X-7.999 Y-1.466 E.09953
G1 X-7.565 Y-1.844 E.02768
G1 X-7.503 Y.046 E.09095
G1 X-7.531 Y1.839 E.08625
G1 X-9.351 Y.102 E.121
G1 X-8.933 Y-.032 E.02111
G1 X-7.923 Y-1.004 E.06742
G1 X-7.889 Y.049 E.05067
G1 X-7.903 Y.951 E.04339
G1 X-8.793 Y.101 E.05919
G1 X-8.333 Y-.09 E.02396
;WIDTH:0.530151
G1 X-8.374 Y-.049 E.00337
G1 X-8.359 Y.008 E.00342
G1 X-8.303 Y.023 E.00337
G1 X-8.261 Y-.018 E.00341
G1 X-8.276 Y-.075 E.00342
G1 E-2 F2400
G1 X-13.748 Y-.015 F7800
G1 E2 F2400
;TYPE:Perimeter
;WIDTH:0.45
G1 F900
G1 X-13.744 Y-.011 E.00027
G1 X-16.616 Y2.734 E.19108
G1 X-16.4 Y-.059 E.13473
G1 X-16.401 Y-.226 E.00803
G1 X-16.636 Y-2.792 E.12393
G1 X-15.834 Y-1.989 E.05459
G1 X-14.798 Y-1.009 E.06859
G1 X-13.792 Y-.056 E.06665
G1 X-13.187 Y-.015 F7800
G1 F900
G1 X-13.185 Y-.012 E.00017
G1 X-17.042 Y3.674 E.2566
G1 X-16.999 Y2.658 E.04891
G1 X-16.784 Y-.089 E.13253
G1 X-17.015 Y-2.592 E.1209
G1 X-17.05 Y-3.709 E.05375
G1 X-14.533 Y-1.289 E.16794
G1 X-13.231 Y-.056 E.08625
G1 X-12.625 Y-.014 F7800
;TYPE:External perimeter
G1 F900
G1 X-17.467 Y4.615 E.32218
G1 X-17.384 Y2.635 E.09531
G1 X-17.168 Y-.119 E.13286
G1 X-17.4 Y-2.568 E.11832
G1 X-17.465 Y-4.626 E.09903
G1 X-16.111 Y-3.358 E.08922
G1 X-15.304 Y-2.549 E.05496
G1 X-14.268 Y-1.569 E.06859
G1 X-12.669 Y-.055 E.10591
G1 X-12.913 Y.261 F7800
G1 E-2 F2400
G1 X-16.125 Y.142 F7800
G1 E2 F2400
;TYPE:Solid infill
G1 F1200
G1 X-16.271 Y2.004 E.08983
G1 X-14.164 Y-.01 E.14019
G1 X-16.283 Y-2.029 E.14077
G1 X-16.113 Y-.258 E.08557
G1 X-16.11 Y-.05 E.01001
G1 X-15.726 Y-.02 E.01853
G1 X-15.73 Y-.294 E.01318
G1 X-15.8 Y-1.028 E.03546
G1 X-14.723 Y-.009 E.07131
G1 X-15.808 Y1.028 E.07219
G1 X-15.741 Y.172 E.0413
G1 X-15.331 Y-.059 E.02263
;WIDTH:0.496799
G1 X-15.369 Y-.021 E.0029
G1 X-15.355 Y.031 E.0029
G1 X-15.303 Y.045 E.0029
G1 X-15.265 Y.007 E.0029
G1 X-15.278 Y-.045 E.00289
G1 E-10 F2400
T0
G1 X12.381 Y1.288 F7800
G1 Z7.55
G1 E10 F2400
;TYPE:Perimeter
;WIDTH:0.45
G1 F900
G1 X12.663 Y1.034 E.01825
G1 X14.932 Y3.294 E.15403
G1 X15.941 Y4.213 E.06564
G1 X13.379 Y4.224 E.12322
G1 X9.459 Y4.029 E.18877
G1 X10.296 Y3.169 E.05772
G1 X12.337 Y1.328 E.1322
G1 X12.38 Y.77 F7800
G1 F900
G1 X12.676 Y.502 E.0192
G1 X15.204 Y3.021 E.17165
G1 X16.557 Y4.252 E.08798
G1 X16.93 Y4.606 E.02473
G1 X13.37 Y4.609 E.17122
G1 X8.577 Y4.382 E.23079
G1 X10.029 Y2.891 E.1001
G1 X12.336 Y.81 E.14943
G1 E-2 F2400
G1 X12.902 Y-1.241 F7800
G1 E2 F2400
G1 F900
G1 X12.67 Y-1.011 E.01571
G1 X10.238 Y-3.268 E.15958
G1 X9.383 Y-4.013 E.05454
G1 X13.252 Y-4.189 E.18628
G1 X15.948 Y-4.201 E.12967
G1 X13.942 Y-2.271 E.13389
G1 X12.944 Y-1.283 E.06754
G1 X12.932 Y-.728 F7800
G1 F900
G1 X12.679 Y-.477 E.01714
G1 X9.976 Y-2.985 E.17735
G1 X8.383 Y-4.374 E.10165
G1 X9.635 Y-4.405 E.06024
G1 X13.243 Y-4.574 E.17372
G1 X16.902 Y-4.583 E.17599
G1 X14.213 Y-1.997 E.17943
G1 X12.975 Y-.77 E.08383
G1 X12.848 Y.016 F7800
;TYPE:External perimeter
;WIDTH:0.439458
G1 F1800
G1 X12.888 Y.162 E.00708
;WIDTH:0.45
G1 X15.476 Y2.748 E.17596
G1 X16.823 Y3.972 E.08754
G1 X17.927 Y5.019 E.07318
G1 X16.55 Y4.981 E.06625
G1 X13.361 Y4.995 E.15338
G1 X9.706 Y4.811 E.17602
G1 X7.696 Y4.734 E.09674
G1 X9.761 Y2.613 E.14238
G1 X12.482 Y.152 E.17646
;WIDTH:0.439458
G1 X12.518 Y.027 E.00609
;WIDTH:0.438414
G1 X12.483 Y-.125 E.00728
;WIDTH:0.45
G1 X9.714 Y-2.702 E.18193
G1 X7.732 Y-4.429 E.12644
G1 X7.416 Y-4.735 E.02116
G1 X9.617 Y-4.791 E.10589
G1 X13.233 Y-4.96 E.17411
G1 X16.518 Y-4.974 E.158
G1 X17.845 Y-4.955 E.06383
G1 X14.487 Y-1.725 E.2241
G1 X12.886 Y-.131 E.10866
;WIDTH:0.438414
G1 X12.856 Y-.042 E.00438
G1 X13.048 Y.309 F7800
G1 E-2 F2400
G1 X10.122 Y-3.753 F7800
G1 E2 F2400
;TYPE:Solid infill
;WIDTH:0.45
G1 F1200
G1 X13.26 Y-3.899 E.15109
G1 X15.227 Y-3.908 E.09461
G1 X12.664 Y-1.412 E.17207
G1 X10.268 Y-3.626 E.15691
G1 X11.076 Y-3.411 F7800
G1 F1200
G1 X13.27 Y-3.514 E.10564
G1 X14.265 Y-3.518 E.04786
G1 X12.655 Y-1.946 E.10823
G1 X11.217 Y-3.28 E.09434
G1 X12.092 Y-3.039 F7800
;WIDTH:0.51651
G1 F1200
G1 X13.219 Y-3.092 E.06362
G1 X12.646 Y-2.526 E.04542
G1 X12.234 Y-2.908 E.03168
G1 E-2 F2400
G1 X10.115 Y3.769 F7800
G1 E2 F2400
;WIDTH:0.45
G1 F1200
G1 X10.497 Y3.378 E.02629
G1 X12.653 Y1.432 E.13969
G1 X14.726 Y3.497 E.14073
G1 X15.197 Y3.927 E.03067
G1 X13.386 Y3.934 E.0871
G1 X10.308 Y3.779 E.14823
G1 X11.016 Y3.429 F7800
G1 F1200
G1 X12.64 Y1.963 E.10523
G1 X14.228 Y3.545 E.10781
G1 X13.395 Y3.549 E.04006
G1 X11.209 Y3.438 E.10527
G1 X12.055 Y3.059 F7800
;WIDTH:0.521509
G1 F1200
G1 X12.626 Y2.544 E.04384
G1 X13.201 Y3.117 E.04628
G1 X12.247 Y3.069 E.05446
G1 E-2 F2400
G1 X-11.501 Y-1.243 F7800
G1 E2 F2400
;TYPE:Perimeter
;WIDTH:0.45
G1 F900
G1 X-11.812 Y-.925 E.02139
G1 X-14.454 Y-3.426 E.17498
G1 X-15.223 Y-4.197 E.05237
G1 X-13.041 Y-4.118 E.10502
G1 X-10.369 Y-4.096 E.12852
G1 X-8.593 Y-3.974 E.08562
G1 X-9.558 Y-3.133 E.06157
G1 X-11.216 Y-1.536 E.11072
G1 X-11.46 Y-1.286 E.0168
G1 X-11.448 Y-.746 F7800
G1 F900
G1 X-11.75 Y-.437 E.02078
G1 X-11.802 Y-.339 E.00534
G1 X-11.854 Y-.435 E.00525
G1 X-14.723 Y-3.15 E.18998
G1 X-15.513 Y-3.942 E.0538
G1 X-16.215 Y-4.6 E.04628
G1 X-15.948 Y-4.609 E.01285
G1 X-13.038 Y-4.504 E.14005
G1 X-10.354 Y-4.481 E.1291
G1 X-8.791 Y-4.368 E.07537
G1 X-7.606 Y-4.321 E.05704
G1 X-9.29 Y-2.855 E.10739
G1 X-10.94 Y-1.266 E.11018
G1 X-11.406 Y-.789 E.03207
G1 E-2 F2400
G1 X-12.147 Y1.219 F7800
G1 E2 F2400
G1 F900
G1 X-11.804 Y.89 E.02286
G1 X-11.128 Y1.56 E.04578
G1 X-8.853 Y3.73 E.15121
G1 X-8.606 Y3.96 E.01623
G1 X-10.314 Y4.052 E.08227
G1 X-12.975 Y4.097 E.128
G1 X-15.227 Y4.163 E.10836
G1 X-12.191 Y1.261 E.202
G1 X-12.185 Y.721 F7800
G1 F900
G1 X-11.852 Y.403 E.02215
G1 X-11.8 Y.303 E.00542
G1 X-11.758 Y.393 E.00478
G1 X-10.868 Y1.275 E.06027
G1 X-8.59 Y3.448 E.15142
G1 X-7.654 Y4.32 E.06153
G1 X-8.916 Y4.354 E.06072
G1 X-10.3 Y4.437 E.06669
G1 X-12.969 Y4.483 E.12839
G1 X-16.206 Y4.565 E.15574
G1 X-12.228 Y.763 E.26466
G1 X-12.046 Y-.03 F7800
;TYPE:External perimeter
;WIDTH:0.517029
G1 F1800
G1 X-12.073 Y-.075 E.00296
;WIDTH:0.483514
G1 X-12.119 Y-.155 E.00482
;WIDTH:0.45
G1 X-14.992 Y-2.874 E.19025
G1 X-15.791 Y-3.674 E.05438
G1 X-17.157 Y-4.955 E.09007
G1 X-15.947 Y-4.995 E.05823
G1 X-13.04 Y-4.89 E.13991
G1 X-10.338 Y-4.867 E.12996
G1 X-8.775 Y-4.753 E.07537
G1 X-6.62 Y-4.668 E.10373
G1 X-9.023 Y-2.577 E.15321
G1 X-10.664 Y-.997 E.10956
G1 X-11.474 Y-.168 E.05575
;WIDTH:0.483513
G1 X-11.525 Y-.102 E.00436
;WIDTH:0.517027
G1 X-11.576 Y-.037 E.00466
G1 X-11.531 Y.041 E.00508
;WIDTH:0.483513
G1 X-11.486 Y.119 E.00471
;WIDTH:0.45
G1 X-10.597 Y1.002 E.06026
G1 X-8.327 Y3.166 E.15084
G1 X-6.702 Y4.681 E.10685
G1 X-8.886 Y4.738 E.10508
G1 X-10.285 Y4.822 E.06741
G1 X-12.962 Y4.868 E.12877
G1 X-15.9 Y4.954 E.14137
G1 X-17.16 Y4.943 E.0606
G1 X-12.119 Y.125 E.33538
;WIDTH:0.483514
G1 X-12.073 Y.064 E.00399
;WIDTH:0.517029
G1 X-12.039 Y.021 E.00309
G1 X-12.281 Y-.298 F7800
G1 E-2 F2400
G1 X-14.483 Y3.852 F7800
G1 E2 F2400
;TYPE:Solid infill
;WIDTH:0.45
G1 F1200
G1 X-11.807 Y1.294 E.17805
G1 X-9.304 Y3.701 E.16702
G1 X-10.326 Y3.763 E.04925
G1 X-14.29 Y3.846 E.1907
G1 X-13.491 Y3.437 F7800
G1 F1200
G1 X-11.812 Y1.832 E.11172
G1 X-10.21 Y3.369 E.10678
G1 X-13.298 Y3.431 E.14855
G1 X-12.406 Y2.987 F7800
;WIDTH:0.528789
G1 F1200
G1 X-11.816 Y2.424 E.04724
G1 X-11.247 Y2.968 E.0456
G1 X-12.213 Y2.984 E.05596
G1 E-2 F2400
G1 X-14.5 Y-3.881 F7800
G1 E2 F2400
;WIDTH:0.45
G1 F1200
G1 X-13.042 Y-3.829 E.07017
G1 X-10.381 Y-3.807 E.12799
G1 X-9.314 Y-3.729 E.05146
G1 X-9.76 Y-3.34 E.02846
G1 X-11.399 Y-1.762 E.10943
G1 X-11.82 Y-1.331 E.02898
G1 X-14.363 Y-3.745 E.16864
G1 X-13.508 Y-3.46 F7800
G1 F1200
G1 X-10.243 Y-3.41 E.15705
G1 X-11.83 Y-1.872 E.10629
G1 X-13.368 Y-3.327 E.10183
G1 X-12.423 Y-3.015 F7800
;WIDTH:0.524875
G1 F1200
G1 X-11.273 Y-3.006 E.06605
G1 X-11.838 Y-2.462 E.04505
G1 X-12.283 Y-2.883 E.03518
;LAYER_CHANGE
;Z:7.85
;HEIGHT:0.3
G1 E-2 F2400
G1 Z7.85 F7800
G1 Z7.85
G1 X12.26 Y1.284
G1 E2 F2400
;TYPE:Perimeter
;WIDTH:0.45
G1 F900
G1 X12.557 Y1.017 E.01921
G1 X14.845 Y3.289 E.15508
G1 X15.85 Y4.206 E.06543
G1 X13.305 Y4.219 E.12241
G1 X9.34 Y4.012 E.19096
G1 X10.177 Y3.154 E.05765
G1 X12.215 Y1.324 E.13174
G1 X12.257 Y.769 F7800
G1 F900
G1 X12.571 Y.487 E.0203
G1 X15.117 Y3.015 E.17256
G1 X16.758 Y4.512 E.10683
G1 X16.85 Y4.599 E.00609
G1 X13.296 Y4.605 E.17094
G1 X9.599 Y4.408 E.17807
G1 X8.457 Y4.365 E.05497
G1 X9.91 Y2.875 E.1001
G1 X12.212 Y.809 E.14877
G1 E-2 F2400
G1 X12.807 Y-1.239 F7800
G1 E2 F2400
G1 F900
G1 X12.563 Y-.998 E.01649
G1 X10.126 Y-3.254 E.15972
G1 X9.272 Y-3.997 E.05444
G1 X13.178 Y-4.187 E.18809
G1 X15.861 Y-4.195 E.12904
G1 X13.562 Y-1.986 E.15334
G1 X12.85 Y-1.281 E.04819
G1 X12.84 Y-.729 F7800
G1 F900
G1 X12.572 Y-.464 E.01813
G1 X9.864 Y-2.971 E.17749
G1 X8.271 Y-4.356 E.10153
G1 X9.527 Y-4.389 E.06043
G1 X13.168 Y-4.573 E.17534
G1 X16.814 Y-4.576 E.17536
G1 X13.833 Y-1.712 E.19882
G1 X12.883 Y-.771 E.06431
G1 X12.749 Y.015 F7800
;TYPE:External perimeter
;WIDTH:0.444064
G1 F1800
G1 X12.796 Y.164 E.0074
;WIDTH:0.45
G1 X15.389 Y2.742 E.17586
G1 X17.024 Y4.232 E.10639
G1 X17.847 Y5.012 E.05454
G1 X16.466 Y4.974 E.06645
G1 X13.286 Y4.991 E.15295
G1 X9.588 Y4.793 E.17812
G1 X7.574 Y4.717 E.09694
G1 X9.643 Y2.597 E.14248
G1 X12.361 Y.153 E.1758
;WIDTH:0.444064
G1 X12.404 Y.026 E.00635
;WIDTH:0.443026
G1 X12.363 Y-.128 E.00753
;WIDTH:0.45
G1 X9.602 Y-2.688 E.18109
G1 X7.274 Y-4.715 E.14846
G1 X9.507 Y-4.775 E.10744
G1 X13.158 Y-4.958 E.17582
G1 X16.434 Y-4.968 E.15756
G1 X17.757 Y-4.948 E.06364
G1 X14.006 Y-1.341 E.25029
G1 X12.793 Y-.135 E.08227
;WIDTH:0.443026
G1 X12.758 Y-.041 E.00474
G1 X12.954 Y.308 F7800
G1 X12.547 Y1.415
;TYPE:Solid infill
;WIDTH:0.45
G1 F1200
G1 X14.64 Y3.493 E.14185
G1 X15.108 Y3.921 E.0305
G1 X13.312 Y3.93 E.08638
G1 X9.996 Y3.753 E.15972
G1 X10.377 Y3.362 E.02626
G1 X12.404 Y1.543 E.13099
G1 X12.534 Y1.945 E.02032
G1 X14.14 Y3.54 E.10886
G1 X13.321 Y3.544 E.03939
G1 X10.896 Y3.415 E.1168
G1 X12.39 Y2.074 E.09656
G1 X12.519 Y2.528 E.0227
;WIDTH:0.526437
G1 X13.104 Y3.108 E.04747
G1 X11.941 Y3.046 E.06712
G1 X12.376 Y2.656 E.03367
G1 E-2 F2400
G1 X12.993 Y-3.888 F7800
G1 E2 F2400
;WIDTH:0.45
G1 F1200
G1 X10.01 Y-3.738 E.14365
G1 X12.557 Y-1.398 E.16635
G1 X15.14 Y-3.904 E.17309
G1 X13.186 Y-3.898 E.09398
G1 X13.196 Y-3.512 E.01857
G1 X14.179 Y-3.515 E.04728
G1 X12.549 Y-1.93 E.10935
G1 X10.962 Y-3.4 E.10404
G1 X13.004 Y-3.503 E.09834
G1 X12.934 Y-3.077 E.02076
;WIDTH:0.521646
G1 X11.982 Y-3.029 E.05436
G1 X12.541 Y-2.513 E.04339
G1 X13.126 Y-3.087 E.04674
G1 E-2 F2400
G1 X-12.108 Y1.207 F7800
G1 E2 F2400
;TYPE:Perimeter
;WIDTH:0.45
G1 F900
G1 X-11.735 Y.851 E.0248
G1 X-8.519 Y3.943 E.21457
G1 X-10.571 Y4.056 E.09884
G1 X-15.149 Y4.154 E.22024
G1 X-14.231 Y3.236 E.06244
G1 X-12.151 Y1.249 E.13835
G1 X-12.149 Y.714 F7800
G1 F900
G1 X-11.824 Y.403 E.02164
G1 X-11.735 Y.22 E.00979
G1 X-11.65 Y.397 E.00944
G1 X-8.724 Y3.227 E.19579
G1 X-7.564 Y4.302 E.07607
G1 X-8.829 Y4.338 E.06087
G1 X-10.556 Y4.442 E.08321
G1 X-16.136 Y4.558 E.26844
G1 X-15.422 Y3.88 E.04736
G1 X-14.5 Y2.96 E.06265
G1 X-12.193 Y.755 E.15349
G1 E-2 F2400
G1 X-11.371 Y-1.252 F7800
G1 E2 F2400
G1 F900
G1 X-11.741 Y-.895 E.02473
G1 X-12.4 Y-1.549 E.04465
G1 X-15.188 Y-4.196 E.1849
G1 X-13.241 Y-4.121 E.09371
G1 X-10.628 Y-4.101 E.12568
G1 X-8.469 Y-3.952 E.10409
G1 X-9.552 Y-3.009 E.06907
G1 X-11.328 Y-1.294 E.11874
G1 X-11.349 Y-.745 F7800
G1 F900
G1 X-11.659 Y-.427 E.02136
G1 X-11.737 Y-.26 E.00887
G1 X-11.813 Y-.423 E.00865
G1 X-12.666 Y-1.27 E.05782
G1 X-16.162 Y-4.589 E.23185
G1 X-15.705 Y-4.602 E.02199
G1 X-13.238 Y-4.507 E.11874
G1 X-10.612 Y-4.486 E.12631
G1 X-8.713 Y-4.348 E.09158
G1 X-7.483 Y-4.299 E.05921
G1 X-9.285 Y-2.73 E.11492
G1 X-11.215 Y-.882 E.12852
G1 X-11.307 Y-.787 E.00636
G1 X-12.009 Y-.038 F7800
;TYPE:External perimeter
;WIDTH:0.55375
G1 F1800
G1 X-12.015 Y-.047 E.00066
;WIDTH:0.519166
G1 X-12.051 Y-.099 E.00359
;WIDTH:0.484583
G1 X-12.086 Y-.151 E.00329
;WIDTH:0.45
G1 X-12.931 Y-.99 E.05727
G1 X-17.101 Y-4.948 E.27652
G1 X-15.703 Y-4.988 E.06727
G1 X-13.235 Y-4.893 E.11879
G1 X-10.597 Y-4.872 E.12688
G1 X-8.679 Y-4.732 E.09249
G1 X-6.497 Y-4.646 E.10503
G1 X-9.012 Y-2.458 E.16033
G1 X-10.939 Y-.612 E.12835
;WIDTH:0.484583
G1 X-11.123 Y-.421 E.0139
;WIDTH:0.519166
G1 X-11.308 Y-.23 E.01508
;WIDTH:0.553749
G1 X-11.492 Y-.04 E.01614
G1 X-11.456 Y.013 E.00391
;WIDTH:0.519166
G1 X-11.419 Y.066 E.00367
;WIDTH:0.484583
G1 X-11.382 Y.119 E.00339
;WIDTH:0.45
G1 X-8.456 Y2.95 E.19582
G1 X-6.609 Y4.661 E.12109
G1 X-8.799 Y4.723 E.10537
G1 X-10.541 Y4.827 E.08393
G1 X-13.168 Y4.872 E.12637
G1 X-15.839 Y4.947 E.12852
G1 X-17.092 Y4.933 E.06027
G1 X-15.695 Y3.607 E.09264
G1 X-14.77 Y2.685 E.06282
G1 X-12.09 Y.124 E.17829
;WIDTH:0.484583
G1 X-12.053 Y.084 E.00286
;WIDTH:0.519166
G1 X-12.016 Y.045 E.00305
;WIDTH:0.55375
G1 X-11.985 Y.011 E.00281
G1 X-12.24 Y-.297 F7800
G1 X-11.736 Y1.252
;TYPE:Solid infill
;WIDTH:0.45
G1 F1200
G1 X-9.216 Y3.685 E.16847
G1 X-10.582 Y3.767 E.06582
G1 X-14.435 Y3.848 E.18536
G1 X-11.875 Y1.386 E.17083
G1 X-11.737 Y1.787 E.0204
G1 X-10.115 Y3.353 E.10844
G1 X-10.598 Y3.382 E.02327
G1 X-13.47 Y3.442 E.13816
G1 X-11.877 Y1.92 E.10597
G1 X-11.739 Y2.391 E.02361
;WIDTH:0.54986
G1 X-11.152 Y2.958 E.04942
G1 X-12.359 Y2.983 E.0731
G1 X-11.878 Y2.524 E.04026
G1 E-2 F2400
G1 X-10.832 Y-3.813 F7800
G1 E2 F2400
;WIDTH:0.45
G1 F1200
G1 X-13.277 Y-3.833 E.1176
G1 X-14.432 Y-3.877 E.05559
G1 X-11.742 Y-1.303 E.17907
G1 X-9.754 Y-3.216 E.1327
G1 X-9.192 Y-3.706 E.03586
G1 X-10.639 Y-3.812 E.06978
G1 X-10.655 Y-3.426 E.01858
G1 X-10.131 Y-3.388 E.02527
G1 X-11.738 Y-1.843 E.10722
G1 X-13.425 Y-3.453 E.11216
G1 X-10.848 Y-3.428 E.12395
G1 X-12.195 Y-2.877 F7800
;WIDTH:0.537909
G1 F1200
G1 X-11.735 Y-2.441 E.03743
G1 X-11.154 Y-3.001 E.04766
G1 X-12.335 Y-3.01 E.06975
G1 E-10 F2400
T1
G1 X10.704 Y.003 F7800
G1 Z7.85
G1 E10 F2400
;TYPE:Perimeter
;WIDTH:0.45
G1 F900
G1 X9.83 Y.787 E.05647
G1 X8.821 Y1.694 E.06525
G1 X7.912 Y2.623 E.06251
G1 X7.901 Y2.453 E.00819
G1 X8.04 Y-.032 E.11971
G1 X7.976 Y-2.483 E.11792
G1 X8.568 Y-1.976 E.03749
G1 X10.667 Y-.037 E.13744
G1 X11.278 Y.006 F7800
G1 F900
G1 X10.088 Y1.074 E.07691
G1 X9.051 Y2.007 E.06709
G1 X7.582 Y3.513 E.10119
G1 X7.514 Y2.454 E.05104
G1 X7.654 Y-.021 E.11923
G1 X7.582 Y-2.523 E.12039
G1 X7.476 Y-3.432 E.04402
G1 X8.825 Y-2.263 E.08585
G1 X11.238 Y-.034 E.158
G1 X11.853 Y.008 F7800
;TYPE:External perimeter
G1 F900
G1 X10.345 Y1.361 E.09744
G1 X9.327 Y2.276 E.06583
G1 X7.252 Y4.403 E.14292
G1 X7.128 Y2.455 E.09388
G1 X7.269 Y-.01 E.11875
G1 X7.199 Y-2.478 E.11875
G1 X6.977 Y-4.377 E.09196
G1 X9.083 Y-2.551 E.13406
G1 X11.808 Y-.032 E.17848
G1 X11.554 Y.277 F7800
G1 E-2 F2400
G1 X8.279 Y-1.844 F7800
G1 E2 F2400
;TYPE:Solid infill
G1 F1200
G1 X10.278 Y-.003 E.13071
G1 X8.63 Y1.476 E.1065
G1 X8.222 Y1.891 E.02799
G1 X8.329 Y.001 E.09105
G1 X8.284 Y-1.652 E.07953
G1 X8.689 Y-.945 F7800
G1 F1200
G1 X9.705 Y-.007 E.06651
G1 X8.663 Y.928 E.06733
G1 X8.715 Y-.026 E.04595
G1 X8.695 Y-.753 E.03498
G1 X9.163 Y-.025 F7800
;WIDTH:0.475613
G1 F1200
G1 X9.127 Y-.061 E.00261
G1 X9.077 Y-.048 E.00265
G1 X9.064 Y.002 E.00265
G1 X9.1 Y.038 E.00261
G1 X9.15 Y.025 E.00265
G1 E-2 F2400
G1 X14.376 Y.012 F7800
G1 E2 F2400
;TYPE:Perimeter
;WIDTH:0.45
G1 F900
G1 X17.233 Y-2.75 E.19113
G1 X17.146 Y-.075 E.12873
G1 X17.182 Y2.724 E.13463
G1 X16.233 Y1.86 E.06173
G1 X14.415 Y.054 E.12325
G1 X13.826 Y.013 F7800
G1 F900
G1 X14.689 Y-.841 E.05839
G1 X17.649 Y-3.685 E.19743
G1 X17.531 Y-.033 E.17574
G1 X17.56 Y1.529 E.07514
G1 X17.559 Y2.587 E.05089
G1 X17.68 Y3.703 E.05399
G1 X15.968 Y2.139 E.11153
G1 X13.869 Y.055 E.14226
G1 X13.279 Y.012 F7800
;TYPE:External perimeter
G1 F900
G1 X14.42 Y-1.117 E.0772
G1 X18.065 Y-4.619 E.24311
G1 X17.917 Y-.04 E.22035
G1 X17.946 Y1.525 E.07528
G1 X17.944 Y2.588 E.05113
G1 X18.099 Y3.979 E.06732
G1 X18.157 Y4.686 E.03412
G1 X17.325 Y3.898 E.05512
G1 X15.702 Y2.419 E.10561
G1 X13.321 Y.055 E.16138
G1 X13.561 Y-.266 F7800
G1 E-2 F2400
G1 X16.921 Y-2.048 F7800
G1 E2 F2400
;TYPE:Solid infill
G1 F1200
G1 X16.857 Y-.078 E.0948
G1 X16.882 Y2.059 E.10279
G1 X16.433 Y1.65 E.02921
G1 X14.786 Y.015 E.11162
G1 X16.782 Y-1.914 E.13351
G1 X16.504 Y-1.11 F7800
G1 F1200
G1 X16.471 Y-.074 E.04985
G1 X16.486 Y1.159 E.05931
G1 X15.337 Y.018 E.07788
G1 X16.366 Y-.976 E.06881
G1 X16.071 Y.005 F7800
;WIDTH:0.613869
G1 F1200
G1 X16.023 Y-.043 E.00465
G1 X15.956 Y-.026 E.00474
G1 X15.939 Y.041 E.00474
G1 X15.987 Y.089 E.00465
G1 X16.054 Y.071 E.00475
G1 E-2 F2400
G1 X-9.773 Y-.038 F7800
G1 E2 F2400
;TYPE:Perimeter
;WIDTH:0.45
G1 F900
G1 X-8.191 Y-1.553 E.10535
G1 X-7.165 Y-2.446 E.06542
G1 X-7.186 Y-2.152 E.01418
G1 X-7.109 Y.303 E.11814
G1 X-7.15 Y2.495 E.10545
G1 X-9.745 Y.004 E.17301
G1 X-10.335 Y-.034 F7800
G1 F900
G1 X-8.452 Y-1.838 E.12542
G1 X-6.683 Y-3.376 E.11274
G1 X-6.801 Y-2.164 E.05857
G1 X-6.724 Y.301 E.11862
G1 X-6.767 Y2.713 E.11603
G1 X-6.733 Y3.406 E.03337
G1 X-7.88 Y2.344 E.07518
G1 X-10.296 Y.008 E.16164
G1 X-10.884 Y-.024 F7800
;TYPE:External perimeter
G1 F900
G1 X-8.712 Y-2.123 E.14528
G1 X-6.202 Y-4.306 E.15999
G1 X-6.415 Y-2.176 E.10296
G1 X-6.338 Y.298 E.11905
G1 X-6.382 Y2.695 E.11531
G1 X-6.303 Y4.331 E.07878
G1 X-8.145 Y2.625 E.12075
G1 X-10.841 Y.017 E.18041
G1 X-10.598 Y-.3 F7800
G1 E-2 F2400
G1 X-7.464 Y-1.802 F7800
G1 E2 F2400
;TYPE:Solid infill
G1 F1200
G1 X-7.399 Y.305 E.10139
G1 X-7.427 Y1.838 E.07374
G1 X-9.364 Y-.03 E.12943
G1 X-7.996 Y-1.339 E.09107
G1 X-7.61 Y-1.676 E.02465
G1 X-7.824 Y-.97 E.03548
G1 X-7.784 Y.308 E.0615
G1 X-7.796 Y.946 E.03069
G1 X-8.807 Y-.029 E.06755
G1 X-7.964 Y-.837 E.05616
G1 X-8.156 Y-.042 F7800
;WIDTH:0.507299
G1 F1200
G1 X-8.195 Y-.081 E.00305
G1 X-8.249 Y-.067 E.00308
G1 X-8.263 Y-.013 E.00308
G1 X-8.224 Y.026 E.00305
G1 X-8.17 Y.011 E.0031
G1 E-2 F2400
G1 X-13.699 Y-.031 F7800
G1 E2 F2400
;TYPE:Perimeter
;WIDTH:0.45
G1 F900
G1 X-13.697 Y-.03 E.00011
G1 X-15.616 Y1.803 E.12764
G1 X-16.548 Y2.733 E.06333
G1 X-16.554 Y2.514 E.01054
G1 X-16.375 Y.066 E.11805
G1 X-16.365 Y-.516 E.028
G1 X-16.584 Y-2.789 E.10983
G1 X-16.059 Y-2.259 E.03588
G1 X-13.778 Y-.11 E.15073
G1 X-13.741 Y-.074 E.00248
G1 X-13.144 Y-.024 F7800
G1 F900
G1 X-15.349 Y2.082 E.14665
G1 X-16.279 Y3.01 E.06319
G1 X-16.984 Y3.678 E.04671
G1 X-16.939 Y2.493 E.05704
G1 X-16.759 Y.037 E.11844
G1 X-16.749 Y-.479 E.02482
G1 X-16.979 Y-2.868 E.11543
G1 X-17.001 Y-3.71 E.04051
G1 X-16.315 Y-3.065 E.04529
G1 X-15.794 Y-2.54 E.03557
G1 X-13.506 Y-.384 E.1512
G1 X-13.187 Y-.067 E.02163
G1 X-12.592 Y-.019 F7800
;TYPE:External perimeter
G1 F900
G1 X-15.083 Y2.361 E.1657
G1 X-16.01 Y3.286 E.06299
G1 X-17.405 Y4.609 E.09247
G1 X-17.324 Y2.472 E.10286
G1 X-17.144 Y.009 E.11878
G1 X-17.133 Y-.442 E.0217
G1 X-17.365 Y-2.845 E.11611
G1 X-17.409 Y-4.625 E.08564
G1 X-16.041 Y-3.337 E.09037
G1 X-15.53 Y-2.821 E.03493
G1 X-13.234 Y-.657 E.15175
G1 X-12.634 Y-.061 E.04068
G1 X-12.879 Y.255 F7800
G1 E-2 F2400
G1 X-16.22 Y-2.015 F7800
G1 E2 F2400
;TYPE:Solid infill
G1 F1200
G1 X-14.115 Y-.03 E.13916
G1 X-16.227 Y2.004 E.14103
G1 X-16.086 Y.089 E.09235
G1 X-16.073 Y-.406 E.02382
G1 X-16.203 Y-1.823 E.06844
G1 X-15.743 Y-1.035 F7800
G1 F1200
G1 X-14.675 Y-.028 E.0706
G1 X-15.768 Y1.015 E.07266
G1 X-15.701 Y.092 E.04451
G1 X-15.689 Y-.441 E.02564
G1 X-15.726 Y-.843 E.01942
G1 X-15.226 Y-.041 F7800
;WIDTH:0.511851
G1 F1200
G1 X-15.266 Y-.08 E.00312
G1 X-15.32 Y-.066 E.00311
G1 X-15.334 Y-.012 E.00311
G1 X-15.295 Y.028 E.00312
G1 X-15.241 Y.013 E.00313
;LAYER_CHANGE
;Z:8.15
;HEIGHT:0.3
G1 E-2 F2400
G1 Z8.15 F7800
G1 Z8.15
G1 X10.567 Y.001
G1 E2 F2400
;TYPE:Perimeter
;WIDTH:0.45
G1 F900
G1 X9.7 Y.78 E.05606
G1 X8.685 Y1.692 E.06563
G1 X7.793 Y2.603 E.06132
G1 X7.783 Y2.437 E.008
G1 X7.918 Y-.028 E.11874
G1 X7.859 Y-2.476 E.11777
G1 X8.556 Y-1.872 E.04436
G1 X10.529 Y-.04 E.12949
G1 X11.14 Y.005 F7800
G1 F900
G1 X9.958 Y1.066 E.07639
G1 X8.915 Y2.005 E.0675
G1 X7.462 Y3.494 E.10006
G1 X7.397 Y2.438 E.05089
G1 X7.533 Y-.019 E.11835
G1 X7.47 Y-2.508 E.11975
G1 X7.365 Y-3.414 E.04387
G1 X8.813 Y-2.159 E.09216
G1 X11.1 Y-.036 E.15009
G1 X11.714 Y.007 F7800
;TYPE:External perimeter
G1 F900
G1 X10.216 Y1.353 E.09686
G1 X9.191 Y2.275 E.06631
G1 X7.13 Y4.386 E.1419
G1 X7.011 Y2.439 E.09382
G1 X7.147 Y-.01 E.11797
G1 X7.087 Y-2.463 E.11802
G1 X6.867 Y-4.356 E.09166
G1 X9.071 Y-2.446 E.14027
G1 X11.67 Y-.033 E.17057
G1 X11.415 Y.276 F7800
G1 E-2 F2400
G1 X8.197 Y.191 F7800
G1 E2 F2400
;TYPE:Solid infill
G1 F1200
G1 X8.104 Y1.871 E.08093
G1 X8.494 Y1.475 E.02673
G1 X10.141 Y-.005 E.1065
G1 X8.164 Y-1.829 E.12937
G1 X8.208 Y-.001 E.08795
G1 X8.593 Y-.026 E.01856
G1 X8.571 Y-.937 E.04383
G1 X9.569 Y-.01 E.06551
G1 X8.543 Y.912 E.06634
G1 X8.583 Y.167 E.03588
G1 X8.974 Y-.063 E.02182
;WIDTH:0.464947
G1 X8.938 Y-.028 E.00251
G1 X8.951 Y.021 E.00253
G1 X9 Y.034 E.00253
G1 X9.035 Y-.002 E.00251
G1 X9.022 Y-.05 E.00248
G1 E-2 F2400
G1 X14.286 Y.012 F7800
G1 E2 F2400
;TYPE:Perimeter
;WIDTH:0.45
G1 F900
G1 X17.141 Y-2.74 E.19072
G1 X17.05 Y-.031 E.13037
G1 X17.093 Y2.718 E.13223
G1 X16.144 Y1.852 E.06179
G1 X14.317 Y.054 E.12329
G1 X13.739 Y.014 F7800
G1 F900
G1 X14.255 Y-.503 E.03513
G1 X17.559 Y-3.675 E.22029
G1 X17.436 Y-.036 E.17512
G1 X17.47 Y2.589 E.12626
G1 X17.591 Y3.694 E.05346
G1 X15.879 Y2.132 E.11146
G1 X13.77 Y.056 E.14233
G1 X13.195 Y.012 F7800
;TYPE:External perimeter
G1 F900
G1 X13.985 Y-.779 E.05377
G1 X17.977 Y-4.61 E.26611
G1 X17.822 Y-.041 E.21988
G1 X17.855 Y2.584 E.12626
G1 X18.043 Y4.263 E.08126
G1 X18.077 Y4.679 E.02007
G1 X15.614 Y2.412 E.161
G1 X13.234 Y.054 E.16114
G1 X13.474 Y-.265 F7800
G1 X14.692 Y.017
;TYPE:Solid infill
G1 F1200
G1 X16.828 Y-2.038 E.14256
G1 X16.762 Y-.079 E.09427
G1 X16.788 Y2.048 E.10231
G1 X16.343 Y1.642 E.02897
G1 X14.829 Y.152 E.10217
G1 X15.245 Y.02 E.02099
G1 X16.41 Y-1.101 E.07776
G1 X16.376 Y-.074 E.04942
G1 X16.391 Y1.149 E.05883
G1 X15.382 Y.156 E.06809
G1 X15.894 Y-.042 E.0264
;WIDTH:0.609505
G1 X15.846 Y.007 E.00466
G1 X15.864 Y.072 E.00459
G1 X15.93 Y.09 E.00465
G1 X15.978 Y.042 E.00462
G1 X15.96 Y-.024 E.00465
G1 E-2 F2400
G1 X-9.657 Y-.024 F7800
G1 E2 F2400
;TYPE:Perimeter
;WIDTH:0.45
G1 F900
G1 X-8.289 Y-1.334 E.0911
G1 X-7.046 Y-2.417 E.07929
G1 X-7.074 Y-1.87 E.02634
G1 X-7.005 Y.566 E.11721
G1 X-7.038 Y2.509 E.09347
G1 X-8.19 Y1.37 E.07792
G1 X-9.614 Y.017 E.09447
G1 X-10.216 Y-.023 F7800
G1 F900
G1 X-8.549 Y-1.619 E.111
G1 X-6.563 Y-3.348 E.12665
G1 X-6.659 Y-2.427 E.04454
G1 X-6.689 Y-1.881 E.0263
G1 X-6.619 Y.563 E.1176
G1 X-6.654 Y3.388 E.13588
G1 X-7.493 Y2.614 E.0549
G1 X-8.455 Y1.649 E.06554
G1 X-10.173 Y.018 E.11394
G1 X-10.775 Y-.022 F7800
;TYPE:External perimeter
G1 F900
G1 X-8.809 Y-1.904 E.1309
G1 X-6.077 Y-4.296 E.17465
G1 X-6.273 Y-2.413 E.09106
G1 X-6.304 Y-1.892 E.0251
G1 X-6.233 Y.561 E.11803
G1 X-6.261 Y2.398 E.08836
G1 X-6.288 Y2.974 E.02773
G1 X-6.223 Y4.31 E.06433
G1 X-7.76 Y2.892 E.10058
G1 X-8.721 Y1.929 E.06543
G1 X-10.731 Y.02 E.13333
G1 X-10.487 Y-.297 F7800
G1 X-9.238 Y-.025
;TYPE:Solid infill
G1 F1200
G1 X-8.094 Y-1.12 E.07617
G1 X-7.361 Y-1.757 E.04671
G1 X-7.294 Y.568 E.11187
G1 X-7.313 Y1.839 E.06114
G1 X-7.992 Y1.159 E.04622
G1 X-9.098 Y.108 E.07338
G1 X-8.679 Y-.026 E.02116
G1 X-7.723 Y-.932 E.06335
G1 X-7.685 Y.92 E.08909
G1 X-8.539 Y.107 E.05671
G1 X-8.111 Y-.077 E.02241
;WIDTH:0.480895
G1 X-8.148 Y-.041 E.00268
G1 X-8.135 Y.01 E.00273
G1 X-8.085 Y.023 E.00268
G1 X-8.048 Y-.014 E.00272
G1 X-8.061 Y-.064 E.00268
G1 E-2 F2400
G1 X-13.664 Y-.035 F7800
G1 E2 F2400
;TYPE:Perimeter
;WIDTH:0.45
G1 F900
G1 X-15.274 Y1.502 E.10706
G1 X-16.49 Y2.724 E.08292
G1 X-16.5 Y2.156 E.02732
G1 X-16.342 Y-.07 E.10733
G1 X-16.329 Y-.806 E.0354
G1 X-16.522 Y-2.764 E.09463
G1 X-13.999 Y-.371 E.16725
G1 X-13.706 Y-.077 E.01996
G1 X-13.113 Y-.028 F7800
G1 F900
G1 X-15 Y1.774 E.12549
G1 X-16.218 Y3.002 E.08319
G1 X-16.92 Y3.666 E.04647
G1 X-16.879 Y2.707 E.04617
G1 X-16.886 Y2.147 E.02694
G1 X-16.727 Y-.081 E.10743
G1 X-16.713 Y-.768 E.03305
G1 X-16.946 Y-3.131 E.1142
G1 X-16.96 Y-3.712 E.02795
G1 X-16.003 Y-2.786 E.06405
G1 X-13.725 Y-.643 E.15043
G1 X-13.155 Y-.07 E.03887
G1 X-12.561 Y-.021 F7800
;TYPE:External perimeter
G1 F900
G1 X-14.726 Y2.045 E.14393
G1 X-15.948 Y3.278 E.08349
G1 X-17.346 Y4.601 E.09257
G1 X-17.264 Y2.69 E.092
G1 X-17.272 Y2.137 E.0266
G1 X-17.113 Y-.091 E.10743
G1 X-17.097 Y-.731 E.03079
G1 X-17.331 Y-3.108 E.11488
G1 X-17.367 Y-4.626 E.07303
G1 X-13.452 Y-.915 E.25945
G1 X-12.604 Y-.063 E.05782
G1 X-12.849 Y.253 F7800
G1 E-2 F2400
G1 X-16.066 Y.134 F7800
G1 E2 F2400
;TYPE:Solid infill
G1 F1200
G1 X-16.19 Y2.016 E.09071
G1 X-15.457 Y1.277 E.05006
G1 X-14.08 Y-.038 E.09158
G1 X-16.158 Y-2.005 E.13762
G1 X-16.037 Y-.694 E.06332
G1 X-16.054 Y-.059 E.03055
G1 X-15.672 Y.09 E.01972
G1 X-15.65 Y-.66 E.03609
G1 X-15.68 Y-1.021 E.01742
G1 X-14.639 Y-.037 E.0689
G1 X-15.733 Y.988 E.0721
G1 X-15.685 Y.283 E.03399
G1 X-15.263 Y-.09 E.02709
;WIDTH:0.518143
G1 X-15.304 Y-.05 E.00324
G1 X-15.289 Y.005 E.00323
G1 X-15.234 Y.019 E.00321
G1 X-15.194 Y-.021 E.0032
G1 X-15.209 Y-.075 E.00317
G1 E-10 F2400
T0
G1 X12.128 Y1.277 F7800
G1 Z8.15
G1 E10 F2400
;TYPE:Perimeter
;WIDTH:0.45
G1 F900
G1 X12.442 Y.995 E.0203
G1 X14.761 Y3.286 E.15679
G1 X15.759 Y4.198 E.06502
G1 X13.212 Y4.209 E.1225
G1 X9.219 Y3.994 E.19233
G1 X10.042 Y3.152 E.05663
G1 X12.084 Y1.317 E.13204
G1 X12.119 Y.767 F7800
G1 F900
G1 X12.461 Y.459 E.02214
G1 X12.905 Y.919 E.03075
G1 X15.031 Y3.011 E.14346
G1 X16.763 Y4.592 E.11279
G1 X13.202 Y4.595 E.17127
G1 X9.479 Y4.39 E.17933
G1 X8.336 Y4.347 E.05501
G1 X9.775 Y2.873 E.09908
G1 X12.074 Y.807 E.14866
G1 X12.453 Y-.973 F7800
G1 F900
G1 X9.898 Y-3.344 E.16765
G1 X9.169 Y-3.981 E.04656
G1 X13.09 Y-4.18 E.18883
G1 X15.773 Y-4.188 E.12904
G1 X13.123 Y-1.644 E.17668
G1 X12.495 Y-1.015 E.04275
G1 X12.463 Y-.437 F7800
G1 F900
G1 X9.636 Y-3.062 E.18555
G1 X8.171 Y-4.339 E.09347
G1 X9.417 Y-4.373 E.05995
G1 X13.079 Y-4.565 E.17637
G1 X16.727 Y-4.569 E.17546
G1 X13.396 Y-1.371 E.22209
G1 X12.505 Y-.48 E.0606
G1 X12.658 Y.018 F7800
;TYPE:External perimeter
;WIDTH:0.449108
G1 F1800
G1 X12.72 Y.171 E.00792
;WIDTH:0.45
G1 X13.176 Y.645 E.03163
G1 X15.301 Y2.736 E.14339
G1 X17.225 Y4.491 E.12525
G1 X17.767 Y5.005 E.03593
G1 X16.382 Y4.967 E.06664
G1 X13.192 Y4.98 E.15343
G1 X9.468 Y4.775 E.17938
G1 X7.452 Y4.7 E.09703
G1 X9.507 Y2.595 E.14149
G1 X12.223 Y.154 E.17564
;WIDTH:0.449108
G1 X12.279 Y.027 E.00666
;WIDTH:0.448671
G1 X12.226 Y-.13 E.00794
;WIDTH:0.45
G1 X9.374 Y-2.779 E.18721
G1 X7.173 Y-4.697 E.14041
G1 X9.397 Y-4.758 E.10701
G1 X13.069 Y-4.951 E.17685
G1 X16.35 Y-4.961 E.15781
G1 X17.67 Y-4.94 E.0635
G1 X13.669 Y-1.099 E.26676
G1 X12.711 Y-.139 E.06523
;WIDTH:0.448671
G1 X12.663 Y-.037 E.0054
G1 X12.864 Y.309 F7800
G1 E-2 F2400
G1 X9.904 Y-3.723 F7800
G1 E2 F2400
;TYPE:Solid infill
;WIDTH:0.45
G1 F1200
G1 X13.098 Y-3.89 E.15383
G1 X15.052 Y-3.897 E.09398
G1 X12.446 Y-1.374 E.17446
G1 X10.049 Y-3.596 E.1572
G1 X10.845 Y-3.386 F7800
G1 F1200
G1 X13.109 Y-3.505 E.10904
G1 X14.09 Y-3.508 E.04718
G1 X12.439 Y-1.906 E.11065
G1 X10.986 Y-3.255 E.09536
G1 X11.869 Y-3.015 F7800
;WIDTH:0.527604
G1 F1200
G1 X13.028 Y-3.076 E.06705
G1 X12.432 Y-2.492 E.04821
G1 X12.01 Y-2.884 E.03328
G1 E-2 F2400
G1 X9.876 Y3.736 F7800
G1 E2 F2400
;WIDTH:0.45
G1 F1200
G1 X10.242 Y3.361 E.0252
G1 X12.428 Y1.396 E.14137
G1 X14.556 Y3.491 E.14363
G1 X15.017 Y3.912 E.03003
G1 X13.219 Y3.92 E.08648
G1 X10.068 Y3.746 E.15178
G1 X10.776 Y3.399 F7800
G1 F1200
G1 X12.416 Y1.925 E.10606
G1 X14.047 Y3.531 E.11009
G1 X13.229 Y3.534 E.03934
G1 X10.968 Y3.41 E.10891
G1 X11.823 Y3.03 F7800
;WIDTH:0.529887
G1 F1200
G1 X12.403 Y2.509 E.04527
G1 X12.998 Y3.095 E.04849
G1 X12.015 Y3.041 E.05716
G1 E-2 F2400
G1 X-12.074 Y1.202 F7800
G1 E2 F2400
;TYPE:Perimeter
;WIDTH:0.45
G1 F900
G1 X-11.668 Y.815 E.02698
G1 X-9.572 Y2.805 E.13901
G1 X-8.439 Y3.927 E.07669
G1 X-10.827 Y4.061 E.11504
G1 X-15.08 Y4.15 E.2046
G1 X-13.869 Y2.915 E.08319
G1 X-12.118 Y1.244 E.11641
G1 X-12.12 Y.713 F7800
G1 F900
G1 X-11.795 Y.402 E.02164
G1 X-11.67 Y.143 E.01383
G1 X-11.546 Y.398 E.01364
G1 X-9.303 Y2.529 E.14881
G1 X-8.331 Y3.502 E.06615
G1 X-7.484 Y4.283 E.05541
G1 X-8.741 Y4.322 E.06049
G1 X-10.813 Y4.447 E.09984
G1 X-16.078 Y4.551 E.25328
G1 X-15.358 Y3.869 E.0477
G1 X-14.139 Y2.64 E.08326
G1 X-12.163 Y.754 E.13138
G1 E-2 F2400
G1 X-11.261 Y-1.247 F7800
G1 E2 F2400
G1 F900
G1 X-11.67 Y-.856 E.02721
G1 X-12.624 Y-1.814 E.06503
G1 X-15.134 Y-4.192 E.1663
G1 X-13.44 Y-4.124 E.08154
G1 X-10.886 Y-4.106 E.12284
G1 X-8.341 Y-3.93 E.1227
G1 X-9.649 Y-2.79 E.08345
G1 X-11.218 Y-1.288 E.10447
G1 X-11.217 Y-.755 F7800
G1 F900
G1 X-11.548 Y-.439 E.02201
G1 X-11.672 Y-.184 E.01364
G1 X-11.784 Y-.424 E.01274
G1 X-12.877 Y-1.522 E.07451
G1 X-16.123 Y-4.597 E.21505
G1 X-15.841 Y-4.606 E.01357
G1 X-13.437 Y-4.51 E.11572
G1 X-10.87 Y-4.491 E.12347
G1 X-8.616 Y-4.327 E.1087
G1 X-7.356 Y-4.277 E.06065
G1 X-9.382 Y-2.511 E.12927
G1 X-11.174 Y-.797 E.11927
G1 X-11.97 Y-.053 F7800
;TYPE:External perimeter
;WIDTH:0.587673
G1 F1800
G1 X-11.974 Y-.057 E.00037
;WIDTH:0.541782
G1 X-12.016 Y-.105 E.0038
;WIDTH:0.495891
G1 X-12.057 Y-.152 E.00336
;WIDTH:0.45
G1 X-13.155 Y-1.254 E.07482
G1 X-17.059 Y-4.953 E.25867
G1 X-15.84 Y-4.992 E.05866
G1 X-13.434 Y-4.895 E.11581
G1 X-10.855 Y-4.877 E.12404
G1 X-8.588 Y-4.712 E.10932
G1 X-6.385 Y-4.624 E.10604
G1 X-6.479 Y-4.529 E.00643
G1 X-9.109 Y-2.239 E.16773
G1 X-11.281 Y-.16 E.14461
;WIDTH:0.495891
G1 X-11.324 Y-.111 E.00351
;WIDTH:0.541782
G1 X-11.366 Y-.062 E.00384
;WIDTH:0.587673
G1 X-11.409 Y-.012 E.0043
G1 X-11.366 Y.031 E.00397
;WIDTH:0.541782
G1 X-11.323 Y.075 E.00366
;WIDTH:0.495891
G1 X-11.28 Y.119 E.00331
;WIDTH:0.45
G1 X-9.033 Y2.253 E.14904
G1 X-8.069 Y3.219 E.06564
G1 X-6.529 Y4.64 E.10078
G1 X-8.718 Y4.707 E.10533
G1 X-10.798 Y4.832 E.10022
G1 X-13.374 Y4.875 E.12391
G1 X-15.779 Y4.94 E.11571
G1 X-17.036 Y4.927 E.06046
G1 X-15.632 Y3.598 E.09298
G1 X-14.409 Y2.365 E.08353
G1 X-12.061 Y.124 E.15611
;WIDTH:0.495891
G1 X-12.018 Y.079 E.00335
;WIDTH:0.541782
G1 X-11.975 Y.035 E.00366
;WIDTH:0.587673
G1 X-11.934 Y-.008 E.00388
G1 X-12.207 Y-.3 F7800
G1 E-2 F2400
G1 X-14.382 Y3.843 F7800
G1 E2 F2400
;TYPE:Solid infill
;WIDTH:0.45
G1 F1200
G1 X-13.667 Y3.122 E.04884
G1 X-11.667 Y1.214 E.13295
G1 X-9.77 Y3.016 E.12584
G1 X-9.119 Y3.669 E.04435
G1 X-10.839 Y3.772 E.08287
G1 X-14.189 Y3.839 E.16116
G1 X-13.438 Y3.439 F7800
G1 F1200
G1 X-11.667 Y1.746 E.11784
G1 X-9.996 Y3.335 E.11091
G1 X-10.854 Y3.387 E.04134
G1 X-13.245 Y3.435 E.11502
G1 X-12.307 Y2.972 F7800
;WIDTH:0.567516
G1 F1200
G1 X-11.666 Y2.36 E.05562
G1 X-11.048 Y2.946 E.05344
G1 X-12.114 Y2.968 E.06691
G1 E-2 F2400
G1 X-14.376 Y-3.872 F7800
G1 E2 F2400
;WIDTH:0.45
G1 F1200
G1 X-13.479 Y-3.836 E.04318
G1 X-10.897 Y-3.817 E.12419
G1 X-9.065 Y-3.683 E.08835
G1 X-9.85 Y-2.997 E.05014
G1 X-11.665 Y-1.261 E.1208
G1 X-12.426 Y-2.025 E.05186
G1 X-14.236 Y-3.739 E.11989
G1 X-13.369 Y-3.449 F7800
G1 F1200
G1 X-10.913 Y-3.431 E.11813
G1 X-10.015 Y-3.366 E.0433
G1 X-11.658 Y-1.801 E.10913
G1 X-12.161 Y-2.305 E.03425
G1 X-13.229 Y-3.317 E.07077
G1 X-12.264 Y-3.004 F7800
;WIDTH:0.553177
G1 F1200
G1 X-11.043 Y-2.995 E.07444
G1 X-11.651 Y-2.413 E.05131
G1 X-12.124 Y-2.871 E.04014
;LAYER_CHANGE
;Z:8.45
;HEIGHT:0.3
G1 E-2 F2400
G1 Z8.45 F7800
G1 Z8.45
G1 X11.988 Y1.266
G1 E2 F2400
;TYPE:Perimeter
;WIDTH:0.45
G1 F900
G1 X12.334 Y.955 E.02238
G1 X14.669 Y3.277 E.15838
G1 X15.667 Y4.189 E.06502
G1 X13.091 Y4.19 E.1239
G1 X9.095 Y3.976 E.19247
G1 X9.958 Y3.095 E.05932
G1 X11.944 Y1.307 E.12853
G1 X11.967 Y.766 F7800
G1 F900
G1 X12.347 Y.424 E.02459
G1 X14.941 Y3.003 E.17593
G1 X16.672 Y4.584 E.11275
G1 X13.081 Y4.576 E.17272
G1 X9.36 Y4.372 E.17924
G1 X8.21 Y4.329 E.05535
G1 X9.691 Y2.816 E.10183
G1 X11.923 Y.806 E.14447
G1 E-2 F2400
G1 X12.642 Y-1.245 F7800
G1 E2 F2400
G1 F900
G1 X12.331 Y-.944 E.02082
G1 X9.439 Y-3.622 E.18957
G1 X9.045 Y-3.963 E.02506
G1 X12.99 Y-4.167 E.18999
G1 X15.684 Y-4.18 E.12957
G1 X12.685 Y-1.287 E.20042
G1 X12.65 Y-.72 F7800
G1 F900
G1 X12.347 Y-.404 E.02106
G1 X9.177 Y-3.339 E.20778
G1 X8.045 Y-4.317 E.07195
G1 X9.308 Y-4.357 E.06078
G1 X12.979 Y-4.553 E.17681
G1 X16.639 Y-4.562 E.17603
G1 X13.872 Y-1.91 E.18434
G1 X12.694 Y-.765 E.07901
G1 X12.692 Y-.763 E.00014
G1 X12.563 Y.02 F7800
;TYPE:External perimeter
;WIDTH:0.470017
G1 F1800
G1 X12.636 Y.167 E.0083
;WIDTH:0.45
G1 X15.213 Y2.73 E.17481
G1 X17.426 Y4.751 E.14414
G1 X17.687 Y4.998 E.01728
G1 X16.299 Y4.96 E.06678
G1 X13.071 Y4.961 E.15526
G1 X9.349 Y4.758 E.17928
G1 X7.325 Y4.681 E.09742
G1 X9.424 Y2.538 E.14428
G1 X12.072 Y.153 E.1714
;WIDTH:0.470019
G1 X12.145 Y.028 E.00732
G1 X12.074 Y-.131 E.00881
;WIDTH:0.45
G1 X8.915 Y-3.056 E.20707
G1 X7.045 Y-4.672 E.11887
G1 X9.287 Y-4.742 E.10788
G1 X12.968 Y-4.938 E.17729
G1 X16.266 Y-4.954 E.15862
G1 X17.582 Y-4.932 E.0633
G1 X14.139 Y-1.632 E.22938
G1 X12.962 Y-.488 E.07894
G1 X12.635 Y-.148 E.02269
;WIDTH:0.470017
G1 X12.564 Y-.033 E.00684
G1 X12.783 Y.303 F7800
G1 X12.324 Y1.353
;TYPE:Solid infill
;WIDTH:0.45
G1 F1200
G1 X14.464 Y3.48 E.14512
G1 X14.922 Y3.9 E.02989
G1 X13.099 Y3.901 E.08768
G1 X9.752 Y3.718 E.16122
G1 X10.158 Y3.304 E.02789
G1 X12.181 Y1.482 E.13094
G1 X12.311 Y1.884 E.02032
G1 X13.952 Y3.515 E.11128
G1 X13.11 Y3.515 E.0405
G1 X10.649 Y3.381 E.11854
G1 X12.168 Y2.013 E.09832
G1 X12.297 Y2.476 E.02312
;WIDTH:0.538842
G1 X12.897 Y3.073 E.05009
G1 X11.706 Y3.008 E.07059
G1 X12.153 Y2.605 E.03562
G1 E-2 F2400
G1 X12.806 Y-3.868 F7800
G1 E2 F2400
;WIDTH:0.45
G1 F1200
G1 X9.773 Y-3.706 E.14608
G1 X12.323 Y-1.346 E.16711
G1 X14.96 Y-3.888 E.17616
G1 X12.999 Y-3.878 E.09432
G1 X13.01 Y-3.493 E.01852
G1 X13.996 Y-3.497 E.04742
G1 X12.317 Y-1.877 E.11221
G1 X10.705 Y-3.37 E.10568
G1 X12.817 Y-3.482 E.10172
G1 X12.921 Y-3.059 E.02095
;WIDTH:0.534914
G1 X12.31 Y-2.467 E.04993
G1 X11.738 Y-2.996 E.04572
G1 X12.728 Y-3.049 E.05818
G1 E-2 F2400
G1 X-12.042 Y1.198 F7800
G1 E2 F2400
;TYPE:Perimeter
;WIDTH:0.45
G1 F900
G1 X-11.596 Y.773 E.02963
G1 X-9.486 Y2.766 E.1396
G1 X-8.352 Y3.91 E.07747
G1 X-11.086 Y4.066 E.13171
G1 X-15.038 Y4.151 E.19012
G1 X-14.269 Y3.391 E.052
G1 X-13.503 Y2.589 E.05334
G1 X-12.086 Y1.239 E.09413
G1 X-12.089 Y.71 F7800
G1 F900
G1 X-11.768 Y.404 E.02133
G1 X-11.597 Y.033 E.01965
G1 X-11.428 Y.402 E.01952
G1 X-9.217 Y2.49 E.14627
G1 X-7.975 Y3.742 E.08482
G1 X-7.406 Y4.265 E.03717
G1 X-8.654 Y4.306 E.06006
G1 X-11.071 Y4.452 E.11646
G1 X-16.014 Y4.548 E.23779
G1 X-14.559 Y3.136 E.09752
G1 X-13.775 Y2.316 E.05456
G1 X-12.133 Y.751 E.1091
G1 X-11.597 Y.033 F7800
;WIDTH:0.432893
G1 F900
G1 X-11.597 Y-.067 E.0046
G1 X-11.146 Y-1.243 F7800
;WIDTH:0.45
G1 F900
G1 X-11.593 Y-.813 E.02983
G1 X-12.332 Y-1.575 E.05105
G1 X-12.849 Y-2.079 E.03473
G1 X-15.078 Y-4.184 E.14746
G1 X-13.639 Y-4.127 E.06927
G1 X-11.144 Y-4.111 E.12
G1 X-8.223 Y-3.908 E.14083
G1 X-10.111 Y-2.238 E.12123
G1 X-11.103 Y-1.285 E.06616
G1 X-11.101 Y-.751 F7800
G1 F900
G1 X-11.43 Y-.434 E.02197
G1 X-11.597 Y-.067 E.01939
G1 X-11.749 Y-.419 E.01844
G1 X-12.609 Y-1.307 E.05946
G1 X-16.073 Y-4.6 E.22987
G1 X-13.637 Y-4.513 E.11724
G1 X-11.129 Y-4.496 E.12063
G1 X-8.501 Y-4.305 E.12673
G1 X-7.233 Y-4.254 E.06104
G1 X-8.611 Y-3.063 E.0876
G1 X-9.869 Y-1.936 E.08123
G1 X-11.058 Y-.793 E.07933
G1 X-11.98 Y-.02 F7800
;TYPE:External perimeter
G1 F1800
G1 X-12.026 Y-.151 E.00668
G1 X-12.89 Y-1.043 E.05973
G1 X-17.019 Y-4.958 E.27367
G1 X-15.776 Y-4.984 E.0598
G1 X-13.634 Y-4.898 E.10311
G1 X-11.113 Y-4.882 E.12125
G1 X-8.485 Y-4.691 E.12673
G1 X-6.303 Y-4.603 E.10503
G1 X-6.687 Y-4.217 E.02619
G1 X-8.351 Y-2.778 E.10581
G1 X-9.597 Y-1.663 E.08042
G1 X-11.163 Y-.156 E.10453
G1 X-11.222 Y-.034 E.00652
G1 X-11.162 Y.122 E.00804
G1 X-8.947 Y2.214 E.14654
G1 X-7.714 Y3.458 E.08424
G1 X-6.45 Y4.619 E.08255
G1 X-8.631 Y4.691 E.10496
G1 X-11.055 Y4.837 E.1168
G1 X-15.723 Y4.937 E.22457
G1 X-16.974 Y4.925 E.06017
G1 X-15.591 Y3.613 E.09169
G1 X-14.826 Y2.858 E.0517
G1 X-14.048 Y2.043 E.05419
G1 X-12.034 Y.125 E.13376
G1 X-11.99 Y.035 E.00482
G1 X-12.192 Y-.31 F7800
G1 X-11.596 Y1.172
;TYPE:Solid infill
G1 F1200
G1 X-9.688 Y2.973 E.12619
G1 X-9.015 Y3.652 E.04598
G1 X-11.098 Y3.777 E.10037
G1 X-14.324 Y3.846 E.15519
G1 X-13.299 Y2.794 E.07064
G1 X-11.735 Y1.305 E.10386
G1 X-11.594 Y1.703 E.02031
G1 X-9.889 Y3.318 E.11295
G1 X-11.114 Y3.392 E.05903
G1 X-13.39 Y3.44 E.10949
G1 X-13.027 Y3.069 E.02496
G1 X-11.734 Y1.836 E.08593
G1 X-11.593 Y2.328 E.02462
;WIDTH:0.585852
G1 X-10.958 Y2.928 E.05682
G1 X-12.259 Y2.963 E.08465
G1 X-11.733 Y2.461 E.04729
G1 E-2 F2400
G1 X-11.348 Y-3.823 F7800
G1 E2 F2400
;WIDTH:0.45
G1 F1200
G1 X-13.678 Y-3.839 E.11207
G1 X-14.318 Y-3.864 E.03081
G1 X-12.639 Y-2.278 E.11109
G1 X-11.587 Y-1.22 E.07176
G1 X-10.302 Y-2.454 E.08569
G1 X-8.947 Y-3.661 E.08728
G1 X-11.155 Y-3.821 E.10648
G1 X-11.171 Y-3.436 E.01853
G1 X-9.885 Y-3.342 E.06202
G1 X-10.575 Y-2.727 E.04446
G1 X-11.581 Y-1.761 E.06708
G1 X-12.374 Y-2.559 E.05411
G1 X-13.319 Y-3.451 E.0625
G1 X-11.364 Y-3.437 E.09403
G1 X-11.568 Y-2.993 E.0235
;WIDTH:0.570024
G1 X-10.962 Y-2.974 E.03824
G1 X-11.574 Y-2.386 E.05352
G1 X-12.19 Y-2.997 E.05472
G1 X-11.761 Y-2.994 E.02706
G1 E-10 F2400
T1
G1 X10.416 Y.001 F7800
G1 Z8.45
G1 E10 F2400
;TYPE:Perimeter
;WIDTH:0.45
G1 F900
G1 X9.555 Y.776 E.05572
G1 X8.601 Y1.636 E.06178
G1 X7.671 Y2.583 E.06384
G1 X7.661 Y2.421 E.00781
G1 X7.785 Y-.029 E.11799
G1 X7.723 Y-2.448 E.11638
G1 X8.098 Y-2.148 E.0231
G1 X10.376 Y-.039 E.14931
G1 X10.988 Y.005 F7800
G1 F900
G1 X9.813 Y1.063 E.07605
G1 X8.833 Y1.947 E.06348
G1 X7.337 Y3.474 E.10282
G1 X7.275 Y2.423 E.05064
G1 X7.4 Y-.019 E.11761
G1 X7.312 Y-2.826 E.13507
G1 X7.247 Y-3.394 E.0275
G1 X8.355 Y-2.435 E.07048
G1 X10.947 Y-.036 E.16987
G1 X11.561 Y.007 F7800
;TYPE:External perimeter
G1 F900
G1 X10.071 Y1.35 E.09648
G1 X9.108 Y2.217 E.06232
G1 X7.004 Y4.366 E.14465
G1 X6.889 Y2.424 E.09357
G1 X7.014 Y.005 E.1165
G1 X6.964 Y-1.96 E.09454
G1 X6.929 Y-2.782 E.03957
G1 X6.751 Y-4.332 E.07504
G1 X8.613 Y-2.723 E.11836
G1 X11.517 Y-.033 E.19039
G1 X11.264 Y.276 F7800
G1 E-2 F2400
G1 X8.028 Y-1.818 F7800
G1 E2 F2400
;TYPE:Solid infill
G1 F1200
G1 X9.989 Y-.003 E.12852
G1 X8.409 Y1.419 E.10224
G1 X7.98 Y1.855 E.02942
G1 X8.074 Y0 E.08933
G1 X8.033 Y-1.625 E.07818
G1 X8.437 Y-.914 F7800
G1 F1200
G1 X9.417 Y-.007 E.06422
G1 X8.415 Y.895 E.06484
G1 X8.46 Y-.024 E.04425
G1 X8.442 Y-.722 E.03358
G1 E-2 F2400
G1 X14.206 Y.006 F7800
G1 E2 F2400
;TYPE:Perimeter
G1 F900
G1 X17.05 Y-2.73 E.18981
G1 X16.955 Y-.028 E.13004
G1 X17.005 Y2.712 E.13181
G1 X16.058 Y1.848 E.06166
G1 X14.248 Y.049 E.12274
G1 X13.658 Y.005 F7800
G1 F900
G1 X13.656 Y.003 E.00014
G1 X17.469 Y-3.666 E.25451
G1 X17.341 Y-.034 E.1748
G1 X17.381 Y2.585 E.12598
G1 X17.502 Y3.689 E.05342
G1 X15.792 Y2.127 E.11139
G1 X13.7 Y.047 E.14189
G1 X13.113 Y.007 F7800
;TYPE:External perimeter
G1 F900
G1 X13.112 Y.006 E.00007
G1 X14.451 Y-1.307 E.0902
G1 X17.888 Y-4.602 E.229
G1 X17.726 Y-.04 E.21955
G1 X17.767 Y2.579 E.12598
G1 X17.987 Y4.547 E.09524
G1 X17.997 Y4.672 E.00603
G1 X15.526 Y2.407 E.16122
G1 X13.155 Y.049 E.16083
G1 X13.395 Y-.271 F7800
G1 E-2 F2400
G1 X16.736 Y-2.027 F7800
G1 E2 F2400
;TYPE:Solid infill
G1 F1200
G1 X16.666 Y-.08 E.0937
G1 X16.698 Y2.04 E.10198
G1 X16.258 Y1.639 E.02863
G1 X14.619 Y.009 E.11118
G1 X16.597 Y-1.894 E.13202
G1 X16.316 Y-1.089 F7800
G1 F1200
G1 X16.281 Y-.074 E.04885
G1 X16.299 Y1.136 E.0582
G1 X15.17 Y.014 E.07656
G1 X16.177 Y-.955 E.06721
G1 X15.889 Y.002 F7800
;WIDTH:0.593849
G1 F1200
G1 X15.842 Y-.045 E.00439
G1 X15.778 Y-.028 E.00437
G1 X15.761 Y.036 E.00437
G1 X15.808 Y.083 E.00439
G1 X15.871 Y.066 E.00431
G1 E-2 F2400
G1 X-9.532 Y-.031 F7800
G1 E2 F2400
;TYPE:Perimeter
;WIDTH:0.45
G1 F900
G1 X-8.768 Y-.765 E.05096
G1 X-6.918 Y-2.403 E.11884
G1 X-6.963 Y-1.589 E.03921
G1 X-6.9 Y.827 E.11624
G1 X-6.931 Y2.514 E.08115
G1 X-8.106 Y1.329 E.08026
G1 X-9.502 Y.011 E.09234
G1 X-10.094 Y-.026 F7800
G1 F900
G1 X-9.031 Y-1.048 E.07092
G1 X-7.8 Y-2.15 E.07947
G1 X-6.435 Y-3.331 E.08681
G1 X-6.531 Y-2.405 E.04478
G1 X-6.578 Y-1.599 E.03883
G1 X-6.514 Y.824 E.11658
G1 X-6.536 Y2.338 E.07283
G1 X-6.574 Y3.371 E.04972
G1 X-7.138 Y2.853 E.03683
G1 X-8.371 Y1.609 E.08424
G1 X-10.058 Y.016 E.1116
G1 X-10.655 Y-.021 F7800
;TYPE:External perimeter
G1 F900
G1 X-9.293 Y-1.331 E.09089
G1 X-8.055 Y-2.439 E.07991
G1 X-6.392 Y-3.877 E.10574
G1 X-5.984 Y-4.285 E.02775
G1 X-5.974 Y-4.037 E.01194
G1 X-6.146 Y-2.391 E.0796
G1 X-6.192 Y-1.611 E.03758
G1 X-6.129 Y.822 E.11706
G1 X-6.151 Y2.343 E.07316
G1 X-6.194 Y3.254 E.04386
G1 X-6.144 Y4.29 E.04989
G1 X-7.405 Y3.131 E.08238
G1 X-8.634 Y1.891 E.08397
G1 X-10.615 Y.021 E.13102
G1 X-10.369 Y-.295 F7800
G1 E-2 F2400
G1 X-7.252 Y-1.727 F7800
G1 E2 F2400
;TYPE:Solid infill
G1 F1200
G1 X-7.189 Y.828 E.12292
G1 X-7.204 Y1.828 E.0481
G1 X-7.896 Y1.129 E.04731
G1 X-9.12 Y-.026 E.08094
G1 X-8.572 Y-.553 E.03657
G1 X-7.396 Y-1.599 E.0757
G1 X-7.617 Y-.886 E.0359
G1 X-7.576 Y.904 E.08612
G1 X-8.561 Y-.029 E.06525
G1 X-7.761 Y-.758 E.05206
G1 X-7.941 Y-.042 E.03551
;WIDTH:0.464693
G1 X-7.976 Y-.078 E.00251
G1 X-8.024 Y-.065 E.00248
G1 X-8.037 Y-.017 E.00248
G1 X-8.002 Y.019 E.00251
G1 X-7.954 Y.006 E.00248
G1 E-2 F2400
G1 X-13.631 Y-.04 F7800
G1 E2 F2400
;TYPE:Perimeter
;WIDTH:0.45
G1 F900
G1 X-14.926 Y1.195 E.08607
G1 X-15.699 Y2.003 E.05378
G1 X-16.434 Y2.728 E.04965
G1 X-16.448 Y1.829 E.04324
G1 X-16.313 Y-.086 E.09233
G1 X-16.293 Y-1.097 E.04864
G1 X-16.46 Y-2.75 E.07991
G1 X-13.751 Y-.176 E.17973
G1 X-13.66 Y-.083 E.00626
G1 X-13.081 Y-.032 F7800
G1 F900
G1 X-14.647 Y1.462 E.1041
G1 X-15.424 Y2.274 E.05405
G1 X-16.857 Y3.665 E.09605
G1 X-16.815 Y2.591 E.0517
G1 X-16.834 Y1.82 E.03709
G1 X-16.699 Y-.096 E.09238
G1 X-16.677 Y-1.058 E.04628
G1 X-16.913 Y-3.39 E.11273
G1 X-16.921 Y-3.715 E.01564
G1 X-13.473 Y-.445 E.22856
G1 X-13.115 Y-.075 E.02476
G1 X-12.531 Y-.023 F7800
;TYPE:External perimeter
G1 F900
G1 X-14.369 Y1.728 E.1221
G1 X-15.149 Y2.544 E.05429
G1 X-15.903 Y3.289 E.05098
G1 X-17.28 Y4.595 E.09128
G1 X-17.201 Y2.6 E.09603
G1 X-17.22 Y1.81 E.03801
G1 X-17.084 Y-.107 E.09243
G1 X-17.061 Y-1.019 E.04388
G1 X-17.298 Y-3.371 E.1137
G1 X-17.328 Y-4.63 E.06057
G1 X-13.196 Y-.713 E.27384
G1 X-12.57 Y-.066 E.0433
G1 X-12.817 Y.249 F7800
G1 E-2 F2400
G1 X-16.096 Y-2.007 F7800
G1 E2 F2400
;TYPE:Solid infill
G1 F1200
G1 X-14.039 Y-.051 E.13652
G1 X-15.098 Y.958 E.07035
G1 X-16.153 Y2.039 E.07265
G1 X-16.158 Y1.836 E.00977
G1 X-16.025 Y-.074 E.09209
G1 X-16.001 Y-.983 E.04373
G1 X-16.078 Y-1.815 E.04019
G1 X-15.617 Y-1.019 F7800
G1 F1200
G1 X-14.598 Y-.051 E.0676
G1 X-15.713 Y1.036 E.07489
G1 X-15.64 Y-.063 E.05297
G1 X-15.621 Y-.826 E.03671
G1 X-15.159 Y-.066 F7800
;WIDTH:0.528951
G1 F1200
G1 X-15.2 Y-.107 E.00336
G1 X-15.256 Y-.092 E.00336
G1 X-15.271 Y-.036 E.00336
G1 X-15.23 Y.006 E.0034
G1 X-15.174 Y-.01 E.00337
;LAYER_CHANGE
;Z:8.75
;HEIGHT:0.3
G1 E-2 F2400
G1 Z8.75 F7800
G1 Z8.75
G1 X10.262 Y.005
G1 E2 F2400
;TYPE:Perimeter
;WIDTH:0.45
G1 F900
G1 X9.412 Y.774 E.05513
G1 X8.474 Y1.623 E.06085
G1 X7.549 Y2.567 E.06357
G1 X7.552 Y1.794 E.03718
G1 X7.652 Y-.03 E.08786
G1 X7.586 Y-2.469 E.11735
G1 X10.227 Y-.036 E.17271
G1 X10.836 Y.006 F7800
G1 F900
G1 X9.671 Y1.06 E.07556
G1 X8.706 Y1.934 E.06262
G1 X7.217 Y3.459 E.10251
G1 X7.152 Y2.399 E.05108
G1 X7.167 Y1.779 E.02983
G1 X7.266 Y-.02 E.08666
G1 X7.2 Y-2.444 E.11663
G1 X7.125 Y-3.382 E.04526
G1 X7.897 Y-2.712 E.04916
G1 X10.797 Y-.035 E.18982
G1 X11.41 Y.007 F7800
;TYPE:External perimeter
G1 F900
G1 X9.929 Y1.346 E.09603
G1 X8.982 Y2.203 E.06143
G1 X6.885 Y4.332 E.14373
G1 X6.767 Y2.406 E.09281
G1 X6.781 Y1.763 E.03093
G1 X6.881 Y-.009 E.08536
G1 X6.816 Y-2.38 E.11408
G1 X6.772 Y-3.078 E.03364
G1 X6.631 Y-4.308 E.05955
G1 X8.154 Y-2.999 E.09659
G1 X11.366 Y-.034 E.21024
G1 X11.113 Y.276 F7800
G1 E-2 F2400
G1 X7.931 Y.195 F7800
G1 E2 F2400
;TYPE:Solid infill
G1 F1200
G1 X7.847 Y1.849 E.07965
G1 X8.282 Y1.406 E.02986
G1 X9.838 Y-.001 E.1009
G1 X7.893 Y-1.797 E.12733
G1 X7.941 Y.003 E.0866
G1 X8.317 Y.17 E.01979
G1 X8.282 Y.886 E.03448
G1 X9.266 Y-.004 E.06381
G1 X8.303 Y-.894 E.06307
G1 X8.327 Y-.023 E.04191
G1 X8.693 Y-.052 E.01766
;WIDTH:0.435823
G1 X8.672 Y.026 E.00374
G1 X8.75 Y.005 E.00374
G1 X8.738 Y-.04 E.00216
G1 E-2 F2400
G1 X14.126 Y.006 F7800
G1 E2 F2400
;TYPE:Perimeter
;WIDTH:0.45
G1 F900
G1 X16.966 Y-2.741 E.19004
G1 X16.86 Y-.025 E.13073
G1 X16.916 Y2.711 E.13162
G1 X15.972 Y1.843 E.06168
G1 X14.169 Y.049 E.12233
G1 X13.578 Y.005 F7800
G1 F900
G1 X13.576 Y.002 E.00017
G1 X17.384 Y-3.67 E.25443
G1 X17.357 Y-2.867 E.03864
G1 X17.245 Y-.032 E.13646
G1 X17.292 Y2.58 E.12565
G1 X17.409 Y3.687 E.05354
G1 X15.705 Y2.122 E.11128
G1 X13.621 Y.047 E.14145
G1 X13.032 Y.005 F7800
;TYPE:External perimeter
G1 F900
G1 X13.031 Y.004 E.00007
G1 X16.324 Y-3.195 E.22081
G1 X17.802 Y-4.598 E.09801
G1 X17.742 Y-2.854 E.08393
G1 X17.631 Y-.05 E.13497
G1 X17.678 Y2.573 E.12618
G1 X17.901 Y4.663 E.10109
G1 X15.439 Y2.401 E.1608
G1 X13.075 Y.048 E.16042
G1 X13.315 Y-.272 F7800
G1 X14.539 Y.009
;TYPE:Solid infill
G1 F1200
G1 X16.648 Y-2.033 E.14119
G1 X16.571 Y-.084 E.09381
G1 X16.608 Y2.035 E.10193
G1 X16.172 Y1.634 E.02849
G1 X14.676 Y.145 E.10152
G1 X15.09 Y.013 E.0209
G1 X16.225 Y-1.086 E.07599
G1 X16.186 Y-.077 E.04857
G1 X16.206 Y1.125 E.05782
G1 X15.226 Y.149 E.06652
G1 X15.718 Y-.045 E.02544
;WIDTH:0.583213
G1 X15.672 Y.001 E.00421
G1 X15.689 Y.063 E.00416
G1 X15.752 Y.08 E.00422
G1 X15.798 Y.034 E.00421
G1 X15.781 Y-.028 E.00416
G1 E-2 F2400
G1 X-9.404 Y-.027 F7800
G1 E2 F2400
;TYPE:Perimeter
;WIDTH:0.45
G1 F900
G1 X-8.594 Y-.797 E.05375
G1 X-6.791 Y-2.373 E.11518
G1 X-6.851 Y-1.297 E.05183
G1 X-6.807 Y.005 E.06266
G1 X-6.795 Y1.081 E.05176
G1 X-6.822 Y2.493 E.06792
G1 X-8.021 Y1.289 E.08172
G1 X-9.375 Y.014 E.08945
G1 X-9.967 Y-.022 F7800
G1 F900
G1 X-8.854 Y-1.082 E.07392
G1 X-6.307 Y-3.313 E.16285
G1 X-6.404 Y-2.383 E.04497
G1 X-6.465 Y-1.364 E.0491
G1 X-6.41 Y1.082 E.11767
G1 X-6.428 Y2.32 E.05955
G1 X-6.479 Y3.364 E.05027
G1 X-6.717 Y3.145 E.01556
G1 X-8.286 Y1.569 E.10696
G1 X-9.933 Y.019 E.10878
G1 X-10.531 Y-.018 F7800
;TYPE:External perimeter
G1 F900
G1 X-9.114 Y-1.367 E.0941
G1 X-6.595 Y-3.57 E.16095
G1 X-5.902 Y-4.264 E.04717
G1 X-5.879 Y-3.72 E.02619
G1 X-6.019 Y-2.36 E.06576
G1 X-6.08 Y-1.341 E.0491
G1 X-6.036 Y-.012 E.06396
G1 X-6.024 Y1.083 E.05267
G1 X-6.042 Y2.318 E.05941
G1 X-6.1 Y3.534 E.05855
G1 X-6.064 Y4.268 E.03535
G1 X-6.985 Y3.423 E.06012
G1 X-8.55 Y1.85 E.10672
G1 X-10.491 Y.023 E.12821
G1 X-10.244 Y-.291 F7800
G1 X-8.991 Y-.021
;TYPE:Solid infill
G1 F1200
G1 X-8.399 Y-.584 E.03929
G1 X-7.121 Y-1.701 E.08164
G1 X-7.139 Y-1.391 E.01494
G1 X-7.096 Y.012 E.06751
G1 X-7.095 Y1.809 E.08643
G1 X-7.824 Y1.077 E.04969
G1 X-8.85 Y.111 E.06778
G1 X-8.43 Y-.022 E.02119
G1 X-7.508 Y-.85 E.0596
G1 X-7.472 Y.884 E.08342
G1 X-8.289 Y.11 E.05413
G1 E-2 F2400
G1 X-13.603 Y-.042 F7800
G1 E2 F2400
;TYPE:Perimeter
G1 F900
G1 X-14.568 Y.878 E.06413
G1 X-15.483 Y1.84 E.06386
G1 X-16.374 Y2.725 E.0604
G1 X-16.396 Y1.502 E.05883
G1 X-16.288 Y.017 E.07161
G1 X-16.253 Y-1.262 E.06154
G1 X-16.397 Y-2.736 E.07123
G1 X-14.003 Y-.468 E.15861
G1 X-13.632 Y-.084 E.02568
G1 X-13.053 Y-.033 F7800
G1 F900
G1 X-14.288 Y1.143 E.08202
G1 X-15.207 Y2.11 E.06416
G1 X-16.797 Y3.664 E.10693
G1 X-16.755 Y2.586 E.05189
G1 X-16.782 Y1.492 E.05263
G1 X-16.673 Y.006 E.07166
G1 X-16.638 Y-1.272 E.06149
G1 X-16.882 Y-3.723 E.11847
G1 X-13.726 Y-.737 E.20897
G1 X-13.086 Y-.076 E.04425
G1 X-12.502 Y-.024 F7800
;TYPE:External perimeter
G1 F900
G1 X-14.009 Y1.409 E.10002
G1 X-14.932 Y2.38 E.06443
G1 X-15.849 Y3.29 E.06214
G1 X-17.235 Y4.591 E.09143
G1 X-17.141 Y2.595 E.09611
G1 X-17.168 Y1.483 E.0535
G1 X-17.059 Y-.005 E.07176
G1 X-17.024 Y-1.283 E.06149
G1 X-17.265 Y-3.635 E.11372
G1 X-17.289 Y-4.636 E.04816
G1 X-13.449 Y-1.005 E.25418
G1 X-12.541 Y-.067 E.06279
G1 X-12.789 Y.247 F7800
G1 E-2 F2400
G1 X-16.018 Y.298 F7800
G1 E2 F2400
;TYPE:Solid infill
G1 F1200
G1 X-16.106 Y1.509 E.0584
G1 X-16.093 Y2.039 E.0255
G1 X-14.757 Y.658 E.09242
G1 X-14.008 Y-.055 E.04974
G1 X-14.654 Y-.698 E.04384
G1 X-16.032 Y-1.995 E.09102
G1 X-15.964 Y-1.248 E.03608
G1 X-16.004 Y.106 E.06515
G1 X-15.614 Y.059 E.01889
G1 X-15.584 Y-1.043 E.05302
G1 X-14.561 Y-.062 E.06817
G1 X-15.037 Y.392 E.03164
G1 X-15.688 Y1.077 E.04545
G1 X-15.628 Y.251 E.03983
G1 X-15.195 Y-.126 E.02761
;WIDTH:0.541075
G1 X-15.237 Y-.084 E.00353
G1 X-15.221 Y-.026 E.00358
G1 X-15.164 Y-.011 E.0035
G1 X-15.122 Y-.053 E.00353
G1 X-15.137 Y-.111 E.00356
G1 E-10 F2400
T0
G1 X11.845 Y1.26 F7800
G1 Z8.75
G1 E10 F2400
;TYPE:Perimeter
;WIDTH:0.45
G1 F900
G1 X12.22 Y.92 E.02435
G1 X14.581 Y3.27 E.16022
G1 X15.57 Y4.18 E.06464
G1 X12.971 Y4.171 E.125
G1 X8.976 Y3.958 E.19242
G1 X9.834 Y3.079 E.05908
G1 X11.801 Y1.3 E.12756
G1 X11.825 Y.758 F7800
G1 F900
G1 X12.179 Y.438 E.02295
G1 X12.231 Y.352 E.00483
G1 X12.262 Y.417 E.00346
G1 X14.853 Y2.997 E.17586
G1 X16.572 Y4.577 E.1123
G1 X16.232 Y4.567 E.01636
G1 X12.96 Y4.557 E.15737
G1 X8.097 Y4.307 E.2342
G1 X9.566 Y2.801 E.10119
G1 X11.78 Y.798 E.1436
G1 E-2 F2400
G1 X12.554 Y-1.239 F7800
G1 E2 F2400
G1 F900
G1 X12.216 Y-.911 E.02265
G1 X8.924 Y-3.948 E.21542
G1 X12.891 Y-4.155 E.19106
G1 X15.58 Y-4.172 E.12933
G1 X12.597 Y-1.28 E.19983
G1 X12.545 Y-.694 F7800
;WIDTH:0.451854
G1 F900
G1 X12.23 Y-.349 E.02258
G1 X12.184 Y-.416 E.00393
;WIDTH:0.45
G1 X8.701 Y-3.631 E.22798
G1 X7.913 Y-4.305 E.04987
G1 X9.198 Y-4.341 E.06183
G1 X12.879 Y-4.54 E.1773
G1 X16.543 Y-4.555 E.17623
G1 X12.585 Y-.738 E.26447
G1 X12.47 Y.026 F7800
;TYPE:External perimeter
;WIDTH:0.505211
G1 F1800
G1 X12.492 Y.066 E.00251
;WIDTH:0.477605
G1 X12.534 Y.144 E.00457
;WIDTH:0.45
G1 X15.125 Y2.723 E.17583
G1 X17.593 Y4.991 E.16121
G1 X16.221 Y4.953 E.06601
G1 X12.949 Y4.943 E.15737
G1 X9.229 Y4.74 E.17919
G1 X7.198 Y4.655 E.09777
G1 X9.299 Y2.523 E.14397
G1 X11.921 Y.152 E.17002
;WIDTH:0.477605
G1 X11.966 Y.09 E.00395
;WIDTH:0.505211
G1 X12.011 Y.027 E.00426
G1 X11.966 Y-.053 E.00505
;WIDTH:0.477605
G1 X11.922 Y-.133 E.00471
;WIDTH:0.45
G1 X8.451 Y-3.337 E.22719
G1 X6.914 Y-4.652 E.09729
G1 X9.177 Y-4.726 E.1089
G1 X12.867 Y-4.926 E.17774
G1 X16.182 Y-4.948 E.15944
G1 X17.492 Y-4.924 E.06302
G1 X16.013 Y-3.52 E.09808
G1 X12.857 Y-.465 E.21126
;WIDTH:0.477605
G1 X12.654 Y-.238 E.0157
;WIDTH:0.505211
G1 X12.462 Y-.025 E.01577
G1 X12.698 Y.298 F7800
G1 E-2 F2400
G1 X9.634 Y-3.689 F7800
G1 E2 F2400
;TYPE:Solid infill
;WIDTH:0.45
G1 F1200
G1 X12.899 Y-3.866 E.15727
G1 X14.859 Y-3.878 E.09427
G1 X12.208 Y-1.312 E.17745
G1 X9.775 Y-3.558 E.15926
G1 X10.566 Y-3.353 F7800
G1 F1200
G1 X12.911 Y-3.48 E.11295
G1 X13.899 Y-3.487 E.04752
G1 X12.202 Y-1.843 E.11364
G1 X10.707 Y-3.223 E.09786
G1 X11.611 Y-2.977 F7800
;WIDTH:0.543759
G1 F1200
G1 X12.818 Y-3.042 E.07227
G1 X12.195 Y-2.438 E.05188
G1 X11.753 Y-2.846 E.03597
G1 E-2 F2400
G1 X9.632 Y3.7 F7800
G1 E2 F2400
;WIDTH:0.45
G1 F1200
G1 X10.035 Y3.288 E.02772
G1 X12.211 Y1.319 E.14114
G1 X14.375 Y3.474 E.14689
G1 X14.825 Y3.888 E.02941
G1 X12.979 Y3.882 E.08879
G1 X9.824 Y3.711 E.15197
G1 X10.526 Y3.363 F7800
G1 F1200
G1 X12.198 Y1.85 E.10845
G1 X13.855 Y3.499 E.11244
G1 X12.99 Y3.497 E.0416
G1 X10.719 Y3.373 E.10939
G1 X11.587 Y2.987 F7800
;WIDTH:0.544741
G1 F1200
G1 X12.184 Y2.447 E.04823
G1 X12.792 Y3.052 E.05139
G1 X11.78 Y2.997 E.06072
G1 E-2 F2400
G1 X-12.013 Y1.196 F7800
G1 E2 F2400
;TYPE:Perimeter
;WIDTH:0.45
G1 F900
G1 X-11.523 Y.73 E.03252
G1 X-9.399 Y2.728 E.14025
G1 X-8.24 Y3.893 E.07904
G1 X-11.343 Y4.071 E.14949
G1 X-14.979 Y4.147 E.17492
G1 X-14.049 Y3.224 E.06302
G1 X-13.142 Y2.269 E.06335
G1 X-12.056 Y1.237 E.07206
G1 X-12.07 Y.717 F7800
G1 F900
G1 X-11.743 Y.407 E.02167
;WIDTH:0.488085
G1 X-11.632 Y.222 E.0114
;WIDTH:0.526171
G1 X-11.522 Y.037 E.0124
G1 X-11.415 Y.22 E.01221
;WIDTH:0.488085
G1 X-11.308 Y.402 E.01116
;WIDTH:0.45
G1 X-9.13 Y2.451 E.14382
G1 X-7.323 Y4.246 E.1225
G1 X-8.567 Y4.291 E.05987
G1 X-11.327 Y4.457 E.13299
G1 X-15.952 Y4.545 E.22249
G1 X-14.34 Y2.97 E.1084
G1 X-13.414 Y1.996 E.06464
G1 X-12.113 Y.759 E.08634
G1 E-2 F2400
G1 X-11.017 Y-1.241 F7800
G1 E2 F2400
G1 F900
G1 X-11.517 Y-.765 E.0332
G1 X-12.609 Y-1.892 E.07548
G1 X-15.02 Y-4.177 E.15977
G1 X-13.839 Y-4.13 E.05685
G1 X-11.402 Y-4.116 E.11721
G1 X-8.089 Y-3.886 E.15973
G1 X-9.922 Y-2.283 E.11712
G1 X-10.974 Y-1.282 E.06984
G1 X-10.964 Y-.759 F7800
G1 F900
G1 X-11.306 Y-.434 E.02269
;WIDTH:0.488085
G1 X-11.414 Y-.252 E.01118
;WIDTH:0.526171
G1 X-11.521 Y-.07 E.01216
G1 X-11.621 Y-.245 E.01161
;WIDTH:0.488085
G1 X-11.72 Y-.42 E.01063
;WIDTH:0.45
G1 X-12.878 Y-1.616 E.08007
G1 X-13.338 Y-2.063 E.03085
G1 X-16.029 Y-4.597 E.17778
G1 X-13.836 Y-4.516 E.10555
G1 X-11.387 Y-4.501 E.11779
G1 X-8.423 Y-4.285 E.14294
G1 X-7.114 Y-4.232 E.06301
G1 X-7.17 Y-4.176 E.00381
G1 X-9.668 Y-1.993 E.15956
G1 X-10.921 Y-.801 E.08318
G1 X-11.951 Y-.021 F7800
;TYPE:External perimeter
G1 F1800
G1 X-11.997 Y-.152 E.00668
G1 X-13.147 Y-1.339 E.07949
G1 X-16.979 Y-4.962 E.25364
G1 X-16.25 Y-4.987 E.03508
G1 X-13.834 Y-4.901 E.11627
G1 X-11.372 Y-4.887 E.11842
G1 X-8.395 Y-4.67 E.14356
G1 X-6.221 Y-4.582 E.10465
G1 X-6.897 Y-3.904 E.04605
G1 X-9.421 Y-1.697 E.16126
G1 X-11.04 Y-.155 E.10754
G1 X-11.099 Y-.032 E.00656
G1 X-11.041 Y.124 E.008
G1 X-8.861 Y2.175 E.14396
G1 X-7.293 Y3.75 E.10689
G1 X-6.37 Y4.599 E.06032
G1 X-8.544 Y4.675 E.10463
G1 X-11.311 Y4.842 E.13333
G1 X-15.668 Y4.933 E.2096
G1 X-16.932 Y4.924 E.0608
G1 X-15.533 Y3.611 E.09228
G1 X-14.608 Y2.693 E.06268
G1 X-13.687 Y1.724 E.0643
G1 X-12.009 Y.128 E.11138
G1 X-11.961 Y.034 E.00508
G1 X-12.163 Y-.312 F7800
G1 E-2 F2400
G1 X-14.262 Y3.843 F7800
G1 E2 F2400
;TYPE:Solid infill
G1 F1200
G1 X-12.937 Y2.474 E.09163
G1 X-11.522 Y1.128 E.09393
G1 X-9.606 Y2.93 E.12651
G1 X-8.905 Y3.635 E.04782
G1 X-11.354 Y3.782 E.118
G1 X-14.069 Y3.839 E.13061
G1 X-13.321 Y3.438 F7800
G1 F1200
G1 X-12.664 Y2.746 E.04589
G1 X-11.52 Y1.658 E.07593
G1 X-9.781 Y3.301 E.11507
G1 X-11.37 Y3.397 E.07656
G1 X-13.128 Y3.434 E.08457
G1 X-12.391 Y3.019 F7800
G1 F1200
G1 X-11.519 Y2.189 E.0579
G1 X-10.69 Y2.97 E.05478
G1 X-11.51 Y3.014 E.0395
G1 X-12.199 Y3.018 E.03314
G1 E-2 F2400
G1 X-14.26 Y-3.857 F7800
G1 E2 F2400
G1 F1200
G1 X-11.414 Y-3.826 E.13689
G1 X-8.812 Y-3.637 E.12548
G1 X-10.153 Y-2.463 E.08572
G1 X-11.509 Y-1.173 E.09002
G1 X-12.41 Y-2.102 E.06224
G1 X-14.12 Y-3.724 E.11336
G1 X-13.273 Y-3.452 F7800
G1 F1200
G1 X-11.429 Y-3.441 E.08869
G1 X-9.761 Y-3.32 E.08044
G1 X-10.419 Y-2.743 E.04209
G1 X-11.498 Y-1.715 E.07168
G1 X-12.145 Y-2.382 E.04469
G1 X-13.133 Y-3.32 E.06552
G1 X-12.126 Y-2.99 F7800
;WIDTH:0.588345
G1 F1200
G1 X-11.447 Y-2.986 E.04437
G1 X-10.867 Y-2.944 E.038
G1 X-11.485 Y-2.356 E.05575
G1 X-11.988 Y-2.856 E.04635
;LAYER_CHANGE
;Z:9.05
;HEIGHT:0.3
G1 E-2 F2400
G1 Z9.05 F7800
G1 Z9.05
G1 X11.7 Y1.253
G1 E2 F2400
;TYPE:Perimeter
;WIDTH:0.45
G1 F900
G1 X12.11 Y.88 E.02666
G1 X14.569 Y3.32 E.16661
G1 X15.491 Y4.17 E.06031
G1 X12.851 Y4.153 E.12698
G1 X8.85 Y3.939 E.19271
G1 X9.712 Y3.061 E.05918
G1 X11.655 Y1.293 E.12635
G1 X11.679 Y.753 F7800
G1 F900
G1 X12.027 Y.436 E.02264
G1 X12.118 Y.267 E.00923
G1 X12.188 Y.415 E.00787
G1 X14.84 Y3.046 E.17967
G1 X16.495 Y4.57 E.10821
G1 X16.148 Y4.56 E.0167
G1 X12.839 Y4.538 E.15915
G1 X7.97 Y4.285 E.2345
G1 X9.443 Y2.785 E.10111
G1 X11.634 Y.793 E.14242
G1 E-2 F2400
G1 X12.471 Y-1.221 F7800
G1 E2 F2400
G1 F900
G1 X12.111 Y-.871 E.02415
G1 X8.787 Y-3.931 E.2173
G1 X12.791 Y-4.142 E.19285
G1 X15.495 Y-4.165 E.13006
G1 X12.514 Y-1.263 E.2001
G1 X12.514 Y-.726 F7800
G1 F900
G1 X12.203 Y-.422 E.02092
G1 X12.117 Y-.254 E.00908
G1 X12.032 Y-.419 E.00893
G1 X8.234 Y-3.915 E.24828
G1 X7.804 Y-4.289 E.02741
G1 X9.088 Y-4.325 E.06178
G1 X12.779 Y-4.528 E.17779
G1 X16.458 Y-4.548 E.17695
G1 X15.348 Y-3.493 E.07365
G1 X12.557 Y-.767 E.18764
G1 X12.384 Y.026 F7800
;TYPE:External perimeter
;WIDTH:0.543541
G1 F1800
G1 X12.408 Y.062 E.00259
;WIDTH:0.49677
G1 X12.459 Y.141 E.00507
;WIDTH:0.45
G1 X15.112 Y2.773 E.17974
G1 X17.514 Y4.984 E.15702
G1 X16.137 Y4.946 E.06625
G1 X12.827 Y4.924 E.1592
G1 X7.063 Y4.63 E.27759
G1 X7.52 Y4.193 E.03041
G1 X9.174 Y2.508 E.11356
G1 X10.022 Y1.721 E.05564
G1 X11.769 Y.149 E.11303
;WIDTH:0.496771
G1 X11.824 Y.088 E.00443
;WIDTH:0.543543
G1 X11.879 Y.026 E.00495
G1 X11.825 Y-.055 E.00582
;WIDTH:0.496771
G1 X11.771 Y-.136 E.00525
;WIDTH:0.45
G1 X7.986 Y-3.62 E.24743
G1 X6.801 Y-4.618 E.07451
G1 X7.788 Y-4.674 E.04755
G1 X9.067 Y-4.71 E.06154
G1 X12.767 Y-4.914 E.17823
G1 X16.098 Y-4.941 E.16021
G1 X17.405 Y-4.916 E.06287
G1 X15.619 Y-3.218 E.11853
G1 X12.473 Y-.146 E.21149
;WIDTH:0.49677
G1 X12.414 Y-.081 E.00473
;WIDTH:0.543541
G1 X12.363 Y-.023 E.00462
G1 X12.614 Y.287 F7800
G1 X12.1 Y1.279
;TYPE:Solid infill
;WIDTH:0.45
G1 F1200
G1 X14.364 Y3.524 E.15335
G1 X14.745 Y3.876 E.02495
G1 X12.859 Y3.864 E.09071
G1 X9.508 Y3.682 E.16141
G1 X9.913 Y3.269 E.02782
G1 X11.958 Y1.408 E.13299
G1 X12.089 Y1.81 E.02034
G1 X13.776 Y3.484 E.11431
G1 X12.871 Y3.478 E.04353
G1 X10.403 Y3.344 E.11888
G1 X11.946 Y1.94 E.10034
G1 X12.076 Y2.414 E.02364
;WIDTH:0.553803
G1 X12.697 Y3.03 E.05339
G1 X11.471 Y2.964 E.07495
G1 X11.933 Y2.544 E.03811
G1 E-2 F2400
G1 X12.607 Y-3.843 F7800
G1 E2 F2400
;WIDTH:0.45
G1 F1200
G1 X9.495 Y-3.672 E.1499
G1 X12.105 Y-1.269 E.17063
G1 X14.768 Y-3.869 E.179
G1 X12.8 Y-3.853 E.09466
G1 X12.812 Y-3.468 E.01853
G1 X13.813 Y-3.476 E.04815
G1 X12.097 Y-1.801 E.11533
G1 X10.429 Y-3.337 E.10906
G1 X12.62 Y-3.457 E.10554
G1 X12.723 Y-3.024 E.02141
;WIDTH:0.555371
G1 X12.088 Y-2.405 E.05431
G1 X11.489 Y-2.956 E.04984
G1 X12.53 Y-3.013 E.06385
G1 E-2 F2400
G1 X-10.893 Y-1.239 F7800
G1 E2 F2400
;TYPE:Perimeter
;WIDTH:0.45
G1 F900
G1 X-11.442 Y-.719 E.03637
G1 X-12.866 Y-2.189 E.09844
G1 X-14.976 Y-4.17 E.1392
G1 X-14.038 Y-4.133 E.04515
G1 X-11.66 Y-4.12 E.11438
G1 X-8.612 Y-3.9 E.14698
G1 X-7.955 Y-3.871 E.03163
G1 X-10.076 Y-2.014 E.13559
G1 X-10.85 Y-1.28 E.0513
G1 X-10.835 Y-.763 F7800
G1 F900
G1 X-11.183 Y-.432 E.0231
;WIDTH:0.492483
G1 X-11.249 Y-.343 E.00592
;WIDTH:0.534967
G1 X-11.314 Y-.253 E.00652
;WIDTH:0.577451
G1 X-11.38 Y-.163 E.00714
;WIDTH:0.619934
G1 X-11.446 Y-.074 E.00768
G1 X-11.507 Y-.161 E.00736
;WIDTH:0.577451
G1 X-11.568 Y-.248 E.0068
;WIDTH:0.534967
G1 X-11.63 Y-.335 E.00627
;WIDTH:0.492483
G1 X-11.691 Y-.422 E.00567
;WIDTH:0.45
G1 X-13.135 Y-1.912 E.0998
G1 X-13.564 Y-2.329 E.02877
G1 X-15.989 Y-4.59 E.15947
G1 X-14.036 Y-4.518 E.094
G1 X-11.645 Y-4.506 E.115
G1 X-8.584 Y-4.285 E.14761
G1 X-7.028 Y-4.216 E.07491
G1 X-7.385 Y-3.858 E.02432
G1 X-9.822 Y-1.724 E.1558
G1 X-10.792 Y-.804 E.0643
G1 E-2 F2400
G1 X-11.982 Y1.193 F7800
G1 E2 F2400
G1 F900
G1 X-11.455 Y.691 E.03501
G1 X-9.446 Y2.562 E.13204
G1 X-8.133 Y3.878 E.08941
G1 X-11.599 Y4.076 E.16697
G1 X-14.919 Y4.144 E.15971
G1 X-13.99 Y3.221 E.06299
G1 X-12.776 Y1.95 E.08454
G1 X-12.025 Y1.235 E.04987
G1 X-12.045 Y.72 F7800
G1 F900
G1 X-11.721 Y.412 E.0215
;WIDTH:0.492483
G1 X-11.652 Y.319 E.00618
;WIDTH:0.534966
G1 X-11.583 Y.227 E.00675
;WIDTH:0.577449
G1 X-11.515 Y.134 E.00737
;WIDTH:0.619933
G1 X-11.446 Y.042 E.00797
G1 X-11.38 Y.134 E.00785
;WIDTH:0.577449
G1 X-11.313 Y.226 E.00728
;WIDTH:0.534966
G1 X-11.247 Y.318 E.00665
;WIDTH:0.492483
G1 X-11.18 Y.409 E.00603
;WIDTH:0.45
G1 X-9.178 Y2.285 E.13196
G1 X-7.234 Y4.229 E.13223
G1 X-8.606 Y4.282 E.06604
G1 X-11.584 Y4.461 E.14349
G1 X-15.893 Y4.542 E.20728
G1 X-14.279 Y2.966 E.1085
G1 X-13.049 Y1.677 E.08569
G1 X-12.088 Y.762 E.06382
G1 X-11.922 Y-.022 F7800
;TYPE:External perimeter
G1 F1800
G1 X-11.968 Y-.154 E.00672
G1 X-13.404 Y-1.636 E.09925
G1 X-16.944 Y-4.967 E.23379
G1 X-16.424 Y-4.984 E.02502
G1 X-14.034 Y-4.904 E.11502
G1 X-11.63 Y-4.892 E.11563
G1 X-8.557 Y-4.67 E.14819
G1 X-6.137 Y-4.563 E.11651
G1 X-7.121 Y-3.577 E.067
G1 X-9.574 Y-1.429 E.15682
G1 X-10.918 Y-.153 E.08913
G1 X-10.977 Y-.031 E.00652
G1 X-10.919 Y.125 E.008
G1 X-8.91 Y2.008 E.13243
G1 X-7.009 Y3.911 E.12937
G1 X-6.287 Y4.578 E.04728
G1 X-8.583 Y4.667 E.11051
G1 X-11.568 Y4.847 E.14383
G1 X-15.613 Y4.93 E.19459
G1 X-16.889 Y4.922 E.06137
G1 X-16.111 Y4.22 E.0504
G1 X-15.48 Y3.614 E.04208
G1 X-14.547 Y2.688 E.06322
G1 X-13.321 Y1.404 E.08539
G1 X-11.987 Y.133 E.08862
G1 X-11.933 Y.032 E.00551
G1 X-12.134 Y-.314 F7800
G1 X-11.448 Y1.084
;TYPE:Solid infill
G1 F1200
G1 X-9.648 Y2.769 E.11859
G1 X-8.8 Y3.619 E.05775
G1 X-11.611 Y3.787 E.13544
G1 X-14.203 Y3.84 E.12469
G1 X-12.571 Y2.155 E.11282
G1 X-11.587 Y1.217 E.06538
G1 X-11.445 Y1.614 E.02028
G1 X-9.678 Y3.285 E.11697
G1 X-11.626 Y3.402 E.09386
G1 X-13.261 Y3.435 E.07865
G1 X-12.299 Y2.428 E.06698
G1 X-11.585 Y1.747 E.04746
G1 X-11.443 Y2.145 E.02032
G1 X-10.58 Y2.953 E.05686
G1 X-11.642 Y3.016 E.05117
G1 X-12.342 Y3.031 E.03368
G1 X-11.583 Y2.278 E.05142
G1 E-2 F2400
G1 X-11.671 Y-3.831 F7800
G1 E2 F2400
G1 F1200
G1 X-8.681 Y-3.62 E.14417
G1 X-10.265 Y-2.233 E.10126
G1 X-11.433 Y-1.125 E.07743
G1 X-12.668 Y-2.399 E.08534
G1 X-14.21 Y-3.85 E.10184
G1 X-11.864 Y-3.832 E.11284
G1 X-11.879 Y-3.447 E.01853
G1 X-13.227 Y-3.454 E.06483
G1 X-12.403 Y-2.68 E.05437
G1 X-11.422 Y-1.668 E.06779
G1 X-10.536 Y-2.508 E.05872
G1 X-9.631 Y-3.3 E.05784
G1 X-11.686 Y-3.446 E.09909
G1 X-11.7 Y-3.06 E.01858
G1 X-10.582 Y-2.981 E.05391
G1 X-11.41 Y-2.21 E.05442
G1 X-12.248 Y-3.063 E.05751
G1 X-11.893 Y-3.061 E.01707
G1 E-10 F2400
T1
G1 X10.109 Y0 F7800
G1 Z9.05
G1 E10 F2400
;TYPE:Perimeter
G1 F900
G1 X9.259 Y.764 E.05497
G1 X8.339 Y1.617 E.06034
G1 X7.427 Y2.545 E.06258
G1 X7.438 Y1.458 E.05228
G1 X7.518 Y-.032 E.07177
G1 X7.448 Y-2.451 E.11639
G1 X10.07 Y-.041 E.17129
G1 X10.683 Y.002 F7800
G1 F900
G1 X9.517 Y1.051 E.07544
G1 X8.582 Y1.919 E.06136
G1 X7.095 Y3.433 E.10207
G1 X7.031 Y2.385 E.0505
G1 X7.052 Y1.443 E.04532
G1 X7.133 Y-.021 E.07052
G1 X7.065 Y-2.406 E.11476
G1 X7.003 Y-3.356 E.04579
G1 X7.368 Y-3.049 E.02294
G1 X10.642 Y-.038 E.21394
G1 X11.258 Y.004 F7800
;TYPE:External perimeter
G1 F900
G1 X9.775 Y1.338 E.09594
G1 X8.857 Y2.189 E.06021
G1 X7.202 Y3.875 E.11363
G1 X6.749 Y4.307 E.03011
G1 X6.645 Y2.392 E.09224
G1 X6.667 Y1.427 E.04643
G1 X6.747 Y-.009 E.06917
G1 X6.679 Y-2.395 E.1148
G1 X6.615 Y-3.374 E.04719
G1 X6.512 Y-4.274 E.04357
G1 X7.623 Y-3.339 E.06984
G1 X11.214 Y-.037 E.23463
G1 X10.96 Y.272 F7800
G1 E-2 F2400
G1 X7.758 Y-1.774 F7800
G1 E2 F2400
;TYPE:Solid infill
G1 F1200
G1 X9.682 Y-.004 E.12574
G1 X8.144 Y1.403 E.10026
G1 X7.718 Y1.835 E.02918
G1 X7.808 Y-.015 E.08908
G1 X7.763 Y-1.581 E.07535
G1 X8.169 Y-.872 F7800
G1 F1200
G1 X9.112 Y-.005 E.06161
G1 X8.145 Y.879 E.06301
G1 X8.193 Y-.026 E.04359
G1 X8.175 Y-.679 E.03142
G1 E-2 F2400
G1 X14.066 Y.005 F7800
G1 E2 F2400
;TYPE:Perimeter
G1 F900
G1 X16.872 Y-2.724 E.18826
G1 X16.772 Y-.021 E.13009
G1 X16.836 Y2.7 E.13091
G1 X15.958 Y1.892 E.05739
G1 X14.098 Y.047 E.12601
G1 X13.515 Y.004 F7800
G1 F900
G1 X16.198 Y-2.616 E.18036
G1 X17.292 Y-3.656 E.0726
G1 X17.158 Y-.029 E.17457
G1 X17.214 Y2.583 E.12566
G1 X17.329 Y3.678 E.05296
G1 X15.692 Y2.171 E.10702
G1 X13.551 Y.047 E.14505
G1 X12.963 Y.004 F7800
;TYPE:External perimeter
G1 F900
G1 X15.93 Y-2.893 E.19945
G1 X17.713 Y-4.588 E.11832
G1 X17.543 Y-.037 E.21904
G1 X17.599 Y2.575 E.12566
G1 X17.821 Y4.655 E.10061
G1 X15.425 Y2.45 E.15661
G1 X13.003 Y.046 E.16413
G1 X13.246 Y-.271 F7800
G1 E-2 F2400
G1 X16.556 Y-2.021 F7800
G1 E2 F2400
;TYPE:Solid infill
G1 F1200
G1 X16.483 Y-.012 E.09669
G1 X16.527 Y2.022 E.09785
G1 X16.158 Y1.683 E.0241
G1 X14.473 Y.011 E.11417
G1 X16.418 Y-1.886 E.13067
G1 X16.136 Y-1.072 F7800
G1 F1200
G1 X16.098 Y-.004 E.0514
G1 X16.121 Y1.103 E.05325
G1 X15.023 Y.014 E.07438
G1 X15.998 Y-.937 E.06551
G1 X15.715 Y0 F7800
;WIDTH:0.564923
G1 F1200
G1 X15.671 Y-.044 E.00388
G1 X15.611 Y-.028 E.00388
G1 X15.594 Y.033 E.00395
G1 X15.639 Y.077 E.00393
G1 X15.699 Y.061 E.00388
G1 E-2 F2400
G1 X-9.279 Y-.025 F7800
G1 E2 F2400
;TYPE:Perimeter
;WIDTH:0.45
G1 F900
G1 X-8.748 Y-.529 E.03521
G1 X-6.664 Y-2.354 E.13323
G1 X-6.74 Y-1.013 E.0646
G1 X-6.706 Y-.006 E.04846
G1 X-6.691 Y1.349 E.06517
G1 X-6.714 Y2.479 E.05436
G1 X-8.072 Y1.119 E.09244
G1 X-9.25 Y.016 E.07762
G1 X-9.843 Y-.02 F7800
G1 F900
G1 X-9.008 Y-.814 E.05542
G1 X-6.535 Y-2.98 E.15811
G1 X-6.174 Y-3.342 E.02459
G1 X-6.277 Y-2.361 E.04744
G1 X-6.354 Y-1.08 E.06172
G1 X-6.305 Y1.344 E.11661
G1 X-6.319 Y2.294 E.0457
G1 X-6.371 Y3.364 E.05152
G1 X-8.335 Y1.401 E.13355
G1 X-9.809 Y.021 E.09712
G1 X-10.408 Y-.016 F7800
;TYPE:External perimeter
G1 F900
G1 X-9.267 Y-1.099 E.07566
G1 X-6.808 Y-3.253 E.15723
G1 X-5.82 Y-4.243 E.06727
G1 X-5.784 Y-3.403 E.04044
G1 X-5.892 Y-2.337 E.05153
G1 X-5.969 Y-1.057 E.06167
G1 X-5.935 Y-.023 E.04976
G1 X-5.919 Y1.345 E.0658
G1 X-5.933 Y2.306 E.04623
G1 X-5.982 Y3.307 E.0482
G1 X-5.985 Y4.244 E.04507
G1 X-6.694 Y3.59 E.04639
G1 X-8.599 Y1.682 E.12968
G1 X-10.368 Y.025 E.11658
G1 X-10.12 Y-.289 F7800
G1 E-2 F2400
G1 X-6.994 Y-1.68 F7800
G1 E2 F2400
;TYPE:Solid infill
G1 F1200
G1 X-7.027 Y-1.108 E.02756
G1 X-6.995 Y0 E.05331
G1 X-6.99 Y1.792 E.08619
G1 X-7.875 Y.907 E.0602
G1 X-8.864 Y-.019 E.06516
G1 X-8.553 Y-.315 E.02065
G1 X-7.139 Y-1.553 E.09039
G1 X-7.404 Y-.808 F7800
G1 F1200
G1 X-7.378 Y.858 E.08014
G1 X-8.293 Y-.03 E.06133
G1 X-7.549 Y-.681 E.04755
G1 E-2 F2400
G1 X-13.573 Y-.042 F7800
G1 E2 F2400
;TYPE:Perimeter
G1 F900
G1 X-14.168 Y.524 E.0395
G1 X-15.421 Y1.835 E.08722
G1 X-16.314 Y2.721 E.0605
G1 X-16.344 Y1.175 E.07437
G1 X-16.26 Y.015 E.05594
G1 X-16.216 Y-1.55 E.0753
G1 X-16.332 Y-2.723 E.05669
G1 X-14.668 Y-1.162 E.10974
G1 X-13.603 Y-.085 E.07285
G1 X-13.023 Y-.034 F7800
G1 F900
G1 X-13.902 Y.803 E.05838
G1 X-15.146 Y2.105 E.08661
G1 X-16.738 Y3.66 E.10703
G1 X-16.696 Y2.581 E.05194
G1 X-16.73 Y1.165 E.06812
G1 X-16.645 Y.004 E.05599
G1 X-16.602 Y-1.561 E.0753
G1 X-16.825 Y-3.714 E.10411
G1 X-14.402 Y-1.44 E.15982
G1 X-13.058 Y-.076 E.0921
G1 X-12.473 Y-.025 F7800
;TYPE:External perimeter
G1 F900
G1 X-13.636 Y1.083 E.07726
G1 X-14.871 Y2.375 E.08596
G1 X-15.793 Y3.291 E.06251
G1 X-16.416 Y3.888 E.0415
G1 X-17.193 Y4.591 E.0504
G1 X-17.12 Y3.565 E.04947
G1 X-17.081 Y2.59 E.04693
G1 X-17.116 Y1.156 E.06899
G1 X-17.031 Y-.006 E.05604
G1 X-16.987 Y-1.571 E.0753
G1 X-17.232 Y-3.898 E.11254
G1 X-17.25 Y-4.641 E.03575
G1 X-14.135 Y-1.719 E.20542
G1 X-13.721 Y-1.316 E.02779
G1 X-12.512 Y-.068 E.08357
G1 X-12.759 Y.246 F7800
G1 E-2 F2400
G1 X-15.967 Y-1.981 F7800
G1 E2 F2400
;TYPE:Solid infill
G1 F1200
G1 X-14.471 Y-.566 E.09904
G1 X-13.977 Y-.057 E.03412
G1 X-14.411 Y.358 E.02888
G1 X-16.034 Y2.035 E.11225
G1 X-16.054 Y1.182 E.04104
G1 X-15.97 Y.021 E.05599
G1 X-15.928 Y-1.537 E.07496
G1 X-15.95 Y-1.789 E.01217
G1 X-15.555 Y-1.061 F7800
G1 F1200
G1 X-14.524 Y-.067 E.06888
G1 X-15.662 Y1.11 E.07874
G1 X-15.586 Y.057 E.05078
G1 X-15.56 Y-.868 E.04451
G1 X-15.084 Y-.084 F7800
;WIDTH:0.555939
G1 F1200
G1 X-15.128 Y-.127 E.00377
G1 X-15.187 Y-.111 E.00375
G1 X-15.203 Y-.052 E.00375
G1 X-15.159 Y-.009 E.00377
G1 X-15.1 Y-.025 E.00375
M106 S153
;LAYER_CHANGE
;Z:9.35
;HEIGHT:0.3
G1 E-2 F2400
G1 Z9.35 F7800
G1 Z9.35
G1 X9.959 Y-.003
G1 E2 F2400
;TYPE:Perimeter
;WIDTH:0.45
G1 F900
G1 X9.41 Y.492 E.03555
G1 X8.183 Y1.633 E.08059
G1 X7.304 Y2.523 E.06016
G1 X7.323 Y1.122 E.06739
G1 X7.385 Y-.033 E.05563
G1 X7.312 Y-2.426 E.11515
G1 X9.92 Y-.044 E.16988
G1 X10.533 Y-.001 F7800
G1 F900
G1 X9.668 Y.778 E.05599
G1 X8.457 Y1.903 E.0795
G1 X6.972 Y3.399 E.10138
G1 X6.909 Y2.37 E.04958
G1 X6.938 Y1.107 E.06076
G1 X6.999 Y-.021 E.05433
G1 X6.927 Y-2.41 E.11495
G1 X6.867 Y-3.337 E.04468
G1 X8.288 Y-2.073 E.09147
G1 X10.492 Y-.041 E.14418
G1 X11.107 Y.001 F7800
;TYPE:External perimeter
G1 F900
G1 X9.926 Y1.065 E.07645
G1 X8.732 Y2.174 E.07838
G1 X7.426 Y3.499 E.08948
G1 X6.609 Y4.279 E.05433
G1 X6.605 Y3.72 E.02689
G1 X6.523 Y2.378 E.06467
G1 X6.553 Y1.092 E.06187
G1 X6.614 Y-.009 E.05304
G1 X6.542 Y-2.385 E.11433
G1 X6.459 Y-3.67 E.06193
G1 X6.393 Y-4.24 E.0276
G1 X7.156 Y-3.598 E.04796
G1 X8.547 Y-2.359 E.08959
G1 X11.063 Y-.04 E.16457
G1 X10.809 Y.27 F7800
G1 E-2 F2400
G1 X7.664 Y.194 F7800
G1 E2 F2400
;TYPE:Solid infill
G1 F1200
G1 X7.597 Y1.816 E.07808
G1 X8.012 Y1.396 E.0284
G1 X9.533 Y-.007 E.09952
G1 X7.622 Y-1.763 E.12482
G1 X7.674 Y.002 E.08493
G1 X8.05 Y.166 E.01973
G1 X8.013 Y.87 E.03391
G1 X8.965 Y-.007 E.06226
G1 X8.035 Y-.864 E.06083
G1 X8.06 Y-.026 E.04032
G1 X8.414 Y-.049 E.01706
;WIDTH:0.409569
G1 X8.395 Y.023 E.00321
G1 X8.467 Y.004 E.00321
G1 X8.456 Y-.038 E.00187
G1 E-2 F2400
G1 X13.994 Y-.001 F7800
G1 E2 F2400
;TYPE:Perimeter
;WIDTH:0.45
G1 F900
G1 X16.787 Y-2.734 E.18795
G1 X16.686 Y-.077 E.12788
G1 X16.719 Y.627 E.0339
G1 X16.761 Y2.686 E.09905
G1 X15.904 Y1.895 E.05609
G1 X14.026 Y.041 E.12693
G1 X13.442 Y0 F7800
G1 F900
G1 X16.572 Y-3.064 E.21067
G1 X17.208 Y-3.659 E.04189
G1 X17.071 Y-.063 E.17308
G1 X17.105 Y.614 E.0326
G1 X17.138 Y2.585 E.09481
G1 X17.22 Y3.148 E.02736
G1 X17.273 Y3.685 E.02595
G1 X15.638 Y2.174 E.10708
G1 X13.478 Y.042 E.14597
G1 X12.889 Y.001 F7800
;TYPE:External perimeter
G1 F900
G1 X16.306 Y-3.343 E.22995
G1 X17.629 Y-4.582 E.08718
G1 X17.456 Y-.048 E.21823
G1 X17.49 Y.6 E.03121
G1 X17.524 Y2.578 E.09515
G1 X17.603 Y3.11 E.02587
G1 X17.757 Y4.657 E.07477
G1 X15.371 Y2.453 E.15623
G1 X12.93 Y.043 E.16498
G1 X13.172 Y-.275 F7800
G1 X14.401 Y.005
;TYPE:Solid infill
G1 F1200
G1 X16.47 Y-2.02 E.13924
G1 X16.397 Y-.092 E.0928
G1 X16.43 Y.637 E.0351
G1 X16.454 Y2.009 E.066
G1 X16.104 Y1.686 E.02291
G1 X14.538 Y.141 E.10581
G1 X14.951 Y.006 E.0209
G1 X16.048 Y-1.067 E.0738
G1 X16.014 Y-.013 E.05072
G1 X16.052 Y1.093 E.05323
G1 X15.088 Y.142 E.06513
G1 X15.56 Y-.052 E.02454
;WIDTH:0.554867
G1 X15.517 Y-.008 E.00376
G1 X15.533 Y.051 E.00374
G1 X15.592 Y.067 E.00374
G1 X15.635 Y.024 E.00372
G1 X15.62 Y-.036 E.00378
G1 E-2 F2400
G1 X-9.153 Y-.024 F7800
G1 E2 F2400
;TYPE:Perimeter
;WIDTH:0.45
G1 F900
G1 X-7.296 Y-1.694 E.12012
G1 X-6.537 Y-2.335 E.04778
G1 X-6.629 Y-.744 E.07665
G1 X-6.586 Y1.603 E.1129
G1 X-6.606 Y2.465 E.04147
G1 X-8.225 Y.854 E.10985
G1 X-9.124 Y.017 E.05908
G1 X-9.719 Y-.019 F7800
G1 F900
G1 X-9.161 Y-.548 E.03698
G1 X-7.953 Y-1.625 E.07784
G1 X-6.752 Y-2.663 E.07635
G1 X-6.086 Y-3.329 E.0453
G1 X-6.075 Y-3.07 E.01247
G1 X-6.15 Y-2.338 E.03539
G1 X-6.243 Y-.751 E.07646
G1 X-6.2 Y1.608 E.11348
G1 X-6.21 Y2.268 E.03175
G1 X-6.263 Y3.35 E.0521
G1 X-8.497 Y1.128 E.15155
G1 X-9.685 Y.022 E.07807
G1 X-10.286 Y-.014 F7800
;TYPE:External perimeter
G1 F900
G1 X-9.422 Y-.832 E.05723
G1 X-7.791 Y-2.286 E.10509
G1 X-7.026 Y-2.934 E.04822
G1 X-5.738 Y-4.223 E.08764
G1 X-5.689 Y-3.086 E.05474
G1 X-5.765 Y-2.315 E.03726
G1 X-5.857 Y-.758 E.07502
G1 X-5.815 Y1.607 E.11377
G1 X-5.825 Y2.281 E.03242
G1 X-5.906 Y4.222 E.09344
G1 X-6.271 Y3.885 E.02389
G1 X-8.769 Y1.401 E.16944
G1 X-10.245 Y.027 E.09699
G1 X-9.997 Y-.287 F7800
G1 X-8.735 Y-.017
;TYPE:Solid infill
G1 F1200
G1 X-6.865 Y-1.674 E.12017
G1 X-6.918 Y-.736 E.04519
G1 X-6.884 Y1.78 E.12102
G1 X-8.02 Y.65 E.07707
G1 X-8.594 Y.115 E.03774
G1 X-8.162 Y-.009 E.02162
G1 X-7.302 Y-.771 E.05526
G1 X-7.282 Y.84 E.07749
G1 X-8.021 Y.122 E.04956
G1 E-2 F2400
G1 X-13.543 Y-.043 F7800
G1 E2 F2400
;TYPE:Perimeter
G1 F900
G1 X-13.803 Y.206 E.01731
G1 X-15.36 Y1.829 E.10817
G1 X-16.254 Y2.717 E.06061
G1 X-16.289 Y.81 E.09174
G1 X-16.231 Y.013 E.03843
G1 X-16.18 Y-1.839 E.08911
G1 X-16.266 Y-2.71 E.0421
G1 X-14.52 Y-1.064 E.11541
G1 X-13.572 Y-.086 E.06551
G1 X-12.993 Y-.035 F7800
G1 F900
G1 X-13.536 Y.484 E.03613
G1 X-15.085 Y2.1 E.10766
G1 X-16.002 Y3.011 E.06217
G1 X-16.677 Y3.627 E.04395
G1 X-16.636 Y2.576 E.05059
G1 X-16.673 Y.781 E.08635
G1 X-16.617 Y.003 E.03752
G1 X-16.566 Y-1.849 E.08911
G1 X-16.76 Y-3.693 E.08918
G1 X-14.248 Y-1.338 E.16561
G1 X-13.028 Y-.077 E.08439
G1 X-12.444 Y-.026 F7800
;TYPE:External perimeter
G1 F900
G1 X-13.27 Y.763 E.05494
G1 X-14.809 Y2.37 E.10702
G1 X-15.736 Y3.29 E.06282
G1 X-17.151 Y4.584 E.09222
G1 X-17.062 Y3.614 E.04685
G1 X-17.021 Y2.586 E.04948
G1 X-17.058 Y.753 E.08818
G1 X-17.002 Y-.008 E.0367
G1 X-16.951 Y-1.86 E.08911
G1 X-17.181 Y-3.992 E.10314
G1 X-17.21 Y-4.644 E.03139
G1 X-13.977 Y-1.611 E.21321
G1 X-12.483 Y-.069 E.10327
G1 X-12.729 Y.246 F7800
G1 E-2 F2400
G1 X-15.956 Y.212 F7800
G1 E2 F2400
;TYPE:Solid infill
G1 F1200
G1 X-16 Y.831 E.02985
G1 X-15.974 Y2.031 E.05773
G1 X-13.944 Y-.054 E.13996
G1 X-14.734 Y-.868 E.05456
G1 X-15.903 Y-1.98 E.0776
G1 X-15.891 Y-1.825 E.00748
G1 X-15.942 Y.019 E.08872
G1 X-15.557 Y.03 E.01852
G1 X-15.526 Y-1.089 E.05384
G1 X-14.991 Y-.579 E.03555
G1 X-14.481 Y-.053 E.03524
G1 X-15.61 Y1.117 E.0782
G1 X-15.616 Y.859 E.01241
G1 X-15.571 Y.222 E.03071
G1 X-15.122 Y-.114 E.02697
;WIDTH:0.576891
G1 X-15.167 Y-.069 E.00407
G1 X-15.151 Y-.007 E.00409
G1 X-15.089 Y.009 E.00409
G1 X-15.043 Y-.036 E.00411
G1 X-15.06 Y-.098 E.00411
G1 E-10 F2400
T0
G1 X12.39 Y-1.219 F7800
G1 Z9.35
G1 E10 F2400
;TYPE:Perimeter
;WIDTH:0.45
G1 F900
G1 X12 Y-.837 E.02626
G1 X8.642 Y-3.914 E.21906
G1 X12.69 Y-4.13 E.19497
G1 X15.392 Y-4.157 E.12996
G1 X12.433 Y-1.261 E.19914
G1 X12.439 Y-.727 F7800
G1 F900
G1 X12.131 Y-.426 E.02071
G1 X12.005 Y-.174 E.01355
G1 X11.881 Y-.422 E.01334
G1 X8.78 Y-3.277 E.20273
G1 X7.68 Y-4.249 E.0706
G1 X12.678 Y-4.516 E.24073
G1 X16.158 Y-4.55 E.16738
G1 X16.368 Y-4.546 E.0101
G1 X15.723 Y-3.942 E.0425
G1 X12.482 Y-.769 E.21815
G1 E-2 F2400
G1 X11.556 Y1.246 F7800
G1 E2 F2400
G1 F900
G1 X11.999 Y.841 E.02887
G1 X14.516 Y3.325 E.17008
G1 X15.413 Y4.154 E.05875
G1 X12.728 Y4.134 E.12914
G1 X8.72 Y3.926 E.19303
G1 X9.586 Y3.048 E.05931
G1 X11.512 Y1.287 E.12552
G1 X11.528 Y.746 F7800
G1 F900
G1 X11.876 Y.433 E.02251
G1 X12.005 Y.18 E.01366
G1 X12.115 Y.413 E.01239
G1 X14.787 Y3.05 E.18056
G1 X16.429 Y4.567 E.10752
G1 X15.491 Y4.54 E.04513
G1 X12.717 Y4.519 E.13342
G1 X7.832 Y4.266 E.23527
G1 X9.317 Y2.771 E.10135
G1 X10.489 Y1.682 E.07695
G1 X11.484 Y.786 E.0644
G1 X12.299 Y.041 F7800
;TYPE:External perimeter
;WIDTH:0.580727
G1 F1800
G1 X12.304 Y.046 E.00046
;WIDTH:0.537151
G1 X12.345 Y.092 E.00363
;WIDTH:0.493575
G1 X12.386 Y.139 E.00334
;WIDTH:0.45
G1 X15.058 Y2.776 E.18056
G1 X17.446 Y4.982 E.15636
G1 X15.488 Y4.926 E.09421
G1 X12.705 Y4.905 E.13386
G1 X6.919 Y4.605 E.27866
G1 X7.743 Y3.817 E.05484
G1 X9.048 Y2.494 E.08938
G1 X10.229 Y1.398 E.07749
G1 X11.618 Y.147 E.08991
;WIDTH:0.493575
G1 X11.661 Y.098 E.00349
;WIDTH:0.537151
G1 X11.704 Y.049 E.00384
;WIDTH:0.580727
G1 X11.747 Y.001 E.00415
G1 X11.704 Y-.046 E.0041
;WIDTH:0.537151
G1 X11.662 Y-.092 E.00367
;WIDTH:0.493575
G1 X11.619 Y-.139 E.00341
;WIDTH:0.45
G1 X8.515 Y-2.996 E.2029
G1 X7.452 Y-3.937 E.06828
G1 X6.685 Y-4.582 E.0482
G1 X12.666 Y-4.901 E.28807
G1 X16.165 Y-4.936 E.1683
G1 X17.324 Y-4.913 E.05575
G1 X15.993 Y-3.666 E.08772
G1 X12.401 Y-.151 E.24172
;WIDTH:0.493575
G1 X12.355 Y-.1 E.00368
;WIDTH:0.537151
G1 X12.309 Y-.05 E.00401
;WIDTH:0.580727
G1 X12.267 Y-.004 E.00401
G1 X12.54 Y.288 F7800
G1 E-2 F2400
G1 X9.378 Y3.67 F7800
G1 E2 F2400
;TYPE:Solid infill
;WIDTH:0.45
G1 F1200
G1 X9.787 Y3.256 E.02799
G1 X11.991 Y1.239 E.14369
G1 X14.312 Y3.529 E.15682
G1 X14.668 Y3.859 E.02335
G1 X12.737 Y3.845 E.09288
G1 X9.57 Y3.68 E.15253
G1 X10.276 Y3.331 F7800
G1 F1200
G1 X11.981 Y1.771 E.11115
G1 X13.699 Y3.466 E.11608
G1 X12.748 Y3.459 E.04574
G1 X10.468 Y3.341 E.10981
G1 X11.354 Y2.944 F7800
;WIDTH:0.563792
G1 F1200
G1 X11.969 Y2.381 E.05194
G1 X12.605 Y3.009 E.05567
G1 X11.547 Y2.954 E.06599
G1 E-2 F2400
G1 X9.356 Y-3.663 F7800
G1 E2 F2400
;WIDTH:0.45
G1 F1200
G1 X12.699 Y-3.841 E.16101
G1 X14.675 Y-3.861 E.09504
G1 X11.993 Y-1.236 E.1805
G1 X9.498 Y-3.532 E.16308
G1 X10.291 Y-3.326 F7800
G1 F1200
G1 X12.712 Y-3.455 E.11661
G1 X13.72 Y-3.465 E.04848
G1 X11.985 Y-1.767 E.11676
G1 X10.433 Y-3.196 E.10147
G1 X11.365 Y-2.94 F7800
;WIDTH:0.564305
G1 F1200
G1 X12.619 Y-3.007 E.0783
G1 X11.976 Y-2.378 E.05609
G1 X11.506 Y-2.81 E.0398
G1 E-2 F2400
G1 X-10.775 Y-1.233 F7800
G1 E2 F2400
;TYPE:Perimeter
;WIDTH:0.45
G1 F900
G1 X-11.326 Y-.711 E.03651
G1 X-11.366 Y-.649 E.00355
G1 X-11.385 Y-.691 E.00222
G1 X-13.124 Y-2.485 E.12017
G1 X-14.914 Y-4.162 E.11797
G1 X-14.237 Y-4.136 E.03259
G1 X-11.918 Y-4.125 E.11154
G1 X-8.872 Y-3.908 E.14687
G1 X-7.83 Y-3.857 E.05018
G1 X-8.613 Y-3.189 E.0495
G1 X-10.238 Y-1.741 E.10468
G1 X-10.731 Y-1.274 E.03266
G1 E-2 F2400
G1 X-11.938 Y1.18 F7800
G1 E2 F2400
G1 F900
G1 X-11.431 Y.695 E.03375
G1 X-11.374 Y.6 E.00533
G1 X-11.32 Y.695 E.00526
G1 X-9.618 Y2.279 E.11183
G1 X-8.024 Y3.864 E.10812
G1 X-11.855 Y4.081 E.18455
G1 X-14.86 Y4.141 E.14456
G1 X-13.93 Y3.217 E.06305
G1 X-12.41 Y1.631 E.10566
G1 X-11.981 Y1.221 E.02854
G1 X-11.538 Y-.024 F7800
;WIDTH:0.418055
G1 F3600
G1 X-11.597 Y-.213 E.00873
;WIDTH:0.45
G1 X-11.662 Y-.423 E.01057
G1 X-13.392 Y-2.209 E.11959
G1 X-15.935 Y-4.582 E.16729
G1 X-14.235 Y-4.521 E.08182
G1 X-11.903 Y-4.511 E.11216
G1 X-8.844 Y-4.293 E.1475
G1 X-6.942 Y-4.2 E.09159
G1 X-7.61 Y-3.534 E.04537
G1 X-8.356 Y-2.902 E.04703
G1 X-9.981 Y-1.453 E.10472
G1 X-11.061 Y-.431 E.07151
G1 X-11.141 Y-.21 E.0113
;WIDTH:0.418055
G1 X-11.21 Y-.001 E.00971
G1 X-11.133 Y.206 E.00974
;WIDTH:0.45
G1 X-11.057 Y.412 E.01056
G1 X-9.35 Y2.001 E.11217
G1 X-7.127 Y4.212 E.1508
G1 X-8.871 Y4.287 E.08396
G1 X-11.84 Y4.466 E.14306
G1 X-15.864 Y4.539 E.19357
G1 X-15.151 Y3.887 E.04647
G1 X-14.208 Y2.95 E.06394
G1 X-12.682 Y1.358 E.10606
G1 X-11.697 Y.417 E.06552
G1 X-11.614 Y.207 E.01086
;WIDTH:0.418055
G1 X-11.545 Y.032 E.0083
G1 X-11.893 Y-.024 F7800
;TYPE:External perimeter
;WIDTH:0.45
G1 F1800
G1 X-11.939 Y-.155 E.00668
G1 X-13.661 Y-1.932 E.11901
G1 X-16.905 Y-4.971 E.21379
G1 X-16.598 Y-4.981 E.01477
G1 X-15.567 Y-4.96 E.0496
G1 X-14.234 Y-4.907 E.06416
G1 X-11.889 Y-4.896 E.11279
G1 X-8.815 Y-4.677 E.14822
G1 X-6.054 Y-4.544 E.13295
G1 X-7.335 Y-3.261 E.0872
G1 X-8.098 Y-2.615 E.04808
G1 X-9.725 Y-1.165 E.10482
G1 X-10.796 Y-.151 E.07094
G1 X-10.855 Y-.029 E.00652
G1 X-10.794 Y.13 E.00819
G1 X-9.083 Y1.723 E.11244
G1 X-6.585 Y4.208 E.16947
G1 X-6.205 Y4.559 E.02488
G1 X-8.845 Y4.672 E.12709
G1 X-11.824 Y4.852 E.14354
G1 X-15.558 Y4.926 E.17963
G1 X-16.852 Y4.92 E.06224
G1 X-15.423 Y3.613 E.09314
G1 X-14.487 Y2.684 E.06343
G1 X-12.955 Y1.085 E.10651
G1 X-11.964 Y.138 E.06593
G1 X-11.904 Y.03 E.00594
G1 X-12.105 Y-.315 F7800
G1 E-2 F2400
G1 X-14.144 Y3.837 F7800
G1 E2 F2400
;TYPE:Solid infill
G1 F1200
G1 X-12.205 Y1.835 E.13405
G1 X-11.373 Y1.04 E.05535
G1 X-9.827 Y2.48 E.10162
G1 X-8.693 Y3.607 E.0769
G1 X-11.867 Y3.792 E.15292
G1 X-13.951 Y3.833 E.10025
G1 X-13.202 Y3.433 F7800
G1 F1200
G1 X-11.933 Y2.108 E.08824
G1 X-11.37 Y1.57 E.03745
G1 X-10.09 Y2.762 E.08412
G1 X-9.576 Y3.272 E.03483
G1 X-11.882 Y3.406 E.1111
G1 X-13.009 Y3.429 E.05422
G1 X-12.281 Y3.029 F7800
G1 F1200
G1 X-11.366 Y2.1 E.06272
G1 X-10.467 Y2.938 E.05911
G1 X-12.088 Y3.021 E.07807
G1 E-2 F2400
G1 X-14.151 Y-3.847 F7800
G1 E2 F2400
G1 F1200
G1 X-11.929 Y-3.836 E.10687
G1 X-8.56 Y-3.608 E.16241
G1 X-10.429 Y-1.958 E.11991
G1 X-11.358 Y-1.079 E.06151
G1 X-12.925 Y-2.695 E.10826
G1 X-14.01 Y-3.715 E.07162
G1 X-13.172 Y-3.457 F7800
G1 F1200
G1 X-11.943 Y-3.451 E.05911
G1 X-9.507 Y-3.285 E.11743
G1 X-10.684 Y-2.247 E.07548
G1 X-11.346 Y-1.621 E.04382
G1 X-12.661 Y-2.976 E.09082
G1 X-13.032 Y-3.325 E.0245
G1 X-12.21 Y-3.066 F7800
G1 F1200
G1 X-11.957 Y-3.065 E.01217
G1 X-10.455 Y-2.963 E.07241
G1 X-11.334 Y-2.163 E.05716
G1 X-12.076 Y-2.928 E.05126
M106 S155.55
;LAYER_CHANGE
;Z:9.65
;HEIGHT:0.299999
G1 E-2 F2400
G1 Z9.65 F7800
G1 Z9.65
G1 X11.888 Y-.803
G1 E2 F2400
;TYPE:Perimeter
G1 F900
G1 X9.226 Y-3.243 E.17368
G1 X8.499 Y-3.886 E.04668
G1 X12.592 Y-4.118 E.19718
G1 X15.297 Y-4.149 E.13011
G1 X11.931 Y-.845 E.22685
G1 X11.893 Y-.049 F7800
G1 F900
G1 X11.728 Y-.426 E.01979
G1 X8.965 Y-2.958 E.18025
G1 X7.542 Y-4.219 E.09145
G1 X12.578 Y-4.503 E.2426
G1 X16.266 Y-4.546 E.17739
G1 X12.06 Y-.431 E.28301
G1 X11.917 Y-.104 E.01717
G1 X11.421 Y1.233 F7800
G1 F900
G1 X11.89 Y.802 E.03064
G1 X14.763 Y3.627 E.19379
G1 X15.351 Y4.151 E.03788
G1 X12.607 Y4.115 E.13199
G1 X8.595 Y3.902 E.19324
G1 X9.454 Y3.037 E.05863
G1 X11.377 Y1.273 E.12551
G1 X11.393 Y.735 F7800
G1 F900
G1 X11.729 Y.427 E.02192
G1 X11.893 Y.048 E.01986
G1 X12.042 Y.411 E.01887
G1 X15.033 Y3.352 E.20175
G1 X16.373 Y4.568 E.08703
G1 X14.66 Y4.516 E.08243
G1 X12.595 Y4.501 E.09932
G1 X7.691 Y4.24 E.2362
G1 X9.187 Y2.759 E.10125
G1 X11.349 Y.776 E.1411
G1 X11.893 Y.048 F7800
;WIDTH:0.407587
G1 F900
G1 X11.893 Y-.049 E.00415
G1 X12.264 Y.004 F7800
;TYPE:External perimeter
;WIDTH:0.45
G1 F1800
G1 X12.313 Y.136 E.00677
G1 X15.304 Y3.077 E.20175
G1 X16.03 Y3.722 E.04671
G1 X17.388 Y4.985 E.0892
G1 X14.657 Y4.902 E.13141
G1 X12.583 Y4.886 E.09976
G1 X6.778 Y4.577 E.2796
G1 X7.874 Y3.533 E.0728
G1 X8.92 Y2.481 E.07135
G1 X11.468 Y.143 E.16632
G1 X11.53 Y.017 E.00675
G1 X11.468 Y-.141 E.00816
G1 X8.705 Y-2.674 E.18028
G1 X6.564 Y-4.55 E.13691
G1 X12.565 Y-4.889 E.28909
G1 X16.318 Y-4.932 E.18052
G1 X17.231 Y-4.915 E.04392
G1 X17.054 Y-4.76 E.01132
G1 X16.153 Y-3.909 E.05961
G1 X12.331 Y-.156 E.25763
G1 X12.273 Y-.05 E.00581
G1 X12.481 Y.292 F7800
G1 X11.883 Y1.201
;TYPE:Solid infill
G1 F1200
G1 X14.587 Y3.844 E.18186
G1 X12.615 Y3.826 E.09485
G1 X9.255 Y3.647 E.16183
G1 X9.655 Y3.246 E.02724
G1 X11.741 Y1.331 E.1362
G1 X11.875 Y1.732 E.02034
G1 X13.632 Y3.449 E.11816
G1 X12.627 Y3.44 E.04834
G1 X10.156 Y3.309 E.11901
G1 X11.733 Y1.862 E.10294
G1 X11.865 Y2.347 E.02418
;WIDTH:0.572749
G1 X12.52 Y2.987 E.05807
G1 X11.242 Y2.919 E.08115
G1 X11.723 Y2.478 E.04138
G1 E-2 F2400
G1 X12.409 Y-3.818 F7800
G1 E2 F2400
;WIDTH:0.45
G1 F1200
G1 X9.212 Y-3.637 E.15401
G1 X11.881 Y-1.201 E.1738
G1 X14.581 Y-3.852 E.18199
G1 X12.601 Y-3.829 E.09524
G1 X12.615 Y-3.443 E.01858
G1 X13.626 Y-3.455 E.04863
G1 X11.871 Y-1.732 E.11829
G1 X10.149 Y-3.304 E.11214
G1 X12.422 Y-3.432 E.1095
G1 X12.514 Y-2.99 E.02171
;WIDTH:0.572965
G1 X11.86 Y-2.347 E.05818
G1 X11.236 Y-2.917 E.05361
G1 X12.322 Y-2.979 E.069
G1 E-2 F2400
G1 X-10.659 Y-1.223 F7800
G1 E2 F2400
;TYPE:Perimeter
;WIDTH:0.45
G1 F900
G1 X-11.202 Y-.713 E.03583
G1 X-11.298 Y-.54 E.00952
G1 X-11.364 Y-.686 E.00771
G1 X-13.387 Y-2.788 E.14031
G1 X-14.843 Y-4.154 E.09602
G1 X-12.172 Y-4.13 E.12847
G1 X-9.091 Y-3.913 E.14855
G1 X-7.749 Y-3.854 E.06461
G1 X-8.153 Y-3.462 E.02707
G1 X-9.06 Y-2.674 E.05779
G1 X-10.412 Y-1.456 E.08752
G1 X-10.615 Y-1.264 E.01344
G1 E-2 F2400
G1 X-11.893 Y1.165 F7800
G1 E2 F2400
G1 F900
G1 X-11.412 Y.698 E.03224
G1 X-11.303 Y.498 E.01096
G1 X-11.199 Y.696 E.01076
G1 X-10.017 Y1.794 E.07759
G1 X-8.874 Y2.889 E.07613
G1 X-7.904 Y3.856 E.06588
G1 X-9.16 Y3.907 E.06046
G1 X-12.112 Y4.086 E.14224
G1 X-14.808 Y4.138 E.12969
G1 X-13.886 Y3.229 E.06227
G1 X-12.041 Y1.308 E.12811
G1 X-11.936 Y1.206 E.00704
G1 X-11.495 Y-.023 F7800
G1 F3600
G1 X-11.642 Y-.419 E.02032
G1 X-13.654 Y-2.509 E.13953
G1 X-14.511 Y-3.327 E.05698
G1 X-15.872 Y-4.574 E.08878
G1 X-14.435 Y-4.524 E.06916
G1 X-12.158 Y-4.516 E.10952
G1 X-9.08 Y-4.299 E.14841
G1 X-8.283 Y-4.275 E.03835
G1 X-6.867 Y-4.184 E.06825
G1 X-7.822 Y-3.241 E.06455
G1 X-10.031 Y-1.28 E.14207
G1 X-10.955 Y-.416 E.06084
G1 X-11.114 Y0 E.02142
G1 X-10.936 Y.413 E.02163
G1 X-9.752 Y1.514 E.07776
G1 X-8.605 Y2.614 E.07644
G1 X-7.021 Y4.191 E.1075
G1 X-8.389 Y4.27 E.06591
G1 X-9.137 Y4.291 E.03599
G1 X-12.096 Y4.471 E.14258
G1 X-15.817 Y4.536 E.17899
G1 X-14.969 Y3.762 E.05522
G1 X-14.157 Y2.956 E.05503
G1 X-12.314 Y1.037 E.12797
G1 X-11.656 Y.397 E.04415
G1 X-11.502 Y.033 E.01901
G1 X-11.874 Y-.02 F7800
;TYPE:External perimeter
G1 F1800
G1 X-11.92 Y-.152 E.00672
G1 X-13.92 Y-2.23 E.13872
G1 X-14.771 Y-3.043 E.05661
G1 X-16.866 Y-4.975 E.13707
G1 X-15.497 Y-4.952 E.06585
G1 X-14.433 Y-4.91 E.05121
G1 X-12.143 Y-4.901 E.11014
G1 X-9.068 Y-4.684 E.14826
G1 X-8.265 Y-4.66 E.03864
G1 X-5.98 Y-4.519 E.11011
G1 X-7.573 Y-2.944 E.10774
G1 X-8.541 Y-2.103 E.06167
G1 X-9.884 Y-.893 E.08694
G1 X-10.674 Y-.151 E.05213
G1 X-10.734 Y-.028 E.00658
G1 X-10.674 Y.131 E.00817
G1 X-9.487 Y1.233 E.0779
G1 X-8.335 Y2.338 E.07678
G1 X-6.129 Y4.534 E.14971
G1 X-8.366 Y4.655 E.10775
G1 X-9.113 Y4.676 E.03594
G1 X-12.081 Y4.857 E.14302
G1 X-15.503 Y4.923 E.16462
G1 X-16.809 Y4.919 E.06281
G1 X-15.241 Y3.488 E.1021
G1 X-14.429 Y2.682 E.05503
G1 X-12.588 Y.765 E.12783
G1 X-11.95 Y.145 E.04279
G1 X-11.886 Y.033 E.0062
G1 X-12.086 Y-.313 F7800
G1 X-11.302 Y.994
;TYPE:Solid infill
G1 F1200
G1 X-9.076 Y3.096 E.14725
G1 X-8.572 Y3.599 E.03425
G1 X-9.179 Y3.618 E.02921
G1 X-12.123 Y3.797 E.14186
G1 X-14.085 Y3.835 E.09438
G1 X-11.835 Y1.512 E.15554
G1 X-11.44 Y1.129 E.02646
G1 X-11.296 Y1.526 E.02031
G1 X-9.475 Y3.25 E.12061
G1 X-12.139 Y3.411 E.12836
G1 X-13.143 Y3.431 E.0483
G1 X-11.432 Y1.663 E.11833
G1 X-11.29 Y2.058 E.02019
G1 X-10.384 Y2.918 E.06008
G1 X-12.221 Y3.027 E.08851
G1 X-11.424 Y2.197 E.05534
G1 E-2 F2400
G1 X-12.183 Y-3.841 F7800
G1 E2 F2400
G1 F1200
G1 X-9.153 Y-3.627 E.1461
G1 X-8.434 Y-3.602 E.0346
G1 X-10.593 Y-1.682 E.13896
G1 X-11.291 Y-1.027 E.04604
G1 X-13.154 Y-2.964 E.12926
G1 X-14.087 Y-3.848 E.06182
G1 X-12.376 Y-3.842 E.08229
G1 X-12.39 Y-3.456 E.01858
G1 X-13.116 Y-3.459 E.03492
G1 X-11.277 Y-1.569 E.12683
G1 X-9.401 Y-3.258 E.12141
G1 X-12.197 Y-3.455 E.13481
G1 X-12.184 Y-3.068 E.01862
G1 X-10.341 Y-2.938 E.08886
G1 X-11.263 Y-2.111 E.05957
G1 X-12.05 Y-2.929 E.0546
G1 E-10 F2400
T1
G1 X9.815 Y-.001 F7800
G1 Z9.65
G1 E10 F2400
;TYPE:Perimeter
G1 F900
G1 X9.816 Y.001 E.00011
G1 X8.985 Y.763 E.05423
G1 X8.058 Y1.615 E.06056
G1 X7.182 Y2.497 E.05979
G1 X7.21 Y.775 E.08283
G1 X7.251 Y-.034 E.03896
G1 X7.18 Y-2.387 E.11322
G1 X7.991 Y-1.673 E.05197
G1 X9.77 Y-.041 E.11611
G1 X10.387 Y.001 F7800
G1 F900
G1 X9.246 Y1.047 E.07445
G1 X8.332 Y1.887 E.05971
G1 X7.288 Y2.937 E.07122
G1 X6.847 Y3.342 E.0288
G1 X6.787 Y2.356 E.04751
G1 X6.825 Y.753 E.07712
G1 X6.866 Y-.022 E.03733
G1 X6.791 Y-2.374 E.11318
G1 X6.732 Y-3.304 E.04482
G1 X8.25 Y-1.959 E.09755
G1 X10.342 Y-.04 E.13654
G1 X10.957 Y.001 F7800
;TYPE:External perimeter
G1 F900
G1 X9.507 Y1.331 E.09463
G1 X8.605 Y2.159 E.05889
G1 X7.561 Y3.21 E.07125
G1 X6.468 Y4.252 E.07263
G1 X6.462 Y3.366 E.04261
G1 X6.401 Y2.363 E.04833
G1 X6.44 Y.731 E.07852
G1 X6.481 Y-.01 E.03569
G1 X6.406 Y-2.368 E.11347
G1 X6.274 Y-4.206 E.08863
G1 X8.508 Y-2.246 E.14294
G1 X10.913 Y-.04 E.15696
G1 X10.662 Y.272 F7800
G1 E-2 F2400
G1 X7.487 Y-1.733 F7800
G1 E2 F2400
;TYPE:Solid infill
G1 F1200
G1 X9.388 Y.001 E.12375
G1 X7.89 Y1.376 E.0978
G1 X7.475 Y1.792 E.02826
G1 X7.498 Y.791 E.04816
G1 X7.541 Y-.008 E.03848
G1 X7.493 Y-1.54 E.07372
G1 X7.901 Y-.84 F7800
G1 F1200
G1 X8.818 Y.001 E.05984
G1 X7.882 Y.86 E.0611
G1 X7.926 Y-.02 E.04238
G1 X7.907 Y-.647 E.03017
G1 E-2 F2400
G1 X13.919 Y-.004 F7800
G1 E2 F2400
;TYPE:Perimeter
G1 F900
G1 X16.69 Y-2.725 E.18679
G1 X16.598 Y-.074 E.12758
G1 X16.649 Y.954 E.0495
G1 X16.684 Y2.67 E.08255
G1 X16.141 Y2.188 E.03492
G1 X13.954 Y.038 E.1475
G1 X13.367 Y-.003 F7800
G1 F900
G1 X17.109 Y-3.662 E.25172
G1 X16.984 Y-.009 E.1758
G1 X17.035 Y.94 E.04571
G1 X17.052 Y1.948 E.04849
G1 X17.097 Y2.843 E.0431
G1 X17.188 Y3.431 E.02862
G1 X17.212 Y3.681 E.01208
G1 X15.878 Y2.47 E.08665
G1 X13.406 Y.039 E.16675
G1 X12.815 Y-.001 F7800
;TYPE:External perimeter
G1 F900
G1 X16.467 Y-3.586 E.24614
G1 X17.526 Y-4.575 E.06969
G1 X17.369 Y-.047 E.21791
G1 X17.42 Y.927 E.04691
G1 X17.438 Y1.941 E.04878
G1 X17.478 Y2.784 E.04059
G1 X17.571 Y3.393 E.02963
G1 X17.697 Y4.658 E.06114
G1 X16.331 Y3.388 E.08971
G1 X15.614 Y2.752 E.0461
G1 X12.858 Y.041 E.18594
G1 X13.098 Y-.279 F7800
G1 E-2 F2400
G1 X16.376 Y-2.011 F7800
G1 E2 F2400
;TYPE:Solid infill
G1 F1200
G1 X16.31 Y-.088 E.09254
G1 X16.36 Y.964 E.05065
G1 X16.378 Y2.012 E.05041
G1 X14.328 Y0 E.13815
G1 X16.239 Y-1.876 E.1288
G1 X15.957 Y-1.06 F7800
G1 F1200
G1 X15.926 Y-.021 E.04999
G1 X15.977 Y1.08 E.05301
G1 X14.878 Y0 E.07411
G1 X15.82 Y-.925 E.0635
G1 X15.552 Y-.016 F7800
;WIDTH:0.542779
G1 F1200
G1 X15.51 Y-.058 E.00354
G1 X15.452 Y-.042 E.00359
G1 X15.437 Y.015 E.00352
G1 X15.479 Y.058 E.00359
G1 X15.537 Y.042 E.00359
G1 E-2 F2400
G1 X-9.027 Y-.022 F7800
G1 E2 F2400
;TYPE:Perimeter
;WIDTH:0.45
G1 F900
G1 X-7.733 Y-1.188 E.08378
G1 X-6.766 Y-2.028 E.06161
G1 X-6.404 Y-2.382 E.02435
G1 X-6.517 Y-.463 E.09246
G1 X-6.482 Y1.855 E.1115
G1 X-6.507 Y2.436 E.02797
G1 X-7.488 Y1.458 E.06662
G1 X-9 Y.019 E.10039
G1 X-9.595 Y-.018 F7800
G1 F900
G1 X-7.989 Y-1.476 E.10433
G1 X-7.019 Y-2.319 E.06181
G1 X-6.004 Y-3.32 E.06856
G1 X-5.981 Y-2.716 E.02907
G1 X-6.022 Y-2.316 E.01934
G1 X-6.131 Y-.469 E.08899
G1 X-6.096 Y1.86 E.11203
G1 X-6.159 Y3.326 E.07057
G1 X-7.755 Y1.736 E.10835
G1 X-9.562 Y.023 E.11976
G1 X-10.164 Y-.013 F7800
;TYPE:External perimeter
G1 F900
G1 X-8.244 Y-1.765 E.12501
G1 X-7.263 Y-2.618 E.06252
G1 X-5.657 Y-4.206 E.10863
G1 X-5.597 Y-2.676 E.07364
G1 X-5.638 Y-2.293 E.01853
G1 X-5.746 Y-.475 E.08759
G1 X-5.71 Y1.866 E.11261
G1 X-5.812 Y4.214 E.11304
G1 X-8.022 Y2.015 E.14995
G1 X-10.124 Y.028 E.13912
G1 X-9.87 Y-.281 F7800
G1 E-2 F2400
G1 X-6.737 Y-1.671 F7800
G1 E2 F2400
;TYPE:Solid infill
G1 F1200
G1 X-6.806 Y-.456 E.05853
G1 X-6.78 Y1.756 E.1064
G1 X-8.608 Y-.01 E.12225
G1 X-6.882 Y-1.544 E.11106
G1 X-7.174 Y-.779 F7800
G1 F1200
G1 X-7.192 Y-.451 E.0158
G1 X-7.177 Y.823 E.06128
G1 X-8.041 Y-.002 E.05746
G1 X-7.318 Y-.651 E.04673
G1 E-2 F2400
G1 X-13.508 Y-.04 F7800
G1 E2 F2400
;TYPE:Perimeter
G1 F900
G1 X-15.298 Y1.824 E.1243
G1 X-16.194 Y2.705 E.06044
G1 X-16.24 Y.52 E.10511
G1 X-16.203 Y.012 E.0245
G1 X-16.144 Y-2.127 E.10292
G1 X-16.198 Y-2.697 E.02754
G1 X-14.779 Y-1.362 E.09371
G1 X-13.549 Y-.084 E.08531
G1 X-12.966 Y-.033 F7800
G1 F900
G1 X-13.173 Y.168 E.01388
G1 X-15.023 Y2.095 E.12848
G1 X-15.82 Y2.886 E.05401
G1 X-16.634 Y3.629 E.05301
G1 X-16.576 Y2.572 E.05091
G1 X-16.625 Y.511 E.09915
G1 X-16.589 Y.001 E.02459
G1 X-16.533 Y-2.217 E.10671
G1 X-16.695 Y-3.679 E.07075
G1 X-14.507 Y-1.635 E.14401
G1 X-13.007 Y-.076 E.10405
G1 X-12.422 Y-.024 F7800
;TYPE:External perimeter
G1 F900
G1 X-12.904 Y.445 E.03235
G1 X-14.748 Y2.365 E.12804
G1 X-15.554 Y3.165 E.05462
G1 X-17.11 Y4.585 E.10132
G1 X-16.989 Y3.275 E.06327
G1 X-16.961 Y2.581 E.03341
G1 X-17.011 Y.501 E.10007
G1 X-16.974 Y-.01 E.02464
G1 X-16.916 Y-2.175 E.10417
G1 X-17.152 Y-4.297 E.10269
G1 X-17.171 Y-4.648 E.01691
G1 X-15.078 Y-2.713 E.1371
G1 X-14.234 Y-1.908 E.0561
G1 X-12.463 Y-.067 E.12286
G1 X-12.706 Y.251 F7800
G1 E-2 F2400
G1 X-15.864 Y-1.993 F7800
G1 E2 F2400
;TYPE:Solid infill
G1 F1200
G1 X-14.983 Y-1.157 E.05841
G1 X-13.909 Y-.04 E.07453
G1 X-15.914 Y2.028 E.13854
G1 X-15.95 Y.527 E.07221
G1 X-15.914 Y.017 E.02459
G1 X-15.869 Y-1.801 E.08747
G1 X-15.5 Y-1.116 F7800
G1 F1200
G1 X-14.444 Y-.04 E.07251
G1 X-15.55 Y1.112 E.07681
G1 X-15.564 Y.536 E.02771
G1 X-15.529 Y.027 E.02454
G1 X-15.505 Y-.923 E.04571
G1 X-15.01 Y-.057 F7800
;WIDTH:0.586224
G1 F1200
G1 X-15.056 Y-.103 E.00423
G1 X-15.119 Y-.086 E.00425
G1 X-15.136 Y-.023 E.00425
G1 X-15.09 Y.023 E.00423
G1 X-15.027 Y.006 E.00425
M106 S153
;LAYER_CHANGE
;Z:9.95
;HEIGHT:0.3
G1 E-2 F2400
G1 Z9.95 F7800
G1 Z9.95
G1 X9.663 Y-.001
G1 E2 F2400
;TYPE:Perimeter
;WIDTH:0.45
G1 F900
G1 X9.666 Y.002 E.0002
G1 X8.844 Y.761 E.05381
G1 X7.95 Y1.586 E.05851
G1 X7.058 Y2.446 E.05959
G1 X7.118 Y-.036 E.11941
G1 X7.04 Y-2.369 E.11227
G1 X7.854 Y-1.654 E.05211
G1 X9.619 Y-.041 E.115
G1 X10.234 Y-.001 F7800
G1 F900
G1 X10.236 Y0 E.00011
G1 X9.105 Y1.044 E.07403
G1 X8.218 Y1.864 E.0581
G1 X6.707 Y3.319 E.10089
G1 X6.665 Y2.344 E.04694
G1 X6.733 Y-.023 E.11389
G1 X6.655 Y-2.358 E.11237
G1 X6.596 Y-3.273 E.0441
G1 X8.112 Y-1.941 E.09706
G1 X10.19 Y-.042 E.13539
G1 X10.806 Y-.001 F7800
;TYPE:External perimeter
G1 F900
G1 X9.367 Y1.328 E.09421
G1 X8.485 Y2.142 E.05773
G1 X6.327 Y4.22 E.14409
G1 X6.32 Y3.023 E.05757
G1 X6.279 Y2.35 E.03243
G1 X6.347 Y-.01 E.11355
G1 X6.27 Y-2.346 E.11241
G1 X6.151 Y-4.175 E.08815
G1 X8.369 Y-2.228 E.14195
G1 X10.762 Y-.041 E.15592
G1 X10.512 Y.271 F7800
G1 E-2 F2400
G1 X7.408 Y.008 F7800
G1 E2 F2400
;TYPE:Solid infill
G1 F1200
G1 X7.352 Y-1.711 E.08272
G1 X9.239 Y.003 E.12261
G1 X7.357 Y1.761 E.12387
G1 X7.402 Y.2 E.07511
G1 X7.788 Y.176 E.0186
G1 X7.769 Y.849 E.03238
G1 X8.671 Y.007 E.05935
G1 X7.767 Y-.82 E.05893
G1 X7.793 Y-.017 E.03864
G1 X7.965 Y-.023 E.00828
;WIDTH:0.419123
G1 X8.137 Y-.03 E.00762
;WIDTH:0.388247
G1 X8.119 Y.038 E.00284
G1 X8.187 Y.02 E.00284
G1 X8.177 Y-.019 E.00163
G1 E-2 F2400
G1 X13.848 Y-.011 F7800
G1 E2 F2400
;TYPE:Perimeter
;WIDTH:0.45
G1 F900
G1 X16.597 Y-2.718 E.18556
G1 X16.511 Y-.071 E.12738
G1 X16.58 Y1.28 E.06506
G1 X16.609 Y2.672 E.06696
G1 X16.069 Y2.194 E.03469
G1 X14.543 Y.659 E.1041
G1 X13.891 Y.031 E.04354
G1 X13.295 Y-.008 F7800
G1 F900
G1 X17.013 Y-3.656 E.25052
G1 X16.897 Y-.009 E.1755
G1 X16.965 Y1.267 E.06146
G1 X16.995 Y2.669 E.06745
G1 X17.151 Y3.682 E.0493
G1 X15.804 Y2.475 E.08699
G1 X14.275 Y.937 E.10431
G1 X13.338 Y.033 E.06262
G1 X12.743 Y-.005 F7800
;TYPE:External perimeter
G1 F900
G1 X16.625 Y-3.827 E.26202
G1 X17.461 Y-4.567 E.0537
G1 X17.417 Y-4.199 E.01783
G1 X17.282 Y-.046 E.19985
G1 X17.351 Y1.253 E.06257
G1 X17.376 Y2.61 E.06528
G1 X17.539 Y3.675 E.05182
G1 X17.637 Y4.661 E.04766
G1 X16.541 Y3.642 E.07198
G1 X15.539 Y2.756 E.06433
G1 X14.007 Y1.214 E.10455
G1 X12.786 Y.036 E.0816
G1 X13.026 Y-.284 F7800
G1 X14.261 Y-.012
;TYPE:Solid infill
G1 F1200
G1 X16.285 Y-2.004 E.13659
G1 X16.222 Y-.084 E.0924
G1 X16.291 Y1.29 E.06617
G1 X16.303 Y2.015 E.03487
G1 X14.398 Y.124 E.1291
G1 X14.809 Y-.011 E.02081
G1 X15.868 Y-1.053 E.07146
G1 X15.837 Y-.049 E.04831
G1 X15.893 Y1.068 E.05379
G1 X14.946 Y.125 E.06428
G1 X15.399 Y-.065 E.02363
;WIDTH:0.529137
G1 X15.358 Y-.024 E.00336
G1 X15.373 Y.032 E.00336
G1 X15.429 Y.047 E.00336
G1 X15.47 Y.006 E.00336
G1 X15.455 Y-.05 E.00336
G1 E-2 F2400
G1 X-8.899 Y0 F7800
G1 E2 F2400
;TYPE:Perimeter
;WIDTH:0.45
G1 F900
G1 X-6.992 Y-1.721 E.12355
G1 X-6.269 Y-2.4 E.0477
G1 X-6.406 Y-.183 E.10683
G1 X-6.388 Y2.432 E.12578
G1 X-7.404 Y1.427 E.06873
G1 X-8.87 Y.041 E.09703
G1 X-9.47 Y-.004 F7800
G1 F900
G1 X-7.251 Y-2.007 E.14378
G1 X-5.923 Y-3.307 E.08938
G1 X-5.884 Y-2.416 E.0429
G1 X-6.019 Y-.23 E.10534
G1 X-5.993 Y2.226 E.11813
G1 X-6.043 Y3.316 E.05248
G1 X-7.669 Y1.707 E.11002
G1 X-9.435 Y.037 E.1169
G1 X-10.041 Y-.008 F7800
;TYPE:External perimeter
G1 F900
G1 X-7.509 Y-2.293 E.16404
G1 X-5.575 Y-4.188 E.13023
G1 X-5.499 Y-2.433 E.08449
G1 X-5.634 Y-.206 E.10731
G1 X-5.607 Y2.232 E.11727
G1 X-5.697 Y4.201 E.0948
G1 X-7.931 Y1.99 E.15117
G1 X-10.001 Y.033 E.13701
G1 X-9.745 Y-.275 F7800
G1 X-8.48 Y.012
;TYPE:Solid infill
G1 F1200
G1 X-6.602 Y-1.697 E.12213
G1 X-6.695 Y-.176 E.07329
G1 X-6.673 Y1.743 E.0923
G1 X-8.34 Y.144 E.1111
G1 X-7.806 Y.019 E.02638
;WIDTH:0.594268
G1 X-7.128 Y-.592 E.06032
G1 X-7.152 Y-.171 E.02787
G1 X-7.143 Y.646 E.054
G1 X-7.665 Y.152 E.0475
G1 E-2 F2400
G1 X-13.48 Y-.032 F7800
G1 E2 F2400
;TYPE:Perimeter
;WIDTH:0.45
G1 F900
G1 X-13.469 Y-.02 E.00078
G1 X-15.236 Y1.82 E.1227
G1 X-15.692 Y2.273 E.03091
G1 X-16.133 Y2.678 E.0288
G1 X-16.188 Y.172 E.12056
G1 X-16.108 Y-2.412 E.12434
G1 X-16.13 Y-2.689 E.01336
G1 X-15.023 Y-1.645 E.07319
G1 X-13.521 Y-.075 E.1045
G1 X-12.941 Y-.027 F7800
G1 F900
G1 X-12.934 Y-.02 E.00048
G1 X-14.961 Y2.09 E.14073
G1 X-15.425 Y2.552 E.03149
G1 X-16.592 Y3.622 E.07615
G1 X-16.516 Y2.567 E.05087
G1 X-16.574 Y.17 E.11532
G1 X-16.494 Y-2.424 E.12482
G1 X-16.629 Y-3.669 E.06023
G1 X-14.745 Y-1.911 E.12394
G1 X-12.983 Y-.07 E.12257
G1 X-12.403 Y-.022 F7800
;TYPE:External perimeter
G1 F900
G1 X-12.4 Y-.019 E.0002
G1 X-14.686 Y2.36 E.15869
G1 X-15.159 Y2.831 E.0321
G1 X-17.068 Y4.582 E.12459
G1 X-16.916 Y2.927 E.07993
G1 X-16.902 Y2.576 E.0169
G1 X-16.959 Y.169 E.1158
G1 X-16.879 Y-2.436 E.12535
G1 X-17.128 Y-4.649 E.10711
G1 X-15.626 Y-3.274 E.09794
G1 X-14.466 Y-2.178 E.07676
G1 X-12.444 Y-.065 E.14066
G1 X-12.672 Y.263 F7800
G1 E-2 F2400
G1 X-15.899 Y.173 F7800
G1 E2 F2400
;TYPE:Solid infill
G1 F1200
G1 X-15.831 Y-2.01 E.10505
G1 X-15.247 Y-1.46 E.03858
G1 X-13.869 Y-.02 E.09586
G1 X-15.442 Y1.617 E.10919
G1 X-15.854 Y2.02 E.02772
G1 X-15.894 Y.365 E.07962
G1 X-15.508 Y.367 E.01857
G1 X-15.49 Y1.11 E.03575
G1 X-14.404 Y-.021 E.07541
G1 X-15.472 Y-1.137 E.07429
G1 X-15.513 Y.174 E.06309
G1 X-15.062 Y-.087 E.02506
;WIDTH:0.603528
G1 X-15.109 Y-.039 E.00452
G1 X-15.092 Y.026 E.00452
G1 X-15.027 Y.044 E.00454
G1 X-14.979 Y-.004 E.00456
G1 X-14.997 Y-.069 E.00454
G1 E-10 F2400
T0
G1 X11.777 Y-.768 F7800
G1 Z9.95
G1 E10 F2400
;TYPE:Perimeter
;WIDTH:0.45
G1 F900
G1 X9.191 Y-3.131 E.16848
G1 X8.349 Y-3.866 E.05376
G1 X12.491 Y-4.105 E.19955
G1 X15.203 Y-4.141 E.13045
G1 X11.82 Y-.81 E.22835
G1 X11.78 Y-.055 F7800
;WIDTH:0.485353
G1 F900
G1 X11.577 Y-.429 E.02234
;WIDTH:0.45
G1 X8.931 Y-2.847 E.1724
G1 X7.398 Y-4.184 E.09783
G1 X8.792 Y-4.287 E.06723
G1 X12.478 Y-4.491 E.17756
G1 X16.169 Y-4.539 E.17754
G1 X11.989 Y-.437 E.28168
;WIDTH:0.485353
G1 X11.809 Y-.107 E.01974
G1 X11.277 Y1.226 F7800
;WIDTH:0.45
G1 F900
G1 X11.78 Y.762 E.03291
G1 X13.152 Y2.086 E.0917
G1 X14.724 Y3.665 E.10716
G1 X15.274 Y4.151 E.0353
G1 X13.831 Y4.106 E.06944
G1 X12.483 Y4.096 E.06484
G1 X8.433 Y3.887 E.19505
G1 X9.325 Y3.029 E.05953
G1 X11.233 Y1.267 E.12491
G1 X11.236 Y.74 F7800
G1 F900
G1 X11.579 Y.423 E.02246
;WIDTH:0.485355
G1 X11.78 Y.049 E.02229
G1 X11.972 Y.413 E.02161
;WIDTH:0.45
G1 X13.422 Y1.811 E.09687
G1 X14.979 Y3.376 E.10618
G1 X16.312 Y4.57 E.08607
G1 X13.829 Y4.492 E.11948
G1 X12.472 Y4.482 E.06527
G1 X7.532 Y4.22 E.23793
G1 X9.06 Y2.749 E.10201
G1 X11.192 Y.781 E.13955
G1 X12.19 Y.002 F7800
;TYPE:External perimeter
G1 F1800
G1 X12.24 Y.135 E.00683
G1 X13.693 Y1.536 E.09708
G1 X15.235 Y3.087 E.10519
G1 X16.241 Y3.977 E.0646
G1 X17.328 Y4.987 E.07137
G1 X13.826 Y4.878 E.16852
G1 X12.461 Y4.867 E.06565
G1 X6.631 Y4.552 E.28081
G1 X8.795 Y2.468 E.1445
G1 X11.317 Y.14 E.16508
G1 X11.379 Y.015 E.00671
G1 X11.316 Y-.144 E.00823
G1 X8.671 Y-2.562 E.17236
G1 X6.431 Y-4.515 E.14293
G1 X8.766 Y-4.672 E.11256
G1 X12.464 Y-4.876 E.17813
G1 X16.482 Y-4.929 E.19327
G1 X17.175 Y-4.915 E.03334
G1 X16.314 Y-4.153 E.0553
G1 X12.26 Y-.162 E.27361
G1 X12.199 Y-.052 E.00605
G1 X12.41 Y.288 F7800
G1 E-2 F2400
G1 X9.066 Y-3.623 F7800
G1 E2 F2400
;TYPE:Solid infill
G1 F1200
G1 X12.501 Y-3.816 E.16547
G1 X14.487 Y-3.842 E.09553
G1 X11.769 Y-1.167 E.18342
G1 X9.208 Y-3.493 E.1664
G1 X10.006 Y-3.29 F7800
G1 F1200
G1 X12.514 Y-3.431 E.12082
G1 X13.533 Y-3.444 E.04901
G1 X11.759 Y-1.697 E.11975
G1 X10.149 Y-3.16 E.10463
G1 X11.108 Y-2.899 F7800
;WIDTH:0.582209
G1 F1200
G1 X12.41 Y-2.972 E.08422
G1 X11.746 Y-2.319 E.06015
G1 X11.25 Y-2.77 E.0433
G1 E-2 F2400
G1 X9.111 Y3.636 F7800
G1 E2 F2400
;WIDTH:0.45
G1 F1200
G1 X11.775 Y1.16 E.17493
G1 X14.485 Y3.837 E.18321
G1 X12.492 Y3.807 E.09587
G1 X9.304 Y3.646 E.15353
G1 X10.03 Y3.296 F7800
G1 F1200
G1 X11.769 Y1.69 E.11385
G1 X13.529 Y3.429 E.119
G1 X12.503 Y3.422 E.04935
G1 X10.222 Y3.306 E.10985
G1 X11.128 Y2.899 F7800
;WIDTH:0.58424
G1 F1200
G1 X11.763 Y2.313 E.05603
G1 X12.422 Y2.964 E.06006
G1 X11.321 Y2.908 E.07148
G1 E-2 F2400
G1 X-2.917 Y4.119 F7800
G1 E2 F2400
;TYPE:Overhang perimeter
;WIDTH:0.4
;HEIGHT:0.4
M106 S255
G1 F900
G1 X-2.976 Y4.119 E.00308
G1 X-3.005 Y4.17 E.00307
G1 X-2.976 Y4.221 E.00307
G1 X-2.917 Y4.221 E.00308
G1 X-2.888 Y4.17 E.00307
M106 S153
G1 E-2 F2400
G1 X-2.077 Y-4.226 F7800
G1 E2 F2400
M106 S255
G1 F900
G1 X-2.234 Y-4.185 E.00848
G1 X-2.077 Y-4.226 E.00848
M106 S153
G1 E-2 F2400
G1 X-11.818 Y1.137 F7800
G1 E2 F2400
;TYPE:Perimeter
;WIDTH:0.45
;HEIGHT:0.3
G1 F900
G1 X-11.395 Y.697 E.02936
G1 X-11.235 Y.4 E.01623
G1 X-11.084 Y.69 E.01573
G1 X-8.782 Y2.867 E.15239
G1 X-7.789 Y3.849 E.06717
G1 X-9.425 Y3.911 E.07874
G1 X-12.147 Y4.077 E.13116
G1 X-14.772 Y4.133 E.12628
G1 X-14.301 Y3.7 E.03077
G1 X-13.807 Y3.209 E.0335
G1 X-11.859 Y1.181 E.13525
G1 E-2 F2400
G1 X-10.518 Y-1.222 F7800
G1 E2 F2400
G1 F900
G1 X-11.068 Y-.727 E.03559
G1 X-11.231 Y-.426 E.01646
G1 X-11.347 Y-.685 E.01365
G1 X-13.614 Y-3.054 E.15771
G1 X-14.788 Y-4.147 E.07715
G1 X-12.096 Y-4.114 E.12949
G1 X-9.391 Y-3.923 E.13043
G1 X-8.266 Y-3.889 E.05413
G1 X-7.665 Y-3.85 E.02897
G1 X-8.092 Y-3.432 E.02874
G1 X-8.343 Y-3.186 E.0169
G1 X-10.474 Y-1.262 E.13809
G1 X-11.46 Y.011 F7800
;WIDTH:0.489858
G1 F3600
G1 X-11.445 Y-.02 E.00183
G1 X-11.626 Y-.419 E.02325
;WIDTH:0.45
G1 X-13.892 Y-2.787 E.15764
G1 X-15.806 Y-4.566 E.12568
G1 X-14.639 Y-4.527 E.05616
G1 X-12.08 Y-4.499 E.12309
G1 X-9.364 Y-4.307 E.13096
G1 X-8.248 Y-4.274 E.0537
G1 X-6.777 Y-4.18 E.07089
G1 X-7.822 Y-3.157 E.07034
G1 X-8.079 Y-2.905 E.01731
G1 X-10.809 Y-.44 E.17691
;WIDTH:0.492934
G1 X-11.019 Y-.066 E.02293
G1 X-11.019 Y.039 E.00561
G1 X-10.819 Y.409 E.02248
;WIDTH:0.45
G1 X-8.514 Y2.59 E.15262
G1 X-6.901 Y4.185 E.1091
G1 X-8.345 Y4.266 E.06956
G1 X-9.402 Y4.296 E.05086
G1 X-12.131 Y4.462 E.1315
G1 X-15.779 Y4.533 E.17549
G1 X-14.59 Y3.443 E.07758
G1 X-14.085 Y2.941 E.03425
G1 X-11.627 Y.382 E.17066
;WIDTH:0.489858
G1 X-11.484 Y.066 E.01841
G1 X-11.859 Y-.021 F7800
;TYPE:External perimeter
;WIDTH:0.45
G1 F1800
G1 X-11.904 Y-.152 E.00666
G1 X-14.171 Y-2.52 E.15767
G1 X-16.809 Y-4.973 E.17326
G1 X-14.635 Y-4.913 E.1046
G1 X-12.064 Y-4.885 E.12366
G1 X-9.336 Y-4.692 E.13154
G1 X-8.23 Y-4.659 E.05322
G1 X-5.89 Y-4.509 E.11278
G1 X-7.552 Y-2.881 E.1119
G1 X-7.815 Y-2.624 E.01769
G1 X-10.551 Y-.154 E.17728
G1 X-10.614 Y-.029 E.00673
G1 X-10.554 Y.129 E.00813
G1 X-8.245 Y2.312 E.15283
G1 X-6.014 Y4.52 E.15097
G1 X-8.323 Y4.651 E.11123
G1 X-9.379 Y4.681 E.05081
G1 X-12.115 Y4.847 E.13183
G1 X-15.449 Y4.919 E.16039
G1 X-16.768 Y4.917 E.06344
G1 X-14.851 Y3.159 E.1251
G1 X-14.364 Y2.674 E.03306
G1 X-11.951 Y.163 E.1675
G1 X-11.872 Y.032 E.00736
G1 X-12.07 Y-.315 F7800
G1 E-2 F2400
G1 X-14.024 Y3.828 F7800
G1 E2 F2400
;TYPE:Solid infill
G1 F1200
G1 X-13.598 Y3.408 E.02877
G1 X-11.233 Y.947 E.16416
G1 X-8.98 Y3.077 E.14912
G1 X-8.46 Y3.591 E.03517
G1 X-9.444 Y3.623 E.04735
G1 X-12.159 Y3.788 E.13082
G1 X-13.831 Y3.824 E.08044
G1 X-13.076 Y3.422 F7800
G1 F1200
G1 X-11.22 Y1.49 E.12885
G1 X-9.375 Y3.235 E.12214
G1 X-12.175 Y3.402 E.13491
G1 X-12.884 Y3.418 E.03411
G1 X-12.15 Y3.015 F7800
G1 F1200
G1 X-11.207 Y2.033 E.06548
G1 X-10.288 Y2.901 E.0608
G1 X-11.958 Y3.003 E.08047
G1 E-2 F2400
G1 X-14.039 Y-3.846 F7800
G1 E2 F2400
G1 F1200
G1 X-12.107 Y-3.825 E.09293
G1 X-9.413 Y-3.634 E.1299
G1 X-8.337 Y-3.597 E.05178
G1 X-11.223 Y-.974 E.18757
G1 X-13.403 Y-3.252 E.15165
G1 X-13.898 Y-3.714 E.03257
G1 X-13.058 Y-3.449 F7800
G1 F1200
G1 X-12.123 Y-3.439 E.04497
G1 X-9.285 Y-3.244 E.13682
G1 X-11.204 Y-1.511 E.12436
G1 X-12.925 Y-3.31 E.11974
G1 X-12.139 Y-3.051 F7800
G1 F1200
G1 X-10.221 Y-2.918 E.09247
G1 X-11.184 Y-2.048 E.06242
G1 X-12.006 Y-2.911 E.05732
G1 X-11.177 Y-2.641 F7800
;WIDTH:0.460425
G1 F1200
G1 X-11.199 Y-2.558 E.00424
G1 X-11.116 Y-2.58 E.00424
G1 X-11.129 Y-2.628 E.00246
M106 S155.55
;LAYER_CHANGE
;Z:10.25
;HEIGHT:0.3
G1 E-2 F2400
G1 Z10.25 F7800
G1 Z10.25
G1 X11.667 Y-.735
G1 E2 F2400
;TYPE:Perimeter
;WIDTH:0.45
G1 F900
G1 X9.062 Y-3.115 E.16971
G1 X8.207 Y-3.858 E.05448
G1 X12.39 Y-4.093 E.20151
G1 X15.104 Y-4.132 E.13055
G1 X11.71 Y-.778 E.2295
G1 X11.669 Y-.06 F7800
;WIDTH:0.560667
G1 F900
G1 X11.589 Y-.184 E.00913
;WIDTH:0.523778
G1 X11.509 Y-.308 E.00846
;WIDTH:0.486889
G1 X11.428 Y-.431 E.00776
;WIDTH:0.45
G1 X8.802 Y-2.83 E.17107
G1 X7.256 Y-4.174 E.09853
G1 X8.711 Y-4.282 E.07017
G1 X12.376 Y-4.478 E.17653
G1 X16.086 Y-4.532 E.17846
G1 X15.816 Y-4.293 E.01734
G1 X11.918 Y-.441 E.26358
;WIDTH:0.486889
G1 X11.835 Y-.314 E.008
;WIDTH:0.523778
G1 X11.752 Y-.187 E.00869
;WIDTH:0.560667
G1 X11.702 Y-.111 E.00563
G1 X11.137 Y1.224 F7800
;WIDTH:0.45
G1 F900
G1 X11.67 Y.725 E.03512
G1 X13.382 Y2.4 E.1152
G1 X14.604 Y3.626 E.08326
G1 X15.209 Y4.164 E.03894
G1 X13.029 Y4.083 E.10492
G1 X12.36 Y4.077 E.03218
G1 X8.301 Y3.877 E.19546
G1 X11.093 Y1.265 E.18389
G1 X11.086 Y.744 F7800
G1 F900
G1 X11.432 Y.419 E.02283
;WIDTH:0.48689
G1 X11.511 Y.296 E.0077
;WIDTH:0.52378
G1 X11.59 Y.173 E.00838
;WIDTH:0.560671
G1 X11.67 Y.05 E.00908
G1 X11.745 Y.169 E.00871
;WIDTH:0.52378
G1 X11.821 Y.288 E.00809
;WIDTH:0.48689
G1 X11.896 Y.407 E.00741
;WIDTH:0.45
G1 X13.653 Y2.126 E.11822
G1 X14.877 Y3.354 E.08339
G1 X16.264 Y4.584 E.08916
G1 X13.014 Y4.468 E.15641
G1 X12.349 Y4.463 E.03199
G1 X8.735 Y4.292 E.17402
G1 X7.396 Y4.202 E.06455
G1 X11.042 Y.785 E.24033
G1 X12.117 Y-.001 F7800
;TYPE:External perimeter
G1 F1800
G1 X12.166 Y.131 E.00677
G1 X13.924 Y1.852 E.11833
G1 X15.15 Y3.082 E.08353
G1 X16.452 Y4.232 E.08355
G1 X17.272 Y4.995 E.05387
G1 X13 Y4.854 E.20558
G1 X12.339 Y4.849 E.03179
G1 X8.713 Y4.677 E.17459
G1 X6.492 Y4.528 E.10706
G1 X8.681 Y2.454 E.14503
G1 X11.169 Y.137 E.16352
G1 X11.23 Y.012 E.00669
G1 X11.168 Y-.147 E.00821
G1 X8.542 Y-2.545 E.17104
G1 X6.304 Y-4.49 E.14261
G1 X8.686 Y-4.667 E.11488
G1 X12.363 Y-4.864 E.1771
G1 X16.64 Y-4.925 E.20573
G1 X17.108 Y-4.916 E.02251
G1 X16.087 Y-4.019 E.06537
G1 X12.189 Y-.167 E.26358
G1 X12.126 Y-.055 E.00618
G1 X12.335 Y.287 F7800
G1 X11.665 Y1.125
;TYPE:Solid infill
G1 F1200
G1 X14.413 Y3.845 E.18597
G1 X13.041 Y3.794 E.06603
G1 X12.368 Y3.788 E.03237
G1 X8.986 Y3.628 E.16284
G1 X11.524 Y1.256 E.16708
G1 X11.659 Y1.658 E.0204
G1 X13.442 Y3.423 E.12067
G1 X12.378 Y3.403 E.05118
G1 X9.916 Y3.286 E.11855
G1 X11.518 Y1.79 E.10542
G1 X11.652 Y2.288 E.0248
;WIDTH:0.588605
G1 X12.315 Y2.944 E.06098
G1 X11.015 Y2.883 E.08509
G1 X11.511 Y2.419 E.04441
G1 E-2 F2400
G1 X12.207 Y-3.793 F7800
G1 E2 F2400
;WIDTH:0.45
G1 F1200
G1 X8.926 Y-3.616 E.15803
G1 X11.659 Y-1.134 E.17756
G1 X14.389 Y-3.832 E.18461
G1 X12.399 Y-3.804 E.09572
G1 X12.413 Y-3.418 E.01858
G1 X13.437 Y-3.433 E.04926
G1 X11.649 Y-1.666 E.12091
G1 X9.88 Y-3.282 E.11524
G1 X12.22 Y-3.408 E.11271
G1 X12.306 Y-2.956 E.02213
;WIDTH:0.589833
G1 X11.636 Y-2.294 E.06173
G1 X10.989 Y-2.885 E.05743
G1 X12.114 Y-2.946 E.07384
G1 E-2 F2400
G1 X3.392 Y-4.094 F7800
G1 E2 F2400
;TYPE:Overhang perimeter
;WIDTH:0.4
;HEIGHT:0.4
M106 S255
G1 F900
G1 X2.636 Y-4.08 E.0395
M106 S155.55
G1 E-2 F2400
G1 X-2.196 Y-3.368 F7800
G1 E2 F2400
M106 S255
G1 F900
G1 X-2.823 Y-3.427 E.0329
M106 S155.55
G1 E-2 F2400
G1 X-11.063 Y-.027 F7800
G1 E2 F2400
;TYPE:Perimeter
;WIDTH:0.45
;HEIGHT:0.3
G1 F3600
G1 X-11.056 Y-.083 E.00271
G1 X-11.157 Y-.452 E.0184
G1 X-11.32 Y-.684 E.01364
G1 X-13.048 Y-2.498 E.1205
G1 X-14.129 Y-3.602 E.07431
G1 X-14.727 Y-4.152 E.03908
G1 X-12.02 Y-4.098 E.13022
G1 X-9.611 Y-3.928 E.11615
G1 X-8.229 Y-3.887 E.0665
G1 X-5.128 Y-3.69 E.14945
;TYPE:Overhang perimeter
;WIDTH:0.4
;HEIGHT:0.4
M106 S255
G1 X-2.823 Y-3.427 E.12121
G1 X-3.018 Y-3.384 E.01043
G1 X-3.511 Y-3.008 E.03239
G1 X-3.612 Y-2.856 E.00953
G1 X-4.63 Y-2.757 E.05344
G1 X-4.998 Y-2.644 E.02011
G1 X-5.08 Y-2.575 E.0056
M106 S155.55
;TYPE:Perimeter
;WIDTH:0.45
;HEIGHT:0.3
G1 X-5.295 Y-2.393 E.01355
G1 X-5.449 Y-2.11 E.0155
G1 X-5.499 Y-1.858 E.01236
G1 X-5.606 Y.074 E.09306
G1 X-5.466 Y.478 E.02056
G1 X-5.196 Y.765 E.01895
;TYPE:Overhang perimeter
;WIDTH:0.4
;HEIGHT:0.4
M106 S255
G1 X-3.886 Y1.816 E.08775
G1 X-3.844 Y2.115 E.01577
G1 X-3.66 Y2.561 E.02521
G1 X-3.246 Y2.878 E.02724
G1 X-1.901 Y3.414 E.07564
G1 X-3.013 Y3.467 E.05816
G1 X-5.253 Y3.706 E.11769
M106 S155.55
;TYPE:Perimeter
;WIDTH:0.45
;HEIGHT:0.3
G1 X-8.325 Y3.878 E.14798
G1 X-9.691 Y3.916 E.06573
G1 X-12.067 Y4.06 E.11449
G1 X-14.733 Y4.132 E.12827
G1 X-13.986 Y3.443 E.04888
G1 X-12.854 Y2.277 E.07816
G1 X-11.296 Y.62 E.10939
G1 X-11.098 Y.267 E.01947
G1 X-11.07 Y.033 E.01133
G1 X-11.449 Y-.026 F7800
G1 F3600
G1 X-11.462 Y-.179 E.00739
G1 X-11.599 Y-.418 E.01325
G1 X-13.324 Y-2.228 E.12026
G1 X-14.404 Y-3.332 E.07428
G1 X-15.737 Y-4.556 E.08704
G1 X-12.003 Y-4.483 E.17963
G1 X-9.6 Y-4.314 E.11586
G1 X-8.211 Y-4.273 E.06684
G1 X-5.145 Y-4.08 E.14776
;TYPE:Overhang perimeter
;WIDTH:0.4
;HEIGHT:0.4
M106 S255
G1 X-3.702 Y-3.907 E.07593
G1 X-2.636 Y-3.8 E.05597
G1 X-1.986 Y-3.764 E.03401
G1 X-1.039 Y-3.657 E.04979
G1 X-1.365 Y-3.521 E.01845
G1 X-2.092 Y-2.928 E.04902
G1 X-2.584 Y-3.037 E.02633
G1 X-2.859 Y-3.031 E.01437
G1 X-3.19 Y-2.794 E.02127
G1 X-3.393 Y-2.489 E.01914
G1 X-4.593 Y-2.373 E.06299
G1 X-4.813 Y-2.305 E.01203
G1 X-4.992 Y-2.155 E.0122
G1 X-5.084 Y-1.985 E.0101
G1 X-5.109 Y-1.861 E.00661
M106 S155.55
;TYPE:Perimeter
;WIDTH:0.45
;HEIGHT:0.3
G1 X-5.224 Y.02 E.09064
G1 X-5.203 Y.082 E.00315
;TYPE:Overhang perimeter
;WIDTH:0.4
;HEIGHT:0.4
M106 S255
G1 X-5.139 Y.274 E.01057
G1 X-5.01 Y.419 E.01014
G1 X-3.525 Y1.612 E.09952
G1 X-3.462 Y2.062 E.02374
G1 X-3.352 Y2.329 E.01509
G1 X-3.103 Y2.519 E.01636
G1 X-1.513 Y3.153 E.08943
G1 X-.698 Y3.695 E.05114
G1 X-2.118 Y3.82 E.07447
G1 X-2.523 Y3.834 E.02117
M106 S155.55
;TYPE:Perimeter
;WIDTH:0.45
;HEIGHT:0.3
G1 X-2.972 Y3.85 E.02161
G1 X-3.331 Y3.888 E.01736
;TYPE:Overhang perimeter
;WIDTH:0.4
;HEIGHT:0.4
M106 S255
G1 X-5.272 Y4.096 E.10199
M106 S155.55
;TYPE:Perimeter
;WIDTH:0.45
;HEIGHT:0.3
G1 X-8.309 Y4.263 E.14629
G1 X-9.667 Y4.301 E.06534
G1 X-12.049 Y4.446 E.11478
G1 X-13.507 Y4.494 E.07016
G1 X-15.737 Y4.53 E.10727
G1 X-14.286 Y3.197 E.09477
G1 X-13.142 Y2.02 E.07894
G1 X-11.597 Y.377 E.10847
G1 X-11.507 Y.251 E.00745
G1 X-11.443 Y.042 E.01051
G1 X-11.444 Y.034 E.00039
G1 E-2 F2400
G1 X-.27 Y-3.617 F7800
G1 E2 F2400
;TYPE:Overhang perimeter
;WIDTH:0.4
;HEIGHT:0.4
M106 S255
G1 F900
G1 X-1.039 Y-3.657 E.04023
M106 S155.55
G1 E-2 F2400
G1 X-11.835 Y-.025 F7800
G1 E2 F2400
;TYPE:External perimeter
;WIDTH:0.45
;HEIGHT:0.3
G1 F1800
G1 X-11.878 Y-.152 E.00645
G1 X-13.597 Y-1.957 E.11988
G1 X-14.68 Y-3.062 E.07442
G1 X-16.743 Y-4.957 E.13473
G1 X-11.985 Y-4.868 E.22888
G1 X-9.589 Y-4.699 E.11553
G1 X-8.194 Y-4.658 E.06712
G1 X-5.162 Y-4.47 E.14611
;TYPE:Overhang perimeter
;WIDTH:0.4
;HEIGHT:0.4
M106 S255
G1 F3600
G1 X-5.024 Y-4.454 E.00726
M106 S155.55
;TYPE:External perimeter
;WIDTH:0.45
;HEIGHT:0.3
G1 F1800
G1 X-2.92 Y-4.202 E.10192
G1 X-1.964 Y-4.15 E.04605
G1 X-.229 Y-3.966 E.08392
;WIDTH:0.408813
G1 X-.225 Y-3.965 E.00018
;TYPE:Overhang perimeter
;WIDTH:0.4
;HEIGHT:0.4
M106 S255
G1 F3600
G1 X.141 Y-3.866 E.01981
G1 X.633 Y-3.858 E.02571
G1 X2.636 Y-4.08 E.10529
G1 X1.189 Y-3.423 E.08303
G1 X.654 Y-3.359 E.02815
G1 X.129 Y-3.337 E.02745
G1 X-.27 Y-3.265 E.02118
G1 X-.999 Y-3.266 E.03809
G1 X-1.121 Y-3.222 E.00678
G1 X-1.993 Y-2.511 E.05878
G1 X-2.732 Y-2.664 E.03943
G1 X-2.869 Y-2.58 E.0084
G1 X-3.174 Y-2.123 E.0287
G1 X-4.556 Y-1.989 E.07254
G1 X-4.689 Y-1.916 E.00793
G1 X-4.73 Y-1.809 E.00599
G1 X-4.84 Y-.015 E.0939
G1 X-4.769 Y.119 E.00792
G1 X-3.164 Y1.407 E.10751
G1 X-3.077 Y2.025 E.03261
G1 X-2.961 Y2.161 E.00934
G1 X-1.333 Y2.81 E.09156
G1 X.156 Y3.799 E.09339
G1 X.702 Y4.005 E.03049
G1 X.401 Y3.984 E.01576
G1 X-1.687 Y4.169 E.10951
M106 S155.55
;TYPE:External perimeter
;WIDTH:0.45
;HEIGHT:0.3
G1 F1800
G1 X-2.104 Y4.205 E.02013
G1 X-2.932 Y4.234 E.03985
G1 X-3.519 Y4.296 E.02839
;TYPE:Overhang perimeter
;WIDTH:0.4
;HEIGHT:0.4
M106 S255
G1 F3600
G1 X-5.291 Y4.485 E.0931
M106 S155.55
;TYPE:External perimeter
;WIDTH:0.45
;HEIGHT:0.3
G1 F1800
G1 X-8.294 Y4.648 E.14465
G1 X-9.644 Y4.686 E.06496
G1 X-12.031 Y4.831 E.11502
G1 X-15.393 Y4.916 E.16175
G1 X-16.727 Y4.916 E.06416
G1 X-14.539 Y2.905 E.14293
G1 X-13.418 Y1.751 E.07738
G1 X-11.878 Y.113 E.10813
G1 X-11.84 Y.031 E.00435
G1 X-12.043 Y-.313 F7800
G1 E-2 F2400
G1 X-12.033 Y-3.809 F7800
G1 E2 F2400
;TYPE:Solid infill
G1 F1200
G1 X-9.673 Y-3.642 E.11379
G1 X-8.214 Y-3.597 E.07021
G1 X-11.027 Y-.784 E.19134
G1 X-12.843 Y-2.702 E.12704
G1 X-13.984 Y-3.848 E.07778
G1 X-12.226 Y-3.812 E.08457
G1 X-12.244 Y-3.427 E.01854
G1 X-13.037 Y-3.443 E.03815
G1 X-11.017 Y-1.339 E.14028
G1 X-9.117 Y-3.239 E.12924
G1 X-9.7 Y-3.257 E.02805
G1 X-12.051 Y-3.423 E.11336
G1 X-12.069 Y-3.038 E.01854
G1 X-10.009 Y-2.892 E.09933
G1 X-11.01 Y-1.891 E.06809
G1 X-11.987 Y-2.92 E.06825
G1 X-10.942 Y-2.538 F7800
;WIDTH:0.558309
G1 F1200
G1 X-10.986 Y-2.581 E.00379
G1 X-11.046 Y-2.565 E.00383
G1 X-11.062 Y-2.506 E.00377
G1 X-11.018 Y-2.462 E.00383
G1 X-10.958 Y-2.478 E.00383
G1 E-2 F2400
G1 X-10.838 Y-.428 F7800
G1 E2 F2400
;WIDTH:0.45
G1 F1200
G1 X-7.701 Y-3.565 E.21337
G1 X-7.347 Y-3.601 E.01711
;WIDTH:0.404381
G1 X-7.388 Y-3.59 E.0018
G1 X-7.407 Y-3.661 E.00312
G1 X-7.336 Y-3.642 E.00312
;WIDTH:0.45
G1 X-7.459 Y-3.262 E.01921
G1 X-10.769 Y.049 E.22518
G1 X-10.881 Y.31 E.01366
;WIDTH:0.404381
G1 X-10.952 Y.291 E.00312
G1 X-10.933 Y.362 E.00312
G1 X-10.892 Y.351 E.0018
G1 E-2 F2400
G1 X-12.54 Y2.365 F7800
G1 E2 F2400
;WIDTH:0.45
G1 F1200
G1 X-7.436 Y-2.739 E.34717
G1 E-2 F2400
G1 X-12.807 Y2.638 F7800
G1 E2 F2400
;WIDTH:0.441659
G1 F1200
G1 X-13.789 Y3.634 E.06582
;WIDTH:0.454636
G1 X-13.856 Y3.72 E.00531
;WIDTH:0.487953
G1 X-13.924 Y3.805 E.00575
;WIDTH:0.45
G1 X-13.44 Y3.81 E.02328
G1 X-7.399 Y-2.231 E.4109
G1 X-7.276 Y-1.808 E.02119
G1 X-12.878 Y3.794 E.38104
G1 X-12.317 Y3.778 E.02699
G1 X-7.085 Y-1.454 E.35587
G1 X-6.854 Y-1.139 E.01879
G1 X-11.745 Y3.751 E.33265
G1 E-2 F2400
G1 X-7.141 Y-.363 F7800
G1 E2 F2400
;WIDTH:0.404381
G1 F1200
G1 X-6.966 Y-.582 E.01189
G1 X-6.544 Y-.943 E.02355
G1 X-7.358 Y-.09 F7800
;WIDTH:0.45
G1 F1200
G1 X-11.164 Y3.716 E.25888
G1 X-10.583 Y3.681 E.02799
G1 X-7.542 Y.64 E.20685
G1 X-7.538 Y1.181 E.02602
G1 X-10.003 Y3.645 E.16763
G1 X-9.432 Y3.619 E.02749
G1 X-7.532 Y1.72 E.1292
G1 X-7.593 Y3.549 E.08802
G1 X-8.87 Y3.604 E.06148
G1 X-7.682 Y2.415 E.08084
G1 X-7.379 Y3.581 F7800
;TYPE:Bridge infill
;WIDTH:0.418778
;HEIGHT:0.4
M106 S255
G1 F3600
G1 X-3.356 Y3.18 E.23152
G1 X-3.901 Y2.772 E.03899
G1 X-7.155 Y3.088 E.18722
G1 X-7.132 Y2.615 E.02712
G1 X-4.12 Y2.323 E.17329
G1 X-4.186 Y1.988 E.01955
G1 X-4.33 Y1.872 E.01059
G1 X-7.11 Y2.142 E.15995
G1 X-7.115 Y1.671 E.02697
G1 X-4.853 Y1.452 E.13014
G1 X-5.377 Y1.032 E.03846
G1 X-7.12 Y1.201 E.10028
G1 X-7.125 Y.73 E.02697
G1 X-5.762 Y.598 E.07842
G1 X-5.885 Y.321 E.01736
G1 X-5.918 Y.142 E.01042
G1 X-7.04 Y.251 E.06455
G1 X-6.935 Y-.004 E.01579
G1 X-6.777 Y-.245 E.0165
G1 X-5.907 Y-.33 E.05006
G1 X-5.88 Y-.803 E.02713
G1 X-6.557 Y-.738 E.03895
M106 S155.55
G1 X-5.65 Y-1.297 F7800
M106 S255
G1 F3600
G1 X-6.284 Y-1.235 E.03648
G1 X-6.421 Y-1.313 E.00903
G1 X-6.545 Y-1.42 E.00938
G1 X-6.722 Y-1.664 E.01726
G1 X-5.827 Y-1.751 E.05149
G1 X-5.82 Y-1.886 E.00774
G1 X-5.747 Y-2.229 E.02008
G1 X-6.938 Y-2.114 E.06852
G1 X-6.995 Y-2.345 E.01363
G1 X-7.011 Y-2.578 E.01337
G1 X-5.381 Y-2.736 E.09378
G1 X-5.153 Y-2.929 E.01711
G1 X-4.674 Y-3.075 E.02868
G1 X-3.795 Y-3.161 E.05058
G1 X-3.767 Y-3.203 E.00289
G1 X-4.507 Y-3.292 E.04268
G1 X-7.233 Y-3.027 E.15684
M106 S155.55
G1 E-10 F2400
T1
G1 X9.518 Y0 F7800
G1 Z10.25
G1 E10 F2400
;TYPE:Perimeter
;WIDTH:0.45
;HEIGHT:0.3
G1 F900
G1 X9.521 Y.003 E.0002
G1 X8.708 Y.76 E.05343
G1 X6.936 Y2.425 E.11695
G1 X6.985 Y-.037 E.11844
G1 X6.904 Y-2.351 E.11136
G1 X7.727 Y-1.635 E.05247
G1 X9.474 Y-.04 E.11378
G1 X10.088 Y-.001 F7800
G1 F900
G1 X10.09 Y0 E.00011
G1 X8.97 Y1.042 E.07358
G1 X6.567 Y3.306 E.15879
G1 X6.543 Y2.328 E.04705
G1 X6.599 Y-.023 E.11311
G1 X6.518 Y-2.343 E.11165
G1 X6.457 Y-3.25 E.04372
G1 X7.984 Y-1.923 E.0973
G1 X10.044 Y-.042 E.13417
G1 X10.659 Y-.002 F7800
;TYPE:External perimeter
G1 F900
G1 X9.233 Y1.325 E.09369
G1 X6.186 Y4.198 E.20142
G1 X6.177 Y2.669 E.07354
G1 X6.157 Y2.335 E.01609
G1 X6.214 Y-.01 E.11282
G1 X6.133 Y-2.329 E.1116
G1 X6.01 Y-4.151 E.08783
G1 X8.24 Y-2.211 E.14216
G1 X10.614 Y-.043 E.15463
G1 X10.366 Y.27 F7800
G1 E-2 F2400
G1 X7.216 Y-1.696 F7800
G1 E2 F2400
;TYPE:Solid infill
G1 F1200
G1 X9.095 Y.005 E.1219
G1 X7.232 Y1.748 E.12271
G1 X7.274 Y.01 E.08362
G1 X7.223 Y-1.504 E.07286
G1 X7.632 Y-.808 F7800
G1 F1200
G1 X8.526 Y.009 E.05825
G1 X7.64 Y.838 E.05836
G1 X7.66 Y-.015 E.04104
G1 X7.639 Y-.615 E.02888
G1 E-2 F2400
G1 X13.768 Y-.01 F7800
G1 E2 F2400
;TYPE:Perimeter
G1 F900
G1 X16.503 Y-2.713 E.18495
G1 X16.424 Y-.068 E.12727
G1 X16.51 Y1.599 E.08028
G1 X16.533 Y2.675 E.05176
G1 X15.992 Y2.197 E.03472
G1 X13.81 Y.032 E.14784
G1 X13.218 Y-.009 F7800
G1 F900
G1 X16.658 Y-3.408 E.23259
G1 X16.916 Y-3.636 E.01656
G1 X16.81 Y-.008 E.17457
G1 X16.895 Y1.578 E.07639
G1 X16.919 Y2.672 E.05263
G1 X17.073 Y3.669 E.04852
G1 X15.728 Y2.478 E.08641
G1 X13.26 Y.034 E.16706
G1 X12.668 Y-.007 F7800
;TYPE:External perimeter
G1 F900
G1 X16.398 Y-3.693 E.25222
G1 X17.398 Y-4.572 E.06404
G1 X17.307 Y-3.818 E.03653
G1 X17.195 Y-.029 E.18232
G1 X17.28 Y1.558 E.07644
G1 X17.3 Y2.613 E.05075
G1 X17.507 Y3.958 E.06545
G1 X17.578 Y4.664 E.03413
G1 X16.752 Y3.897 E.05421
G1 X15.463 Y2.759 E.0827
G1 X12.71 Y.035 E.18627
G1 X12.95 Y-.285 F7800
G1 E-2 F2400
G1 X16.192 Y-2 F7800
G1 E2 F2400
;TYPE:Solid infill
G1 F1200
G1 X16.135 Y-.08 E.09239
G1 X16.228 Y2.019 E.10105
G1 X14.18 Y-.011 E.13869
G1 X16.055 Y-1.864 E.12679
G1 X15.778 Y-1.048 F7800
G1 F1200
G1 X15.75 Y-.045 E.04826
G1 X15.807 Y1.061 E.05327
G1 X14.728 Y-.01 E.07312
G1 X15.641 Y-.913 E.06176
G1 X15.384 Y-.024 F7800
;WIDTH:0.524723
G1 F1200
G1 X15.343 Y-.065 E.00333
G1 X15.288 Y-.05 E.00327
G1 X15.273 Y.006 E.00333
G1 X15.314 Y.046 E.00329
G1 X15.369 Y.031 E.00327
G1 E-2 F2400
G1 X-13.439 Y-.01 F7800
G1 E2 F2400
;TYPE:Perimeter
;WIDTH:0.45
G1 F900
G1 X-14.173 Y.771 E.05155
G1 X-15.387 Y2.025 E.08395
G1 X-16.071 Y2.649 E.04453
G1 X-16.146 Y-.15 E.13467
G1 X-16.073 Y-2.683 E.12188
G1 X-15.533 Y-2.188 E.03523
G1 X-13.471 Y-.053 E.14276
G1 X-12.906 Y-.013 F7800
G1 F900
G1 X-13.892 Y1.035 E.06921
G1 X-15.126 Y2.31 E.08534
G1 X-16.551 Y3.62 E.0931
G1 X-16.457 Y2.545 E.0519
G1 X-16.531 Y-.15 E.12967
G1 X-16.462 Y-2.782 E.12663
G1 X-16.562 Y-3.655 E.04226
G1 X-15.265 Y-2.465 E.08466
G1 X-12.942 Y-.056 E.16096
G1 X-12.373 Y-.017 F7800
;TYPE:External perimeter
G1 F900
G1 X-13.611 Y1.299 E.0869
G1 X-14.857 Y2.587 E.08619
G1 X-17.027 Y4.58 E.14171
G1 X-16.842 Y2.555 E.0978
G1 X-16.917 Y-.15 E.13015
G1 X-16.845 Y-2.738 E.12452
G1 X-17.064 Y-4.639 E.09204
G1 X-14.997 Y-2.742 E.13494
G1 X-13.922 Y-1.645 E.07387
G1 X-12.413 Y-.06 E.10526
G1 X-12.642 Y.267 F7800
G1 E-2 F2400
G1 X-15.802 Y-2.042 F7800
G1 E2 F2400
;TYPE:Solid infill
G1 F1200
G1 X-13.833 Y-.013 E.13598
G1 X-15.594 Y1.823 E.12236
G1 X-15.797 Y2.01 E.01327
G1 X-15.856 Y-.15 E.10393
G1 X-15.808 Y-1.849 E.08175
G1 X-15.443 Y-1.123 F7800
G1 F1200
G1 X-14.369 Y-.012 E.07432
G1 X-15.436 Y1.101 E.07416
G1 X-15.47 Y-.15 E.06019
G1 X-15.448 Y-.93 E.03753
G1 X-14.942 Y-.028 F7800
;WIDTH:0.598199
G1 F1200
G1 X-14.989 Y-.075 E.00443
G1 X-15.054 Y-.058 E.00447
G1 X-15.071 Y.006 E.00441
G1 X-15.024 Y.054 E.00447
G1 X-14.96 Y.036 E.00443
M106 S178.5
;LAYER_CHANGE
;Z:10.55
;HEIGHT:0.3
G1 Z10.55 F7800
G1 Z10.55
G1 X-13.42 Y.002
;TYPE:Perimeter
;WIDTH:0.45
G1 F900
G1 X-13.417 Y.005 E.0002
G1 X-14.997 Y1.676 E.11061
G1 X-16.04 Y2.663 E.06907
G1 X-16.026 Y2.191 E.02271
G1 X-16.08 Y.036 E.10368
G1 X-16.115 Y-.482 E.02497
G1 X-16.046 Y-2.71 E.10721
G1 X-15.736 Y-2.428 E.02016
G1 X-13.461 Y-.042 E.15856
G1 X-12.883 Y-.005 F7800
G1 F900
G1 X-12.88 Y-.001 E.00024
G1 X-14.724 Y1.948 E.12905
G1 X-16.526 Y3.634 E.11869
G1 X-16.412 Y2.201 E.06914
G1 X-16.466 Y.046 E.10368
G1 X-16.502 Y-.473 E.02502
G1 X-16.428 Y-3.035 E.12327
G1 X-16.498 Y-3.645 E.02953
G1 X-15.466 Y-2.703 E.0672
G1 X-12.924 Y-.048 E.17679
G1 X-12.34 Y-.014 F7800
;TYPE:External perimeter
G1 F900
G1 X-12.338 Y-.012 E.00014
G1 X-14.451 Y2.221 E.14786
G1 X-16.991 Y4.585 E.16689
G1 X-16.797 Y2.21 E.11461
G1 X-16.851 Y.055 E.10368
G1 X-16.888 Y-.463 E.02498
G1 X-16.811 Y-2.991 E.12164
G1 X-16.999 Y-4.623 E.07901
G1 X-15.197 Y-2.979 E.11732
G1 X-12.756 Y-.42 E.17009
G1 X-12.382 Y-.056 E.0251
G1 X-12.61 Y.274 F7800
G1 E-2 F2400
G1 X-15.791 Y.029 F7800
G1 E2 F2400
;TYPE:Solid infill
G1 F1200
G1 X-15.826 Y-.489 E.02497
G1 X-15.777 Y-2.052 E.07521
G1 X-13.815 Y.006 E.13676
G1 X-15.202 Y1.471 E.09703
G1 X-15.743 Y1.984 E.03586
G1 X-15.786 Y.221 E.08482
G1 X-15.427 Y-.305 E.03063
G1 X-15.379 Y1.098 E.06752
G1 X-14.347 Y.007 E.07223
G1 X-15.421 Y-1.119 E.07484
G1 X-15.44 Y-.498 E.02988
G1 X-14.977 Y-.053 E.03089
;WIDTH:0.568399
G1 X-15.022 Y-.008 E.004
G1 X-15.005 Y.053 E.00398
G1 X-14.944 Y.069 E.00396
G1 X-14.9 Y.025 E.00391
G1 X-14.916 Y-.036 E.00396
G1 E-2 F2400
G1 X13.749 Y.053 F7800
G1 E2 F2400
;TYPE:Perimeter
;WIDTH:0.45
G1 F900
G1 X13.685 Y-.01 E.00432
G1 X16.407 Y-2.713 E.1845
G1 X16.337 Y-.064 E.12745
G1 X16.44 Y1.927 E.09589
G1 X16.458 Y2.678 E.03613
G1 X15.914 Y2.198 E.03489
G1 X13.791 Y.095 E.14373
G1 X13.163 Y.016 F7800
G1 F900
G1 X13.138 Y-.009 E.0017
G1 X16.194 Y-3.045 E.20719
G1 X16.829 Y-3.607 E.04078
G1 X16.723 Y-.008 E.17317
G1 X16.825 Y1.907 E.09224
G1 X16.844 Y2.675 E.03695
G1 X16.997 Y3.668 E.04832
G1 X15.65 Y2.48 E.08638
G1 X13.206 Y.058 E.16549
G1 X12.605 Y-.024 F7800
;TYPE:External perimeter
G1 F900
G1 X15.931 Y-3.327 E.22545
G1 X17.334 Y-4.569 E.09012
G1 X17.198 Y-3.437 E.05484
G1 X17.108 Y-.028 E.16402
G1 X17.21 Y1.886 E.09219
G1 X17.225 Y2.617 E.03517
G1 X17.475 Y4.241 E.07903
G1 X17.518 Y4.668 E.02064
G1 X16.963 Y4.152 E.03645
G1 X15.387 Y2.761 E.1011
G1 X12.618 Y.018 E.18746
G1 X12.875 Y-.289 F7800
G1 X14.096 Y-.01
;TYPE:Solid infill
G1 F1200
G1 X16.099 Y-2 E.1358
G1 X16.048 Y-.061 E.09329
G1 X16.146 Y2.021 E.10025
G1 X14.233 Y.126 E.12951
G1 X14.644 Y-.01 E.02082
G1 X15.688 Y-1.048 E.07081
G1 X15.663 Y-.043 E.04835
G1 X15.714 Y1.05 E.05263
G1 X14.781 Y.125 E.06319
G1 X15.228 Y-.066 E.02338
;WIDTH:0.522147
G1 X15.187 Y-.026 E.00327
G1 X15.202 Y.03 E.00331
G1 X15.257 Y.044 E.00324
G1 X15.298 Y.004 E.00327
G1 X15.283 Y-.051 E.00325
G1 E-10 F2400
T0
G1 X5.969 Y2.284 F7800
G1 Z10.55
G1 E10 F2400
;TYPE:External perimeter
;WIDTH:0.45
G1 F900
G1 X5.975 Y2.329 E.00218
G1 X5.877 Y2.457 E.00775
G1 X5.753 Y2.687 E.01257
;TYPE:Overhang perimeter
;WIDTH:0.4
;HEIGHT:0.4
M106 S255
G1 X5.054 Y3.997 E.07757
G1 X4.868 Y4.076 E.01056
G1 X4.808 Y4.068 E.00316
G1 X2.67 Y3.079 E.12307
G1 X1.4 Y3.081 E.06635
G1 X.255 Y2.673 E.0635
G1 X-.761 Y2.004 E.06355
G1 X-1.987 Y1.315 E.07347
G1 X-3.434 Y.157 E.09683
G1 X-3.506 Y.01 E.00855
G1 X-3.446 Y-.96 E.05077
G1 X-3.363 Y-1.106 E.00877
G1 X-1.934 Y-1.269 E.07514
G1 X-1.629 Y-1.594 E.02329
G1 X-1.531 Y-1.64 E.00566
G1 X-.721 Y-1.772 E.04288
G1 X-.412 Y-1.823 E.01636
G1 X-.016 Y-2.141 E.02653
G1 X.495 Y-2.173 E.02675
G1 X2.14 Y-2.389 E.08668
G1 X2.609 Y-2.539 E.02573
G1 X4.43 Y-2.404 E.0954
G1 X4.596 Y-2.281 E.01079
G1 X4.63 Y-2.049 E.01225
G1 X4.537 Y-1.926 E.00806
G1 X3.69 Y-1.451 E.05073
G1 X4.659 Y-.222 E.08177
G1 X5.745 Y1.799 E.11987
M106 S178.5
;TYPE:External perimeter
;WIDTH:0.45
;HEIGHT:0.3
G1 X5.957 Y2.196 E.02165
G1 X5.961 Y2.225 E.00141
G1 X5.801 Y2.591 F7800
G1 E-2 F2400
G1 X12.139 Y1.263 F7800
G1 E2 F2400
;TYPE:Perimeter
G1 F3600
G1 X14.533 Y3.634 E.16206
G1 X15.132 Y4.165 E.0385
G1 X8.679 Y3.903 E.31062
G1 X6.066 Y3.719 E.12599
G1 X6.728 Y2.498 E.0668
G1 X6.74 Y2.141 E.01718
G1 X6.637 Y1.832 E.01567
G1 X5.781 Y.233 E.08723
;TYPE:Overhang perimeter
;WIDTH:0.4
;HEIGHT:0.4
M106 S255
G1 X5.265 Y-.699 E.05566
G1 X4.855 Y-1.22 E.03464
G1 X5.237 Y-1.548 E.02631
G1 X5.32 Y-1.695 E.00882
G1 X5.406 Y-2.059 E.01954
G1 X5.357 Y-2.421 E.01909
G1 X5.206 Y-2.765 E.01963
G1 X4.488 Y-3.173 E.04315
G1 X3.484 Y-3.348 E.05324
G1 X4.482 Y-3.553 E.05323
G1 X5.62 Y-3.674 E.05979
M106 S178.5
;TYPE:Perimeter
;WIDTH:0.45
;HEIGHT:0.3
G1 X6.026 Y-3.686 E.01954
G1 X8.656 Y-3.891 E.12688
G1 X12.456 Y-4.085 E.183
G1 X15.005 Y-4.129 E.12262
G1 X11.546 Y-.693 E.2345
G1 X11.319 Y-.338 E.02027
G1 X11.261 Y-.04 E.0146
G1 X11.309 Y.29 E.01604
G1 X11.547 Y.676 E.02181
G1 X12.097 Y1.221 E.03724
G1 E-2 F2400
G1 X1.394 Y-3.164 F7800
G1 E2 F2400
;WIDTH:0.639089
G1 F3600
G1 X1.318 Y-3.131 E.00594
;WIDTH:0.593632
G1 X1.241 Y-3.098 E.00553
;WIDTH:0.548175
G1 X1.165 Y-3.065 E.005
;WIDTH:0.502718
G1 X1.089 Y-3.032 E.00453
;WIDTH:0.457261
G1 X1.013 Y-2.999 E.00406
;WIDTH:0.411804
G1 X.937 Y-2.966 E.00359
;WIDTH:0.393283
G1 X.507 Y-2.944 E.01766
;WIDTH:0.42022
G1 X.078 Y-2.921 E.01907
;WIDTH:0.448154
G1 X-.338 Y-2.84 E.02029
;TYPE:Overhang perimeter
;WIDTH:0.4
;HEIGHT:0.4
M106 S255
G1 X-.739 Y-2.551 E.02582
G1 X-1.406 Y-2.442 E.03531
M106 S178.5
;TYPE:Perimeter
;WIDTH:0.45
;HEIGHT:0.3
G1 X-1.656 Y-2.401 E.01218
G1 X-2.143 Y-2.169 E.02595
G1 X-2.19 Y-2.12 E.00327
;TYPE:Overhang perimeter
;WIDTH:0.4
;HEIGHT:0.4
M106 S255
G1 X-2.298 Y-2.009 E.00809
G1 X-2.77 Y-1.963 E.02478
M106 S178.5
;TYPE:Perimeter
;WIDTH:0.45
;HEIGHT:0.3
G1 X-3.368 Y-1.905 E.0289
G1 X-3.8 Y-1.741 E.02222
G1 X-3.925 Y-1.623 E.00827
;TYPE:Overhang perimeter
;WIDTH:0.4
;HEIGHT:0.4
M106 S255
G1 X-4.019 Y-1.534 E.00676
G1 X-4.167 Y-1.256 E.01645
G1 X-4.216 Y-1.008 E.01321
G1 X-4.274 Y-.029 E.05124
M106 S178.5
;TYPE:Perimeter
;WIDTH:0.45
;HEIGHT:0.3
G1 X-4.203 Y.378 E.01987
G1 X-3.917 Y.758 E.02287
G1 X-2.689 Y1.739 E.07559
;TYPE:Overhang perimeter
;WIDTH:0.4
;HEIGHT:0.4
M106 S255
G1 X-2.495 Y1.888 E.01278
M106 S178.5
;TYPE:Perimeter
;WIDTH:0.45
;HEIGHT:0.3
G1 X-2.364 Y1.988 E.00793
G1 X-1.187 Y2.647 E.06488
G1 X-.133 Y3.334 E.06051
G1 X-1.901 Y3.491 E.08537
G1 X-3.532 Y3.549 E.0785
G1 X-5.143 Y3.721 E.07792
G1 X-6.396 Y3.764 E.0603
G1 X-8.284 Y3.874 E.09096
G1 X-9.956 Y3.921 E.08045
G1 X-11.981 Y4.044 E.09757
G1 X-14.673 Y4.119 E.12953
G1 X-13.569 Y3.066 E.07338
G1 X-11.277 Y.643 E.16042
G1 X-11.057 Y.267 E.02095
G1 X-11.018 Y-.117 E.01856
G1 X-11.135 Y-.489 E.01876
G1 X-11.305 Y-.71 E.01341
G1 X-11.884 Y-1.275 E.03891
G1 X-14.02 Y-3.533 E.14949
G1 X-14.643 Y-4.136 E.0417
G1 X-11.941 Y-4.081 E.12998
G1 X-9.871 Y-3.936 E.0998
G1 X-8.192 Y-3.886 E.08079
G1 X-4.965 Y-3.692 E.15549
G1 X-3.534 Y-3.522 E.06931
G1 X-1.684 Y-3.416 E.08912
G1 X-.423 Y-3.286 E.06097
;WIDTH:0.448154
G1 X.382 Y-3.267 E.03854
;WIDTH:0.413788
G1 X.924 Y-3.267 E.02362
;WIDTH:0.411804
G1 X1.002 Y-3.25 E.00346
;WIDTH:0.457261
G1 X1.08 Y-3.233 E.00391
;WIDTH:0.502718
G1 X1.159 Y-3.216 E.00442
;WIDTH:0.548175
G1 X1.237 Y-3.198 E.00483
;WIDTH:0.593632
G1 X1.315 Y-3.181 E.00527
;WIDTH:0.639089
G1 X1.335 Y-3.177 E.00146
G1 X1.394 Y-3.164 F7800
G1 F900
G1 X1.886 Y-3.219 E.03549
;TYPE:Overhang perimeter
;WIDTH:0.4
;HEIGHT:0.4
M106 S255
G1 X2.506 Y-3.333 E.03293
G1 X3.478 Y-3.347 E.05079
M106 S178.5
G1 E-2 F2400
G1 X-11.408 Y-.028 F7800
G1 E2 F2400
;TYPE:Perimeter
;WIDTH:0.45
;HEIGHT:0.3
G1 F3600
G1 X-11.421 Y-.177 E.00719
G1 X-11.574 Y-.434 E.01439
G1 X-12.159 Y-1.004 E.03928
G1 X-14.32 Y-3.288 E.15123
G1 X-15.674 Y-4.548 E.08896
G1 X-11.923 Y-4.466 E.18045
G1 X-9.86 Y-4.321 E.09947
G1 X-8.175 Y-4.271 E.08108
G1 X-4.93 Y-4.076 E.15635
G1 X-3.513 Y-3.907 E.06864
G1 X-1.644 Y-3.799 E.09004
G1 X-.406 Y-3.67 E.05987
G1 X1.016 Y-3.612 E.06845
G1 X3.854 Y-3.875 E.13708
;TYPE:Overhang perimeter
;WIDTH:0.4
;HEIGHT:0.4
M106 S255
G1 X5.595 Y-4.058 E.09146
M106 S178.5
;TYPE:Perimeter
;WIDTH:0.45
;HEIGHT:0.3
G1 X5.996 Y-4.071 E.0193
G1 X8.631 Y-4.276 E.12712
G1 X12.443 Y-4.47 E.18358
G1 X16.029 Y-4.53 E.1725
G1 X15.347 Y-3.925 E.04385
G1 X11.817 Y-.419 E.23929
G1 X11.664 Y-.149 E.01493
G1 X11.665 Y.137 E.01376
G1 X11.818 Y.402 E.01472
G1 X14.804 Y3.36 E.20215
G1 X16.194 Y4.588 E.08921
G1 X8.658 Y4.288 E.36274
G1 X5.761 Y4.078 E.1397
;TYPE:Overhang perimeter
;WIDTH:0.4
;HEIGHT:0.4
M106 S255
G1 X5.458 Y4.055 E.01588
G1 X5.757 Y3.477 E.034
M106 S178.5
;TYPE:Perimeter
;WIDTH:0.45
;HEIGHT:0.3
G1 X6.061 Y2.888 E.03188
G1 X6.205 Y2.686 E.01193
G1 X6.351 Y2.413 E.01489
G1 X6.359 Y2.2 E.01025
G1 X6.297 Y2.014 E.00943
G1 X5.763 Y1.016 E.05444
;TYPE:Overhang perimeter
;WIDTH:0.4
;HEIGHT:0.4
M106 S255
G1 X4.962 Y-.461 E.08778
G1 X4.273 Y-1.336 E.05819
G1 X4.725 Y-1.589 E.02706
G1 X4.919 Y-1.766 E.01372
G1 X5.005 Y-1.96 E.01109
G1 X5.007 Y-2.219 E.01353
G1 X4.89 Y-2.544 E.01805
G1 X4.459 Y-2.789 E.0259
G1 X2.543 Y-2.923 E.10035
G1 X2.09 Y-2.771 E.02496
G1 X.445 Y-2.555 E.08668
G1 X.078 Y-2.551 E.01918
G1 X-.17 Y-2.495 E.01328
G1 X-.575 Y-2.187 E.02658
G1 X-1.594 Y-2.021 E.05394
G1 X-1.886 Y-1.881 E.01692
G1 X-2.116 Y-1.639 E.01744
G1 X-3.309 Y-1.523 E.06262
G1 X-3.582 Y-1.424 E.01517
G1 X-3.713 Y-1.299 E.00946
G1 X-3.831 Y-.984 E.01757
G1 X-3.891 Y-.03 E.04994
G1 X-3.852 Y.217 E.01306
G1 X-3.687 Y.442 E.01458
M106 S178.5
;TYPE:Perimeter
;WIDTH:0.45
;HEIGHT:0.3
G1 X-2.765 Y1.188 E.05704
;TYPE:Overhang perimeter
;WIDTH:0.4
;HEIGHT:0.4
M106 S255
G1 X-2.175 Y1.651 E.03918
G1 X-.974 Y2.326 E.07198
G1 X.122 Y3.035 E.0682
G1 X.885 Y3.311 E.04239
G1 X1.4 Y3.432 E.02764
G1 X2.586 Y3.453 E.06197
G1 X3.521 Y3.894 E.05401
G1 X1.179 Y3.728 E.12266
M106 S178.5
;TYPE:Perimeter
;WIDTH:0.45
;HEIGHT:0.3
G1 X.729 Y3.672 E.02181
G1 X-.373 Y3.735 E.05309
G1 X-1.877 Y3.876 E.07265
G1 X-3.491 Y3.932 E.07767
G1 X-5.116 Y4.106 E.0786
G1 X-6.374 Y4.149 E.06054
G1 X-8.267 Y4.259 E.0912
G1 X-9.932 Y4.306 E.08011
G1 X-11.963 Y4.429 E.09786
G1 X-14.309 Y4.507 E.1129
G1 X-15.683 Y4.517 E.06609
G1 X-13.849 Y2.801 E.1208
G1 X-11.698 Y.526 E.15058
G1 X-11.474 Y.265 E.01654
G1 X-11.402 Y.041 E.01132
G1 X-11.403 Y.032 E.00044
G1 X-11.795 Y-.026 F7800
;TYPE:External perimeter
G1 F1800
G1 X-11.843 Y-.158 E.00676
G1 X-12.434 Y-.734 E.03969
G1 X-14.58 Y-3.003 E.15021
G1 X-15.183 Y-3.58 E.04014
G1 X-16.695 Y-4.956 E.09833
G1 X-11.905 Y-4.852 E.23044
G1 X-9.849 Y-4.707 E.09913
G1 X-8.158 Y-4.656 E.08137
G1 X-4.896 Y-4.46 E.15717
G1 X-3.492 Y-4.292 E.06801
G1 X-1.603 Y-4.183 E.09101
G1 X-.389 Y-4.055 E.05871
G1 X.982 Y-3.996 E.066
G1 X4.115 Y-4.29 E.15135
;TYPE:Overhang perimeter
;WIDTH:0.4
;HEIGHT:0.4
M106 S255
G1 F3600
G1 X5.57 Y-4.442 E.07643
M106 S178.5
;TYPE:External perimeter
;WIDTH:0.45
;HEIGHT:0.3
G1 F1800
G1 X5.966 Y-4.455 E.01906
G1 X8.607 Y-4.661 E.12741
G1 X12.43 Y-4.856 E.18411
G1 X16.797 Y-4.922 E.21006
G1 X17.048 Y-4.917 E.01207
G1 X15.619 Y-3.651 E.09182
G1 X12.089 Y-.146 E.23926
G1 X12.032 Y-.015 E.00687
G1 X12.089 Y.128 E.0074
G1 X15.075 Y3.086 E.20215
G1 X16.662 Y4.487 E.10182
G1 X17.213 Y4.999 E.03618
G1 X15.804 Y4.964 E.06779
G1 X8.636 Y4.673 E.34504
G1 X5.763 Y4.47 E.13853
;TYPE:Overhang perimeter
;WIDTH:0.4
;HEIGHT:0.4
M106 S255
G1 F3600
G1 X4.72 Y4.394 E.05464
G1 X3.268 Y4.246 E.07625
G1 X2.415 Y4.182 E.04469
M106 S178.5
;TYPE:External perimeter
;WIDTH:0.45
;HEIGHT:0.3
G1 F1800
G1 X.751 Y4.057 E.08026
G1 X-.337 Y4.119 E.05241
G1 X-1.852 Y4.261 E.07319
G1 X-3.45 Y4.316 E.0769
G1 X-5.089 Y4.491 E.07928
G1 X-6.351 Y4.534 E.06073
G1 X-8.251 Y4.645 E.09154
G1 X-9.909 Y4.691 E.07977
G1 X-11.945 Y4.814 E.0981
G1 X-14.301 Y4.892 E.11338
G1 X-16.68 Y4.91 E.11442
G1 X-15.208 Y3.558 E.09613
G1 X-14.129 Y2.536 E.07148
G1 X-11.837 Y.113 E.16042
G1 X-11.799 Y.03 E.00439
G1 X-12.01 Y-.31 F7800
G1 X-11.061 Y.835
;TYPE:Internal infill
;WIDTH:0.45
G1 F4800
G1 X-12.651 Y2.516 E.11129
G1 X-12.992 Y3.788 E.06334
G1 X-12.586 Y3.774 E.01954
G1 X-13.231 Y3.129 E.04387
G1 X-13.943 Y3.819 E.04769
G1 X-13.184 Y3.794 E.03653
G1 E-2 F2400
G1 X-7.108 Y3.516 F7800
G1 E2 F2400
G1 F4800
G1 X-6.908 Y3.504 E.00964
G1 X-6.845 Y2.205 E.06255
G1 X-6.75 Y2.069 E.00798
G1 X-6.758 Y1.423 E.03107
G1 X-11.973 Y-3.792 E.35472
G1 X-10.979 Y-3.723 E.04792
G1 X-11.601 Y-1.403 E.11552
G1 X-10.882 Y-.63 E.05078
G1 X-10.729 Y-.119 E.02566
G1 X-6.715 Y-1.195 E.19988
G1 X-6.662 Y-2.057 E.04154
G1 X-6.754 Y-2.211 E.00863
G1 X-6.783 Y-3.48 E.06105
G1 E-2 F2400
G1 X-6.375 Y1.169 F7800
G1 E2 F2400
;TYPE:Solid infill
;WIDTH:0.45
G1 F1200
G1 X-6.002 Y1.592 E.02712
G1 X-5.557 Y1.935 E.02702
G1 X-4.99 Y2.179 E.02969
G1 X-4.9 Y2.604 E.02089
G1 X-4.663 Y3.115 E.02709
G1 X-4.464 Y3.357 E.01507
G1 X-5.163 Y3.432 E.03381
G1 X-6.521 Y3.482 E.06536
G1 X-6.472 Y2.483 E.04811
G1 X-6.364 Y2.1 E.01914
G1 X-6.373 Y1.362 E.0355
G1 X-5.979 Y2.1 F7800
G1 F1200
G1 X-5.835 Y2.214 E.00883
G1 X-5.327 Y2.463 E.02721
G1 X-5.292 Y2.635 E.00844
G1 X-5.123 Y3.04 E.02111
G1 X-6.115 Y3.079 E.04775
G1 X-6.058 Y2.394 E.03306
G1 X-6.029 Y2.287 E.00533
G1 E-2 F2400
G1 X-6.377 Y-2.768 F7800
G1 E2 F2400
;WIDTH:0.422043
G1 F1200
G1 X-6.412 Y-3.503 E.03283
G1 X-5.779 Y-3.465 E.02829
G1 X-6.097 Y-3.188 E.01881
G1 X-6.27 Y-2.928 E.01393
G1 E-2 F2400
G1 X-2.142 Y3.38 F7800
G1 E2 F2400
;TYPE:Bridge infill
;WIDTH:0.403906
;HEIGHT:0.4
M106 S255
G1 F3600
G1 X-1.45 Y2.867 E.04589
G1 X-1.884 Y2.624 E.0265
G1 X-2.655 Y3.196 E.05114
G1 X-3.454 Y3.225 E.04259
G1 X-2.319 Y2.381 E.07535
G1 X-2.731 Y2.122 E.02592
G1 X-4.111 Y3.147 E.09157
G1 X-4.205 Y3.046 E.00735
G1 X-4.375 Y2.778 E.01691
G1 X-3.095 Y1.827 E.08495
G1 X-3.46 Y1.532 E.025
G1 X-4.544 Y2.338 E.07196
G1 X-4.634 Y1.84 E.02696
G1 X-3.824 Y1.238 E.05376
G1 X-4.188 Y.943 E.02496
G1 X-5.169 Y1.672 E.06511
G1 X-5.354 Y1.571 E.01123
G1 X-5.57 Y1.404 E.01454
G1 X-4.454 Y.575 E.07406
G1 X-4.5 Y.505 E.00446
G1 X-4.593 Y.113 E.02146
G1 X-5.909 Y1.091 E.08734
G1 X-6.154 Y.738 E.02289
G1 X-6.166 Y.716 E.00133
G1 X-4.359 Y-.627 E.11993
M106 S178.5
G1 E-2 F2400
G1 X-2.051 Y-2.342 F7800
G1 E2 F2400
M106 S255
G1 F3600
G1 X-1.12 Y-3.033 E.06176
G1 X-1.787 Y-3.103 E.03573
G1 X-2.908 Y-2.27 E.0744
G1 X-3.578 Y-2.192 E.03593
G1 X-3.983 Y-2.008 E.0237
G1 X-4.275 Y-1.73 E.02148
G1 X-4.472 Y-1.361 E.02228
G1 X-4.53 Y-1.065 E.01607
G1 X-6.308 Y.256 E.11799
G1 X-6.342 Y-.031 E.0154
G1 X-6.332 Y-.292 E.01391
G1 X-2.495 Y-3.143 E.25464
G1 X-3.203 Y-3.182 E.03777
G1 X-6.295 Y-.885 E.20519
G1 X-6.258 Y-1.478 E.03165
G1 X-3.886 Y-3.24 E.1574
G1 X-4.542 Y-3.318 E.03519
G1 X-6.199 Y-2.087 E.10996
G1 X-6.137 Y-2.302 E.01192
G1 X-6.013 Y-2.587 E.01656
G1 X-5.796 Y-2.919 E.02113
G1 X-5.657 Y-3.055 E.01036
G1 X-4.962 Y-3.571 E.04611
M106 S178.5
G1 E-2 F2400
G1 X5.468 Y-1.763 F7800
G1 E2 F2400
;WIDTH:0.405189
M106 S255
G1 F3600
G1 X7.219 Y1.505 E.19876
G1 X7.427 Y1.246 E.01781
G1 X7.517 Y1.098 E.00929
G1 X5.16 Y-3.302 E.26759
G1 X5.649 Y-3.354 E.02636
G1 X7.704 Y.483 E.23334
G1 X7.718 Y-.007 E.02628
G1 X7.702 Y-.485 E.02564
G1 X6.155 Y-3.374 E.17568
G1 X6.65 Y-3.413 E.02662
G1 X7.664 Y-1.519 E.11517
G1 X7.626 Y-2.555 E.05558
G1 X7.042 Y-3.646 E.06634
M106 S178.5
G1 E-2 F2400
G1 X6.528 Y3.462 F7800
G1 E2 F2400
;TYPE:Solid infill
;WIDTH:0.45
;HEIGHT:0.3
G1 F1200
G1 X6.99 Y2.605 E.04683
G1 X7.009 Y2.148 E.022
G1 X7.214 Y2.054 E.01085
G1 X7.501 Y1.82 E.01781
G1 X7.814 Y1.416 E.02458
G1 X7.994 Y1.015 E.02114
G1 X10.673 Y3.694 E.18222
G1 X8.695 Y3.614 E.09521
G1 X6.72 Y3.475 E.09523
G1 X7.151 Y3.119 E.02689
G1 X7.394 Y2.591 E.02796
G1 X7.397 Y2.391 E.00962
G1 X7.739 Y2.129 E.02072
G1 X8.105 Y1.671 E.0282
G1 X9.703 Y3.269 E.10869
G1 X8.716 Y3.229 E.04751
G1 X7.343 Y3.133 E.0662
G1 X7.754 Y2.759 E.02673
;WIDTH:0.480846
G1 X7.791 Y2.644 E.00628
G1 X8.143 Y2.276 E.02645
G1 X8.692 Y2.825 E.04033
G1 X7.946 Y2.773 E.03884
G1 E-2 F2400
G1 X8.113 Y.589 F7800
G1 E2 F2400
;WIDTH:0.45
G1 F1200
G1 X11.242 Y3.718 E.21283
G1 X11.81 Y3.741 E.02734
G1 X8.135 Y.065 E.25
G1 X8.119 Y-.495 E.02695
G1 X12.379 Y3.764 E.28973
G1 X12.947 Y3.787 E.02734
G1 X8.099 Y-1.061 E.32975
G1 X8.079 Y-1.627 E.02724
G1 X13.515 Y3.81 E.36978
G1 X14.084 Y3.833 E.02739
G1 X8.059 Y-2.192 E.40981
G1 X8.031 Y-2.765 E.02759
G1 X11 Y.203 E.20191
G1 X11.159 Y.476 E.0152
;WIDTH:0.404381
G1 X11.432 Y.803 E.01806
G1 X14.416 Y3.773 E.17854
G1 X14.474 Y3.905 E.00611
G1 E-2 F2400
G1 X11.014 Y-.327 F7800
G1 E2 F2400
;WIDTH:0.45
G1 F1200
G1 X7.993 Y-3.348 E.20548
G1 X7.914 Y-3.661 E.01553
;WIDTH:0.404381
G1 X7.925 Y-3.62 E.0018
G1 X7.853 Y-3.601 E.00316
G1 X7.873 Y-3.672 E.00313
;WIDTH:0.45
G1 X8.312 Y-3.575 E.02162
G1 X11.185 Y-.702 E.19542
G1 X11.438 Y-.994 E.01858
G1 X8.822 Y-3.61 E.17794
G1 X9.341 Y-3.637 E.025
G1 X11.712 Y-1.266 E.16127
G1 E-2 F2400
G1 X9.996 Y-3.527 F7800
G1 E2 F2400
G1 F1200
G1 X11.986 Y-1.537 E.13536
G1 X14.291 Y-3.828 E.15631
G1 X12.466 Y-3.796 E.08779
G1 X9.86 Y-3.663 E.1255
G1 X10.746 Y-3.322 F7800
G1 F1200
G1 X12.479 Y-3.41 E.08346
G1 X13.339 Y-3.425 E.04137
G1 X11.986 Y-2.082 E.09169
G1 X10.883 Y-3.186 E.07506
G1 X11.589 Y-2.998 E.03514
;WIDTH:0.411649
G1 X12.432 Y-3.041 E.03656
G1 X11.987 Y-2.599 E.02717
G1 X11.725 Y-2.862 E.01608
M106 S188.7
;LAYER_CHANGE
;Z:10.85
;HEIGHT:0.3
G1 E-2 F2400
G1 Z10.85 F7800
G1 Z10.85
G1 X3.366 Y-.723
G1 E2 F2400
;TYPE:Overhang perimeter
;WIDTH:0.4
;HEIGHT:0.4
M106 S255
G1 F900
G1 X3.492 Y-.545 E.01139
G1 X3.639 Y-.161 E.02148
G1 X3.627 Y.194 E.01856
G1 X3.542 Y.427 E.01296
G1 X3.384 Y.587 E.01175
G1 X3.228 Y1.816 E.06472
G1 X3.101 Y2.188 E.02054
G1 X2.754 Y2.531 E.02549
G1 X2.37 Y2.654 E.02107
M106 S188.7
;TYPE:Perimeter
;WIDTH:0.45
;HEIGHT:0.3
G1 X2.358 Y2.654 E.00058
;TYPE:Overhang perimeter
;WIDTH:0.4
;HEIGHT:0.4
M106 S255
G1 X1.23 Y2.578 E.05907
M106 S188.7
;TYPE:Perimeter
;WIDTH:0.45
;HEIGHT:0.3
G1 X.278 Y2.5 E.04594
G1 X-.171 Y2.347 E.02281
G1 X-1.754 Y1.315 E.09089
G1 X-2.283 Y1.02 E.02913
G1 X-2.704 Y.679 E.02606
G1 X-2.869 Y.414 E.01501
G1 X-2.94 Y.008 E.01982
;TYPE:Overhang perimeter
;WIDTH:0.4
;HEIGHT:0.4
M106 S255
G1 X-2.909 Y-.317 E.01706
G1 X-2.741 Y-.677 E.02076
G1 X-2.629 Y-.775 E.00778
M106 S188.7
;TYPE:Perimeter
;WIDTH:0.45
;HEIGHT:0.3
G1 X-2.442 Y-.938 E.01193
G1 X-2.316 Y-.978 E.00636
G1 X-1.669 Y-1.668 E.04549
G1 X-1.303 Y-1.911 E.02113
G1 X.286 Y-2.189 E.07759
G1 X.483 Y-2.201 E.00949
G1 X.929 Y-2.072 E.02233
G1 X1.367 Y-1.859 E.02343
;TYPE:Overhang perimeter
;WIDTH:0.4
;HEIGHT:0.4
M106 S255
G1 X2.414 Y-1.349 E.06084
G1 X2.553 Y-1.346 E.00726
G1 X2.86 Y-1.257 E.0167
G1 X3.112 Y-1.081 E.01606
G1 X3.331 Y-.772 E.01979
M106 S188.7
G1 X3.048 Y-.515 F7800
M106 S255
G1 F900
G1 X3.205 Y-.271 E.01516
G1 X3.264 Y-.01 E.01398
G1 X3.2 Y.25 E.01399
G1 X3.014 Y.438 E.01382
G1 X2.846 Y1.768 E.07004
G1 X2.769 Y1.991 E.01233
G1 X2.561 Y2.197 E.01529
G1 X2.225 Y2.272 E.01799
G1 X.309 Y2.116 E.10043
G1 X.04 Y2.024 E.01485
G1 X-.094 Y1.937 E.00835
M106 S188.7
;TYPE:Perimeter
;WIDTH:0.45
;HEIGHT:0.3
G1 X-.641 Y1.581 E.03139
;TYPE:Overhang perimeter
;WIDTH:0.4
;HEIGHT:0.4
M106 S255
G1 X-1.555 Y.985 E.05701
G1 X-2.095 Y.683 E.03232
G1 X-2.441 Y.393 E.02359
G1 X-2.549 Y.144 E.01418
G1 X-2.533 Y-.229 E.01951
G1 X-2.432 Y-.445 E.01246
G1 X-2.253 Y-.602 E.01244
G1 X-2.092 Y-.653 E.00882
G1 X-1.912 Y-.844 E.01371
M106 S188.7
;TYPE:Perimeter
;WIDTH:0.45
;HEIGHT:0.3
G1 X-1.388 Y-1.404 E.03689
G1 X-1.168 Y-1.55 E.0127
G1 X.348 Y-1.808 E.07396
G1 X.648 Y-1.764 E.01458
;TYPE:Overhang perimeter
;WIDTH:0.4
;HEIGHT:0.4
M106 S255
G1 X.694 Y-1.757 E.00243
G1 X2.331 Y-.96 E.09512
G1 X2.509 Y-.963 E.0093
G1 X2.692 Y-.91 E.00995
G1 X2.925 Y-.706 E.01618
G1 X3.015 Y-.565 E.00874
M106 S188.7
G1 X2.718 Y-.298 F7800
M106 S255
G1 F900
G1 X2.847 Y-.121 E.01144
G1 X2.874 Y.026 E.00781
G1 X2.776 Y.155 E.00846
G1 X2.653 Y.22 E.00727
G1 X2.463 Y1.72 E.07899
G1 X2.438 Y1.794 E.00408
G1 X2.291 Y1.887 E.00909
G1 X.34 Y1.732 E.10225
G1 X-1.355 Y.655 E.10492
G1 X-1.906 Y.346 E.033
G1 X-2.157 Y.118 E.01772
G1 X-2.158 Y-.142 E.01358
G1 X-2.064 Y-.266 E.00813
G1 X-1.895 Y-.299 E.009
G1 X-1.107 Y-1.14 E.06021
G1 X-.997 Y-1.199 E.00652
G1 X.41 Y-1.428 E.07448
G1 X.592 Y-1.378 E.00986
G1 X2.256 Y-.568 E.09669
G1 X2.525 Y-.562 E.01406
G1 X2.682 Y-.347 E.01391
M106 S188.7
G1 X2.842 Y.02 F7800
G1 E-2 F2400
G1 X-10.993 Y-.036 F7800
G1 E2 F2400
;TYPE:Perimeter
;WIDTH:0.45
;HEIGHT:0.3
G1 F3600
G1 X-11.009 Y-.282 E.01186
G1 X-11.101 Y-.5 E.01138
G1 X-11.269 Y-.715 E.01312
G1 X-12.166 Y-1.577 E.05983
G1 X-14.586 Y-4.129 E.16915
G1 X-11.862 Y-4.064 E.13105
G1 X-10.132 Y-3.943 E.08341
G1 X-8.156 Y-3.885 E.09508
G1 X-4.646 Y-3.675 E.16912
G1 X-4.106 Y-3.612 E.02615
G1 X-1.5 Y-3.468 E.12553
G1 X-.796 Y-3.395 E.03404
G1 X1.371 Y-3.308 E.10431
G1 X5.533 Y-3.7 E.20106
G1 X6.464 Y-3.721 E.04479
G1 X8.577 Y-3.886 E.10194
G1 X11.39 Y-4.033 E.13548
G1 X13.168 Y-4.093 E.08556
G1 X14.937 Y-4.124 E.0851
G1 X14.608 Y-3.829 E.02125
G1 X11.47 Y-.689 E.21351
G1 X11.246 Y-.335 E.02015
G1 X11.188 Y-.009 E.01593
G1 X11.248 Y.328 E.01646
G1 X11.473 Y.677 E.01997
G1 X14.456 Y3.637 E.20212
G1 X15.06 Y4.172 E.03881
G1 X8.606 Y3.899 E.31069
G1 X6.395 Y3.74 E.10662
G1 X5.635 Y3.719 E.03657
G1 X3.814 Y3.556 E.08793
G1 X1.051 Y3.359 E.13323
G1 X-.788 Y3.465 E.0886
G1 X-1.671 Y3.547 E.04265
G1 X-4.05 Y3.631 E.11449
G1 X-4.913 Y3.723 E.04174
G1 X-6.886 Y3.792 E.09495
G1 X-8.24 Y3.87 E.06523
G1 X-10.221 Y3.925 E.09532
G1 X-11.896 Y4.027 E.08071
G1 X-14.661 Y4.119 E.13306
G1 X-13.225 Y2.739 E.09579
G1 X-11.52 Y.941 E.11918
G1 X-11.098 Y.455 E.03096
G1 X-10.983 Y.117 E.01717
G1 X-10.989 Y.024 E.00448
G1 X-11.371 Y-.03 F7800
G1 F3600
G1 X-11.38 Y-.177 E.00708
G1 X-11.536 Y-.437 E.01458
G1 X-12.44 Y-1.305 E.06028
G1 X-14.831 Y-3.83 E.16725
G1 X-15.608 Y-4.539 E.05059
G1 X-11.844 Y-4.45 E.18109
G1 X-10.12 Y-4.329 E.08312
G1 X-8.139 Y-4.27 E.09532
G1 X-4.6 Y-4.057 E.17052
G1 X-4.085 Y-3.997 E.02494
G1 X-1.459 Y-3.851 E.1265
G1 X-.779 Y-3.78 E.03288
G1 X1.337 Y-3.692 E.10186
G1 X5.525 Y-4.085 E.20231
G1 X6.434 Y-4.106 E.04373
G1 X8.552 Y-4.271 E.10218
G1 X11.373 Y-4.419 E.13587
G1 X13.158 Y-4.478 E.0859
G1 X15.964 Y-4.522 E.13498
G1 X14.881 Y-3.556 E.0698
G1 X11.743 Y-.416 E.21351
G1 X11.66 Y-.311 E.00644
G1 X11.581 Y-.101 E.01079
G1 X11.61 Y.194 E.01426
G1 X11.745 Y.403 E.01197
G1 X14.728 Y3.363 E.20212
G1 X16.12 Y4.592 E.08931
G1 X13.088 Y4.484 E.14592
G1 X8.583 Y4.284 E.21689
G1 X6.385 Y4.125 E.10599
G1 X5.613 Y4.105 E.03714
G1 X3.785 Y3.941 E.08827
G1 X1.073 Y3.744 E.13078
G1 X-.752 Y3.849 E.08792
G1 X-1.647 Y3.932 E.04323
G1 X-4.009 Y4.014 E.11367
G1 X-4.886 Y4.108 E.04242
G1 X-6.864 Y4.177 E.09519
G1 X-8.223 Y4.256 E.06547
G1 X-10.198 Y4.31 E.09503
G1 X-11.878 Y4.412 E.08095
G1 X-15.113 Y4.52 E.15568
G1 X-15.666 Y4.52 E.0266
G1 X-14.73 Y3.657 E.06123
G1 X-13.505 Y2.474 E.08191
G1 X-11.8 Y.676 E.11918
G1 X-11.434 Y.265 E.02647
G1 X-11.364 Y.062 E.01033
G1 X-11.367 Y.03 E.00155
G1 X-11.748 Y-.029 F7800
;TYPE:External perimeter
G1 F1800
G1 X-11.803 Y-.159 E.00679
G1 X-12.714 Y-1.034 E.06075
G1 X-15.111 Y-3.565 E.16766
G1 X-16.631 Y-4.949 E.09887
G1 X-11.826 Y-4.835 E.23117
G1 X-10.109 Y-4.714 E.08279
G1 X-8.122 Y-4.655 E.09561
G1 X-4.646 Y-4.451 E.16747
G1 X-4.064 Y-4.382 E.02819
G1 X-1.419 Y-4.235 E.12741
G1 X-.762 Y-4.166 E.03177
G1 X1.302 Y-4.076 E.09937
G1 X5.516 Y-4.471 E.20357
G1 X6.404 Y-4.49 E.04272
G1 X8.527 Y-4.656 E.10242
G1 X11.357 Y-4.804 E.1363
G1 X13.148 Y-4.864 E.08619
G1 X15.645 Y-4.908 E.12012
G1 X16.975 Y-4.907 E.06397
G1 X15.154 Y-3.284 E.11732
G1 X12.016 Y-.144 E.21351
G1 X11.959 Y-.008 E.00709
G1 X12.016 Y.13 E.00718
G1 X14.999 Y3.089 E.20209
G1 X16.874 Y4.743 E.12025
G1 X17.153 Y5.002 E.01831
G1 X13.068 Y4.87 E.19658
G1 X8.561 Y4.669 E.21699
G1 X6.374 Y4.51 E.10546
G1 X5.59 Y4.49 E.03772
G1 X3.76 Y4.326 E.08837
G1 X1.095 Y4.129 E.12853
G1 X-.716 Y4.232 E.08724
G1 X-1.622 Y4.317 E.04377
G1 X-3.968 Y4.398 E.1129
G1 X-4.859 Y4.493 E.0431
G1 X-6.842 Y4.562 E.09543
G1 X-8.207 Y4.641 E.06576
G1 X-10.174 Y4.695 E.09464
G1 X-11.859 Y4.798 E.08119
G1 X-15.106 Y4.905 E.15625
G1 X-16.655 Y4.907 E.0745
G1 X-14.998 Y3.38 E.10838
G1 X-13.791 Y2.214 E.08072
G1 X-11.797 Y.113 E.13932
G1 X-11.763 Y.027 E.00445
G1 X-11.974 Y-.313 F7800
G1 X-11.073 Y.89
;TYPE:Internal infill
;WIDTH:0.45
G1 F4800
G1 X-12.665 Y2.569 E.11128
G1 X-12.988 Y3.774 E.06
G1 X-12.599 Y3.761 E.01872
G1 X-13.222 Y3.138 E.04238
G1 X-13.911 Y3.805 E.04612
G1 X-13.181 Y3.78 E.03513
G1 E-2 F2400
G1 X-9.239 Y3.608 F7800
G1 E2 F2400
G1 F4800
G1 X-6.927 Y3.505 E.11131
G1 X-5.97 Y-.068 E.17791
G1 X-5.895 Y-1.415 E.06489
G1 X-10.698 Y-.128 E.23916
G1 X-10.85 Y-.645 E.02592
G1 X-11.594 Y-1.428 E.05195
G1 X-10.982 Y-3.712 E.11373
G1 X-11.958 Y-3.777 E.04705
G1 X-5.688 Y2.492 E.42644
G1 X-5.735 Y3.462 E.04671
G1 X-6.735 Y3.497 E.04813
G1 E-2 F2400
G1 X-2.352 Y1.103 F7800
G1 E2 F2400
;TYPE:Bridge infill
;WIDTH:0.405284
;HEIGHT:0.4
M106 S255
G1 F3600
G1 X-2.599 Y1.835 E.04144
G1 X-2.883 Y1.882 E.01544
G1 X-3.093 Y1.874 E.01127
G1 X-2.733 Y.81 E.06024
M106 S188.7
G1 E-2 F2400
G1 X-1.93 Y-1.563 F7800
G1 E2 F2400
M106 S255
G1 F3600
G1 X-1.646 Y-2.402 E.04751
G1 X-1.888 Y-2.544 E.01505
G1 X-2.055 Y-2.615 E.00973
G1 X-2.518 Y-1.247 E.07746
G1 X-2.601 Y-1.221 E.00466
G1 X-2.995 Y-.876 E.02809
G1 X-3.142 Y-.627 E.01551
G1 X-3.223 Y-.388 E.01353
G1 X-3.265 Y.031 E.02259
G1 X-3.245 Y.268 E.01276
G1 X-3.138 Y.586 E.018
G1 X-3.553 Y1.812 E.06942
G1 X-3.591 Y1.802 E.00211
G1 X-3.974 Y1.636 E.02239
G1 X-2.504 Y-2.707 E.24592
G1 X-2.995 Y-2.678 E.02638
G1 X-4.356 Y1.346 E.22783
G1 X-4.535 Y1.175 E.01328
G1 X-4.706 Y.959 E.01478
G1 X-3.494 Y-2.624 E.20287
G1 X-3.743 Y-2.556 E.01384
G1 X-4.043 Y-2.42 E.01767
G1 X-4.969 Y.317 E.15497
G1 X-5.008 Y-.079 E.02134
G1 X-4.933 Y-1.156 E.0579
G1 X-4.893 Y-1.328 E.00947
G1 X-4.561 Y-2.31 E.0556
M106 S188.7
G1 X-3.402 Y-3.323 F7800
;TYPE:Solid infill
;WIDTH:0.420623
;HEIGHT:0.3
G1 F1200
G1 X-3.324 Y-3.294 E.0037
;WIDTH:0.46966
G1 X-3.245 Y-3.265 E.00425
;WIDTH:0.518697
G1 X-3.167 Y-3.236 E.00472
;WIDTH:0.567734
G1 X-3.089 Y-3.207 E.00522
;WIDTH:0.616771
G1 X-3.01 Y-3.179 E.00577
G1 X-3.087 Y-3.146 E.00577
;WIDTH:0.567734
G1 X-3.164 Y-3.114 E.00523
;WIDTH:0.518697
G1 X-3.241 Y-3.081 E.00475
;WIDTH:0.46966
G1 X-3.318 Y-3.049 E.00421
;WIDTH:0.420623
G1 X-3.395 Y-3.017 E.0037
;WIDTH:0.390845
G1 X-3.544 Y-3.008 E.00608
;WIDTH:0.420422
G1 X-3.792 Y-2.946 E.01135
;WIDTH:0.45
G1 X-4.041 Y-2.885 E.01233
G1 X-4.559 Y-2.589 E.02869
;WIDTH:0.450973
G1 X-4.939 Y-2.197 E.02632
;WIDTH:0.453567
G1 X-5.235 Y-1.625 E.03126
;WIDTH:0.494533
G1 X-5.286 Y-1.505 E.007
;WIDTH:0.5355
G1 X-5.337 Y-1.384 E.00772
;WIDTH:0.576466
G1 X-5.388 Y-1.263 E.00839
;WIDTH:0.617433
G1 X-5.439 Y-1.142 E.00906
G1 X-5.452 Y-1.273 E.00908
;WIDTH:0.576466
G1 X-5.466 Y-1.403 E.00835
;WIDTH:0.5355
G1 X-5.479 Y-1.534 E.00774
;WIDTH:0.494533
G1 X-5.492 Y-1.664 E.00701
;WIDTH:0.453567
G1 X-5.431 Y-2.085 E.02065
;WIDTH:0.45722
G1 X-5.209 Y-2.501 E.0231
G1 X-5.196 Y-2.781 E.01373
;WIDTH:0.45
G1 X-5.224 Y-3.423 E.03091
G1 X-4.722 Y-3.393 E.02419
G1 X-4.05 Y-3.319 E.03252
G1 X-3.823 Y-3.32 E.01092
;WIDTH:0.422449
G1 X-3.595 Y-3.322 E.01018
;WIDTH:0.45
G1 X-3.01 Y-3.179 E.02896
;WIDTH:0.616771
G1 X-2.251 Y-3.158 E.05231
;WIDTH:0.575393
G1 X-1.545 Y-3.12 E.04506
;WIDTH:0.572877
G1 X-.649 Y-3.038 E.05706
G1 X-.725 Y-2.744 E.01926
G1 X-.777 Y-2.371 E.02389
G1 X-.919 Y-2.348 E.00912
G1 X-1.24 Y-2.708 E.03059
G1 X-1.768 Y-3.014 E.0387
;WIDTH:0.57443
G1 X-2.066 Y-3.103 E.01979
G1 E-2 F2400
G1 X-4.714 Y-2.979 F7800
G1 E2 F2400
;WIDTH:0.541709
G1 F1200
G1 X-4.757 Y-3.022 E.00362
G1 X-4.814 Y-3.006 E.00352
G1 X-4.83 Y-2.949 E.00352
G1 X-4.788 Y-2.906 E.00358
G1 X-4.73 Y-2.922 E.00358
G1 X-5.439 Y-1.142 F7800
;WIDTH:0.617433
G1 F1200
G1 X-5.445 Y-1.092 E.00347
;WIDTH:0.612577
G1 X-5.506 Y-.031 E.07266
;WIDTH:0.612389
G1 X-5.48 Y.197 E.01568
G1 X-5.42 Y.364 E.01213
;WIDTH:0.563051
G1 X-5.36 Y.531 E.01104
;WIDTH:0.513713
G1 X-5.3 Y.698 E.00994
;WIDTH:0.464375
G1 X-5.296 Y.929 E.01153
;WIDTH:0.460027
G1 X-5.294 Y1.584 E.03232
;WIDTH:0.45
G1 X-5.288 Y2.128 E.02617
G1 X-5.349 Y3.449 E.0636
G1 X-3.646 Y3.325 E.08213
G1 X-1.69 Y3.259 E.09413
G1 X-1.168 Y3.21 E.02522
G1 X-1.21 Y3.045 E.00819
G1 X-1.199 Y2.505 E.02598
G1 X-1.068 Y2.107 E.02015
G1 X-1.662 Y1.721 E.03407
G1 X-1.944 Y1.987 E.01865
G1 X-2.141 Y2.118 E.01138
G1 X-2.549 Y2.254 E.02068
G1 X-2.918 Y2.301 E.01789
G1 X-3.456 Y2.258 E.02596
G1 X-3.996 Y2.092 E.02717
G1 X-4.35 Y1.886 E.0197
G1 X-4.827 Y1.472 E.03038
;WIDTH:0.450581
G1 X-5.157 Y1.027 E.02669
;WIDTH:0.462978
G1 X-5.297 Y.736 E.01605
G1 X-4.905 Y1.916 F7800
;WIDTH:0.45
G1 F1200
G1 X-4.373 Y2.324 E.03225
G1 X-3.994 Y2.497 E.02004
G1 X-3.484 Y2.619 E.02522
;WIDTH:0.403362
G1 X-2.946 Y2.647 E.02278
;WIDTH:0.389496
G1 X-2.5 Y2.606 E.01816
;WIDTH:0.438126
G1 X-2.211 Y2.534 E.01388
;WIDTH:0.486756
G1 X-1.922 Y2.462 E.01569
G1 X-1.626 Y2.257 E.01897
G1 X-1.555 Y2.272 E.00382
G1 X-1.589 Y2.4 E.00698
G1 X-1.612 Y2.846 E.02353
G1 X-2.074 Y2.888 E.02444
;WIDTH:0.445098
G1 X-2.334 Y2.918 E.01243
;WIDTH:0.403441
G1 X-2.953 Y2.954 E.02622
;WIDTH:0.406505
G1 X-3.536 Y2.957 E.02488
;WIDTH:0.45
G1 X-4.04 Y2.954 E.02424
G1 X-4.944 Y3.048 E.04371
G1 X-4.909 Y2.108 E.04524
G1 E-2 F2400
G1 X-.994 Y2.662 F7800
G1 E2 F2400
;TYPE:Bridge infill
;WIDTH:0.421994
;HEIGHT:0.4
M106 S255
G1 F3600
G1 X7.002 Y3.378 E.46681
G1 X6.999 Y2.904 E.02756
G1 X3.172 Y2.561 E.22343
G1 X3.379 Y2.357 E.0169
G1 X3.462 Y2.113 E.01499
G1 X6.985 Y2.428 E.20567
G1 X6.979 Y2.334 E.00548
G1 X6.921 Y2.251 E.00589
G1 X6.886 Y2.133 E.00716
G1 X6.891 Y1.946 E.01088
G1 X3.573 Y1.649 E.19371
G1 X3.633 Y1.181 E.02744
G1 X6.902 Y1.473 E.19084
G1 X6.913 Y1 E.02751
G1 X3.7 Y.713 E.18757
G1 X3.826 Y.585 E.01044
G1 X3.936 Y.26 E.01995
G1 X6.762 Y.513 E.16498
G1 X6.496 Y.015 E.03283
G1 X3.957 Y-.212 E.14823
G1 X3.842 Y-.58 E.02242
G1 X3.764 Y-.703 E.00847
G1 X6.229 Y-.482 E.14391
G1 X5.959 Y-.98 E.03294
G1 X3.423 Y-1.208 E.14806
G1 X3.334 Y-1.315 E.00809
G1 X3 Y-1.548 E.02368
G1 X2.595 Y-1.666 E.02453
G1 X2.493 Y-1.668 E.00593
G1 X2.249 Y-1.787 E.01579
G1 X6.003 Y-1.45 E.21917
G1 X6.079 Y-1.708 E.01564
G1 X6.107 Y-1.915 E.01215
G1 X-.3 Y-2.489 E.37405
G1 X-.167 Y-2.951 E.02796
G1 X6.11 Y-2.389 E.36646
G1 X6.063 Y-2.616 E.01348
G1 X5.963 Y-2.876 E.0162
G1 X3.031 Y-3.138 E.17117
G1 X5.458 Y-3.377 E.14181
G1 X5.913 Y-3.354 E.02649
M106 S188.7
G1 X6.213 Y-3.37 F7800
;TYPE:Solid infill
;WIDTH:0.563369
;HEIGHT:0.3
G1 F1200
G1 X6.861 Y-3.405 E.04039
G1 X6.921 Y-2.761 E.04025
;WIDTH:0.526396
G1 X6.965 Y-2.37 E.02267
;WIDTH:0.489424
G1 X6.904 Y-2.024 E.01863
;WIDTH:0.476081
G1 X6.896 Y-1.753 E.01392
;WIDTH:0.50989
G1 X6.889 Y-1.481 E.01512
;WIDTH:0.543699
G1 X6.881 Y-1.21 E.01621
G1 X6.916 Y-.183 E.06143
G1 X6.38 Y-1.181 E.06772
G1 X6.437 Y-1.387 E.01278
;WIDTH:0.509646
G1 X6.493 Y-1.593 E.01186
;WIDTH:0.475594
G1 X6.546 Y-2.187 E.03059
;WIDTH:0.501852
G1 X6.5 Y-2.694 E.02778
;WIDTH:0.53261
G1 X6.448 Y-2.868 E.01061
;WIDTH:0.563369
G1 X6.397 Y-3.042 E.01128
G1 X6.308 Y-3.202 E.01139
G1 X7.321 Y-3.141 F7800
;TYPE:Internal infill
;WIDTH:0.45
G1 F4800
G1 X7.375 Y-2.149 E.04778
G1 X7.287 Y-2.004 E.00816
G1 X7.326 Y-.854 E.05534
G1 X11.932 Y3.752 E.31329
G1 X10.982 Y3.711 E.04573
G1 X11.641 Y1.251 E.12249
G1 X11.09 Y.659 E.0389
G1 X10.977 Y.429 E.01233
G1 X10.905 Y.072 E.01752
G1 X7.331 Y1.03 E.17797
G1 X7.305 Y2.072 E.05013
G1 X7.389 Y2.192 E.00705
G1 X7.419 Y3.317 E.05413
G1 E-2 F2400
G1 X11.004 Y-.498 F7800
G1 E2 F2400
G1 F4800
G1 X11.262 Y-.889 E.02253
G1 X12.564 Y-2.193 E.08863
G1 X12.991 Y-3.787 E.07937
G1 X12.584 Y-3.776 E.01958
G1 X13.366 Y-2.995 E.05316
G1 X14.19 Y-3.819 E.05605
G1 X13.184 Y-3.792 E.0484
G1 E-10 F2400
T1
G1 X13.822 Y.201 F7800
G1 Z10.85
G1 E10 F2400
;TYPE:Perimeter
;WIDTH:0.45
G1 F900
G1 X13.609 Y-.01 E.01442
G1 X15.993 Y-2.396 E.16222
G1 X16.309 Y-2.677 E.02034
G1 X16.251 Y.008 E.12917
G1 X16.382 Y2.681 E.12872
G1 X15.838 Y2.201 E.03489
G1 X13.865 Y.243 E.13369
G1 X13.165 Y.092 F7800
G1 F900
G1 X13.063 Y-.009 E.0069
G1 X15.732 Y-2.68 E.18161
G1 X16.765 Y-3.6 E.06653
G1 X16.703 Y-3.065 E.0259
G1 X16.636 Y-.01 E.14697
G1 X16.769 Y2.679 E.12949
G1 X16.922 Y3.671 E.04828
G1 X15.575 Y2.483 E.08638
G1 X13.208 Y.135 E.16036
G1 X12.522 Y-.003 F7800
;TYPE:External perimeter
G1 F900
G1 X12.517 Y-.008 E.00034
G1 X15.467 Y-2.96 E.20072
G1 X17.271 Y-4.567 E.1162
G1 X17.089 Y-3.056 E.0732
G1 X17.021 Y-.029 E.14562
G1 X17.15 Y2.62 E.12756
G1 X17.443 Y4.524 E.09265
G1 X17.458 Y4.671 E.00711
G1 X15.311 Y2.765 E.13808
G1 X12.565 Y.04 E.18607
G1 X12.795 Y-.287 F7800
G1 E-2 F2400
G1 X16.004 Y-1.998 F7800
G1 E2 F2400
;TYPE:Solid infill
G1 F1200
G1 X15.961 Y-.056 E.09343
G1 X16.058 Y2.012 E.09957
G1 X14.019 Y-.011 E.13815
G1 X15.868 Y-1.861 E.1258
G1 X15.597 Y-1.045 F7800
G1 F1200
G1 X15.576 Y-.038 E.04844
G1 X15.627 Y1.041 E.05195
G1 X14.565 Y-.012 E.07193
G1 X15.461 Y-.909 E.06098
G1 X15.213 Y-.028 F7800
;WIDTH:0.515659
G1 F1200
G1 X15.173 Y-.068 E.00318
G1 X15.118 Y-.054 E.00319
G1 X15.104 Y.001 E.00319
G1 X15.143 Y.041 E.00314
G1 X15.198 Y.026 E.00321
G1 E-2 F2400
G1 X-13.391 Y.009 F7800
G1 E2 F2400
;TYPE:Perimeter
;WIDTH:0.45
G1 F900
G1 X-13.386 Y.014 E.00034
G1 X-14.655 Y1.352 E.08869
G1 X-16.041 Y2.681 E.09236
G1 X-15.981 Y1.846 E.04026
G1 X-16.031 Y-.101 E.09367
G1 X-16.086 Y-.788 E.03315
G1 X-16.02 Y-2.742 E.09403
G1 X-13.433 Y-.035 E.18009
G1 X-12.846 Y-.002 F7800
G1 F900
G1 X-12.843 Y.001 E.0002
G1 X-14.382 Y1.623 E.10754
G1 X-15.573 Y2.774 E.07966
G1 X-16.502 Y3.629 E.06072
G1 X-16.367 Y1.855 E.08557
G1 X-16.416 Y-.07 E.09262
G1 X-16.472 Y-.779 E.03421
G1 X-16.391 Y-3.202 E.1166
G1 X-16.435 Y-3.64 E.02117
G1 X-15.711 Y-2.982 E.04705
G1 X-13.297 Y-.435 E.16878
G1 X-12.889 Y-.043 E.02721
G1 X-12.301 Y-.013 F7800
;TYPE:External perimeter
G1 F900
G1 X-12.3 Y-.012 E.00007
G1 X-14.108 Y1.895 E.12639
G1 X-15.308 Y3.054 E.08024
G1 X-16.962 Y4.578 E.10817
G1 X-16.752 Y1.865 E.13088
G1 X-16.8 Y-.04 E.09165
G1 X-16.858 Y-.771 E.03527
G1 X-16.777 Y-3.244 E.11901
G1 X-16.935 Y-4.618 E.06652
G1 X-15.441 Y-3.257 E.0972
G1 X-13.03 Y-.713 E.16858
G1 X-12.344 Y-.054 E.04575
G1 X-12.572 Y.275 F7800
G1 E-2 F2400
G1 X-15.754 Y-2.047 F7800
G1 E2 F2400
;TYPE:Solid infill
G1 F1200
G1 X-13.791 Y.02 E.1371
G1 X-14.869 Y1.156 E.07532
G1 X-15.699 Y1.957 E.05548
G1 X-15.74 Y-.063 E.09717
G1 X-15.796 Y-.795 E.03531
G1 X-15.761 Y-1.854 E.05096
G1 X-15.4 Y-1.114 F7800
G1 F1200
G1 X-14.323 Y.02 E.07522
G1 X-15.326 Y1.061 E.06953
G1 X-15.391 Y-.921 E.09538
G1 X-14.861 Y.005 F7800
;WIDTH:0.543675
G1 F1200
G1 X-14.904 Y-.037 E.00359
G1 X-14.961 Y-.022 E.00352
G1 X-14.977 Y.036 E.0036
G1 X-14.935 Y.078 E.00355
G1 X-14.877 Y.063 E.00358
M106 S183.6
;LAYER_CHANGE
;Z:11.15
;HEIGHT:0.299999
G1 Z11.15 F7800
G1 Z11.15
G1 X-13.358 Y.007
;TYPE:Perimeter
;WIDTH:0.45
G1 F900
G1 X-13.35 Y.015 E.00054
G1 X-14.311 Y1.024 E.06702
G1 X-15.991 Y2.646 E.11232
G1 X-15.936 Y1.5 E.05518
G1 X-15.977 Y-.102 E.07708
G1 X-16.057 Y-1.099 E.04811
G1 X-16.007 Y-2.754 E.07964
G1 X-13.841 Y-.454 E.15195
G1 X-13.401 Y-.034 E.02926
G1 X-12.81 Y-.003 F7800
G1 F900
G1 X-12.805 Y.002 E.00034
G1 X-14.037 Y1.296 E.08593
G1 X-15.662 Y2.866 E.10868
G1 X-16.469 Y3.612 E.05286
G1 X-16.321 Y1.51 E.10135
G1 X-16.362 Y-.072 E.07611
G1 X-16.443 Y-1.089 E.04907
G1 X-16.371 Y-3.634 E.12245
G1 X-15.92 Y-3.223 E.02935
G1 X-13.575 Y-.733 E.16451
G1 X-12.853 Y-.044 E.048
G1 X-12.262 Y-.013 F7800
;TYPE:External perimeter
G1 F900
G1 X-12.26 Y-.011 E.00014
G1 X-13.763 Y1.567 E.10481
G1 X-15.397 Y3.147 E.10932
G1 X-16.732 Y4.38 E.0874
G1 X-16.931 Y4.586 E.01378
G1 X-16.772 Y2.598 E.09592
G1 X-16.707 Y1.519 E.05199
G1 X-16.746 Y-.041 E.07505
G1 X-16.829 Y-1.079 E.05008
G1 X-16.743 Y-3.497 E.11637
G1 X-16.871 Y-4.612 E.05398
G1 X-15.649 Y-3.498 E.07953
G1 X-13.309 Y-1.012 E.1642
G1 X-12.305 Y-.054 E.06674
G1 X-12.533 Y.275 F7800
G1 E-2 F2400
G1 X-15.686 Y-.064 F7800
G1 E2 F2400
;TYPE:Solid infill
G1 F1200
G1 X-15.767 Y-1.106 E.05027
G1 X-15.741 Y-2.049 E.04537
G1 X-14.295 Y-.512 E.1015
G1 X-13.758 Y.024 E.03649
G1 X-14.516 Y.82 E.05287
G1 X-15.671 Y1.937 E.07728
G1 X-15.647 Y1.489 E.02158
G1 X-15.681 Y.128 E.06548
G1 X-15.297 Y.098 E.01853
G1 X-15.273 Y1.016 E.04417
G1 X-14.79 Y.549 E.03231
G1 X-14.302 Y.037 E.03402
G1 X-15.38 Y-1.103 E.07546
G1 X-15.301 Y-.095 E.04863
G1 X-14.894 Y-.016 E.01994
;WIDTH:0.513565
G1 X-14.934 Y.023 E.00313
G1 X-14.92 Y.078 E.00318
G1 X-14.865 Y.092 E.00318
G1 X-14.826 Y.052 E.00313
G1 X-14.84 Y-.002 E.00313
G1 E-2 F2400
G1 X13.539 Y-.01 F7800
G1 E2 F2400
;TYPE:Perimeter
;WIDTH:0.45
G1 F900
G1 X13.538 Y-.012 E.00011
G1 X15.533 Y-2.033 E.13658
G1 X16.208 Y-2.636 E.04353
G1 X16.182 Y.011 E.12732
G1 X16.307 Y2.684 E.1287
G1 X15.759 Y2.202 E.0351
G1 X14.7 Y1.166 E.07125
G1 X13.581 Y.032 E.07662
G1 X12.998 Y-.009 F7800
G1 F900
G1 X15.268 Y-2.313 E.15556
G1 X16.701 Y-3.596 E.09251
G1 X16.594 Y-2.677 E.0445
G1 X16.567 Y-.007 E.12842
G1 X16.694 Y2.682 E.12948
G1 X16.846 Y3.674 E.04827
G1 X15.497 Y2.485 E.08649
G1 X14.428 Y1.439 E.07193
G1 X13.04 Y.033 E.09502
G1 X12.458 Y-.007 F7800
;TYPE:External perimeter
G1 F900
G1 X13.878 Y-1.468 E.09799
G1 X15.003 Y-2.593 E.07652
G1 X17.207 Y-4.566 E.14227
G1 X16.979 Y-2.673 E.0917
G1 X16.952 Y-.025 E.12737
G1 X17.075 Y2.623 E.1275
G1 X17.388 Y4.664 E.09931
G1 X15.235 Y2.767 E.13801
G1 X14.156 Y1.712 E.07258
G1 X12.5 Y.035 E.11336
G1 X12.734 Y-.289 F7800
G1 X13.943 Y-.013
;TYPE:Solid infill
G1 F1200
G1 X15.73 Y-1.821 E.12227
G1 X15.912 Y-1.983 E.01172
G1 X15.892 Y-.018 E.09451
G1 X15.984 Y2 E.09716
G1 X14.904 Y.96 E.07211
G1 X14.079 Y.125 E.05646
G1 X14.485 Y-.012 E.02061
G1 X15.516 Y-1.056 E.07057
G1 X15.507 Y0 E.05079
G1 X15.554 Y1.051 E.0506
G1 X14.621 Y.125 E.06322
G1 X15.067 Y-.068 E.02337
;WIDTH:0.527313
G1 X15.026 Y-.027 E.00335
G1 X15.041 Y.029 E.00335
G1 X15.097 Y.044 E.00335
G1 X15.138 Y.003 E.00335
G1 X15.123 Y-.053 E.00335
G1 E-10 F2400
T0
G1 X2.442 Y-.568 F7800
G1 Z11.15
G1 E10 F2400
;TYPE:Perimeter
;WIDTH:0.45
G1 F900
G1 X2.472 Y-.523 E.0026
G1 X2.548 Y-.29 E.01179
G1 X2.565 Y-.087 E.0098
G1 X2.414 Y1.143 E.0596
G1 X2.291 Y1.508 E.01853
G1 X1.999 Y1.821 E.02059
G1 X1.523 Y1.985 E.02421
G1 X.256 Y1.892 E.0611
G1 X-.192 Y1.739 E.02277
G1 X-1.539 Y.861 E.07733
G1 X-1.762 Y.66 E.01444
G1 X-1.897 Y.437 E.01254
G1 X-1.976 Y.043 E.01933
G1 X-1.876 Y-.375 E.02067
G1 X-1.716 Y-.606 E.01352
G1 X-1.135 Y-1.226 E.04087
G1 X-.804 Y-1.456 E.01939
G1 X.235 Y-1.652 E.05085
G1 X.433 Y-1.664 E.00954
G1 X.812 Y-1.567 E.01882
G1 X2.023 Y-.978 E.06477
G1 X2.305 Y-.77 E.01685
G1 X2.408 Y-.617 E.00887
G1 X2.09 Y-.375 F7800
G1 F900
G1 X2.169 Y-.218 E.00845
G1 X2.176 Y-.136 E.00396
;TYPE:Overhang perimeter
;WIDTH:0.4
;HEIGHT:0.4
M106 S255
G1 X2.179 Y-.096 E.0021
G1 X2.032 Y1.095 E.0627
G1 X1.958 Y1.314 E.01208
G1 X1.851 Y1.428 E.00817
M106 S183.6
;TYPE:Perimeter
;WIDTH:0.45
;HEIGHT:0.3
G1 X1.782 Y1.502 E.00487
G1 X1.42 Y1.6 E.01804
G1 X.288 Y1.508 E.05462
G1 X.019 Y1.416 E.01367
G1 X-1.328 Y.538 E.07733
G1 X-1.543 Y.284 E.01601
G1 X-1.588 Y.037 E.01208
;TYPE:Overhang perimeter
;WIDTH:0.4
;HEIGHT:0.4
M106 S255
G1 X-1.575 Y-.019 E.003
M106 S183.6
;TYPE:Perimeter
;WIDTH:0.45
;HEIGHT:0.3
G1 X-1.531 Y-.203 E.0091
G1 X-.853 Y-.962 E.04895
G1 X-.655 Y-1.1 E.01161
G1 X.297 Y-1.271 E.04652
G1 X.643 Y-1.221 E.01681
G1 X1.854 Y-.631 E.06479
G1 X2.023 Y-.506 E.01011
G1 X2.063 Y-.429 E.00417
G1 X1.754 Y-.194 F7800
;TYPE:Overhang perimeter
;WIDTH:0.4
;HEIGHT:0.4
M106 S255
G1 F900
G1 X1.79 Y-.147 E.00309
G1 X1.794 Y-.106 E.00215
G1 X1.649 Y1.047 E.06071
G1 X1.566 Y1.182 E.00828
G1 X1.442 Y1.215 E.0067
G1 X.319 Y1.123 E.05887
G1 X-1.118 Y.215 E.08881
G1 X-1.202 Y.088 E.00796
G1 X-1.185 Y-.032 E.00633
G1 X-.572 Y-.698 E.04729
G1 X-.462 Y-.757 E.00652
G1 X.359 Y-.891 E.04346
G1 X.475 Y-.874 E.00613
G1 X1.685 Y-.284 E.07033
G1 X1.718 Y-.242 E.00279
M106 S183.6
G1 X1.753 Y.157 F7800
G1 E-2 F2400
G1 X-10.948 Y-.033 F7800
G1 E2 F2400
;TYPE:Perimeter
;WIDTH:0.45
;HEIGHT:0.3
G1 F3600
G1 X-10.969 Y-.281 E.01197
G1 X-11.061 Y-.5 E.01142
G1 X-11.231 Y-.717 E.01326
G1 X-12.446 Y-1.876 E.08076
G1 X-14.56 Y-4.125 E.14845
G1 X-11.784 Y-4.048 E.13357
G1 X-10.392 Y-3.951 E.06711
G1 X-8.118 Y-3.883 E.10942
G1 X-1.169 Y-3.506 E.33471
G1 X1.695 Y-3.389 E.13786
G1 X5.226 Y-3.719 E.17057
G1 X6.903 Y-3.756 E.08068
G1 X8.498 Y-3.881 E.07695
G1 X10.619 Y-3.992 E.10215
G1 X14.876 Y-4.119 E.20484
G1 X14.145 Y-3.462 E.04727
G1 X13.003 Y-2.32 E.07768
G1 X11.407 Y-.678 E.11013
G1 X11.189 Y-.327 E.01987
G1 X11.134 Y-.003 E.01581
G1 X11.191 Y.32 E.01578
G1 X11.412 Y.672 E.01999
G1 X13.3 Y2.584 E.12924
G1 X14.422 Y3.679 E.0754
G1 X14.985 Y4.176 E.03612
G1 X13.891 Y4.135 E.05265
G1 X12.054 Y4.031 E.08849
G1 X8.527 Y3.895 E.16976
G1 X6.821 Y3.772 E.08227
G1 X5.311 Y3.726 E.07266
G1 X4.305 Y3.636 E.04858
G1 X1.392 Y3.432 E.14045
G1 X-1.426 Y3.604 E.13579
G1 X-7.377 Y3.819 E.28641
G1 X-8.196 Y3.866 E.03946
G1 X-10.486 Y3.93 E.11018
G1 X-11.81 Y4.011 E.0638
G1 X-14.631 Y4.102 E.13575
G1 X-12.91 Y2.442 E.115
G1 X-11.688 Y1.159 E.08522
G1 X-11.058 Y.455 E.04544
G1 X-10.938 Y.082 E.01885
G1 X-10.943 Y.026 E.0027
G1 X-11.328 Y-.028 F7800
G1 F3600
G1 X-11.34 Y-.176 E.00714
G1 X-11.498 Y-.439 E.01476
G1 X-12.719 Y-1.605 E.0812
G1 X-15.032 Y-4.064 E.16237
G1 X-15.549 Y-4.537 E.0337
G1 X-11.765 Y-4.433 E.18207
G1 X-10.38 Y-4.336 E.06678
G1 X-8.101 Y-4.269 E.10966
G1 X-1.158 Y-3.891 E.33443
G1 X1.659 Y-3.772 E.13561
G1 X5.204 Y-4.104 E.17125
G1 X6.873 Y-4.141 E.08029
G1 X8.472 Y-4.265 E.07714
G1 X10.602 Y-4.377 E.10259
G1 X13.878 Y-4.487 E.15765
G1 X15.9 Y-4.517 E.09726
G1 X14.441 Y-3.211 E.09418
G1 X13.285 Y-2.057 E.07856
G1 X11.603 Y-.305 E.11681
G1 X11.527 Y-.096 E.0107
G1 X11.554 Y.19 E.01382
G1 X11.687 Y.401 E.012
G1 X13.57 Y2.308 E.1289
G1 X14.677 Y3.39 E.07445
G1 X16.045 Y4.596 E.08771
G1 X13.873 Y4.52 E.10453
G1 X12.039 Y4.416 E.08835
G1 X8.505 Y4.28 E.1701
G1 X6.809 Y4.157 E.08179
G1 X5.276 Y4.11 E.07377
G1 X4.277 Y4.02 E.04824
G1 X1.415 Y3.817 E.138
G1 X-1.407 Y3.989 E.13598
G1 X-7.354 Y4.204 E.28622
G1 X-8.18 Y4.252 E.03979
G1 X-10.463 Y4.315 E.10985
G1 X-11.792 Y4.396 E.06404
G1 X-15.645 Y4.513 E.1854
G1 X-14.818 Y3.75 E.05412
G1 X-13.161 Y2.147 E.11089
G1 X-11.394 Y.265 E.12416
G1 X-11.322 Y.041 E.01132
G1 X-11.323 Y.031 E.00048
G1 X-11.715 Y-.026 F7800
;TYPE:External perimeter
G1 F1800
G1 X-11.764 Y-.16 E.00686
G1 X-12.993 Y-1.333 E.08171
G1 X-15.313 Y-3.8 E.16288
G1 X-16.569 Y-4.944 E.08171
G1 X-11.746 Y-4.819 E.23205
G1 X-10.369 Y-4.721 E.0664
G1 X-8.085 Y-4.654 E.1099
G1 X-1.137 Y-4.276 E.33467
G1 X1.623 Y-4.156 E.13287
G1 X5.182 Y-4.489 E.17192
G1 X6.84 Y-4.525 E.07976
G1 X8.447 Y-4.65 E.07752
G1 X10.586 Y-4.762 E.10302
G1 X13.868 Y-4.872 E.15794
G1 X16.912 Y-4.906 E.14641
G1 X14.692 Y-2.919 E.1433
G1 X13.558 Y-1.784 E.07717
G1 X11.96 Y-.14 E.11027
G1 X11.905 Y-.005 E.00701
G1 X11.961 Y.13 E.00703
G1 X13.838 Y2.03 E.12846
G1 X14.932 Y3.101 E.07363
G1 X17.084 Y4.997 E.13794
G1 X17.094 Y5.006 E.00065
G1 X15.671 Y4.973 E.06846
G1 X13.855 Y4.905 E.0874
G1 X12.025 Y4.801 E.08816
G1 X8.484 Y4.665 E.17044
G1 X6.798 Y4.543 E.0813
G1 X5.363 Y4.505 E.06904
G1 X4.252 Y4.405 E.05365
G1 X1.438 Y4.202 E.1357
G1 X-1.388 Y4.374 E.13617
G1 X-7.332 Y4.589 E.28607
G1 X-8.163 Y4.637 E.04003
G1 X-10.44 Y4.7 E.10956
G1 X-11.774 Y4.781 E.06428
G1 X-15.419 Y4.899 E.1754
G1 X-16.606 Y4.897 E.05709
G1 X-16.421 Y4.705 E.01282
G1 X-15.086 Y3.472 E.0874
G1 X-13.446 Y1.887 E.1097
G1 X-11.757 Y.113 E.11781
G1 X-11.719 Y.029 E.00443
G1 X-11.932 Y-.309 F7800
G1 X-11.083 Y.942
;TYPE:Internal infill
;WIDTH:0.45
G1 F4800
G1 X-12.678 Y2.618 E.11128
G1 X-12.984 Y3.759 E.05682
G1 X-12.613 Y3.747 E.01785
G1 X-13.219 Y3.141 E.04122
G1 X-13.887 Y3.788 E.04473
G1 X-13.177 Y3.765 E.03417
G1 E-2 F2400
G1 X-1.839 Y-3.253 F7800
G1 E2 F2400
G1 F4800
G1 X-1.232 Y-3.22 E.02924
G1 X-1.821 Y-2.739 E.03657
G1 X-2.092 Y-2.603 E.01458
G1 X-2.717 Y-2.717 E.03056
G1 X-3.334 Y-3.334 E.04197
G1 X-5.07 Y-3.428 E.08362
G1 X-6.93 Y3.513 E.34562
G1 X-4.746 Y3.434 E.10511
G1 X-11.943 Y-3.763 E.48953
G1 X-10.985 Y-3.702 E.04617
G1 X-11.586 Y-1.456 E.11183
G1 X-10.81 Y-.646 E.05395
G1 X-10.659 Y-.138 E.02549
G1 X-4.804 Y-1.707 E.29154
G1 X-4.91 Y-.024 E.08111
G1 X-4.83 Y.157 E.00952
G1 X-4.59 Y.349 E.01478
G1 X-4.56 Y.468 E.0059
G1 X-4.54 Y-.19 F7800
;TYPE:Solid infill
;WIDTH:0.425109
G1 F1200
G1 X-4.56 Y-.115 E.00349
G1 X-4.485 Y-.135 E.00349
G1 X-4.496 Y-.179 E.00204
;WIDTH:0.45
G1 X-4.273 Y.126 E.01817
G1 X-2.332 Y2.067 E.13202
G1 X-2.03 Y2.216 E.0162
;WIDTH:0.404381
G1 X-2.019 Y2.257 E.0018
G1 X-2.09 Y2.276 E.00312
G1 X-2.071 Y2.205 E.00312
G1 X-.704 Y3.22 F7800
;WIDTH:0.549495
G1 F1200
G1 X-.752 Y3.123 E.00655
;WIDTH:0.501123
G1 X-.8 Y3.026 E.0059
;WIDTH:0.452752
G1 X-.848 Y2.929 E.00524
;WIDTH:0.404381
G1 X-1.002 Y2.797 E.0086
;WIDTH:0.45
G1 X-1.275 Y2.579 E.0168
G1 X-4.485 Y-.632 E.21837
G1 X-4.453 Y-1.145 E.02472
G1 X-.077 Y3.232 E.29768
G1 E-2 F2400
G1 X-4.262 Y-1.499 F7800
G1 E2 F2400
G1 F1200
G1 X-2.38 Y.383 E.12801
G1 X-1.984 Y.808 E.02794
;WIDTH:0.443993
G1 X-2.167 Y.53 E.01576
;WIDTH:0.45
G1 X-2.248 Y.24 E.01448
G1 X-2.23 Y-.234 E.02281
G1 X-2.121 Y-.526 E.01499
G1 X-1.774 Y-.966 E.02695
G1 X-1.353 Y-1.416 E.02964
G1 X-.93 Y-1.714 E.02489
G1 X-.623 Y-1.805 E.0154
G1 X.404 Y-1.95 E.04989
G1 X.948 Y-1.823 E.02687
G1 X1.854 Y-1.381 E.04848
G1 X.236 Y-3 E.11009
G1 X.196 Y-3.059 E.00343
G1 X.214 Y-3.155 E.0047
G1 X-.048 Y-3.167 E.01261
G1 X-.231 Y-2.964 E.01315
G1 X-.982 Y-2.926 E.03617
G1 X-1.594 Y-2.427 E.03798
G1 X-2.016 Y-2.23 E.0224
G1 X-2.309 Y-2.256 E.01415
G1 X-2.66 Y-2.321 E.01717
G1 X-2.909 Y-1.981 E.02027
G1 X-3.051 Y-1.917 E.00749
G1 X-3.484 Y-1.852 E.02106
G1 X-3.756 Y-1.752 E.01394
G1 X-4.409 Y-1.685 E.03157
G1 X-4.425 Y-1.592 E.00454
G1 X-3.612 Y-1.394 F7800
G1 F1200
G1 X-3.342 Y-1.493 E.01383
G1 X-2.872 Y-1.566 E.02288
G1 X-2.694 Y-1.661 E.0097
G1 X-2.478 Y-1.899 E.01546
G1 X-2.22 Y-1.841 E.01272
;WIDTH:0.490672
G1 X-2.064 Y-1.864 E.00838
;WIDTH:0.531345
G1 X-1.907 Y-1.887 E.00924
;WIDTH:0.572017
G1 X-1.75 Y-1.91 E.01005
;WIDTH:0.61269
G1 X-1.593 Y-1.933 E.01085
;WIDTH:0.653363
G1 X-1.437 Y-1.956 E.01158
G1 X-1.486 Y-1.891 E.00598
;WIDTH:0.61269
G1 X-1.534 Y-1.826 E.00553
;WIDTH:0.572017
G1 X-1.583 Y-1.761 E.00515
;WIDTH:0.531345
G1 X-1.632 Y-1.695 E.00479
;WIDTH:0.490672
G1 X-1.681 Y-1.63 E.00433
;WIDTH:0.45
G1 X-2.056 Y-1.23 E.02637
G1 X-2.438 Y-.746 E.02966
G1 X-2.59 Y-.373 E.01937
G1 X-3.475 Y-1.258 E.0602
G1 X-2.716 Y-1.14 E.03694
;WIDTH:0.585909
G1 X-2.619 Y-1.226 E.00843
;WIDTH:0.545019
G1 X-2.522 Y-1.312 E.00777
;WIDTH:0.504129
G1 X-2.424 Y-1.398 E.00715
;WIDTH:0.463239
G1 X-2.327 Y-1.484 E.00645
G1 X-1.416 Y-1.97 F7800
;WIDTH:0.647379
G1 F1200
G1 X-1.377 Y-2.027 E.00502
;WIDTH:0.60212
G1 X-1.338 Y-2.084 E.00463
;WIDTH:0.556861
G1 X-1.299 Y-2.141 E.00424
;WIDTH:0.511602
G1 X-1.26 Y-2.199 E.0039
;WIDTH:0.466343
G1 X-1.221 Y-2.256 E.00346
;WIDTH:0.421084
G1 X-1.182 Y-2.313 E.00307
;WIDTH:0.410049
G1 X-1.011 Y-2.43 E.00893
;WIDTH:0.444274
G1 X-.841 Y-2.547 E.00978
G1 X-.709 Y-2.554 E.00626
;WIDTH:0.439081
G1 X-.135 Y-2.605 E.02693
;WIDTH:0.428434
G1 X.018 Y-2.687 E.00788
G1 X.386 Y-2.319 E.02363
G1 X-.182 Y-2.239 E.02605
;WIDTH:0.436025
G1 X-.754 Y-2.164 E.02674
;WIDTH:0.474092
G1 X-.873 Y-2.129 E.00634
;WIDTH:0.51216
G1 X-.992 Y-2.094 E.00693
;WIDTH:0.550228
G1 X-1.111 Y-2.059 E.00752
;WIDTH:0.588296
G1 X-1.231 Y-2.024 E.00817
G1 E-2 F2400
G1 X-1.984 Y.808 F7800
G1 E2 F2400
;WIDTH:0.423865
G1 F1200
G1 X-1.688 Y1.093 E.01842
;WIDTH:0.424268
G1 X-1.684 Y1.097 E.00025
;WIDTH:0.45
G1 X-.317 Y1.996 E.07869
G1 X.245 Y2.181 E.02846
G1 X1.37 Y2.273 E.05429
G1 X1.623 Y2.259 E.01219
G1 X2.118 Y2.079 E.02533
G1 X2.514 Y1.686 E.02683
G1 X2.694 Y1.227 E.02371
G1 X2.768 Y.623 E.02927
G1 X5.595 Y3.45 E.19229
G1 X1.368 Y3.144 E.20384
G1 X.332 Y3.207 E.04992
G1 X.332 Y3.095 E.00539
G1 X-1.551 Y1.228 E.12754
G1 E-2 F2400
G1 X.627 Y2.701 F7800
G1 E2 F2400
;WIDTH:0.652699
G1 F1200
G1 X1.125 Y2.707 E.03655
;WIDTH:0.61165
G1 X1.623 Y2.713 E.034
;WIDTH:0.570601
G1 X1.767 Y2.655 E.0098
;WIDTH:0.522369
G1 X2.008 Y2.548 E.01506
;WIDTH:0.486184
G1 X2.25 Y2.441 E.01392
;WIDTH:0.45
G1 X2.475 Y2.293 E.01295
G1 X2.777 Y1.969 E.0213
G1 X2.916 Y1.754 E.01231
G1 X3.034 Y1.434 E.0164
G1 X4.583 Y2.983 E.10536
G1 X2.303 Y2.82 E.10994
;WIDTH:0.493403
G1 X2.058 Y2.782 E.01327
;WIDTH:0.536807
G1 X1.814 Y2.743 E.01456
G1 X2.796 Y2.487 F7800
;WIDTH:0.412676
G1 F1200
G1 X3.147 Y2.066 E.02381
G1 X3.625 Y2.544 E.02937
G1 X2.988 Y2.5 E.02774
G1 E-2 F2400
G1 X2.828 Y.137 F7800
G1 E2 F2400
;WIDTH:0.45
G1 F1200
G1 X6.155 Y3.465 E.22633
G1 X6.362 Y3.127 E.01906
G1 X2.805 Y-.431 E.24198
G1 X2.621 Y-.704 E.01583
;WIDTH:0.404381
G1 X2.439 Y-.919 E.01195
G1 X2.138 Y-1.178 E.01684
G1 E-2 F2400
G1 X.645 Y-3.136 F7800
G1 E2 F2400
;WIDTH:0.45
G1 F1200
G1 X6.554 Y2.772 E.40189
G1 X6.733 Y1.807 F7800
;WIDTH:0.404381
G1 F1200
G1 X6.829 Y2.114 E.01364
;WIDTH:0.45
G1 X6.713 Y2.386 E.01422
G1 X1.215 Y-3.111 E.37393
G1 X1.758 Y-3.114 E.02612
G1 X6.522 Y1.65 E.32404
G1 X6.132 Y.728 F7800
;WIDTH:0.404381
G1 F1200
G1 X6.143 Y.769 E.0018
G1 X6.072 Y.788 E.00312
G1 X6.091 Y.717 E.00312
;WIDTH:0.45
G1 X5.902 Y.485 E.01439
G1 X2.258 Y-3.16 E.24789
G1 X2.758 Y-3.205 E.02415
G1 X5.894 Y-.069 E.21331
G1 X5.873 Y-.635 E.02724
G1 X3.258 Y-3.25 E.17787
G1 X3.758 Y-3.295 E.02415
G1 X5.853 Y-1.2 E.1425
G1 E-2 F2400
G1 X4.394 Y-3.204 F7800
G1 E2 F2400
G1 F1200
G1 X5.834 Y-1.765 E.09791
G1 X5.743 Y-3.441 E.08073
G1 X5.243 Y-3.43 E.02405
G1 X4.258 Y-3.341 E.04757
G1 X5.285 Y-3.028 F7800
;WIDTH:0.619039
G1 F1200
G1 X5.236 Y-2.979 E.00479
G1 X5.254 Y-2.912 E.0048
G1 X5.321 Y-2.894 E.0048
G1 X5.37 Y-2.943 E.00479
G1 X5.352 Y-3.01 E.0048
G1 X6.211 Y-1.969 F7800
;TYPE:Internal infill
;WIDTH:0.45
G1 F4800
G1 X11.916 Y3.736 E.38805
G1 X10.985 Y3.7 E.04481
G1 X11.628 Y1.302 E.11941
G1 X11.029 Y.65 E.04258
G1 X10.852 Y.086 E.02843
G1 X6.716 Y1.195 E.20595
G1 X6.271 Y.364 E.04534
G1 X6.247 Y-.966 E.06398
G1 X6.917 Y-3.467 E.12453
G1 X9.225 Y-3.629 E.11128
G1 E-2 F2400
G1 X11.015 Y-.634 F7800
G1 E2 F2400
G1 F4800
G1 X12.598 Y-2.318 E.11116
G1 X12.989 Y-3.777 E.07265
G1 X12.596 Y-3.765 E.01891
G1 X13.317 Y-3.043 E.04908
G1 X14.101 Y-3.812 E.05282
G1 X13.181 Y-3.783 E.04427
M106 S191.25
;LAYER_CHANGE
;Z:11.45
;HEIGHT:0.3
G1 E-2 F2400
G1 Z11.45 F7800
G1 Z11.45
G1 X1.53 Y-.452
G1 E2 F2400
;TYPE:Perimeter
;WIDTH:0.45
G1 F900
G1 X1.557 Y-.41 E.0024
G1 X1.651 Y-.033 E.01869
G1 X1.6 Y.471 E.02436
G1 X1.547 Y.686 E.01065
G1 X1.42 Y.921 E.01285
G1 X1.091 Y1.204 E.02087
G1 X.694 Y1.313 E.0198
G1 X.235 Y1.284 E.02212
G1 X-.213 Y1.131 E.02277
G1 X-.604 Y.876 E.02245
G1 X-.827 Y.675 E.01444
G1 X-.962 Y.452 E.01254
G1 X-1.042 Y.057 E.01938
G1 X-1.01 Y-.176 E.01131
G1 X-.931 Y-.381 E.01057
G1 X-.6 Y-.784 E.02508
G1 X-.417 Y-.937 E.01147
G1 X-.052 Y-1.077 E.0188
G1 X.379 Y-1.127 E.02087
G1 X.762 Y-1.03 E.019
G1 X1.204 Y-.808 E.02379
G1 X1.421 Y-.619 E.01384
G1 X1.497 Y-.502 E.00671
G1 X1.182 Y-.262 F7800
G1 F900
G1 X1.251 Y-.123 E.00746
G1 X1.256 Y-.02 E.00496
;TYPE:Overhang perimeter
;WIDTH:0.4
;HEIGHT:0.4
M106 S255
G1 X1.261 Y.078 E.00513
G1 X1.186 Y.552 E.02507
G1 X1.11 Y.693 E.00837
G1 X1.037 Y.755 E.005
M106 S191.25
;TYPE:Perimeter
;WIDTH:0.45
;HEIGHT:0.3
G1 X.912 Y.862 E.00791
G1 X.674 Y.928 E.01188
G1 X.266 Y.899 E.01967
G1 X-.003 Y.808 E.01366
G1 X-.527 Y.432 E.03102
G1 X-.647 Y.172 E.01377
G1 X-.656 Y.061 E.00536
G1 X-.645 Y.016 E.00223
;TYPE:Overhang perimeter
;WIDTH:0.4
;HEIGHT:0.4
M106 S255
G1 X-.639 Y-.005 E.00114
M106 S191.25
;TYPE:Perimeter
;WIDTH:0.45
;HEIGHT:0.3
G1 X-.59 Y-.202 E.00976
G1 X-.257 Y-.578 E.02416
G1 X.01 Y-.696 E.01404
G1 X.425 Y-.736 E.02005
G1 X.907 Y-.531 E.02519
G1 X1.128 Y-.369 E.01318
G1 X1.155 Y-.315 E.0029
G1 X.846 Y-.078 F7800
;TYPE:Overhang perimeter
;WIDTH:0.4
;HEIGHT:0.4
M106 S255
G1 F900
G1 X.879 Y.03 E.0059
G1 X.799 Y.464 E.02306
G1 X.654 Y.542 E.0086
G1 X.208 Y.484 E.0235
G1 X-.228 Y.189 E.0275
G1 X-.271 Y.066 E.00681
G1 X-.218 Y-.064 E.00733
G1 X-.001 Y-.287 E.01626
G1 X.381 Y-.352 E.02024
G1 X.819 Y-.127 E.02573
M106 S191.25
G1 X.826 Y.273 F7800
G1 E-2 F2400
G1 X-10.896 Y-.035 F7800
G1 E2 F2400
;TYPE:Perimeter
;WIDTH:0.45
;HEIGHT:0.3
G1 F3600
G1 X-10.929 Y-.281 E.01194
G1 X-11.022 Y-.501 E.01149
G1 X-11.193 Y-.718 E.01329
G1 X-12.723 Y-2.175 E.10162
G1 X-14.518 Y-4.099 E.12656
G1 X-11.675 Y-4.029 E.13678
G1 X-10.652 Y-3.958 E.04932
G1 X-8.081 Y-3.882 E.12371
G1 X-4.916 Y-3.712 E.15244
G1 X-4.503 Y-3.721 E.01987
G1 X-1.724 Y-3.576 E.13384
G1 X-1.183 Y-3.576 E.02602
G1 X1.85 Y-3.46 E.14598
G1 X5.018 Y-3.74 E.15296
G1 X7.342 Y-3.791 E.1118
G1 X8.418 Y-3.875 E.05191
G1 X9.848 Y-3.95 E.06887
G1 X14.812 Y-4.112 E.23888
G1 X13.987 Y-3.354 E.05389
G1 X11.374 Y-.678 E.17989
G1 X11.23 Y-.489 E.01143
G1 X11.102 Y-.069 E.02112
G1 X11.153 Y.313 E.01854
G1 X11.38 Y.675 E.02055
G1 X14.38 Y3.697 E.20481
G1 X14.918 Y4.177 E.03468
G1 X11.973 Y4.017 E.14185
G1 X8.453 Y3.891 E.16941
G1 X7.241 Y3.804 E.05844
G1 X5.172 Y3.749 E.09955
G1 X1.72 Y3.503 E.16645
G1 X-1.301 Y3.659 E.14549
G1 X-4.852 Y3.742 E.17084
G1 X-8.142 Y3.862 E.15834
G1 X-10.72 Y3.933 E.12404
G1 X-11.724 Y3.994 E.04838
G1 X-14.615 Y4.087 E.13912
G1 X-12.563 Y2.112 E.13698
G1 X-11.161 Y.647 E.09753
G1 X-11.015 Y.45 E.01179
G1 X-10.933 Y.253 E.01026
G1 X-10.899 Y.024 E.01113
G1 X-11.301 Y-.027 F7800
G1 F3600
G1 X-11.3 Y-.176 E.00717
G1 X-11.458 Y-.439 E.01476
G1 X-12.998 Y-1.904 E.10223
G1 X-15.149 Y-4.21 E.15167
G1 X-15.478 Y-4.524 E.02187
G1 X-15.021 Y-4.497 E.02202
G1 X-11.648 Y-4.414 E.16228
G1 X-10.64 Y-4.343 E.0486
G1 X-8.065 Y-4.267 E.1239
G1 X-4.895 Y-4.097 E.15269
G1 X-4.499 Y-4.107 E.01905
G1 X-1.704 Y-3.961 E.13461
G1 X-1.181 Y-3.962 E.02515
G1 X1.816 Y-3.845 E.14426
G1 X4.997 Y-4.125 E.15359
G1 X7.312 Y-4.176 E.11137
G1 X8.393 Y-4.26 E.05215
G1 X9.831 Y-4.335 E.06926
G1 X14.596 Y-4.495 E.22931
G1 X15.818 Y-4.507 E.05878
G1 X15.688 Y-4.391 E.00838
G1 X14.262 Y-3.084 E.09304
G1 X11.65 Y-.408 E.17985
G1 X11.564 Y-.295 E.00683
G1 X11.486 Y-.043 E.01269
G1 X11.517 Y.186 E.01111
G1 X11.653 Y.403 E.01232
G1 X14.653 Y3.425 E.20481
G1 X15.964 Y4.592 E.08442
G1 X14.655 Y4.556 E.06298
G1 X11.936 Y4.401 E.13099
G1 X9.979 Y4.344 E.09416
G1 X8.43 Y4.276 E.07457
G1 X7.231 Y4.189 E.05782
G1 X5.152 Y4.134 E.10003
G1 X1.74 Y3.888 E.16453
G1 X-1.286 Y4.045 E.14574
G1 X-4.838 Y4.128 E.17089
G1 X-8.13 Y4.248 E.15844
G1 X-10.709 Y4.319 E.12409
G1 X-11.706 Y4.379 E.04804
G1 X-15.609 Y4.492 E.1878
G1 X-14.243 Y3.21 E.0901
G1 X-12.817 Y1.821 E.09574
G1 X-11.439 Y.38 E.0959
G1 X-11.302 Y.144 E.01312
G1 X-11.302 Y.033 E.00534
G1 X-11.668 Y-.028 F7800
;TYPE:External perimeter
G1 F1800
G1 X-11.724 Y-.159 E.00685
G1 X-13.272 Y-1.632 E.10277
G1 X-15.516 Y-4.037 E.1582
G1 X-16.505 Y-4.938 E.06435
G1 X-15.633 Y-4.919 E.04195
G1 X-15.011 Y-4.882 E.02997
G1 X-11.62 Y-4.799 E.16314
G1 X-10.629 Y-4.729 E.04778
G1 X-8.049 Y-4.653 E.12414
G1 X-4.875 Y-4.482 E.15288
G1 X-4.495 Y-4.493 E.01828
G1 X-1.684 Y-4.346 E.13538
G1 X-1.179 Y-4.348 E.02429
G1 X1.782 Y-4.229 E.14253
G1 X4.976 Y-4.51 E.15421
G1 X7.282 Y-4.56 E.11094
G1 X8.368 Y-4.645 E.05239
G1 X9.815 Y-4.721 E.06969
G1 X14.588 Y-4.881 E.22969
G1 X16.842 Y-4.902 E.10841
G1 X15.945 Y-4.103 E.05778
G1 X14.538 Y-2.815 E.09174
G1 X11.926 Y-.139 E.17985
G1 X11.871 Y-.017 E.00644
G1 X11.927 Y.132 E.00766
G1 X14.927 Y3.153 E.20477
G1 X17.011 Y5.006 E.13413
G1 X14.639 Y4.941 E.11413
G1 X11.93 Y4.787 E.1305
G1 X9.965 Y4.729 E.09455
G1 X8.408 Y4.661 E.07496
G1 X7.221 Y4.575 E.05724
G1 X5.133 Y4.519 E.10046
G1 X1.76 Y4.273 E.16266
G1 X-1.272 Y4.43 E.14602
G1 X-4.821 Y4.513 E.17074
G1 X-8.117 Y4.633 E.15863
G1 X-10.699 Y4.704 E.12423
G1 X-11.688 Y4.764 E.04765
G1 X-15.087 Y4.874 E.16357
G1 X-16.532 Y4.883 E.0695
G1 X-16.021 Y4.349 E.03555
G1 X-14.515 Y2.936 E.09932
G1 X-13.101 Y1.559 E.09493
G1 X-11.718 Y.114 E.0962
G1 X-11.683 Y.027 E.00451
G1 X-11.895 Y-.312 F7800
G1 X-11.069 Y.969
;TYPE:Internal infill
;WIDTH:0.45
G1 F4800
G1 X-12.681 Y2.629 E.11129
G1 X-12.98 Y3.745 E.05557
G1 X-12.627 Y3.734 E.01699
G1 X-13.215 Y3.146 E.04
G1 X-13.863 Y3.774 E.0434
G1 X-13.173 Y3.751 E.03321
G1 E-2 F2400
G1 X.702 Y-2.124 F7800
G1 E2 F2400
;TYPE:Solid infill
;WIDTH:0.45
G1 F1200
G1 X1.247 Y-1.951 E.0275
G1 X2.25 Y-2.087 E.04868
G1 X2.643 Y-2.218 E.01992
G1 X4.137 Y-2.107 E.07205
G1 X4.158 Y-2.078 E.00172
G1 X3.508 Y-1.713 E.03585
G1 X3.413 Y-1.582 E.00778
G1 X3.381 Y-1.413 E.00827
G1 X3.488 Y-1.179 E.01238
G1 X1.885 Y.424 E.10903
G1 X1.929 Y.176 E.01211
G1 X1.913 Y-.24 E.02002
G1 X1.826 Y-.514 E.01383
G1 X1.656 Y-.785 E.01539
G1 X1.332 Y-1.066 E.02063
G1 X.643 Y-1.375 E.03632
G1 X.337 Y-1.402 E.01477
G1 X-.088 Y-1.364 E.02052
G1 X-.542 Y-1.194 E.02332
G1 X-.946 Y-.834 E.02603
G1 X-1.173 Y-.537 E.01798
G1 X-1.283 Y-.27 E.01389
G1 X-1.311 Y.185 E.02193
G1 X-1.235 Y.545 E.0177
G1 X-1.067 Y.834 E.01608
G1 X-.78 Y1.104 E.01895
G1 X-.338 Y1.387 E.02524
G1 X.176 Y1.563 E.02613
G1 X.711 Y1.598 E.02579
G1 X-.047 Y2.356 E.05156
G1 X-.195 Y2.313 E.00741
G1 X-1.75 Y1.3 E.08926
G1 X-2.361 Y.94 E.03411
G1 X-2.696 Y.658 E.02106
G1 X-2.934 Y.186 E.02542
G1 X-3.177 Y-.044 E.01609
G1 X-3.126 Y-.835 E.03812
G1 X-2.53 Y-.892 E.0288
G1 X-2.264 Y-1.011 E.01402
G1 X-1.741 Y-1.564 E.03661
G1 X-1.337 Y-1.859 E.02406
G1 X-1.104 Y-1.947 E.01198
G1 X.344 Y-2.178 E.07052
G1 X.511 Y-2.152 E.00813
G1 E-2 F2400
G1 X3.735 Y-.881 F7800
G1 E2 F2400
G1 F1200
G1 X.363 Y2.492 E.22939
G1 X.848 Y2.552 E.0235
G1 X3.976 Y-.576 E.21276
G1 X4.216 Y-.271 E.01867
G1 X1.247 Y2.699 E.20198
G1 X1.728 Y2.763 E.02334
G1 X4.445 Y.045 E.18484
G1 X4.635 Y.4 E.01937
G1 X2.274 Y2.762 E.16063
G1 E-2 F2400
G1 X4.689 Y.892 F7800
G1 E2 F2400
G1 F1200
G1 X2.797 Y2.786 E.12876
G1 X3.907 Y3.311 E.05906
G1 X4.102 Y3.383 E.01
G1 X4.982 Y3.445 E.04243
G1 X5.576 Y2.304 E.06187
G1 X5.606 Y2.213 E.00461
G1 X4.826 Y.756 E.07949
G1 X4.731 Y1.396 E.03112
G1 X5.179 Y2.232 E.04562
G1 X4.757 Y3.043 E.04397
G1 X4.152 Y3 E.02917
G1 X3.455 Y2.671 E.03707
G1 X4.595 Y1.532 E.07751
G1 X4.64 Y2.012 E.02319
;WIDTH:0.421525
G1 X4.759 Y2.234 E.01122
G1 X4.54 Y2.655 E.02114
G1 X4.268 Y2.636 E.01215
G1 X4.091 Y2.561 E.00856
G1 X4.503 Y2.148 E.02599
G1 E-2 F2400
G1 X-2.099 Y-.078 F7800
G1 E2 F2400
;WIDTH:0.601699
G1 F1200
G1 X-2.164 Y-.06 E.00452
G1 X-2.212 Y-.108 E.00455
G1 X-2.194 Y-.173 E.00452
G1 X-2.129 Y-.19 E.0045
G1 X-2.082 Y-.142 E.0045
G1 E-2 F2400
G1 X-.434 Y-1.679 F7800
G1 E2 F2400
;WIDTH:0.421813
G1 F1200
G1 X-.945 Y-1.601 E.02304
;WIDTH:0.412168
G1 X-1.137 Y-1.551 E.00861
G1 X-1.505 Y-1.282 E.01977
;WIDTH:0.441589
G1 X-1.892 Y-.848 E.02736
;WIDTH:0.45
G1 X-2.037 Y-.696 E.0101
G1 X-2.33 Y-.548 E.01579
G1 X-2.771 Y-.481 E.02145
G1 X-2.787 Y-.226 E.01229
G1 X-2.663 Y-.107 E.00827
G1 X-2.426 Y.359 E.02515
G1 X-2.165 Y.608 E.01735
G1 X-1.659 Y.906 E.02824
G1 X-1.282 Y1.156 E.02176
G1 X-1.545 Y.789 E.02172
G1 X-1.697 Y.31 E.02417
G1 X-1.681 Y-.222 E.0256
G1 X-1.551 Y-.633 E.02073
;WIDTH:0.441589
G1 X-1.253 Y-1.045 E.02392
;WIDTH:0.412168
G1 X-.857 Y-1.422 E.02372
G1 X-.673 Y-1.537 E.00941
;WIDTH:0.425411
G1 X-.243 Y-1.708 E.02084
;WIDTH:0.455155
G1 X.352 Y-1.789 E.02927
G1 X.794 Y-1.713 E.02186
;WIDTH:0.422429
G1 X.998 Y-1.624 E.00994
;WIDTH:0.444286
G1 X1.298 Y-1.572 E.01443
;WIDTH:0.45
G1 X2.403 Y-1.719 E.05361
G1 X2.708 Y-1.827 E.01556
G1 X3.135 Y-1.795 E.02059
G1 X3.035 Y-1.658 E.00816
G1 X2.997 Y-1.443 E.0105
G1 X3.032 Y-1.269 E.00854
G1 X2.246 Y-.482 E.0535
G1 X2.129 Y-.765 E.01473
G1 X1.874 Y-1.117 E.02091
G1 X1.49 Y-1.418 E.02347
G1 X1.176 Y-1.549 E.01636
G1 X2.41 Y-1.202 F7800
;WIDTH:0.598167
G1 F1200
G1 X2.346 Y-1.185 E.00441
G1 X2.299 Y-1.232 E.00443
G1 X2.316 Y-1.297 E.00447
G1 X2.38 Y-1.314 E.00441
G1 X2.427 Y-1.267 E.00443
G1 E-2 F2400
G1 X-.132 Y1.878 F7800
G1 E2 F2400
;WIDTH:0.475143
G1 F1200
G1 X-.278 Y1.804 E.00839
;WIDTH:0.440153
G1 X-.424 Y1.73 E.00767
;WIDTH:0.405163
G1 X-.57 Y1.656 E.00696
;WIDTH:0.376791
G1 X-1.013 Y1.363 E.0207
;WIDTH:0.403258
G1 X-1.148 Y1.26 E.00718
;WIDTH:0.429725
G1 X-1.282 Y1.156 E.00773
G1 E-2 F2400
G1 X-.897 Y3.349 F7800
G1 E2 F2400
;TYPE:Internal infill
;WIDTH:0.45
G1 F4800
G1 X-.662 Y2.469 E.04381
G1 X-.33 Y2.678 E.01887
G1 X.415 Y2.883 E.03716
G1 X-1.413 Y3.373 E.09102
G1 X-3.726 Y3.427 E.11128
G1 E-2 F2400
G1 X-3.535 Y-.632 F7800
G1 E2 F2400
G1 F4800
G1 X-3.512 Y-.99 E.01725
G1 X-3.305 Y-1.205 E.01435
G1 X-2.525 Y-1.296 E.03777
G1 X-1.929 Y-1.929 E.04182
G1 X-3.373 Y-3.373 E.09822
G1 X-5.069 Y-3.431 E.08162
G1 X-6.934 Y3.529 E.34656
G1 X-4.73 Y3.45 E.10607
G1 X-11.928 Y-3.747 E.48957
G1 X-10.988 Y-3.692 E.04529
G1 X-11.579 Y-1.485 E.10989
G1 X-10.771 Y-.646 E.05602
G1 X-10.621 Y-.148 E.02502
G1 X.792 Y-3.206 E.56829
G1 X.858 Y-3.204 E.00318
G1 X.678 Y-2.529 E.0336
G1 X1.229 Y-2.338 E.02805
G1 X2.257 Y-2.473 E.04987
G1 X2.599 Y-2.608 E.01768
G1 X2.918 Y-2.585 E.01538
G1 X2.448 Y-3.229 F7800
G1 F4800
G1 X4.754 Y-3.427 E.11132
G1 X11.905 Y3.725 E.48644
G1 X10.987 Y3.692 E.04418
G1 X11.621 Y1.327 E.11776
G1 X10.992 Y.647 E.04455
G1 X10.817 Y.096 E.02781
G1 X5.651 Y1.48 E.25723
G1 X5.611 Y1.406 E.00405
G1 X6.924 Y-3.491 E.24385
G1 X9.233 Y-3.628 E.11125
G1 E-2 F2400
G1 X11.013 Y-.679 F7800
G1 E2 F2400
G1 F4800
G1 X12.607 Y-2.354 E.11121
G1 X12.986 Y-3.766 E.07032
G1 X12.607 Y-3.753 E.01824
G1 X13.299 Y-3.061 E.04707
G1 X14.045 Y-3.802 E.05057
G1 X13.179 Y-3.773 E.04167
G1 E-10 F2400
T1
G1 X13.508 Y-.009 F7800
G1 Z11.45
G1 E10 F2400
;TYPE:Perimeter
;WIDTH:0.45
G1 F900
G1 X13.507 Y-.01 E.00007
G1 X15.392 Y-1.941 E.12979
G1 X16.155 Y-2.64 E.04977
G1 X16.132 Y-.032 E.12544
G1 X16.264 Y2.708 E.13194
G1 X15.771 Y2.27 E.03172
G1 X13.551 Y.034 E.15155
G1 X12.966 Y-.008 F7800
G1 F900
G1 X15.124 Y-2.218 E.14856
G1 X16.644 Y-3.607 E.09903
G1 X16.537 Y-2.565 E.05038
G1 X16.518 Y-.029 E.12198
G1 X16.664 Y2.928 E.14239
G1 X16.774 Y3.677 E.03641
G1 X15.506 Y2.55 E.08159
G1 X13.008 Y.034 E.17052
G1 X12.425 Y-.006 F7800
;TYPE:External perimeter
G1 F900
G1 X14.855 Y-2.495 E.1673
G1 X17.144 Y-4.569 E.14856
G1 X17.063 Y-3.899 E.03246
G1 X16.922 Y-2.562 E.06466
G1 X16.904 Y-.015 E.1225
G1 X17.045 Y2.872 E.13902
G1 X17.309 Y4.669 E.08736
G1 X15.241 Y2.83 E.1331
G1 X12.467 Y.037 E.18933
G1 X12.701 Y-.288 F7800
G1 E-2 F2400
G1 X15.857 Y-1.975 F7800
G1 E2 F2400
;TYPE:Solid infill
G1 F1200
G1 X15.843 Y-.013 E.09437
G1 X15.941 Y2.015 E.09765
G1 X13.913 Y-.012 E.13791
G1 X15.715 Y-1.845 E.12363
G1 X15.465 Y-1.05 F7800
G1 F1200
G1 X15.458 Y.006 E.05079
G1 X15.508 Y1.037 E.04965
G1 X14.455 Y-.016 E.07162
G1 X15.33 Y-.912 E.06023
G1 X15.095 Y-.034 F7800
;WIDTH:0.511937
G1 F1200
G1 X15.055 Y-.073 E.00312
G1 X15.001 Y-.059 E.00311
G1 X14.987 Y-.005 E.00311
G1 X15.026 Y.035 E.00312
G1 X15.08 Y.02 E.00313
G1 E-2 F2400
G1 X-13.319 Y.009 F7800
G1 E2 F2400
;TYPE:Perimeter
;WIDTH:0.45
G1 F900
G1 X-13.313 Y.015 E.00041
G1 X-13.955 Y.685 E.04463
G1 X-15.977 Y2.634 E.13507
G1 X-15.891 Y1.155 E.07125
G1 X-15.924 Y-.104 E.06057
G1 X-16.028 Y-1.406 E.06282
G1 X-15.987 Y-2.751 E.06472
G1 X-14.119 Y-.753 E.13155
G1 X-13.363 Y-.033 E.05021
G1 X-12.771 Y-.002 F7800
G1 F900
G1 X-12.767 Y.002 E.00027
G1 X-13.676 Y.952 E.06324
G1 X-15.091 Y2.331 E.09503
G1 X-16.444 Y3.6 E.08922
G1 X-16.363 Y2.619 E.04734
G1 X-16.276 Y1.164 E.07011
G1 X-16.308 Y-.073 E.05952
G1 X-16.414 Y-1.396 E.06384
G1 X-16.38 Y-2.618 E.0588
G1 X-16.326 Y-3.645 E.04946
G1 X-16.111 Y-3.449 E.01399
G1 X-13.853 Y-1.032 E.15909
G1 X-12.815 Y-.043 E.06896
G1 X-12.223 Y-.012 F7800
;TYPE:External perimeter
G1 F900
G1 X-12.221 Y-.011 E.00011
G1 X-13.397 Y1.218 E.08181
G1 X-14.825 Y2.61 E.09591
G1 X-16.334 Y4.026 E.09953
G1 X-16.861 Y4.575 E.0366
G1 X-16.879 Y4.176 E.01921
G1 X-16.748 Y2.6 E.07606
G1 X-16.662 Y1.174 E.06871
G1 X-16.692 Y-.042 E.0585
G1 X-16.8 Y-1.386 E.06485
G1 X-16.766 Y-2.623 E.05952
G1 X-16.709 Y-3.75 E.05427
G1 X-16.808 Y-4.605 E.0414
G1 X-15.84 Y-3.724 E.06295
G1 X-13.588 Y-1.311 E.15875
G1 X-12.266 Y-.054 E.08774
G1 X-12.495 Y.274 F7800
G1 E-2 F2400
G1 X-15.721 Y-2.042 F7800
G1 E2 F2400
;TYPE:Solid infill
G1 F1200
G1 X-14.356 Y-.581 E.09617
G1 X-13.722 Y.024 E.04215
G1 X-14.171 Y.494 E.03126
G1 X-15.645 Y1.92 E.09864
G1 X-15.602 Y1.143 E.03743
G1 X-15.633 Y-.079 E.05879
G1 X-15.738 Y-1.414 E.06441
G1 X-15.726 Y-1.849 E.02093
G1 X-15.323 Y-1.051 F7800
G1 F1200
G1 X-14.645 Y-.325 E.04778
G1 X-14.268 Y.037 E.02514
G1 X-15.22 Y.972 E.06418
G1 X-15.248 Y-.109 E.05201
G1 X-15.307 Y-.858 E.03614
G1 X-14.791 Y.032 F7800
;WIDTH:0.483189
G1 F1200
G1 X-14.828 Y-.005 E.00273
G1 X-14.878 Y.008 E.0027
G1 X-14.892 Y.059 E.00276
G1 X-14.855 Y.096 E.00273
G1 X-14.804 Y.082 E.00276
M106 S211.65
;LAYER_CHANGE
;Z:11.75
;HEIGHT:0.3
G1 Z11.75 F7800
G1 Z11.75
G1 X-13.282 Y.008
;TYPE:Perimeter
;WIDTH:0.45
G1 F900
G1 X-13.277 Y.014 E.00038
G1 X-13.61 Y.361 E.02313
G1 X-15.952 Y2.616 E.15637
G1 X-15.846 Y.809 E.08706
G1 X-15.87 Y-.105 E.04398
G1 X-15.997 Y-1.691 E.07653
G1 X-15.967 Y-2.744 E.05067
G1 X-14.441 Y-1.096 E.10803
G1 X-13.326 Y-.033 E.07409
G1 X-12.734 Y-.002 F7800
G1 F900
G1 X-12.73 Y.001 E.00024
G1 X-13.331 Y.628 E.04177
G1 X-16.421 Y3.621 E.20691
G1 X-16.339 Y2.62 E.04831
G1 X-16.231 Y.819 E.08678
G1 X-16.254 Y-.074 E.04296
G1 X-16.384 Y-1.704 E.07865
G1 X-16.359 Y-2.625 E.04431
G1 X-16.303 Y-3.674 E.05053
G1 X-14.158 Y-1.358 E.15183
G1 X-12.777 Y-.043 E.09172
G1 X-12.185 Y-.012 F7800
;TYPE:External perimeter
G1 F900
G1 X-12.183 Y-.011 E.00011
G1 X-13.053 Y.895 E.06041
G1 X-15.943 Y3.678 E.19297
G1 X-16.791 Y4.564 E.05899
G1 X-16.824 Y3.814 E.03611
G1 X-16.723 Y2.597 E.05873
G1 X-16.617 Y.828 E.08524
G1 X-16.639 Y-.044 E.04195
G1 X-16.77 Y-1.693 E.07956
G1 X-16.744 Y-2.641 E.04561
G1 X-16.676 Y-4.003 E.06559
G1 X-16.744 Y-4.599 E.02885
G1 X-16.03 Y-3.949 E.04644
G1 X-13.866 Y-1.611 E.15322
G1 X-12.228 Y-.054 E.10869
G1 X-12.458 Y.274 F7800
G1 E-2 F2400
G1 X-15.582 Y-.131 F7800
G1 E2 F2400
;TYPE:Solid infill
G1 F1200
G1 X-15.708 Y-1.714 E.07638
G1 X-15.7 Y-2.031 E.01525
G1 X-14.603 Y-.849 E.07756
G1 X-13.689 Y.021 E.06069
G1 X-15.619 Y1.893 E.12932
G1 X-15.557 Y.814 E.05198
G1 X-15.577 Y.062 E.03618
G1 X-15.197 Y-.161 E.02119
G1 X-15.264 Y-.994 E.04019
G1 X-14.861 Y-.561 E.02845
G1 X-14.246 Y.024 E.04082
G1 X-15.177 Y.927 E.06238
G1 X-15.192 Y.031 E.0431
;WIDTH:0.452625
G1 X-14.817 Y-.02 E.01833
G1 X-14.839 Y.061 E.00406
G1 X-14.758 Y.039 E.00406
G1 X-14.77 Y-.008 E.00235
G1 E-2 F2400
G1 X13.474 Y-.007 F7800
G1 E2 F2400
;TYPE:Perimeter
;WIDTH:0.45
G1 F900
G1 X13.471 Y-.01 E.0002
G1 X14.645 Y-1.219 E.08105
G1 X15.52 Y-2.084 E.05918
G1 X16.12 Y-2.633 E.03912
G1 X16.09 Y-1.913 E.03466
G1 X16.085 Y.035 E.09369
G1 X16.227 Y2.736 E.13009
G1 X16.002 Y2.536 E.01448
G1 X13.516 Y.035 E.16961
G1 X12.932 Y-.005 F7800
G1 F900
G1 X12.93 Y-.007 E.00014
G1 X14.371 Y-1.49 E.09945
G1 X15.254 Y-2.364 E.05976
G1 X16.607 Y-3.603 E.08824
G1 X16.503 Y-2.591 E.04893
G1 X16.476 Y-1.912 E.03268
G1 X16.47 Y.015 E.09268
G1 X16.636 Y3.159 E.15143
G1 X16.71 Y3.68 E.02531
G1 X15.737 Y2.817 E.06255
G1 X12.974 Y.037 E.18851
G1 X12.389 Y-.004 F7800
;TYPE:External perimeter
G1 F900
G1 X14.098 Y-1.762 E.11792
G1 X14.988 Y-2.643 E.06023
G1 X17.095 Y-4.573 E.13743
G1 X16.888 Y-2.576 E.09656
G1 X16.862 Y-1.911 E.03201
G1 X16.855 Y-.005 E.09167
G1 X17.023 Y3.157 E.1523
G1 X17.247 Y4.671 E.07361
G1 X15.472 Y3.097 E.1141
G1 X12.432 Y.038 E.20742
G1 X12.665 Y-.287 F7800
G1 X13.876 Y-.013
;TYPE:Solid infill
G1 F1200
G1 X14.85 Y-1.015 E.06721
G1 X15.802 Y-1.941 E.06388
G1 X15.796 Y.053 E.0959
G1 X15.9 Y2.023 E.09488
G1 X14.012 Y.124 E.12879
G1 X14.417 Y-.016 E.02061
G1 X15.414 Y-1.025 E.06822
G1 X15.411 Y.074 E.05286
G1 X15.462 Y1.036 E.04633
G1 X14.553 Y.121 E.06203
G1 X14.983 Y-.072 E.02267
;WIDTH:0.506145
G1 X14.944 Y-.033 E.00304
G1 X14.958 Y.02 E.00302
G1 X15.011 Y.034 E.00302
G1 X15.05 Y-.005 E.00304
G1 X15.036 Y-.058 E.00302
G1 E-10 F2400
T0
G1 X-10.872 Y-.033 F7800
G1 Z11.75
G1 E10 F2400
;TYPE:Perimeter
;WIDTH:0.45
G1 F3600
G1 X-10.863 Y-.144 E.00536
G1 X-10.985 Y-.503 E.01824
G1 X-11.155 Y-.718 E.01318
G1 X-13.005 Y-2.477 E.12278
G1 X-14.496 Y-4.082 E.10536
G1 X-11.594 Y-4.013 E.13962
G1 X-10.908 Y-3.965 E.03307
G1 X-8.06 Y-3.892 E.13702
G1 X-5.233 Y-3.741 E.13616
G1 X-4.535 Y-3.759 E.03358
G1 X-1.95 Y-3.624 E.1245
G1 X-1.201 Y-3.644 E.03604
G1 X1.705 Y-3.525 E.13989
G1 X4.465 Y-3.751 E.13319
G1 X7.766 Y-3.825 E.15881
G1 X9.082 Y-3.909 E.06342
G1 X14.776 Y-4.1 E.27402
G1 X13.983 Y-3.37 E.05184
G1 X13.235 Y-2.626 E.05074
G1 X11.337 Y-.674 E.13095
G1 X11.117 Y-.315 E.02025
G1 X11.065 Y0 E.01536
G1 X11.121 Y.323 E.01577
G1 X11.345 Y.677 E.02015
G1 X14.612 Y3.964 E.2229
G1 X14.843 Y4.171 E.01492
G1 X11.849 Y4.001 E.14423
G1 X9.262 Y3.925 E.12448
G1 X7.661 Y3.836 E.07712
G1 X4.892 Y3.771 E.13322
G1 X1.741 Y3.559 E.15189
G1 X-1.27 Y3.714 E.14501
G1 X-1.857 Y3.694 E.02825
G1 X-4.585 Y3.778 E.13127
G1 X-5.158 Y3.764 E.02757
G1 X-8.1 Y3.865 E.14158
G1 X-10.983 Y3.938 E.13871
G1 X-11.637 Y3.977 E.03151
G1 X-14.587 Y4.068 E.14195
G1 X-12.193 Y1.762 E.15987
G1 X-11.124 Y.648 E.07426
G1 X-10.977 Y.45 E.01186
G1 X-10.894 Y.251 E.01037
G1 X-10.876 Y.027 E.01081
G1 X-11.242 Y-.031 F7800
G1 F3600
G1 X-11.263 Y-.179 E.00719
G1 X-11.42 Y-.439 E.01461
G1 X-13.278 Y-2.205 E.12329
G1 X-15.407 Y-4.507 E.15081
G1 X-14.918 Y-4.478 E.02356
G1 X-11.567 Y-4.397 E.16122
G1 X-10.898 Y-4.351 E.03225
G1 X-8.044 Y-4.277 E.13731
G1 X-5.213 Y-4.126 E.13635
G1 X-4.531 Y-4.145 E.03281
G1 X-1.93 Y-4.009 E.12527
G1 X-1.199 Y-4.03 E.03517
G1 X1.835 Y-3.91 E.14604
G1 X4.432 Y-4.135 E.12537
G1 X7.741 Y-4.21 E.15919
G1 X9.063 Y-4.294 E.06371
G1 X15.789 Y-4.508 E.32366
G1 X14.271 Y-3.112 E.09919
G1 X13.5 Y-2.346 E.05227
G1 X11.614 Y-.405 E.13017
G1 X11.526 Y-.288 E.00704
G1 X11.458 Y-.097 E.00975
G1 X11.484 Y.193 E.014
G1 X11.619 Y.406 E.01213
G1 X14.885 Y3.692 E.22283
G1 X15.91 Y4.602 E.06592
G1 X15.441 Y4.592 E.02256
G1 X11.837 Y4.387 E.17362
G1 X9.245 Y4.311 E.12472
G1 X7.652 Y4.221 E.07674
G1 X4.874 Y4.156 E.13365
G1 X1.766 Y3.944 E.14983
G1 X-1.268 Y4.1 E.14612
G1 X-1.845 Y4.079 E.02777
G1 X-4.584 Y4.164 E.1318
G1 X-5.145 Y4.149 E.02699
G1 X-8.089 Y4.25 E.14168
G1 X-10.973 Y4.324 E.13876
G1 X-11.62 Y4.363 E.03117
G1 X-15.557 Y4.484 E.18945
G1 X-12.471 Y1.495 E.20663
G1 X-11.402 Y.381 E.07426
G1 X-11.314 Y.262 E.00712
G1 X-11.252 Y.028 E.01164
G1 X-11.63 Y-.028 F7800
;TYPE:External perimeter
G1 F1800
G1 X-11.686 Y-.159 E.00685
G1 X-13.551 Y-1.932 E.12377
G1 X-15.708 Y-4.264 E.15278
G1 X-16.441 Y-4.932 E.0477
G1 X-14.909 Y-4.863 E.07376
G1 X-11.539 Y-4.782 E.16213
G1 X-10.888 Y-4.736 E.03139
G1 X-8.029 Y-4.662 E.13755
G1 X-5.192 Y-4.511 E.13664
G1 X-4.527 Y-4.531 E.032
G1 X-1.91 Y-4.394 E.12604
G1 X-1.197 Y-4.416 E.03431
G1 X1.799 Y-4.294 E.14422
G1 X4.399 Y-4.519 E.12552
G1 X7.717 Y-4.595 E.15963
G1 X9.045 Y-4.679 E.064
G1 X15.307 Y-4.889 E.30135
G1 X16.787 Y-4.901 E.07119
G1 X14.526 Y-2.823 E.1477
G1 X13.779 Y-2.08 E.05067
G1 X11.891 Y-.137 E.1303
G1 X11.837 Y-.026 E.00594
G1 X11.892 Y.134 E.00814
G1 X15.159 Y3.42 E.22286
G1 X16.952 Y5.011 E.11529
G1 X15.433 Y4.977 E.07308
G1 X11.826 Y4.772 E.17376
G1 X9.229 Y4.696 E.12496
G1 X7.643 Y4.607 E.0764
G1 X4.856 Y4.542 E.13408
G1 X1.782 Y4.329 E.1482
G1 X-1.265 Y4.486 E.14674
G1 X-1.833 Y4.465 E.02734
G1 X-4.583 Y4.55 E.13233
G1 X-5.132 Y4.535 E.02641
G1 X-8.077 Y4.635 E.14173
G1 X-10.963 Y4.709 E.13885
G1 X-11.602 Y4.748 E.03079
G1 X-15.787 Y4.877 E.20138
G1 X-16.466 Y4.876 E.03266
G1 X-15.621 Y3.993 E.05878
G1 X-12.749 Y1.228 E.19175
G1 X-11.68 Y.114 E.07426
G1 X-11.645 Y.028 E.00447
G1 X-11.857 Y-.311 F7800
G1 X-11.054 Y.994
;TYPE:Internal infill
;WIDTH:0.45
G1 F4800
G1 X-12.683 Y2.637 E.11128
G1 X-12.976 Y3.729 E.05438
G1 X-12.642 Y3.719 E.01607
G1 X-13.213 Y3.147 E.03887
G1 X-13.846 Y3.756 E.04225
G1 X-13.169 Y3.735 E.03258
G1 E-2 F2400
G1 X-9.248 Y3.605 F7800
G1 E2 F2400
G1 F4800
G1 X-6.936 Y3.535 E.11125
G1 X-5.062 Y-3.456 E.34811
G1 X-3.411 Y-3.411 E.07944
G1 X-1.441 Y-1.441 E.134
G1 X-.923 Y-1.805 E.03045
G1 X.211 Y-2.023 E.05554
G1 X.54 Y-2.014 E.01583
G1 X.876 Y-3.271 E.06258
G1 X1.011 Y-3.265 E.0065
G1 X-10.584 Y-.158 E.57735
G1 X-10.734 Y-.649 E.02469
G1 X-11.571 Y-1.513 E.05786
G1 X-10.99 Y-3.681 E.10795
G1 X-11.913 Y-3.732 E.04446
G1 X-4.694 Y3.486 E.49099
G1 X-1.569 Y3.415 E.15034
G1 X10.783 Y.105 E.61505
G1 X10.848 Y.42 E.01547
G1 X10.974 Y.675 E.01368
G1 X11.613 Y1.357 E.04495
G1 X10.989 Y3.687 E.11601
G1 X11.894 Y3.714 E.04355
G1 X4.7 Y-3.48 E.48933
G1 X6.932 Y-3.52 E.10737
G1 X5.054 Y3.485 E.34881
G1 X3.377 Y3.377 E.08083
G1 X2.153 Y2.153 E.08326
G1 X1.575 Y2.078 F7800
;TYPE:Solid infill
;WIDTH:0.404381
G1 F1200
G1 X1.998 Y1.858 E.02022
G1 X2.302 Y1.531 E.01893
G1 X2.481 Y1.147 E.01797
G1 X2.595 Y.651 E.02158
G1 X2.657 Y.142 E.02174
G1 X2.639 Y-.296 E.01859
G1 X2.573 Y-.554 E.01129
G1 E-2 F2400
G1 X-1.474 Y-1.09 F7800
G1 E2 F2400
;TYPE:Bridge infill
;WIDTH:0.406535
;HEIGHT:0.4
M106 S255
G1 F3600
G1 X-1.716 Y-.215 E.04899
G1 X-1.752 Y.093 E.01673
G1 X-1.742 Y.289 E.01059
G1 X-1.7 Y.476 E.01034
G1 X-1.599 Y.74 E.01525
G1 X-1.525 Y.806 E.00535
G1 X-.944 Y-1.295 E.11764
G1 X-.774 Y-1.414 E.0112
G1 X-.414 Y-1.498 E.01995
G1 X-1.126 Y1.073 E.14397
G1 X-.724 Y1.335 E.0259
G1 X.082 Y-1.578 E.16311
G1 X.416 Y-1.615 E.01813
G1 X.556 Y-1.579 E.0078
G1 X-.323 Y1.597 E.17784
G1 X-.191 Y1.683 E.0085
G1 X.099 Y1.782 E.01654
G1 X.988 Y-1.429 E.1798
G1 X1.405 Y-1.225 E.02505
G1 X.549 Y1.868 E.17319
G1 X1.012 Y1.906 E.02507
G1 X1.823 Y-1.022 E.16396
G1 X1.982 Y-.944 E.00956
G1 X2.169 Y-.807 E.01251
G1 X2.212 Y-.718 E.00533
G1 X1.521 Y1.78 E.13987
G1 X1.692 Y1.669 E.011
G1 X1.848 Y1.52 E.01164
G1 X2.016 Y1.303 E.01481
G1 X2.18 Y1.011 E.01807
G1 X2.27 Y.785 E.01313
G1 X2.553 Y-.237 E.05723
M106 S211.65
G1 E-2 F2400
G1 X-1.991 Y.489 F7800
G1 E2 F2400
;TYPE:Solid infill
;WIDTH:0.404381
;HEIGHT:0.3
G1 F1200
G1 X-2.055 Y.203 E.01243
G1 X-2.003 Y-.31 E.02187
G1 X-1.964 Y-.431 E.00539
G1 X-2.263 Y.501 F7800
;TYPE:Internal infill
;WIDTH:0.45
G1 F4800
G1 X-2.066 Y.87 E.02012
G1 X-1.764 Y1.153 E.01991
G1 X-.526 Y1.963 E.07116
G1 X-.913 Y3.406 E.07186
G1 E-2 F2400
G1 X11.026 Y-.739 F7800
G1 E2 F2400
G1 F4800
G1 X12.623 Y-2.412 E.11124
G1 X12.982 Y-3.75 E.06663
G1 X12.622 Y-3.738 E.01732
G1 X13.281 Y-3.079 E.04482
G1 X14.005 Y-3.785 E.04864
G1 X13.174 Y-3.757 E.03999
M106 S209.1
;LAYER_CHANGE
;Z:12.05
;HEIGHT:0.3
G1 E-2 F2400
G1 Z12.05 F7800
G1 Z12.05
G1 X-10.834 Y-.032
G1 E2 F2400
;TYPE:Perimeter
;WIDTH:0.45
G1 F3600
G1 X-10.825 Y-.146 E.0055
G1 X-10.948 Y-.506 E.0183
G1 X-11.117 Y-.718 E.01304
G1 X-13.282 Y-2.775 E.14363
G1 X-14.473 Y-4.064 E.08441
G1 X-8.041 Y-3.902 E.30945
G1 X-5.551 Y-3.769 E.11993
G1 X-4.567 Y-3.797 E.04735
G1 X-2.338 Y-3.68 E.10735
G1 X-1.218 Y-3.712 E.05389
G1 X1.727 Y-3.59 E.14177
G1 X4.351 Y-3.805 E.12663
G1 X4.965 Y-3.788 E.02954
G1 X8.164 Y-3.859 E.1539
G1 X14.738 Y-4.083 E.31637
G1 X13.97 Y-3.376 E.05021
G1 X12.823 Y-2.236 E.07778
G1 X11.302 Y-.672 E.10493
G1 X11.146 Y-.458 E.01274
G1 X11.061 Y-.245 E.01103
G1 X11.035 Y.106 E.01693
G1 X11.162 Y.488 E.01936
G1 X11.311 Y.681 E.01173
G1 X14.779 Y4.16 E.23626
G1 X11.753 Y3.987 E.14578
G1 X7.6 Y3.855 E.19985
G1 X5.036 Y3.792 E.12336
G1 X4.533 Y3.801 E.0242
G1 X1.762 Y3.616 E.13357
G1 X-1.047 Y3.759 E.13528
G1 X-1.438 Y3.764 E.01881
G1 X-2.233 Y3.735 E.03826
G1 X-4.482 Y3.805 E.10822
G1 X-5.468 Y3.786 E.04743
G1 X-8.064 Y3.875 E.12493
G1 X-11.256 Y3.943 E.15356
G1 X-14.558 Y4.054 E.1589
G1 X-11.848 Y1.438 E.18116
G1 X-11.088 Y.651 E.05262
G1 X-10.939 Y.452 E.01196
G1 X-10.855 Y.252 E.01043
G1 X-10.838 Y.028 E.0108
G1 X-11.204 Y-.03 F7800
G1 F3600
G1 X-11.226 Y-.182 E.00739
G1 X-11.382 Y-.438 E.01442
G1 X-13.556 Y-2.503 E.14421
G1 X-14.407 Y-3.412 E.05989
G1 X-15.372 Y-4.492 E.06966
G1 X-14.817 Y-4.459 E.02674
G1 X-8.026 Y-4.288 E.32673
G1 X-5.53 Y-4.154 E.12022
G1 X-4.563 Y-4.183 E.04653
G1 X-2.318 Y-4.065 E.10813
G1 X-1.216 Y-4.098 E.05303
G1 X1.743 Y-3.976 E.14244
G1 X4.34 Y-4.191 E.12533
G1 X4.957 Y-4.173 E.02969
G1 X8.156 Y-4.244 E.1539
G1 X15.761 Y-4.498 E.36598
G1 X14.242 Y-3.103 E.09919
G1 X13.099 Y-1.967 E.07751
G1 X11.579 Y-.403 E.1049
G1 X11.485 Y-.275 E.00764
G1 X11.415 Y.001 E.01369
G1 X11.443 Y.176 E.00852
G1 X11.584 Y.409 E.0131
G1 X15.123 Y3.959 E.24109
G1 X15.847 Y4.603 E.0466
G1 X11.741 Y4.372 E.1978
G1 X7.588 Y4.24 E.19985
G1 X5.026 Y4.177 E.12326
G1 X4.523 Y4.187 E.0242
G1 X1.786 Y4 E.13195
G1 X-1.027 Y4.144 E.13547
G1 X-1.453 Y4.149 E.02049
G1 X-2.221 Y4.121 E.03696
G1 X-4.471 Y4.19 E.10827
G1 X-5.455 Y4.172 E.04733
G1 X-8.053 Y4.26 E.12503
G1 X-11.243 Y4.328 E.15346
G1 X-15.492 Y4.467 E.20447
G1 X-14.963 Y3.909 E.03698
G1 X-12.125 Y1.169 E.18973
G1 X-11.365 Y.383 E.05259
G1 X-11.276 Y.264 E.00715
G1 X-11.214 Y.028 E.01174
G1 X-11.592 Y-.028 F7800
;TYPE:External perimeter
G1 F1800
G1 X-11.648 Y-.159 E.00685
G1 X-13.83 Y-2.231 E.14472
G1 X-14.691 Y-3.152 E.06064
G1 X-15.761 Y-4.347 E.07715
G1 X-16.385 Y-4.926 E.04094
G1 X-14.807 Y-4.844 E.076
G1 X-8.011 Y-4.673 E.32697
G1 X-5.51 Y-4.54 E.12046
G1 X-4.559 Y-4.568 E.04576
G1 X-2.298 Y-4.45 E.10889
G1 X-1.214 Y-4.484 E.05216
G1 X1.819 Y-4.36 E.146
G1 X4.33 Y-4.577 E.12122
G1 X4.948 Y-4.559 E.02974
G1 X8.147 Y-4.63 E.1539
G1 X15.563 Y-4.882 E.35689
G1 X16.748 Y-4.89 E.057
G1 X16.666 Y-4.806 E.00565
G1 X14.513 Y-2.829 E.14059
G1 X13.378 Y-1.701 E.07696
G1 X11.855 Y-.134 E.1051
G1 X11.801 Y0 E.00695
G1 X11.857 Y.136 E.00707
G1 X15.396 Y3.687 E.24113
G1 X16.887 Y5.01 E.09587
G1 X15.716 Y4.986 E.05633
G1 X11.728 Y4.758 E.19212
G1 X7.576 Y4.626 E.1998
G1 X5.017 Y4.563 E.12312
G1 X4.514 Y4.573 E.0242
G1 X1.803 Y4.386 E.1307
G1 X-1.008 Y4.529 E.13537
G1 X-1.468 Y4.534 E.02213
G1 X-2.209 Y4.506 E.03566
G1 X-4.459 Y4.576 E.10827
G1 X-5.442 Y4.557 E.04729
G1 X-8.043 Y4.646 E.12517
G1 X-11.227 Y4.714 E.15317
G1 X-14.878 Y4.837 E.1757
G1 X-16.4 Y4.865 E.07322
G1 X-15.237 Y3.637 E.08135
G1 X-12.402 Y.901 E.1895
G1 X-11.642 Y.115 E.05259
G1 X-11.606 Y.028 E.00453
G1 X-11.819 Y-.311 F7800
G1 X-11.043 Y1.021
;TYPE:Internal infill
;WIDTH:0.45
G1 F4800
G1 X-12.687 Y2.65 E.11131
G1 X-12.971 Y3.711 E.05283
G1 X-12.66 Y3.701 E.01497
G1 X-13.208 Y3.153 E.03727
G1 X-13.816 Y3.74 E.04065
G1 X-13.164 Y3.718 E.03138
G1 E-2 F2400
G1 X-9.252 Y3.611 F7800
G1 E2 F2400
G1 F4800
G1 X-6.939 Y3.547 E.11129
G1 X-5.052 Y-3.493 E.35055
G1 X-3.449 Y-3.449 E.07713
G1 X-.95 Y-.95 E.16998
G1 X-.581 Y-1.266 E.02337
G1 X-.108 Y-1.442 E.02427
G1 X.401 Y-1.496 E.02462
G1 X.894 Y-3.336 E.09162
G1 X1.227 Y-3.323 E.01603
G1 X-10.548 Y-.168 E.58631
G1 X-10.699 Y-.653 E.02443
G1 X-11.564 Y-1.541 E.05962
G1 X-10.989 Y-3.687 E.10686
G1 X-11.89 Y-3.71 E.04335
G1 X-4.663 Y3.517 E.49157
G1 X-1.748 Y3.463 E.14023
G1 X10.747 Y.115 E.62217
G1 X10.913 Y.636 E.0263
G1 X11.605 Y1.386 E.04908
G1 X10.992 Y3.673 E.11388
G1 X11.885 Y3.705 E.04298
G1 X4.674 Y-3.507 E.49052
G1 X6.937 Y-3.542 E.10886
G1 X5.05 Y3.503 E.35078
G1 X3.436 Y3.436 E.07769
G1 X1.427 Y1.427 E.13665
G1 X.967 Y1.643 E.02444
G1 X.691 Y1.682 E.01341
G1 X.159 Y1.643 E.02566
G1 X-.389 Y1.453 E.0279
G1 X-.928 Y3.463 E.10009
G1 E-2 F2400
G1 X.381 Y-1.107 F7800
G1 E2 F2400
;TYPE:Solid infill
;WIDTH:0.45
G1 F1200
G1 X.891 Y-.946 E.02572
G1 X1.31 Y-.692 E.02357
G1 X1.542 Y-.396 E.01809
G1 X1.632 Y-.017 E.01874
G1 X1.554 Y.58 E.02896
G1 X1.4 Y.914 E.01769
G1 X1.083 Y1.187 E.02012
G1 X.759 Y1.286 E.01629
G1 X.248 Y1.265 E.0246
G1 X-.237 Y1.097 E.02469
G1 X-.739 Y.727 E.02999
G1 X-.946 Y.44 E.01702
G1 X-1.022 Y.05 E.01911
G1 X-.99 Y-.182 E.01126
G1 X-.831 Y-.473 E.01595
G1 X-.485 Y-.859 E.02493
G1 X-.023 Y-1.065 E.02433
G1 X.189 Y-1.087 E.01025
G1 X.214 Y-.702 E.01856
G1 X.487 Y-.682 E.01317
G1 X.982 Y-.467 E.02596
G1 X1.139 Y-.307 E.01078
G1 X1.242 Y.009 E.01599
G1 X1.166 Y.543 E.02594
G1 X1.035 Y.719 E.01055
G1 X.786 Y.885 E.01439
G1 X.426 Y.891 E.01732
G1 X-.065 Y.748 E.0246
G1 X-.518 Y.406 E.0273
G1 X-.604 Y.18 E.01163
G1 X-.615 Y-.082 E.01261
G1 X-.306 Y-.501 E.02504
G1 X-.173 Y-.596 E.00786
G1 X.028 Y-.651 E.01002
G1 X.203 Y-.313 E.01831
G1 X.46 Y-.29 E.01241
G1 X.804 Y-.11 E.01867
G1 X.848 Y.079 E.00933
G1 X.783 Y.427 E.01703
G1 X.695 Y.503 E.00559
G1 X.452 Y.506 E.01169
G1 X.169 Y.421 E.01421
G1 X-.173 Y.199 E.01961
G1 X-.24 Y.031 E.0087
G1 X-.02 Y-.241 E.01683
G1 X.02 Y-.254 E.00202
G1 E-2 F2400
G1 X11.032 Y-.79 F7800
G1 E2 F2400
;TYPE:Internal infill
;WIDTH:0.45
G1 F4800
G1 X12.635 Y-2.457 E.11123
G1 X12.977 Y-3.733 E.06354
G1 X12.639 Y-3.722 E.01627
G1 X13.271 Y-3.089 E.04302
G1 X13.967 Y-3.767 E.04673
G1 X13.17 Y-3.74 E.03835
G1 E-10 F2400
T1
G1 X13.44 Y-.005 F7800
G1 Z12.05
G1 E10 F2400
;TYPE:Perimeter
;WIDTH:0.45
G1 F900
G1 X13.437 Y-.009 E.00024
G1 X15.36 Y-1.948 E.13135
G1 X16.083 Y-2.613 E.04725
G1 X16.041 Y-1.533 E.05198
G1 X16.037 Y.048 E.07604
G1 X16.188 Y2.751 E.13021
G1 X13.483 Y.037 E.1843
G1 X12.898 Y-.003 F7800
G1 F900
G1 X12.896 Y-.006 E.00017
G1 X13.971 Y-1.112 E.07418
G1 X15.093 Y-2.227 E.07608
G1 X16.571 Y-3.584 E.0965
G1 X16.469 Y-2.598 E.04768
G1 X16.426 Y-1.532 E.05131
G1 X16.422 Y.026 E.07493
G1 X16.577 Y2.803 E.13377
G1 X16.645 Y3.678 E.04221
G1 X15.974 Y3.083 E.04313
G1 X12.94 Y.039 E.20671
G1 X12.354 Y-.002 F7800
;TYPE:External perimeter
G1 F900
G1 X13.697 Y-1.383 E.09265
G1 X14.827 Y-2.506 E.07662
G1 X17.063 Y-4.569 E.14632
G1 X16.854 Y-2.582 E.0961
G1 X16.812 Y-1.531 E.05059
G1 X16.807 Y.005 E.07388
G1 X17 Y3.442 E.16557
G1 X17.182 Y4.67 E.05971
G1 X15.709 Y3.364 E.09468
G1 X12.397 Y.04 E.22569
G1 X12.63 Y-.285 F7800
G1 E-2 F2400
G1 X15.767 Y-1.929 F7800
G1 E2 F2400
;TYPE:Solid infill
G1 F1200
G1 X15.748 Y.067 E.09601
G1 X15.857 Y2.009 E.09355
G1 X13.843 Y-.011 E.13719
G1 X15.625 Y-1.799 E.12141
G1 X15.367 Y-.998 F7800
G1 F1200
G1 X15.363 Y.088 E.05223
G1 X15.415 Y1.02 E.0449
G1 X14.387 Y-.011 E.07003
G1 X15.231 Y-.861 E.05761
G1 X15.009 Y-.026 F7800
;WIDTH:0.488141
G1 F1200
G1 X14.972 Y-.063 E.00277
G1 X14.921 Y-.049 E.0028
G1 X14.907 Y.002 E.0028
G1 X14.944 Y.039 E.00277
G1 X14.995 Y.026 E.00278
G1 E-2 F2400
G1 X-13.246 Y.008 F7800
G1 E2 F2400
;TYPE:Perimeter
;WIDTH:0.45
G1 F900
G1 X-13.241 Y.012 E.00031
G1 X-13.268 Y.039 E.00184
G1 X-15.927 Y2.606 E.17776
G1 X-15.8 Y.464 E.1032
G1 X-15.816 Y-.107 E.02747
G1 X-15.968 Y-2.012 E.09192
G1 X-15.937 Y-2.709 E.03356
G1 X-14.716 Y-1.391 E.08641
G1 X-13.289 Y-.034 E.09471
G1 X-12.696 Y-.002 F7800
G1 F900
G1 X-12.694 Y0 E.00014
G1 X-12.99 Y.307 E.02051
G1 X-15.84 Y3.059 E.19055
G1 X-16.377 Y3.625 E.03753
G1 X-16.384 Y3.456 E.00814
G1 X-16.314 Y2.622 E.04025
G1 X-16.186 Y.473 E.10354
G1 X-16.2 Y-.076 E.02641
G1 X-16.355 Y-2.006 E.09313
G1 X-16.28 Y-3.664 E.07983
G1 X-14.435 Y-1.655 E.13119
G1 X-12.74 Y-.044 E.11247
G1 X-12.146 Y-.011 F7800
;TYPE:External perimeter
G1 F900
G1 X-12.713 Y.575 E.03922
G1 X-15.56 Y3.324 E.19035
G1 X-16.721 Y4.55 E.08121
G1 X-16.768 Y3.424 E.0542
G1 X-16.699 Y2.598 E.03987
G1 X-16.571 Y.483 E.10191
G1 X-16.585 Y-.045 E.0254
G1 X-16.741 Y-1.999 E.09428
G1 X-16.65 Y-4.008 E.09672
G1 X-16.68 Y-4.593 E.02817
G1 X-16.221 Y-4.175 E.02986
G1 X-15.024 Y-2.849 E.08592
G1 X-14.153 Y-1.918 E.06132
G1 X-12.189 Y-.053 E.13027
G1 X-12.422 Y.273 F7800
G1 E-2 F2400
G1 X-15.649 Y-1.965 F7800
G1 E2 F2400
;TYPE:Solid infill
G1 F1200
G1 X-14.873 Y-1.139 E.05451
G1 X-13.658 Y.015 E.08059
G1 X-15.594 Y1.883 E.12939
G1 X-15.511 Y.452 E.06894
G1 X-15.528 Y-.132 E.0281
G1 X-15.66 Y-1.782 E.07961
G1 X-15.205 Y-.928 F7800
G1 F1200
G1 X-14.216 Y.017 E.06579
G1 X-15.152 Y.92 E.06255
G1 X-15.126 Y.441 E.02307
G1 X-15.144 Y-.163 E.02906
G1 X-15.189 Y-.736 E.02764
M106 S214.2
;LAYER_CHANGE
;Z:12.35
;HEIGHT:0.3
G1 E-2 F2400
G1 Z12.35 F7800
G1 Z12.35
G1 X-13.222 Y-.005
G1 E2 F2400
;TYPE:Perimeter
G1 F900
G1 X-13.217 Y0 E.00034
G1 X-15.913 Y2.627 E.18105
G1 X-15.757 Y.204 E.11678
G1 X-15.938 Y-2.306 E.12104
G1 X-15.92 Y-2.71 E.01945
G1 X-14.955 Y-1.65 E.06894
G1 X-13.266 Y-.046 E.11203
G1 X-12.665 Y-.008 F7800
G1 F900
G1 X-12.66 Y-.003 E.00034
G1 X-15.438 Y2.685 E.18592
G1 X-16.307 Y3.608 E.06097
G1 X-16.33 Y3.093 E.02479
G1 X-16.142 Y.179 E.14044
G1 X-16.325 Y-2.311 E.12008
G1 X-16.26 Y-3.659 E.06491
G1 X-14.69 Y-1.93 E.11233
G1 X-12.709 Y-.049 E.13139
G1 X-12.111 Y-.014 F7800
;TYPE:External perimeter
G1 F900
G1 X-12.109 Y-.012 E.00014
G1 X-12.372 Y.255 E.01803
G1 X-15.17 Y2.963 E.18728
G1 X-16.651 Y4.537 E.10395
G1 X-16.716 Y3.089 E.06971
G1 X-16.527 Y.154 E.14146
G1 X-16.712 Y-2.306 E.11865
G1 X-16.614 Y-4.321 E.09703
G1 X-16.617 Y-4.587 E.01279
G1 X-16.411 Y-4.399 E.01341
G1 X-14.424 Y-2.21 E.14219
G1 X-12.155 Y-.055 E.15051
G1 X-12.388 Y.27 F7800
G1 E-2 F2400
G1 X-15.48 Y.268 F7800
G1 E2 F2400
;TYPE:Solid infill
G1 F1200
G1 X-15.577 Y1.88 E.07767
G1 X-13.635 Y.002 E.12993
G1 X-15.212 Y-1.5 E.10475
G1 X-15.583 Y-1.908 E.02652
G1 X-15.617 Y-1.894 E.00177
G1 X-15.469 Y.076 E.09502
G1 X-15.095 Y.213 E.01916
G1 X-15.133 Y.914 E.03377
G1 X-14.192 Y.004 E.06296
G1 X-15.156 Y-.914 E.06402
G1 X-15.085 Y.021 E.0451
G1 X-14.731 Y-.036 E.01725
;WIDTH:0.409253
G1 X-14.75 Y.036 E.0032
G1 X-14.678 Y.017 E.0032
G1 X-14.689 Y-.025 E.00187
G1 E-2 F2400
G1 X13.408 Y-.001 F7800
G1 E2 F2400
;TYPE:Perimeter
;WIDTH:0.45
G1 F900
G1 X13.406 Y-.004 E.00017
G1 X14.385 Y-1.001 E.06721
G1 X15.5 Y-2.093 E.07506
G1 X16.048 Y-2.6 E.03591
G1 X15.991 Y-1.153 E.06965
G1 X15.989 Y.059 E.05829
G1 X16.146 Y2.738 E.12907
G1 X13.451 Y.041 E.18338
G1 X12.865 Y0 F7800
G1 F900
G1 X12.863 Y-.001 E.00011
G1 X14.113 Y-1.274 E.08581
G1 X15.234 Y-2.372 E.07547
G1 X16.536 Y-3.577 E.08533
G1 X16.435 Y-2.605 E.047
G1 X16.377 Y-1.152 E.06994
G1 X16.374 Y.037 E.05719
G1 X16.588 Y3.683 E.17566
G1 X16.211 Y3.349 E.02422
G1 X12.907 Y.043 E.2248
G1 X12.32 Y.001 F7800
;TYPE:External perimeter
G1 F900
G1 X13.84 Y-1.547 E.10435
G1 X14.968 Y-2.651 E.07591
G1 X16.524 Y-4.092 E.102
G1 X16.984 Y-4.566 E.03177
G1 X16.992 Y-4.231 E.01612
G1 X16.82 Y-2.589 E.07941
G1 X16.762 Y-1.151 E.06922
G1 X16.759 Y.014 E.05603
G1 X16.977 Y3.726 E.17884
G1 X17.116 Y4.668 E.0458
G1 X15.946 Y3.63 E.07523
G1 X12.363 Y.043 E.24385
G1 X12.598 Y-.28 F7800
G1 X13.813 Y-.006
;TYPE:Solid infill
G1 F1200
G1 X14.589 Y-.796 E.05326
G1 X15.731 Y-1.904 E.07653
G1 X15.702 Y-1.153 E.03615
G1 X15.698 Y.007 E.05579
G1 X15.813 Y1.996 E.09582
G1 X13.949 Y.131 E.12682
G1 X14.356 Y-.008 E.02069
G1 X15.316 Y-.964 E.06516
G1 X15.313 Y.03 E.04781
G1 X15.37 Y1.007 E.04707
G1 X14.492 Y.128 E.05975
G1 X14.902 Y-.06 E.02169
;WIDTH:0.473357
G1 X14.866 Y-.024 E.0026
G1 X14.879 Y.026 E.00264
G1 X14.928 Y.039 E.00259
G1 X14.964 Y.003 E.0026
G1 X14.951 Y-.047 E.00264
G1 E-10 F2400
T0
G1 X-10.787 Y-.022 F7800
G1 Z12.35
G1 E10 F2400
;TYPE:Perimeter
;WIDTH:0.45
G1 F3600
G1 X-10.787 Y-.148 E.00606
G1 X-10.912 Y-.508 E.01833
G1 X-11.079 Y-.717 E.01287
G1 X-13.555 Y-3.068 E.16422
G1 X-14.441 Y-4.048 E.06354
G1 X-8.021 Y-3.913 E.30885
G1 X-5.787 Y-3.797 E.10759
G1 X-4.599 Y-3.834 E.05717
G1 X-2.646 Y-3.736 E.09405
G1 X-1.236 Y-3.78 E.06785
G1 X1.75 Y-3.656 E.14374
G1 X3.796 Y-3.821 E.09872
G1 X4.977 Y-3.812 E.0568
G1 X7.862 Y-3.876 E.13879
G1 X9.122 Y-3.882 E.0606
G1 X14.7 Y-4.067 E.26843
G1 X14.117 Y-3.527 E.03822
G1 X12.984 Y-2.418 E.07625
G1 X11.27 Y-.673 E.11764
G1 X11.047 Y-.312 E.02041
G1 X10.994 Y.003 E.01536
G1 X11.084 Y.409 E.02
G1 X11.276 Y.684 E.01613
G1 X14.739 Y4.149 E.23562
G1 X11.652 Y3.973 E.14872
G1 X8.859 Y3.891 E.13439
G1 X7.988 Y3.889 E.04189
G1 X5.047 Y3.816 E.1415
G1 X4.196 Y3.832 E.04094
G1 X1.79 Y3.672 E.11598
G1 X-1.272 Y3.826 E.14746
G1 X-2.542 Y3.777 E.06113
G1 X-4.49 Y3.835 E.09373
G1 X-5.778 Y3.808 E.06196
G1 X-8.028 Y3.885 E.10828
G1 X-11.613 Y3.948 E.17245
G1 X-14.502 Y4.034 E.13901
G1 X-14.304 Y3.823 E.01392
G1 X-11.507 Y1.117 E.18718
G1 X-10.903 Y.457 E.04303
G1 X-10.787 Y.113 E.01746
G1 X-10.787 Y.038 E.00361
G1 X-11.176 Y-.022 F7800
G1 F3600
G1 X-11.188 Y-.184 E.00781
G1 X-11.344 Y-.438 E.01434
G1 X-13.831 Y-2.799 E.16493
G1 X-15.348 Y-4.478 E.10883
G1 X-14.713 Y-4.44 E.0306
G1 X-8.006 Y-4.298 E.32266
G1 X-5.799 Y-4.183 E.10629
G1 X-4.595 Y-4.22 E.05794
G1 X-2.658 Y-4.121 E.09328
G1 X-1.234 Y-4.165 E.06852
G1 X1.766 Y-4.041 E.14441
G1 X3.763 Y-4.205 E.09637
G1 X4.417 Y-4.214 E.03146
G1 X4.968 Y-4.198 E.02651
G1 X7.857 Y-4.262 E.13898
G1 X9.109 Y-4.267 E.06022
G1 X15.721 Y-4.486 E.31819
G1 X14.386 Y-3.251 E.08747
G1 X13.246 Y-2.134 E.07676
G1 X11.546 Y-.403 E.11669
G1 X11.411 Y-.186 E.01229
G1 X11.392 Y.123 E.01489
G1 X11.549 Y.411 E.01578
G1 X15.361 Y4.226 E.25939
G1 X15.775 Y4.595 E.02667
G1 X11.641 Y4.358 E.19916
G1 X8.858 Y4.276 E.13391
G1 X7.983 Y4.274 E.04208
G1 X5.037 Y4.202 E.14173
G1 X4.186 Y4.218 E.04094
G1 X1.807 Y4.057 E.11468
G1 X-1.269 Y4.212 E.14813
G1 X-2.557 Y4.163 E.06199
G1 X-4.478 Y4.221 E.09244
G1 X-5.765 Y4.194 E.06191
G1 X-8.018 Y4.271 E.10842
G1 X-11.614 Y4.334 E.17298
G1 X-15.42 Y4.447 E.18314
G1 X-14.578 Y3.553 E.05907
G1 X-11.782 Y.846 E.18718
G1 X-11.239 Y.267 E.03818
G1 X-11.169 Y.061 E.01046
G1 X-11.171 Y.038 E.00111
G1 X-11.553 Y-.025 F7800
;TYPE:External perimeter
G1 F1800
G1 X-11.61 Y-.158 E.00696
G1 X-14.107 Y-2.529 E.16561
G1 X-15.98 Y-4.601 E.13434
G1 X-16.322 Y-4.919 E.02246
G1 X-14.704 Y-4.825 E.07795
G1 X-7.992 Y-4.684 E.3229
G1 X-5.811 Y-4.568 E.10505
G1 X-4.591 Y-4.606 E.05871
G1 X-2.67 Y-4.506 E.09252
G1 X-1.232 Y-4.551 E.0692
G1 X1.838 Y-4.425 E.14778
G1 X3.73 Y-4.589 E.09134
G1 X4.428 Y-4.599 E.03357
G1 X4.96 Y-4.583 E.0256
G1 X7.852 Y-4.648 E.13913
G1 X9.096 Y-4.653 E.05983
G1 X15.741 Y-4.873 E.31978
G1 X16.661 Y-4.879 E.04425
G1 X16.219 Y-4.422 E.03058
G1 X14.66 Y-2.979 E.10217
G1 X13.523 Y-1.867 E.07649
G1 X11.821 Y-.133 E.11686
G1 X11.765 Y.003 E.00707
G1 X11.822 Y.139 E.00709
G1 X15.633 Y3.953 E.25932
G1 X16.822 Y5.009 E.07648
G1 X15.929 Y4.99 E.04296
G1 X11.629 Y4.743 E.20716
G1 X8.857 Y4.662 E.13338
G1 X7.978 Y4.66 E.04228
G1 X5.028 Y4.587 E.14193
G1 X4.177 Y4.604 E.04094
G1 X1.823 Y4.442 E.11349
G1 X-1.267 Y4.598 E.14881
G1 X-2.572 Y4.548 E.06281
G1 X-4.466 Y4.606 E.09114
G1 X-5.752 Y4.579 E.06187
G1 X-8.008 Y4.656 E.10857
G1 X-11.6 Y4.719 E.17279
G1 X-16.332 Y4.854 E.22769
G1 X-14.853 Y3.282 E.10381
G1 X-12.06 Y.579 E.18694
G1 X-11.605 Y.117 E.03119
G1 X-11.569 Y.03 E.00453
G1 X-11.78 Y-.31 F7800
G1 X-11.035 Y1.049
;TYPE:Internal infill
;WIDTH:0.45
G1 F4800
G1 X-12.691 Y2.665 E.11129
G1 X-12.968 Y3.699 E.05149
G1 X-12.67 Y3.69 E.01434
G1 X-13.201 Y3.159 E.03612
G1 X-13.784 Y3.723 E.03901
G1 X-13.161 Y3.705 E.02998
G1 E-2 F2400
G1 X-4.244 Y3.538 F7800
G1 E2 F2400
G1 F4800
G1 X-1.931 Y3.512 E.11125
G1 X10.717 Y.123 E.62978
G1 X10.823 Y.535 E.02046
G1 X11.066 Y.882 E.02037
G1 X11.598 Y1.415 E.03622
G1 X10.995 Y3.664 E.11199
G1 X11.876 Y3.696 E.0424
G1 X4.648 Y-3.533 E.49167
G1 X6.944 Y-3.567 E.11044
G1 X5.043 Y3.527 E.35324
G1 X3.494 Y3.494 E.07452
G1 X-3.487 Y-3.487 E.47484
G1 X-4.602 Y-3.545 E.0537
G1 X-5.042 Y-3.532 E.02117
G1 X-6.942 Y3.559 E.35308
G1 X-4.632 Y3.549 E.1111
G1 X-11.885 Y-3.705 E.49337
G1 X-10.989 Y-3.686 E.0431
G1 X-11.556 Y-1.569 E.10541
G1 X-10.662 Y-.656 E.06146
G1 X-10.512 Y-.178 E.0241
G1 X1.442 Y-3.381 E.59523
G1 X1.844 Y-3.364 E.01935
G1 X3.749 Y-3.527 E.09196
G1 E-2 F2400
G1 X.912 Y-3.402 F7800
G1 E2 F2400
G1 F4800
G1 X-.943 Y3.52 E.34467
G1 E-2 F2400
G1 X11.026 Y-.827 F7800
G1 E2 F2400
G1 F4800
G1 X12.642 Y-2.482 E.11125
G1 X12.973 Y-3.72 E.06164
G1 X12.651 Y-3.709 E.0155
G1 X13.264 Y-3.096 E.0417
G1 X13.934 Y-3.752 E.0451
G1 X13.166 Y-3.726 E.03696
M106 S216.75
;LAYER_CHANGE
;Z:12.65
;HEIGHT:0.299999
G1 E-2 F2400
G1 Z12.65 F7800
G1 Z12.65
G1 X-12.278 Y.989
G1 E2 F2400
;TYPE:Perimeter
;WIDTH:0.45
G1 F3600
G1 X-12.286 Y.959 E.00149
G1 X-12.428 Y.739 E.01259
G1 X-12.771 Y.484 E.02056
G1 X-13.175 Y.402 E.01983
G1 X-15.891 Y.446 E.13065
G1 X-15.932 Y-.051 E.02399
G1 X-15.896 Y-.934 E.0425
G1 X-13.715 Y-.967 E.10491
G1 X-13.421 Y-1.018 E.01435
G1 X-13.068 Y-1.23 E.0198
G1 X-12.83 Y-1.585 E.02056
G1 X-12.767 Y-1.887 E.01484
G1 X-12.79 Y-2.146 E.01251
G1 X-12.945 Y-2.491 E.01819
G1 X-13.062 Y-2.626 E.00859
G1 X-13.812 Y-3.346 E.05
G1 X-14.425 Y-4.031 E.04421
G1 X-8.001 Y-3.924 E.30901
G1 X-6.186 Y-3.827 E.08742
G1 X-4.631 Y-3.872 E.07482
G1 X-3.034 Y-3.792 E.07691
G1 X-1.254 Y-3.847 E.08565
G1 X1.772 Y-3.721 E.14567
G1 X3.461 Y-3.856 E.08149
G1 X4.07 Y-3.863 E.02929
G1 X4.989 Y-3.837 E.04422
G1 X7.488 Y-3.892 E.12022
G1 X10.126 Y-3.903 E.12688
G1 X14.645 Y-4.035 E.21744
G1 X13.963 Y-3.391 E.04511
G1 X12.184 Y-1.642 E.11999
G1 X11.454 Y-.895 E.05024
G1 X11.085 Y-.471 E.02703
G1 X11 Y-.274 E.01032
G1 X10.967 Y.13 E.0195
G1 X11.091 Y.492 E.0184
G1 X11.242 Y.687 E.01186
G1 X14.698 Y4.139 E.23494
G1 X11.554 Y3.958 E.15147
G1 X9.893 Y3.909 E.07992
G1 X7.612 Y3.904 E.10971
G1 X5.058 Y3.84 E.12288
G1 X3.859 Y3.864 E.05768
G1 X1.81 Y3.728 E.09877
G1 X-1.272 Y3.882 E.14842
G1 X-2.918 Y3.819 E.07922
G1 X-4.61 Y3.869 E.08141
G1 X-6.088 Y3.83 E.07111
G1 X-7.992 Y3.895 E.09163
G1 X-12.448 Y3.959 E.21434
G1 X-14.428 Y4.01 E.09526
G1 X-13.917 Y3.464 E.03597
G1 X-12.484 Y2.053 E.09673
G1 X-12.284 Y1.77 E.01667
G1 X-12.205 Y1.497 E.01367
G1 X-12.2 Y1.271 E.01087
G1 X-12.262 Y1.047 E.01118
G1 X-12.645 Y1.143 F7800
G1 F3600
G1 X-12.683 Y1.04 E.00528
G1 X-12.927 Y.837 E.01527
G1 X-13.169 Y.788 E.01188
G1 X-16.246 Y.837 E.14801
G1 X-16.318 Y-.043 E.04247
G1 X-16.266 Y-1.314 E.06118
G1 X-13.621 Y-1.363 E.12724
G1 X-13.333 Y-1.51 E.01555
G1 X-13.171 Y-1.783 E.01527
G1 X-13.166 Y-2.06 E.01332
G1 X-13.329 Y-2.348 E.01592
G1 X-14.089 Y-3.078 E.05068
G1 X-15.331 Y-4.464 E.08951
G1 X-14.611 Y-4.421 E.03469
G1 X-12.19 Y-4.367 E.11647
G1 X-11.312 Y-4.375 E.04223
G1 X-7.987 Y-4.309 E.15995
G1 X-6.166 Y-4.212 E.08771
G1 X-4.627 Y-4.258 E.07405
G1 X-3.046 Y-4.177 E.07614
G1 X-1.252 Y-4.233 E.08633
G1 X1.788 Y-4.107 E.14634
G1 X3.428 Y-4.24 E.07914
G1 X4.081 Y-4.249 E.03141
G1 X4.98 Y-4.222 E.04326
G1 X7.483 Y-4.278 E.12042
G1 X10.113 Y-4.289 E.12649
G1 X12.628 Y-4.374 E.12103
G1 X15.037 Y-4.429 E.11589
G1 X15.645 Y-4.462 E.02929
G1 X14.234 Y-3.116 E.09379
G1 X12.455 Y-1.367 E.11999
G1 X11.73 Y-.625 E.0499
G1 X11.42 Y-.281 E.02227
G1 X11.348 Y-.054 E.01145
G1 X11.373 Y.185 E.01156
G1 X11.514 Y.414 E.01293
G1 X15.698 Y4.583 E.28408
G1 X11.542 Y4.344 E.20022
G1 X9.882 Y4.295 E.07988
G1 X7.606 Y4.289 E.10947
G1 X5.048 Y4.226 E.12307
G1 X3.849 Y4.25 E.05768
G1 X1.827 Y4.113 E.09747
G1 X-1.27 Y4.268 E.14914
G1 X-2.933 Y4.204 E.08004
G1 X-4.609 Y4.255 E.08065
G1 X-6.074 Y4.216 E.07049
G1 X-7.983 Y4.281 E.09187
G1 X-12.438 Y4.344 E.21429
G1 X-15.339 Y4.419 E.13957
G1 X-14.193 Y3.195 E.08065
G1 X-12.754 Y1.779 E.0971
G1 X-12.634 Y1.608 E.01005
G1 X-12.584 Y1.309 E.01458
G1 X-12.624 Y1.199 E.00563
G1 X-12.996 Y1.299 F7800
;TYPE:External perimeter
G1 F1800
G1 X-13.013 Y1.241 E.00291
G1 X-13.163 Y1.174 E.0079
G1 X-16.6 Y1.228 E.16533
G1 X-16.705 Y-.035 E.06096
G1 X-16.636 Y-1.694 E.07986
G1 X-13.727 Y-1.738 E.13993
G1 X-13.597 Y-1.791 E.00675
G1 X-13.537 Y-1.922 E.00693
G1 X-13.596 Y-2.07 E.00766
G1 X-14.367 Y-2.81 E.0514
G1 X-16.25 Y-4.906 E.13552
G1 X-14.603 Y-4.806 E.07936
G1 X-12.193 Y-4.753 E.11594
G1 X-11.31 Y-4.761 E.04247
G1 X-7.973 Y-4.695 E.16053
G1 X-6.145 Y-4.597 E.08805
G1 X-4.622 Y-4.644 E.07329
G1 X-3.058 Y-4.563 E.07532
G1 X-1.25 Y-4.619 E.087
G1 X1.858 Y-4.491 E.14961
G1 X3.395 Y-4.624 E.0742
G1 X4.093 Y-4.634 E.03357
G1 X4.971 Y-4.608 E.04225
G1 X7.478 Y-4.664 E.12061
G1 X10.1 Y-4.674 E.12611
G1 X12.617 Y-4.76 E.12113
G1 X15.028 Y-4.815 E.11599
G1 X15.921 Y-4.863 E.04301
G1 X16.574 Y-4.868 E.03141
G1 X15.763 Y-4.029 E.05612
G1 X14.504 Y-2.841 E.08326
G1 X12.725 Y-1.092 E.11999
G1 X11.785 Y-.13 E.06469
G1 X11.731 Y-.015 E.00611
G1 X11.785 Y.14 E.00789
G1 X15.871 Y4.22 E.27772
G1 X16.757 Y5.007 E.057
G1 X16.146 Y4.995 E.02939
G1 X11.531 Y4.729 E.22233
G1 X9.868 Y4.68 E.08002
G1 X7.601 Y4.675 E.10904
G1 X5.039 Y4.611 E.12326
G1 X3.84 Y4.636 E.05768
G1 X1.844 Y4.498 E.09623
G1 X-1.268 Y4.654 E.14986
G1 X-2.948 Y4.59 E.08086
G1 X-4.609 Y4.641 E.07993
G1 X-6.061 Y4.601 E.06986
G1 X-7.974 Y4.666 E.09206
G1 X-12.426 Y4.729 E.21415
G1 X-16.251 Y4.829 E.18403
G1 X-14.469 Y2.925 E.12543
G1 X-13.025 Y1.504 E.09744
G1 X-12.969 Y1.393 E.00598
G1 X-12.979 Y1.357 E.0018
G1 X-13.337 Y1.177 F7800
G1 X-12.044 Y.804
;TYPE:Internal infill
;WIDTH:0.45
G1 F4800
G1 X-11.912 Y1.243 E.02205
G1 X-11.918 Y1.538 E.01419
G1 X-12.021 Y1.893 E.01778
G1 X-12.274 Y2.253 E.02116
G1 X-12.692 Y2.668 E.02833
G1 X-12.963 Y3.683 E.05053
G1 X-12.685 Y3.675 E.01338
G1 X-13.193 Y3.167 E.03455
G1 X-13.732 Y3.703 E.03656
G1 X-13.156 Y3.688 E.02771
G1 E-2 F2400
G1 X-4.408 Y3.573 F7800
G1 E2 F2400
G1 F4800
G1 X-2.115 Y3.561 E.11029
G1 X10.678 Y.133 E.63701
G1 X10.841 Y.639 E.02557
G1 X11.59 Y1.443 E.05285
G1 X10.998 Y3.653 E.11004
G1 X11.866 Y3.686 E.04178
G1 X4.623 Y-3.558 E.49269
G1 X6.951 Y-3.591 E.11198
G1 X5.037 Y3.551 E.35563
G1 X3.553 Y3.553 E.07138
G1 X-3.525 Y-3.525 E.48144
G1 X-5.032 Y-3.57 E.07251
G1 X-6.945 Y3.571 E.35557
G1 X-4.601 Y3.579 E.11274
G1 X-11.878 Y-3.698 E.49497
G1 X-10.99 Y-3.683 E.04272
G1 X-12.149 Y.642 E.21536
G1 X-12.453 Y.343 E.02051
G1 X1.657 Y-3.438 E.70259
G1 X3.964 Y-3.577 E.11116
G1 E-2 F2400
G1 X.929 Y-3.468 F7800
G1 E2 F2400
G1 F4800
G1 X-.959 Y3.577 E.3508
G1 X1.352 Y3.463 E.11129
G1 E-2 F2400
G1 X11.018 Y-.86 F7800
G1 E2 F2400
G1 F4800
G1 X12.647 Y-2.503 E.11128
G1 X12.968 Y-3.699 E.05956
G1 X12.67 Y-3.69 E.01434
G1 X13.258 Y-3.103 E.03996
G1 X13.897 Y-3.727 E.04296
G1 X13.161 Y-3.705 E.03541
G1 E-10 F2400
T1
G1 X13.373 Y0 F7800
G1 Z12.65
G1 E10 F2400
;TYPE:Perimeter
;WIDTH:0.45
G1 F900
G1 X13.369 Y-.004 E.00027
G1 X15.353 Y-1.963 E.1341
G1 X16.013 Y-2.586 E.04365
G1 X15.941 Y-.773 E.08727
G1 X15.94 Y.071 E.04059
G1 X16.103 Y2.726 E.12794
G1 X13.416 Y.042 E.18266
G1 X12.83 Y.002 F7800
G1 F900
G1 X12.827 Y-.001 E.0002
G1 X15.085 Y-2.24 E.15294
G1 X16.502 Y-3.592 E.0942
G1 X16.4 Y-2.611 E.04744
G1 X16.327 Y-.772 E.08852
G1 X16.325 Y.047 E.03939
G1 X16.549 Y3.705 E.17627
G1 X12.872 Y.044 E.24956
G1 X12.285 Y.003 F7800
;TYPE:External perimeter
G1 F900
G1 X13.042 Y-.773 E.05214
G1 X14.818 Y-2.518 E.11975
G1 X16.082 Y-3.712 E.08363
G1 X16.897 Y-4.554 E.05636
G1 X16.915 Y-3.829 E.03488
G1 X16.786 Y-2.596 E.05963
G1 X16.713 Y-.771 E.08785
G1 X16.71 Y.024 E.03824
G1 X16.954 Y4.011 E.19212
G1 X17.051 Y4.667 E.03189
G1 X16.183 Y3.896 E.05584
G1 X12.327 Y.045 E.26211
G1 X12.561 Y-.279 F7800
G1 E-2 F2400
G1 X15.696 Y-1.883 F7800
G1 E2 F2400
;TYPE:Solid infill
G1 F1200
G1 X15.653 Y-.822 E.05107
G1 X15.65 Y.017 E.04035
G1 X15.768 Y1.983 E.09473
G1 X13.778 Y-.005 E.13529
G1 X15.558 Y-1.748 E.11982
G1 X15.271 Y-.928 F7800
G1 F1200
G1 X15.265 Y.04 E.04656
G1 X15.322 Y.992 E.04587
G1 X14.326 Y-.002 E.06768
G1 X15.134 Y-.793 E.05438
G1 X14.924 Y-.012 F7800
;WIDTH:0.453079
G1 F1200
G1 X14.842 Y-.034 E.00412
G1 X14.864 Y.047 E.00407
G1 X14.911 Y.035 E.00235
G1 E-2 F2400
G1 X-15.754 Y2.495 F7800
G1 E2 F2400
;TYPE:Perimeter
;WIDTH:0.564669
G1 F900
G1 X-15.786 Y2.549 E.00392
G1 X-15.848 Y2.549 E.00387
G1 X-15.88 Y2.495 E.00392
G1 X-15.848 Y2.44 E.00397
G1 X-15.786 Y2.44 E.00387
G1 X-14.757 Y2.04 F7800
;WIDTH:0.45
G1 F900
G1 X-15.075 Y2.35 E.02136
G1 X-16.237 Y3.592 E.0818
G1 X-16.276 Y2.731 E.04145
G1 X-16.233 Y2.058 E.03243
G1 X-14.803 Y2.035 E.06879
G1 X-13.785 Y1.634 F7800
;TYPE:External perimeter
G1 F900
G1 X-14.794 Y2.614 E.06765
G1 X-16.582 Y4.524 E.12584
G1 X-16.662 Y2.728 E.08647
G1 X-16.596 Y1.678 E.0506
G1 X-13.845 Y1.635 E.13233
G1 X-14.098 Y1.944 F7800
G1 E-2 F2400
G1 X-15.397 Y-2.612 F7800
G1 E2 F2400
;TYPE:Perimeter
;WIDTH:0.576627
G1 F900
G1 X-16.232 Y-2.619 E.05335
G1 X-16.187 Y-3.492 E.05585
G1 X-15.437 Y-2.656 E.07176
G1 X-14.359 Y-2.179 F7800
;TYPE:External perimeter
;WIDTH:0.45
G1 F900
G1 X-16.645 Y-2.144 E.10996
G1 X-16.682 Y-2.613 E.02263
G1 X-16.58 Y-4.6 E.09569
G1 X-14.695 Y-2.503 E.13562
G1 X-14.402 Y-2.22 E.01959
G1 X-14.799 Y-2.167 F7800
M106 S224.4
;LAYER_CHANGE
;Z:12.95
;HEIGHT:0.3
G1 E-2 F2400
G1 Z12.95 F7800
G1 Z12.95
G1 X-16.408 Y-4.353
G1 E2 F2400
;WIDTH:0.63546
G1 F900
G1 X-16.443 Y-4.292 E.00501
G1 X-16.515 Y-4.292 E.00513
G1 X-16.55 Y-4.353 E.00501
G1 X-16.515 Y-4.415 E.00507
G1 X-16.443 Y-4.415 E.00513
G1 E-2 F2400
G1 X-15.788 Y3.736 F7800
G1 E2 F2400
;WIDTH:0.453043
G1 F900
G1 X-16.51 Y4.509 E.05128
G1 X-16.538 Y3.88 E.03052
G1 X-15.841 Y3.745 E.03442
G1 X-16.086 Y4.061 F7800
G1 E-2 F2400
G1 X13.348 Y.011 F7800
G1 E2 F2400
;TYPE:Perimeter
;WIDTH:0.45
G1 F900
G1 X15.349 Y-1.969 E.13539
G1 X15.978 Y-2.564 E.04164
G1 X15.892 Y-.429 E.10277
G1 X15.892 Y.082 E.02458
G1 X16.058 Y2.713 E.12679
G1 X13.39 Y.053 E.1812
G1 X12.8 Y.01 F7800
G1 F900
G1 X15.075 Y-2.241 E.15393
G1 X15.946 Y-3.066 E.0577
G1 X16.448 Y-3.609 E.03557
G1 X16.451 Y-3.439 E.00818
G1 X16.366 Y-2.618 E.0397
G1 X16.278 Y-.413 E.10614
G1 X16.277 Y.058 E.02265
G1 X16.507 Y3.705 E.17576
G1 X12.843 Y.052 E.24885
G1 X12.253 Y.009 F7800
;TYPE:External perimeter
G1 F900
G1 X14.804 Y-2.515 E.1726
G1 X15.662 Y-3.327 E.05682
G1 X16.809 Y-4.543 E.0804
G1 X16.835 Y-3.398 E.05508
G1 X16.751 Y-2.603 E.03845
G1 X16.663 Y-.398 E.10614
G1 X16.662 Y.033 E.02073
G1 X16.908 Y3.933 E.18795
G1 X16.986 Y4.665 E.03541
G1 X16.42 Y4.163 E.03639
G1 X12.296 Y.051 E.2801
G1 X12.535 Y-.269 F7800
G1 X13.758 Y.012
;TYPE:Solid infill
G1 F1200
G1 X15.663 Y-1.862 E.12853
G1 X15.601 Y.027 E.0909
G1 X15.722 Y1.969 E.09358
G1 X13.895 Y.148 E.12407
G1 X14.306 Y.013 E.02081
G1 X15.246 Y-.91 E.06336
G1 X15.217 Y.051 E.04624
G1 X15.274 Y.978 E.04467
G1 X14.443 Y.15 E.05642
G1 E-10 F2400
T0
G1 X-14.667 Y-4.025 F7800
G1 Z12.95
G1 E10 F2400
;TYPE:Perimeter
G1 F3600
G1 X-13 Y-3.983 E.0802
G1 X-11.207 Y-3.999 E.08624
G1 X-7.983 Y-3.935 E.15509
G1 X-6.422 Y-3.855 E.07518
G1 X-4.825 Y-3.904 E.07685
G1 X-3.422 Y-3.848 E.06753
G1 X-1.272 Y-3.915 E.10346
G1 X1.795 Y-3.787 E.14764
G1 X3.353 Y-3.91 E.07517
G1 X5 Y-3.862 E.07925
G1 X7.113 Y-3.909 E.10165
G1 X11.12 Y-3.925 E.19272
G1 X14.607 Y-4.01 E.16776
G1 X13.956 Y-3.394 E.04311
G1 X11.21 Y-.677 E.1858
G1 X11.04 Y-.45 E.01364
G1 X10.952 Y-.224 E.01166
G1 X10.926 Y.063 E.01386
G1 X11.044 Y.474 E.02057
G1 X11.208 Y.691 E.01308
G1 X14.656 Y4.128 E.23415
G1 X11.483 Y3.945 E.15286
G1 X10.875 Y3.927 E.02926
G1 X7.235 Y3.918 E.17507
G1 X5.069 Y3.865 E.10421
G1 X3.522 Y3.895 E.07442
G1 X1.83 Y3.784 E.08155
G1 X-1.273 Y3.939 E.14943
G1 X-3.294 Y3.861 E.09728
G1 X-4.619 Y3.899 E.06375
G1 X-6.397 Y3.852 E.08555
G1 X-7.959 Y3.906 E.07517
G1 X-11.085 Y3.956 E.15037
G1 X-11.776 Y3.941 E.03324
G1 X-14.395 Y3.998 E.12599
G1 X-14.351 Y3.944 E.00335
G1 X-14.143 Y3.22 E.03623
G1 X-14.236 Y2.911 E.01552
G1 X-14.348 Y2.735 E.01003
G1 X-14.576 Y2.528 E.01481
G1 X-14.922 Y2.39 E.01792
G1 X-15.284 Y2.391 E.01741
G1 X-16.086 Y2.547 E.0393
G1 X-16.13 Y2.407 E.00706
G1 X-16.333 Y-.051 E.11862
G1 X-16.236 Y-2.472 E.11654
G1 X-16.109 Y-2.948 E.02369
G1 X-15.793 Y-2.889 E.01546
G1 X-15.262 Y-2.94 E.02566
G1 X-14.981 Y-3.111 E.01582
G1 X-14.756 Y-3.399 E.01758
G1 X-14.63 Y-3.904 E.02503
G1 X-14.649 Y-3.967 E.00316
G1 X-15.303 Y-4.422 F7800
G1 F3600
G1 X-15.327 Y-4.45 E.00177
G1 X-14.509 Y-4.402 E.03941
G1 X-13.003 Y-4.369 E.07245
G1 X-11.205 Y-4.385 E.08648
G1 X-7.969 Y-4.32 E.15567
G1 X-6.434 Y-4.24 E.07393
G1 X-4.837 Y-4.29 E.07685
G1 X-3.434 Y-4.233 E.06754
G1 X-1.27 Y-4.301 E.10413
G1 X1.811 Y-4.172 E.14832
G1 X3.342 Y-4.296 E.07388
G1 X4.992 Y-4.247 E.07939
G1 X7.108 Y-4.294 E.1018
G1 X11.099 Y-4.31 E.19195
G1 X14.921 Y-4.404 E.18388
G1 X15.55 Y-4.438 E.0303
G1 X15.063 Y-3.91 E.03455
G1 X14.227 Y-3.12 E.05532
G1 X11.481 Y-.403 E.1858
G1 X11.327 Y-.131 E.01503
G1 X11.329 Y.158 E.0139
G1 X11.48 Y.418 E.01446
G1 X15.647 Y4.572 E.28299
G1 X11.444 Y4.329 E.20249
G1 X10.874 Y4.313 E.02743
G1 X7.23 Y4.304 E.17526
G1 X5.059 Y4.25 E.10445
G1 X3.512 Y4.281 E.07442
G1 X1.847 Y4.169 E.08026
G1 X-1.271 Y4.325 E.15015
G1 X-3.309 Y4.246 E.09809
G1 X-4.618 Y4.285 E.06299
G1 X-6.384 Y4.238 E.08497
G1 X-7.95 Y4.291 E.07536
G1 X-11.177 Y4.343 E.15523
G1 X-11.768 Y4.327 E.02844
G1 X-15.27 Y4.408 E.16848
G1 X-14.651 Y3.701 E.0452
G1 X-14.526 Y3.267 E.02172
G1 X-14.582 Y3.081 E.00934
G1 X-14.786 Y2.852 E.01475
G1 X-14.994 Y2.769 E.01077
G1 X-15.211 Y2.769 E.01044
G1 X-16.352 Y2.991 E.05591
G1 X-16.511 Y2.48 E.02574
G1 X-16.719 Y-.043 E.12176
G1 X-16.617 Y-2.588 E.1225
G1 X-16.381 Y-3.391 E.04025
G1 X-15.722 Y-3.268 E.03224
G1 X-15.404 Y-3.298 E.01536
G1 X-15.26 Y-3.381 E.00799
G1 X-15.113 Y-3.55 E.01077
G1 X-15.015 Y-3.893 E.01716
G1 X-15.159 Y-4.258 E.01887
G1 X-15.264 Y-4.377 E.00763
G1 X-15.599 Y-4.175 F7800
;TYPE:External perimeter
G1 F1800
G1 X-16.226 Y-4.889 E.0457
G1 X-14.5 Y-4.788 E.08316
G1 X-13.006 Y-4.754 E.07187
G1 X-11.203 Y-4.77 E.08672
G1 X-7.955 Y-4.705 E.15625
G1 X-6.463 Y-4.626 E.07186
G1 X-4.849 Y-4.675 E.07766
G1 X-3.446 Y-4.619 E.06753
G1 X-1.268 Y-4.687 E.10481
G1 X1.878 Y-4.556 E.15144
G1 X3.331 Y-4.682 E.07015
G1 X4.983 Y-4.633 E.07949
G1 X7.103 Y-4.68 E.10199
G1 X11.097 Y-4.696 E.1921
G1 X14.9 Y-4.789 E.18297
G1 X16.486 Y-4.856 E.07635
G1 X15.338 Y-3.639 E.08047
G1 X14.498 Y-2.846 E.05556
G1 X11.753 Y-.129 E.18576
G1 X11.695 Y.002 E.00689
G1 X11.752 Y.144 E.00736
G1 X16.108 Y4.487 E.29585
G1 X16.692 Y5.006 E.03758
G1 X16.358 Y4.999 E.01607
G1 X11.433 Y4.715 E.23727
G1 X10.873 Y4.698 E.02695
G1 X7.225 Y4.69 E.17546
G1 X5.05 Y4.636 E.10464
G1 X3.503 Y4.667 E.07442
G1 X1.864 Y4.555 E.07901
G1 X-1.268 Y4.711 E.15083
G1 X-3.323 Y4.631 E.09891
G1 X-4.617 Y4.671 E.06227
G1 X-6.371 Y4.623 E.08439
G1 X-7.94 Y4.677 E.07551
G1 X-11.18 Y4.729 E.15585
G1 X-11.761 Y4.712 E.02796
G1 X-16.181 Y4.818 E.21265
G1 X-15.216 Y3.785 E.06799
G1 X-14.951 Y3.459 E.02021
G1 X-14.909 Y3.314 E.00726
G1 X-14.995 Y3.175 E.00786
G1 X-15.137 Y3.148 E.00695
G1 X-16.618 Y3.435 E.07256
G1 X-16.892 Y2.554 E.04438
G1 X-17.105 Y-.035 E.12494
G1 X-17 Y-2.651 E.12592
G1 X-16.652 Y-3.834 E.05931
G1 X-15.651 Y-3.647 E.04898
G1 X-15.489 Y-3.691 E.00807
G1 X-15.401 Y-3.882 E.01011
G1 X-15.448 Y-4.003 E.00624
G1 X-15.559 Y-4.129 E.00808
G1 X-15.823 Y-4.43 F7800
G1 E-2 F2400
G1 X-15.815 Y2.148 F7800
G1 E2 F2400
;TYPE:Solid infill
;WIDTH:0.590472
G1 F1200
G1 X-15.819 Y1.801 E.02277
;WIDTH:0.640117
G1 X-15.823 Y1.453 E.02499
;WIDTH:0.640975
G1 X-15.895 Y.568 E.06386
;WIDTH:0.675047
G1 X-15.899 Y.312 E.0195
;WIDTH:0.709119
G1 X-15.909 Y-.402 E.05742
;WIDTH:0.676054
G1 X-15.914 Y-.859 E.03487
;WIDTH:0.642989
G1 X-15.914 Y-.885 E.00188
;WIDTH:0.643341
G1 X-15.874 Y-2.205 E.09536
;WIDTH:0.616264
G1 X-15.877 Y-2.467 E.01804
G1 E-2 F2400
G1 X-9.261 Y3.637 F7800
G1 E2 F2400
;TYPE:Internal infill
;WIDTH:0.45
G1 F4800
G1 X-6.948 Y3.583 E.11128
G1 X-5.021 Y-3.609 E.35811
G1 X-4.666 Y-3.62 E.01708
G1 X-3.564 Y-3.564 E.05307
G1 X3.604 Y3.604 E.48756
G1 X5.03 Y3.576 E.0686
G1 X6.957 Y-3.616 E.35811
G1 X4.596 Y-3.584 E.11357
G1 X11.857 Y3.677 E.49388
G1 X11.001 Y3.641 E.04121
G1 X11.582 Y1.472 E.108
G1 X10.791 Y.615 E.05609
G1 X10.652 Y.14 E.0238
G1 X-2.298 Y3.61 E.64482
G1 X-3.323 Y3.571 E.04933
G1 X-4.572 Y3.609 E.0601
G1 X-11.884 Y-3.704 E.49739
G1 X-10.984 Y-3.705 E.04329
G1 X-12.962 Y3.677 E.36757
G1 X-12.689 Y3.671 E.01313
G1 X-15.378 Y.982 E.1829
G1 X-15.367 Y1.123 E.0068
G1 X1.872 Y-3.496 E.85838
G1 X3.361 Y-3.62 E.07186
G1 X4.18 Y-3.596 E.03941
G1 E-2 F2400
G1 X.947 Y-3.534 F7800
G1 E2 F2400
G1 F4800
G1 X-.974 Y3.634 E.35692
G1 X1.337 Y3.521 E.11128
G1 E-2 F2400
G1 X10.999 Y-.874 F7800
G1 E2 F2400
G1 F4800
G1 X12.646 Y-2.498 E.11125
G1 X12.963 Y-3.68 E.05886
G1 X12.687 Y-3.674 E.01328
G1 X13.259 Y-3.102 E.03891
G1 X13.868 Y-3.703 E.04115
G1 X13.156 Y-3.685 E.03426
;LAYER_CHANGE
;Z:13.25
;HEIGHT:0.3
G1 E-2 F2400
G1 Z13.25 F7800
G1 Z13.25
G1 X10.891 Y.007
G1 E2 F2400
;TYPE:Perimeter
;WIDTH:0.45
G1 F3600
G1 X10.89 Y.014 E.00034
G1 X10.945 Y.337 E.01576
G1 X11.174 Y.699 E.0206
G1 X14.617 Y4.123 E.23354
G1 X11.334 Y3.943 E.15814
G1 X6.858 Y3.933 E.21528
G1 X5.08 Y3.889 E.08554
G1 X3.361 Y3.923 E.08269
G1 X1.85 Y3.841 E.07278
G1 X-1.273 Y3.995 E.15039
G1 X-3.67 Y3.902 E.11537
G1 X-4.627 Y3.93 E.04605
G1 X-6.648 Y3.874 E.09724
G1 X-7.925 Y3.916 E.06145
G1 X-10.97 Y3.961 E.14647
G1 X-11.928 Y3.939 E.04609
G1 X-16.024 Y4.037 E.19706
G1 X-16.53 Y2.422 E.0814
G1 X-16.733 Y-.052 E.11939
G1 X-16.637 Y-2.546 E.12004
G1 X-16.178 Y-4.105 E.07816
G1 X-14.415 Y-3.998 E.08495
G1 X-13.813 Y-3.985 E.02896
G1 X-11.1 Y-4.009 E.13049
G1 X-8.03 Y-3.947 E.14769
G1 X-6.74 Y-3.883 E.06212
G1 X-4.858 Y-3.942 E.09056
G1 X-3.81 Y-3.904 E.05044
G1 X-1.29 Y-3.983 E.12126
G1 X1.817 Y-3.852 E.14957
G1 X3.02 Y-3.945 E.05803
G1 X5.005 Y-3.886 E.09551
G1 X8.043 Y-3.933 E.14613
G1 X10.954 Y-3.942 E.14001
G1 X11.954 Y-3.926 E.0481
G1 X14.543 Y-3.986 E.12456
G1 X14.36 Y-3.787 E.013
G1 X11.179 Y-.673 E.2141
G1 X11.011 Y-.452 E.01335
G1 X10.922 Y-.231 E.01146
G1 X10.899 Y-.053 E.00863
G1 X11.277 Y.008 F7800
G1 F3600
G1 X11.275 Y.015 E.00035
G1 X11.309 Y.209 E.00947
G1 X11.446 Y.426 E.01234
G1 X15.607 Y4.564 E.28224
G1 X11.333 Y4.328 E.20588
G1 X6.853 Y4.319 E.21547
G1 X5.07 Y4.275 E.08578
G1 X3.368 Y4.309 E.08188
G1 X1.867 Y4.226 E.0723
G1 X-1.271 Y4.381 E.15111
G1 X-3.684 Y4.288 E.11614
G1 X-4.626 Y4.315 E.04533
G1 X-6.658 Y4.26 E.09777
G1 X-7.915 Y4.302 E.06049
G1 X-10.965 Y4.347 E.14671
G1 X-11.918 Y4.324 E.04585
G1 X-16.305 Y4.429 E.21106
G1 X-16.911 Y2.496 E.09743
G1 X-17.119 Y-.044 E.12257
G1 X-17.02 Y-2.609 E.12346
G1 X-16.461 Y-4.509 E.09526
G1 X-14.407 Y-4.383 E.09898
G1 X-13.817 Y-4.37 E.02838
G1 X-11.098 Y-4.394 E.13078
G1 X-8.022 Y-4.332 E.14797
G1 X-6.752 Y-4.269 E.06116
G1 X-4.87 Y-4.327 E.09056
G1 X-3.822 Y-4.29 E.05044
G1 X-1.288 Y-4.369 E.12194
G1 X1.833 Y-4.237 E.15024
G1 X3.01 Y-4.331 E.05679
G1 X4.999 Y-4.272 E.09571
G1 X8.039 Y-4.319 E.14623
G1 X10.953 Y-4.328 E.14015
G1 X11.945 Y-4.312 E.04772
G1 X14.786 Y-4.377 E.13668
G1 X15.463 Y-4.414 E.03261
G1 X14.636 Y-3.518 E.05865
G1 X11.449 Y-.398 E.21451
G1 X11.348 Y-.265 E.00803
G1 X11.292 Y-.051 E.01064
G1 X11.664 Y.008 F7800
;TYPE:External perimeter
G1 F1800
G1 X11.661 Y.015 E.00037
G1 X11.718 Y.152 E.00714
G1 X16.345 Y4.753 E.31384
G1 X16.627 Y5.004 E.01816
G1 X16.569 Y5.003 E.00279
G1 X11.332 Y4.714 E.25226
G1 X6.848 Y4.704 E.21567
G1 X5.061 Y4.66 E.08597
G1 X3.376 Y4.694 E.08106
G1 X1.884 Y4.611 E.07187
G1 X-1.269 Y4.767 E.15183
G1 X-3.699 Y4.673 E.11696
G1 X-4.626 Y4.701 E.04461
G1 X-6.681 Y4.645 E.09888
G1 X-7.906 Y4.687 E.05895
G1 X-10.959 Y4.733 E.14686
G1 X-11.906 Y4.71 E.04556
G1 X-16.586 Y4.821 E.22516
G1 X-17.292 Y2.57 E.11347
G1 X-17.505 Y-.035 E.12571
G1 X-17.403 Y-2.672 E.12693
G1 X-16.744 Y-4.913 E.11235
G1 X-14.398 Y-4.769 E.11305
G1 X-13.82 Y-4.756 E.02781
G1 X-11.095 Y-4.78 E.13107
G1 X-8.015 Y-4.718 E.14817
G1 X-6.764 Y-4.654 E.06025
G1 X-4.882 Y-4.713 E.09056
G1 X-3.834 Y-4.675 E.05044
G1 X-1.285 Y-4.755 E.12266
G1 X1.898 Y-4.622 E.15322
G1 X2.999 Y-4.717 E.05315
G1 X4.993 Y-4.657 E.09595
G1 X8.036 Y-4.704 E.14638
G1 X10.952 Y-4.714 E.14025
G1 X11.936 Y-4.697 E.04733
G1 X14.765 Y-4.762 E.1361
G1 X16.399 Y-4.845 E.07869
G1 X14.913 Y-3.249 E.10488
G1 X11.719 Y-.122 E.21499
G1 X11.687 Y-.047 E.00392
G1 X11.88 Y.304 F7800
G1 X10.999 Y-.901
;TYPE:Internal infill
;WIDTH:0.45
G1 F4800
G1 X12.652 Y-2.519 E.11125
G1 X12.957 Y-3.66 E.05681
G1 X12.706 Y-3.654 E.01208
G1 X13.253 Y-3.108 E.03717
G1 X13.837 Y-3.68 E.03932
G1 X13.15 Y-3.664 E.03305
G1 E-2 F2400
G1 X4.378 Y-3.615 F7800
G1 E2 F2400
G1 F4800
G1 X3.028 Y-3.655 E.06496
G1 X2.212 Y-3.587 E.03938
G1 X-15.367 Y1.123 E.87531
G1 X-15.378 Y.982 E.0068
G1 X-12.693 Y3.668 E.18266
G1 X-12.961 Y3.674 E.01289
G1 X-10.981 Y-3.717 E.36802
G1 X-11.893 Y-3.712 E.04386
G1 X-4.542 Y3.638 E.49997
G1 X-2.48 Y3.659 E.09918
G1 X10.611 Y.151 E.65185
G1 X10.785 Y.672 E.02642
G1 X11.574 Y1.504 E.05515
G1 X10.998 Y3.653 E.10701
G1 X11.862 Y3.682 E.04158
G1 X4.571 Y-3.609 E.49593
G1 X6.96 Y-3.627 E.11491
G1 X5.024 Y3.601 E.3599
G1 X3.629 Y3.629 E.06711
G1 X-3.621 Y-3.621 E.49314
G1 X-4.697 Y-3.658 E.05178
G1 X-5.011 Y-3.648 E.01511
G1 X-6.951 Y3.594 E.3606
G1 X-9.264 Y3.647 E.11128
G1 E-2 F2400
G1 X-15.938 Y-3.763 F7800
G1 E2 F2400
;TYPE:Solid infill
;WIDTH:0.524459
G1 F1200
G1 X-15.808 Y-3.755 E.00747
G1 X-15.865 Y-2.645 E.06378
G1 X-15.854 Y-2.474 E.00983
;WIDTH:0.55563
G1 X-15.826 Y-1.928 E.0335
G1 X-15.863 Y-1.043 E.05427
;WIDTH:0.554104
G1 X-15.946 Y-.755 E.01831
;WIDTH:0.505959
G1 X-15.972 Y-.018 E.04062
;WIDTH:0.552264
G1 X-15.85 Y.577 E.03696
G1 X-15.78 Y1.47 E.05451
;WIDTH:0.552087
G1 X-15.791 Y1.902 E.02629
;WIDTH:0.521073
G1 X-15.802 Y2.334 E.02462
;WIDTH:0.538159
G1 X-15.827 Y2.634 E.01779
;WIDTH:0.58626
G1 X-15.851 Y2.934 E.01959
;WIDTH:0.634361
G1 X-15.876 Y3.234 E.0214
G1 X-15.945 Y3.093 E.01116
;WIDTH:0.58626
G1 X-16.014 Y2.952 E.01022
;WIDTH:0.538159
G1 X-16.084 Y2.811 E.0093
;WIDTH:0.490059
G1 X-16.227 Y2.338 E.02624
;WIDTH:0.521073
G1 X-16.246 Y1.907 E.02457
;WIDTH:0.552087
G1 X-16.266 Y1.475 E.02631
G1 X-16.368 Y.44 E.06326
;WIDTH:0.518812
G1 X-16.415 Y-.076 E.02937
;WIDTH:0.554104
G1 X-16.352 Y-1.062 E.06035
;WIDTH:0.55563
G1 X-16.312 Y-2.493 E.08771
;WIDTH:0.524459
G1 X-15.993 Y-3.578 E.0649
G1 E-2 F2400
G1 X-15.876 Y3.234 F7800
G1 E2 F2400
;WIDTH:0.634361
G1 F1200
G1 X-15.788 Y3.535 E.02229
G1 E-2 F2400
G1 X-1.347 Y-3.692 F7800
G1 E2 F2400
;TYPE:Internal infill
;WIDTH:0.45
G1 F4800
G1 X.965 Y-3.6 E.11129
G1 X-.989 Y3.691 E.36305
G1 X1.322 Y3.579 E.11128
G1 E-10 F2400
T1
G1 X13.318 Y.021 F7800
G1 Z13.25
G1 E10 F2400
;TYPE:Perimeter
;WIDTH:0.45
G1 F900
G1 X15.944 Y-2.565 E.17726
G1 X15.844 Y.092 E.12788
G1 X16.013 Y2.702 E.12579
G1 X13.361 Y.064 E.17991
G1 X12.769 Y.019 F7800
G1 F900
G1 X15.502 Y-2.657 E.18397
G1 X16.361 Y-3.585 E.06082
G1 X16.374 Y-3.055 E.0255
G1 X16.332 Y-2.625 E.02078
G1 X16.229 Y.067 E.12957
G1 X16.464 Y3.694 E.17481
G1 X12.812 Y.062 E.24773
G1 X12.22 Y.017 F7800
;TYPE:External perimeter
G1 F900
G1 X15.233 Y-2.932 E.20278
G1 X16.722 Y-4.532 E.10512
G1 X16.76 Y-3.065 E.07058
G1 X16.717 Y-2.609 E.02203
G1 X16.613 Y.042 E.1276
G1 X16.921 Y4.664 E.2228
G1 X16.657 Y4.429 E.017
G1 X12.263 Y.059 E.29806
G1 X12.504 Y-.26 F7800
G1 E-2 F2400
G1 X15.625 Y-1.833 F7800
G1 E2 F2400
;TYPE:Solid infill
G1 F1200
G1 X15.554 Y-.008 E.08784
G1 X15.676 Y1.958 E.09474
G1 X13.73 Y.023 E.13199
G1 X15.487 Y-1.698 E.11829
G1 X15.202 Y-.878 F7800
G1 F1200
G1 X15.169 Y.019 E.04317
G1 X15.228 Y.969 E.04578
G1 X14.279 Y.025 E.06438
G1 X15.064 Y-.743 E.05282
M106 S234.6
;LAYER_CHANGE
;Z:13.55
;HEIGHT:0.3
G1 E-2 F2400
G1 Z13.55 F7800
G1 Z13.55
G1 X15.777 Y-3.072
G1 E2 F2400
;TYPE:Perimeter
;WIDTH:0.380247
G1 F900
G1 X16.305 Y-3.637 E.03047
G1 X16.315 Y-3.251 E.01521
G1 X16.318 Y-3.096 E.00611
G1 X15.837 Y-3.074 E.01897
G1 X14.935 Y-2.682 F7800
;TYPE:External perimeter
;WIDTH:0.45
G1 F900
G1 X16.635 Y-4.505 E.11989
G1 X16.665 Y-3.259 E.05995
G1 X16.677 Y-2.761 E.02396
G1 X14.995 Y-2.685 E.08098
G1 X15.232 Y-3.008 F7800
G1 E-2 F2400
G1 X15.915 Y3.249 F7800
G1 E2 F2400
;TYPE:Perimeter
;WIDTH:0.362262
G1 F900
G1 X15.907 Y3.241 E.00042
G1 X16.431 Y3.27 E.0195
G1 X16.468 Y3.795 E.01955
G1 X15.958 Y3.291 E.02664
G1 X15.026 Y2.851 F7800
;TYPE:External perimeter
;WIDTH:0.45
G1 F900
G1 X15.025 Y2.85 E.00007
G1 X16.751 Y2.945 E.08314
G1 X16.872 Y4.674 E.08336
G1 X15.069 Y2.893 E.12189
G1 X15.468 Y2.869 F7800
G1 E-10 F2400
T0
G1 X13.447 Y-2.001 F7800
G1 Z13.55
G1 E10 F2400
;TYPE:Perimeter
G1 F3600
G1 X13.475 Y-1.928 E.00376
G1 X13.724 Y-1.637 E.01842
G1 X14.099 Y-1.458 E.01999
G1 X14.361 Y-1.434 E.01265
G1 X16.029 Y-1.509 E.08031
G1 X16.2 Y-.117 E.06745
G1 X16.204 Y.213 E.01587
G1 X16.062 Y1.684 E.07108
G1 X14.599 Y1.603 E.07047
G1 X14.151 Y1.627 E.02158
G1 X13.783 Y1.818 E.01994
G1 X13.614 Y2.002 E.01202
G1 X13.476 Y2.286 E.01519
G1 X13.437 Y2.57 E.01379
G1 X13.504 Y2.91 E.01667
G1 X13.686 Y3.204 E.01663
G1 X14.042 Y3.595 E.02543
G1 X14.56 Y4.107 E.03503
G1 X12.735 Y4.002 E.08792
G1 X11.242 Y3.956 E.07184
G1 X6.482 Y3.948 E.22894
G1 X5.047 Y3.914 E.06904
G1 X3.025 Y3.955 E.09727
G1 X1.871 Y3.897 E.05557
G1 X-1.274 Y4.051 E.15144
G1 X-4.045 Y3.944 E.13337
G1 X-4.635 Y3.96 E.02839
G1 X-6.958 Y3.896 E.11177
G1 X-7.89 Y3.926 E.04485
G1 X-10.856 Y3.967 E.14267
G1 X-12.061 Y3.936 E.05798
G1 X-14.471 Y3.97 E.11592
G1 X-16.438 Y4.025 E.09464
G1 X-16.93 Y2.439 E.07987
G1 X-17.133 Y-.053 E.12025
G1 X-17.04 Y-2.568 E.12105
G1 X-16.586 Y-4.111 E.07736
G1 X-14.354 Y-3.983 E.10753
G1 X-10.992 Y-4.018 E.16171
G1 X-8.012 Y-3.957 E.14336
G1 X-7.058 Y-3.912 E.04594
G1 X-4.726 Y-3.985 E.11222
G1 X-4.198 Y-3.96 E.02542
G1 X-1.307 Y-4.051 E.13912
G1 X1.84 Y-3.918 E.15149
G1 X2.688 Y-3.98 E.04089
G1 X5.023 Y-3.911 E.11235
G1 X6.365 Y-3.941 E.06456
G1 X10.433 Y-3.959 E.19566
G1 X12.728 Y-3.921 E.1104
G1 X14.457 Y-3.96 E.08318
G1 X13.612 Y-3.055 E.05955
G1 X13.447 Y-2.811 E.01417
G1 X13.354 Y-2.44 E.0184
G1 X13.377 Y-2.184 E.01236
G1 X13.426 Y-2.057 E.00655
G1 X13.804 Y-2.161 F7800
G1 F3600
G1 X13.856 Y-2.048 E.00598
G1 X14.055 Y-1.882 E.01246
G1 X14.343 Y-1.819 E.01418
G1 X16.368 Y-1.911 E.0975
G1 X16.583 Y-.164 E.08466
G1 X16.588 Y.25 E.01991
G1 X16.41 Y2.09 E.08891
G1 X14.578 Y1.988 E.08825
G1 X14.251 Y1.999 E.01574
G1 X14.03 Y2.114 E.01198
G1 X13.902 Y2.266 E.00956
G1 X13.823 Y2.565 E.01487
G1 X13.863 Y2.769 E.01
G1 X13.972 Y2.946 E.01
G1 X14.313 Y3.321 E.02438
G1 X15.558 Y4.551 E.08417
G1 X12.723 Y4.387 E.13658
G1 X11.241 Y4.342 E.07131
G1 X6.476 Y4.334 E.22918
G1 X5.055 Y4.299 E.06837
G1 X3.033 Y4.34 E.09727
G1 X1.888 Y4.282 E.05514
G1 X-1.272 Y4.437 E.15217
G1 X-4.06 Y4.329 E.13419
G1 X-4.635 Y4.346 E.02767
G1 X-6.968 Y4.282 E.11225
G1 X-7.881 Y4.312 E.04394
G1 X-10.85 Y4.352 E.14281
G1 X-12.057 Y4.322 E.05807
G1 X-14.465 Y4.355 E.11583
G1 X-16.713 Y4.419 E.10816
G1 X-17.311 Y2.513 E.09608
G1 X-17.52 Y-.044 E.12339
G1 X-17.423 Y-2.63 E.12447
G1 X-16.869 Y-4.514 E.09445
G1 X-14.358 Y-4.368 E.12097
G1 X-10.99 Y-4.404 E.162
G1 X-8.004 Y-4.343 E.14365
G1 X-7.07 Y-4.297 E.04498
G1 X-4.722 Y-4.37 E.11299
G1 X-4.21 Y-4.346 E.02465
G1 X-1.305 Y-4.437 E.13979
G1 X1.856 Y-4.303 E.15217
G1 X2.677 Y-4.366 E.0396
G1 X4.984 Y-4.297 E.11101
G1 X6.36 Y-4.326 E.0662
G1 X10.435 Y-4.345 E.196
G1 X12.719 Y-4.306 E.10987
G1 X14.634 Y-4.35 E.09213
G1 X15.385 Y-4.39 E.03617
G1 X13.894 Y-2.792 E.10512
G1 X13.795 Y-2.646 E.00848
G1 X13.739 Y-2.423 E.01106
G1 X13.753 Y-2.269 E.00744
G1 X13.778 Y-2.216 E.00282
G1 X14.155 Y-2.326 F7800
;TYPE:External perimeter
G1 F1800
G1 X14.178 Y-2.264 E.00318
G1 X14.326 Y-2.205 E.00766
G1 X16.707 Y-2.312 E.11463
G1 X16.996 Y.038 E.11388
G1 X16.972 Y.287 E.01203
G1 X16.758 Y2.495 E.10669
G1 X14.557 Y2.373 E.10602
G1 X14.351 Y2.372 E.00991
G1 X14.235 Y2.46 E.007
G1 X14.224 Y2.633 E.00834
G1 X14.584 Y3.047 E.02639
G1 X16.556 Y4.995 E.13332
G1 X12.711 Y4.773 E.18524
G1 X11.24 Y4.727 E.07078
G1 X6.471 Y4.719 E.22937
G1 X5.063 Y4.685 E.06774
G1 X3.041 Y4.726 E.09727
G1 X1.905 Y4.667 E.05471
G1 X-1.27 Y4.823 E.15289
G1 X-4.075 Y4.715 E.13501
G1 X-4.634 Y4.731 E.0269
G1 X-6.979 Y4.667 E.11283
G1 X-7.872 Y4.697 E.04297
G1 X-10.845 Y4.738 E.143
G1 X-12.053 Y4.707 E.05812
G1 X-14.46 Y4.741 E.11578
G1 X-16.971 Y4.821 E.12083
G1 X-17.113 Y4.452 E.01902
G1 X-17.692 Y2.587 E.09392
G1 X-17.906 Y-.036 E.12658
G1 X-17.807 Y-2.693 E.12788
G1 X-17.149 Y-4.928 E.11206
G1 X-14.362 Y-4.754 E.13431
G1 X-10.988 Y-4.789 E.16229
G1 X-7.996 Y-4.728 E.14393
G1 X-7.082 Y-4.683 E.04401
G1 X-4.916 Y-4.75 E.10423
G1 X-4.222 Y-4.731 E.03339
G1 X-1.303 Y-4.822 E.14046
G1 X1.917 Y-4.688 E.155
G1 X2.666 Y-4.752 E.03616
G1 X4.996 Y-4.682 E.11212
G1 X6.355 Y-4.712 E.06538
G1 X10.438 Y-4.73 E.19638
G1 X12.71 Y-4.692 E.10929
G1 X14.625 Y-4.735 E.09213
G1 X16.319 Y-4.827 E.0816
G1 X14.176 Y-2.529 E.15113
G1 X14.125 Y-2.406 E.0064
G1 X14.134 Y-2.382 E.00123
G1 X14.497 Y-2.214 F7800
G1 X13.948 Y-1.207
;TYPE:Internal infill
;WIDTH:0.45
G1 F4800
G1 X13.545 Y-1.41 E.0217
G1 X13.174 Y-1.882 E.02887
G1 X13.064 Y-2.455 E.02806
G1 X13.163 Y-2.89 E.02146
G1 X13.284 Y-3.076 E.01067
G1 X12.728 Y-3.632 E.03782
G1 X12.951 Y-3.637 E.01073
G1 X10.994 Y3.666 E.36364
G1 X11.866 Y3.686 E.04195
G1 X4.545 Y-3.635 E.49797
G1 X2.556 Y-3.679 E.09569
G1 X-15.853 Y1.254 E.91665
G1 X-15.921 Y.44 E.03929
G1 X-12.705 Y3.656 E.21875
G1 X-12.957 Y3.659 E.01212
G1 X-10.978 Y-3.729 E.36786
G1 X-11.9 Y-3.719 E.04435
G1 X-4.513 Y3.667 E.50242
G1 X-2.663 Y3.708 E.089
G1 X15.666 Y-1.203 E.91266
G1 X15.775 Y-1.208 E.00525
G1 X15.862 Y-.499 E.03436
G1 X15.179 Y-1.181 E.04642
G1 E-2 F2400
G1 X9.281 Y-3.665 F7800
G1 E2 F2400
G1 F4800
G1 X6.968 Y-3.654 E.11125
G1 X5.017 Y3.625 E.36245
G1 X3.653 Y3.653 E.06562
G1 X-3.687 Y-3.687 E.49926
G1 X-5 Y-3.687 E.06315
G1 X-6.955 Y3.607 E.3632
G1 X-9.268 Y3.656 E.11127
G1 E-2 F2400
G1 X-16.816 Y-.073 F7800
G1 E2 F2400
;TYPE:Solid infill
;WIDTH:0.508427
G1 F1200
G1 X-16.724 Y-2.488 E.13385
G1 X-16.684 Y-2.666 E.0101
;WIDTH:0.545781
G1 X-16.338 Y-3.759 E.06884
G1 X-15.844 Y-3.73 E.02971
G1 X-16.046 Y-3.044 E.04294
G1 X-16.139 Y-2.91 E.00979
;WIDTH:0.539716
G1 X-16.28 Y-2.471 E.02734
;WIDTH:0.508427
G1 X-16.375 Y-.059 E.13369
;WIDTH:0.505417
G1 X-16.373 Y-.032 E.00149
;WIDTH:0.504862
G1 X-16.18 Y2.319 E.1296
;WIDTH:0.539798
G1 X-16.027 Y2.619 E.01997
G1 X-15.795 Y3.373 E.04678
;WIDTH:0.538562
G1 X-15.741 Y3.672 E.01797
G1 X-16.195 Y3.685 E.02686
G1 X-16.617 Y2.379 E.08117
;WIDTH:0.504862
G1 X-16.802 Y.12 E.12452
G1 E-2 F2400
G1 X-1.329 Y-3.761 F7800
G1 E2 F2400
;TYPE:Internal infill
;WIDTH:0.45
G1 F4800
G1 X.982 Y-3.666 E.11125
G1 X-1.004 Y3.748 E.36916
G1 X1.307 Y3.637 E.11128
M106 S232.05
;LAYER_CHANGE
;Z:13.85
;HEIGHT:0.3
G1 E-2 F2400
G1 Z13.85 F7800
G1 Z13.85
G1 X15.359 Y4.02
G1 E2 F2400
;TYPE:Perimeter
;WIDTH:0.45
G1 F3600
G1 X15.378 Y4.144 E.00603
G1 X13.62 Y4.045 E.08469
G1 X11.179 Y3.97 E.11746
G1 X6.151 Y3.963 E.24183
G1 X5.058 Y3.938 E.05258
G1 X2.51 Y3.99 E.12258
G1 X1.891 Y3.953 E.02982
G1 X-1.275 Y4.107 E.15245
G1 X-4.42 Y3.986 E.15138
G1 X-7.271 Y3.918 E.13716
G1 X-10.825 Y3.973 E.17096
G1 X-12.17 Y3.934 E.06472
G1 X-13.994 Y3.966 E.08774
G1 X-14.559 Y3.948 E.02719
G1 X-16.827 Y4.02 E.10914
G1 X-16.92 Y3.779 E.01242
G1 X-17.33 Y2.456 E.06662
G1 X-17.534 Y-.053 E.12107
G1 X-17.443 Y-2.589 E.12205
G1 X-17 Y-4.094 E.07546
G1 X-16.966 Y-4.118 E.002
G1 X-14.509 Y-3.976 E.11837
G1 X-14.072 Y-4 E.02105
G1 X-10.886 Y-4.028 E.15324
G1 X-7.377 Y-3.941 E.16882
G1 X-1.326 Y-4.118 E.29116
G1 X1.863 Y-3.983 E.15352
G1 X2.355 Y-4.015 E.02371
G1 X4.984 Y-3.936 E.1265
G1 X5.991 Y-3.957 E.04844
G1 X9.897 Y-3.976 E.18787
G1 X13.502 Y-3.915 E.17341
G1 X14.853 Y-3.955 E.06501
G1 X14.807 Y-3.737 E.01072
G1 X15.059 Y-3.287 E.02481
G1 X15.336 Y-3.092 E.01629
G1 X15.651 Y-3.006 E.0157
G1 X16.126 Y-3.061 E.023
G1 X16.358 Y-2.391 E.0341
G1 X16.655 Y.053 E.11841
G1 X16.615 Y.474 E.02034
G1 X16.43 Y2.438 E.09488
G1 X16.23 Y3.445 E.04938
G1 X15.819 Y3.515 E.02005
G1 X15.714 Y3.569 E.00568
G1 X15.349 Y3.957 E.02562
G1 X15.349 Y3.961 E.00019
G1 X15.704 Y4.209 F7800
G1 F3600
G1 X15.759 Y4.552 E.01671
G1 X13.608 Y4.431 E.10362
G1 X11.167 Y4.355 E.11746
G1 X6.151 Y4.349 E.24125
G1 X5.066 Y4.324 E.0522
G1 X2.501 Y4.376 E.12339
G1 X1.908 Y4.338 E.02858
G1 X-1.273 Y4.493 E.15318
G1 X-4.435 Y4.371 E.15219
G1 X-7.28 Y4.304 E.13687
G1 X-10.828 Y4.359 E.17067
G1 X-12.203 Y4.319 E.06616
G1 X-13.987 Y4.352 E.08582
G1 X-14.547 Y4.334 E.02695
G1 X-17.085 Y4.422 E.12214
G1 X-17.284 Y3.905 E.02664
G1 X-17.711 Y2.529 E.06929
G1 X-17.92 Y-.045 E.12421
G1 X-17.826 Y-2.651 E.12542
G1 X-17.272 Y-4.534 E.0944
G1 X-14.487 Y-4.361 E.13421
G1 X-14.088 Y-4.386 E.01923
G1 X-10.883 Y-4.413 E.15415
G1 X-7.914 Y-4.352 E.14283
G1 X-7.388 Y-4.326 E.02533
G1 X-1.324 Y-4.504 E.29178
G1 X1.879 Y-4.368 E.15419
G1 X2.344 Y-4.401 E.02242
G1 X4.996 Y-4.321 E.12761
G1 X5.986 Y-4.343 E.04763
G1 X9.899 Y-4.361 E.1882
G1 X13.493 Y-4.3 E.17288
G1 X14.499 Y-4.323 E.0484
G1 X15.321 Y-4.365 E.03959
G1 X15.287 Y-4.321 E.00267
G1 X15.185 Y-3.812 E.02497
G1 X15.394 Y-3.504 E.0179
G1 X15.688 Y-3.39 E.01517
G1 X15.862 Y-3.399 E.00838
G1 X16.379 Y-3.508 E.02541
G1 X16.736 Y-2.479 E.05239
G1 X17.043 Y.048 E.12243
G1 X16.999 Y.51 E.02232
G1 X16.814 Y2.474 E.09488
G1 X16.546 Y3.843 E.06709
G1 X16.251 Y3.821 E.01423
G1 X15.945 Y3.881 E.015
G1 X15.692 Y4.133 E.01717
G1 X15.694 Y4.15 E.00082
G1 X16.042 Y4.354 F7800
;TYPE:External perimeter
G1 F1800
G1 X16.071 Y4.534 E.00877
G1 X16.523 Y4.981 E.03057
G1 X13.597 Y4.816 E.14095
G1 X11.152 Y4.741 E.11765
G1 X6.15 Y4.734 E.24058
G1 X5.074 Y4.709 E.05177
G1 X2.491 Y4.762 E.12426
G1 X1.925 Y4.724 E.02728
G1 X-1.271 Y4.879 E.1539
G1 X-4.45 Y4.756 E.15301
G1 X-7.296 Y4.689 E.13692
G1 X-10.83 Y4.745 E.16999
G1 X-12.199 Y4.705 E.06587
G1 X-13.979 Y4.738 E.08563
G1 X-14.535 Y4.719 E.02676
G1 X-16.839 Y4.792 E.11087
G1 X-17.342 Y4.827 E.02425
G1 X-17.649 Y4.032 E.04099
G1 X-18.092 Y2.603 E.07196
G1 X-18.306 Y-.036 E.12734
G1 X-18.21 Y-2.713 E.12884
G1 X-17.552 Y-4.948 E.11206
G1 X-16.922 Y-4.888 E.03044
G1 X-14.465 Y-4.746 E.11837
G1 X-14.104 Y-4.771 E.0174
G1 X-10.881 Y-4.799 E.15502
G1 X-7.9 Y-4.738 E.14341
G1 X-7.4 Y-4.712 E.02408
G1 X-1.321 Y-4.89 E.2925
G1 X1.895 Y-4.754 E.15482
G1 X2.333 Y-4.787 E.02113
G1 X5.008 Y-4.707 E.12872
G1 X5.981 Y-4.728 E.04681
G1 X9.901 Y-4.747 E.18854
G1 X13.484 Y-4.686 E.17235
G1 X14.496 Y-4.709 E.04869
G1 X16.216 Y-4.797 E.08283
G1 X15.591 Y-4.084 E.0456
G1 X15.556 Y-3.92 E.00807
G1 X15.627 Y-3.812 E.00622
G1 X15.783 Y-3.777 E.00769
G1 X16.632 Y-3.955 E.04172
G1 X17.107 Y-2.584 E.06979
;TYPE:Overhang perimeter
;WIDTH:0.4
;HEIGHT:0.4
M106 S255
G1 F3600
G1 X17.431 Y.043 E.13829
G1 X17.383 Y.546 E.0264
G1 X17.177 Y2.615 E.10863
M106 S232.05
;TYPE:External perimeter
;WIDTH:0.45
;HEIGHT:0.3
G1 F1800
G1 X16.86 Y4.254 E.08029
G1 X16.129 Y4.221 E.03519
G1 X16.046 Y4.299 E.00548
G1 X16.214 Y4.662 F7800
G1 E-2 F2400
G1 X15.96 Y-2.778 F7800
G1 E2 F2400
;TYPE:Solid infill
;WIDTH:0.369429
G1 F1200
G1 X16.116 Y-2.319 E.01844
;WIDTH:0.371522
G1 X16.19 Y-1.7 E.02388
;WIDTH:0.415616
G1 X16.234 Y-1.151 E.02413
;WIDTH:0.459711
G1 X16.279 Y-.602 E.02716
;WIDTH:0.503806
G1 X16.323 Y-.053 E.03019
;WIDTH:0.506416
G1 X16.333 Y.081 E.00741
G1 X16.302 Y.656 E.03175
;WIDTH:0.461626
G1 X16.27 Y1.231 E.02853
;WIDTH:0.416836
G1 X16.238 Y1.806 E.02532
;WIDTH:0.372046
G1 X16.234 Y1.86 E.00208
;WIDTH:0.370229
G1 X16.139 Y2.666 E.03096
;WIDTH:0.370006
G1 X16.018 Y3.234 E.02214
G1 X15.88 Y3.257 E.00533
G1 X15.837 Y2.644 E.02342
;WIDTH:0.377178
G1 X15.931 Y1.801 E.03309
;WIDTH:0.416836
G1 X15.918 Y1.225 E.02533
;WIDTH:0.461626
G1 X15.906 Y.65 E.0285
;WIDTH:0.506416
G1 X15.886 Y-.035 E.03778
;WIDTH:0.503806
G1 X15.885 Y-.586 E.0302
;WIDTH:0.459711
G1 X15.885 Y-1.137 E.02717
;WIDTH:0.415616
G1 X15.884 Y-1.688 E.02414
;WIDTH:0.371522
G1 X15.882 Y-1.712 E.00092
;WIDTH:0.369562
G1 X15.786 Y-2.751 E.03972
G1 E-2 F2400
G1 X4.327 Y-3.667 F7800
G1 E2 F2400
;TYPE:Internal infill
;WIDTH:0.45
G1 F4800
G1 X2.693 Y-3.716 E.07863
G1 X-16.246 Y1.359 E.94304
G1 X-16.357 Y.003 E.06544
G1 X-12.707 Y3.654 E.2483
G1 X-12.957 Y3.658 E.01203
G1 X-10.975 Y-3.738 E.36827
G1 X-11.91 Y-3.73 E.04497
G1 X-4.485 Y3.695 E.50504
G1 X-2.847 Y3.757 E.07884
G1 X15.518 Y-1.164 E.91445
G1 X15.505 Y-.855 E.01487
G1 X12.722 Y-3.638 E.1893
G1 X12.95 Y-3.634 E.01097
G1 X10.991 Y3.68 E.36418
G1 X11.883 Y3.702 E.04292
G1 X4.519 Y-3.661 E.50086
G1 X6.972 Y-3.672 E.11798
G1 X5.01 Y3.65 E.36459
G1 X3.677 Y3.677 E.06413
G1 X-3.752 Y-3.752 E.50531
G1 X-4.992 Y-3.718 E.05966
G1 X-6.963 Y3.636 E.36619
G1 X-9.276 Y3.66 E.11125
G1 E-2 F2400
G1 X-16.762 Y-3.792 F7800
G1 E2 F2400
;TYPE:Solid infill
;WIDTH:0.497963
G1 F1200
G1 X-16.318 Y-3.767 E.02405
G1 X-16.395 Y-3.505 E.01477
;WIDTH:0.508437
G1 X-16.683 Y-2.493 E.05828
G1 X-16.775 Y-.059 E.1349
;WIDTH:0.505434
G1 X-16.774 Y-.033 E.00143
;WIDTH:0.505838
G1 X-16.556 Y2.46 E.13779
;WIDTH:0.491451
G1 X-16.254 Y3.422 E.05371
;WIDTH:0.490281
G1 X-16.17 Y3.689 E.01487
G1 X-16.612 Y3.703 E.02349
G1 X-16.66 Y3.55 E.00852
;WIDTH:0.491451
G1 X-16.963 Y2.588 E.05372
;WIDTH:0.505838
G1 X-17.017 Y2.395 E.01103
G1 X-17.212 Y.003 E.13214
;WIDTH:0.505435
G1 X-17.217 Y-.06 E.00348
;WIDTH:0.508437
G1 X-17.127 Y-2.509 E.13573
G1 X-17.086 Y-2.691 E.01033
;WIDTH:0.498825
G1 X-16.817 Y-3.607 E.05173
G1 E-2 F2400
G1 X-1.312 Y-3.82 F7800
G1 E2 F2400
;TYPE:Internal infill
;WIDTH:0.45
G1 F4800
G1 X1 Y-3.73 E.11128
G1 X-1.02 Y3.805 E.3752
G1 X1.291 Y3.693 E.11128
G1 E-10 F2400
T1
G1 X16.892 Y4.69 F7800
G1 Z13.85
G1 E10 F2400
;TYPE:External perimeter
;WIDTH:0.420615
G1 F900
G1 X16.87 Y4.729 E.00199
G1 X16.803 Y4.69 E.00344
G1 X16.87 Y4.652 E.00342
G1 E-2 F2400
G1 X16.576 Y-4.421 F7800
G1 E2 F2400
;WIDTH:0.508665
G1 F900
G1 X16.548 Y-4.373 E.00308
G1 X16.493 Y-4.373 E.00305
G1 X16.465 Y-4.421 E.00308
G1 X16.493 Y-4.469 E.00308
G1 X16.548 Y-4.469 E.00305
M106 S234.6
;LAYER_CHANGE
;Z:14.15
;HEIGHT:0.299999
G1 E-2 F2400
G1 Z14.15 F7800
G1 E-8 F2400
T0
G1 Z14.15 F7800
G1 X16.509 Y4.18
G1 Z14.15
G1 E10 F2400
;TYPE:Perimeter
;WIDTH:0.45
G1 F3600
G1 X16.505 Y4.204 E.00117
G1 X14.505 Y4.089 E.09635
G1 X11.058 Y3.983 E.16587
G1 X5.775 Y3.978 E.25409
G1 X5.069 Y3.963 E.03396
G1 X2.353 Y4.018 E.13066
G1 X1.907 Y4.01 E.02145
G1 X.339 Y4.086 E.0755
G1 X-1.271 Y4.136 E.07747
G1 X-4.598 Y4.012 E.16013
G1 X-7.58 Y3.94 E.14347
G1 X-10.707 Y3.978 E.15041
G1 X-12.316 Y3.932 E.07742
G1 X-13.68 Y3.956 E.06561
G1 X-14.635 Y3.926 E.04595
G1 X-17.198 Y4.024 E.12336
G1 X-17.455 Y3.359 E.03429
G1 X-17.73 Y2.472 E.04466
G1 X-17.934 Y-.054 E.12189
G1 X-17.846 Y-2.61 E.12301
G1 X-17.396 Y-4.14 E.0767
G1 X-14.599 Y-3.969 E.13478
G1 X-13.916 Y-4.011 E.03291
G1 X-10.78 Y-4.037 E.15084
G1 X-7.696 Y-3.969 E.14837
G1 X-1.332 Y-4.145 E.3062
G1 X5.032 Y-3.96 E.30622
G1 X9.361 Y-3.992 E.20822
G1 X14.238 Y-3.909 E.2346
G1 X16.235 Y-4.015 E.09618
G1 X16.793 Y-2.403 E.08205
G1 X17.089 Y.058 E.11922
G1 X17.05 Y.476 E.02019
G1 X16.903 Y2.051 E.07608
G1 X16.821 Y2.702 E.03156
G1 X16.699 Y3.195 E.02443
G1 X16.521 Y4.121 E.04535
G1 X16.822 Y4.594 F7800
G1 F3600
G1 X16.819 Y4.608 E.00069
G1 X14.494 Y4.474 E.11201
G1 X11.058 Y4.368 E.16534
G1 X5.775 Y4.363 E.25409
G1 X5.077 Y4.348 E.03358
G1 X2.361 Y4.403 E.13066
G1 X1.926 Y4.395 E.02093
G1 X.355 Y4.471 E.07565
G1 X-1.272 Y4.522 E.07829
G1 X-4.612 Y4.397 E.16075
G1 X-7.589 Y4.326 E.14322
G1 X-10.71 Y4.364 E.15012
G1 X-12.328 Y4.317 E.07785
G1 X-13.673 Y4.341 E.0647
G1 X-14.622 Y4.312 E.04566
G1 X-16.95 Y4.393 E.11204
G1 X-17.455 Y4.429 E.02435
G1 X-17.82 Y3.485 E.04868
G1 X-18.111 Y2.546 E.04728
G1 X-18.321 Y-.045 E.12503
G1 X-18.23 Y-2.672 E.12643
G1 X-17.676 Y-4.554 E.09436
G1 X-17.012 Y-4.491 E.03208
G1 X-14.577 Y-4.354 E.1173
G1 X-13.932 Y-4.396 E.03109
G1 X-10.777 Y-4.423 E.15175
G1 X-7.706 Y-4.355 E.14774
G1 X-1.332 Y-4.531 E.30668
G1 X5.029 Y-4.346 E.30607
G1 X9.363 Y-4.378 E.20846
G1 X14.244 Y-4.295 E.23479
G1 X16.505 Y-4.415 E.1089
G1 X17.171 Y-2.49 E.09797
G1 X17.477 Y.053 E.12319
G1 X17.434 Y.512 E.02217
G1 X17.237 Y2.63 E.10231
G1 X17.078 Y3.268 E.03162
G1 X16.834 Y4.535 E.06206
G1 X17.135 Y5.007 F7800
;TYPE:External perimeter
G1 F1800
G1 X17.134 Y5.013 E.00029
G1 X14.482 Y4.86 E.12776
G1 X11.061 Y4.754 E.16462
G1 X5.774 Y4.749 E.25429
G1 X5.088 Y4.734 E.033
G1 X2.369 Y4.789 E.1308
G1 X1.945 Y4.78 E.0204
G1 X.37 Y4.856 E.07584
G1 X-1.274 Y4.908 E.07911
G1 X-4.627 Y4.782 E.16138
G1 X-7.599 Y4.711 E.14298
G1 X-10.713 Y4.75 E.14978
G1 X-12.346 Y4.703 E.07857
G1 X-13.958 Y4.732 E.07754
G1 X-14.608 Y4.697 E.03131
G1 X-16.923 Y4.778 E.11141
G1 X-17.713 Y4.834 E.03809
G1 X-18.184 Y3.612 E.06299
G1 X-18.492 Y2.619 E.05
G1 X-18.707 Y-.036 E.12811
G1 X-18.613 Y-2.734 E.12984
G1 X-17.956 Y-4.969 E.11204
G1 X-16.99 Y-4.876 E.04668
G1 X-14.556 Y-4.739 E.11725
G1 X-13.947 Y-4.782 E.02936
G1 X-10.774 Y-4.809 E.15262
G1 X-7.72 Y-4.74 E.14692
G1 X-1.331 Y-4.916 E.30741
G1 X5.023 Y-4.731 E.30573
G1 X9.365 Y-4.764 E.20884
G1 X14.251 Y-4.68 E.23503
G1 X16.767 Y-4.816 E.12119
G1 X17.535 Y-2.618 E.11198
;TYPE:Overhang perimeter
;WIDTH:0.4
;HEIGHT:0.4
M106 S255
G1 F3600
G1 X17.865 Y.048 E.14035
G1 X17.818 Y.548 E.02624
G1 X17.618 Y2.695 E.11266
G1 X17.51 Y3.128 E.02332
M106 S234.6
;TYPE:External perimeter
;WIDTH:0.45
;HEIGHT:0.3
G1 F1800
G1 X17.147 Y4.948 E.08926
G1 X16.749 Y4.989 F7800
G1 E-2 F2400
G1 X16.275 Y.013 F7800
G1 E2 F2400
;TYPE:Solid infill
;WIDTH:0.537444
G1 F1200
G1 X16.11 Y-1.338 E.08031
;WIDTH:0.541027
G1 X16.103 Y-1.378 E.00241
;WIDTH:0.585908
G1 X16.011 Y-1.547 E.01252
G1 X16.001 Y-1.629 E.00537
;WIDTH:0.586283
G1 X15.899 Y-2.643 E.06634
G1 X15.87 Y-3.637 E.06473
G1 X15.986 Y-3.643 E.00756
G1 X16.447 Y-2.294 E.0928
G1 X16.579 Y-1.395 E.05915
;WIDTH:0.537444
G1 X16.743 Y-.045 E.08024
;WIDTH:0.539009
G1 X16.75 Y.107 E.00901
;WIDTH:0.540446
G1 X16.614 Y1.556 E.08642
;WIDTH:0.588991
G1 X16.561 Y1.856 E.01993
;WIDTH:0.594954
G1 X16.493 Y2.523 E.04437
G1 X16.349 Y3.13 E.04128
;WIDTH:0.583134
G1 X16.214 Y3.831 E.04619
G1 X16.026 Y3.82 E.01218
G1 X15.945 Y2.656 E.07549
;WIDTH:0.594954
G1 X16.039 Y1.802 E.05686
;WIDTH:0.588991
G1 X16.14 Y1.511 E.02016
;WIDTH:0.540446
G1 X16.264 Y.205 E.0779
G1 E-2 F2400
G1 X9.29 Y-3.703 F7800
G1 E2 F2400
;TYPE:Internal infill
;WIDTH:0.45
G1 F4800
G1 X6.976 Y-3.685 E.1113
G1 X5.004 Y3.675 E.36648
G1 X3.701 Y3.701 E.06268
G1 X-3.784 Y-3.784 E.50912
G1 X-4.983 Y-3.752 E.05769
G1 X-6.971 Y3.666 E.36937
G1 X-9.284 Y3.672 E.11125
G1 E-2 F2400
G1 X-16.133 Y3.691 F7800
G1 E2 F2400
G1 F4800
G1 X-16.564 Y2.369 E.06688
G1 X-16.638 Y1.464 E.04367
G1 X2.769 Y-3.736 E.96634
G1 X4.494 Y-3.686 E.083
G1 X11.9 Y3.719 E.50371
G1 X10.987 Y3.693 E.04393
G1 X12.952 Y-3.642 E.36523
G1 X12.715 Y-3.646 E.0114
G1 X15.769 Y-.592 E.20773
G1 X15.693 Y-1.211 E.03
G1 X-2.948 Y3.784 E.9282
G1 X-4.453 Y3.728 E.07244
G1 X-11.919 Y-3.739 E.50786
G1 X-10.973 Y-3.746 E.0455
G1 X-12.956 Y3.654 E.36847
G1 X-12.711 Y3.65 E.01179
G1 X-16.75 Y-.39 E.27476
G1 X-16.671 Y-2.508 E.10194
G1 X-16.616 Y-2.694 E.00933
G1 E-2 F2400
G1 X-17.617 Y-.061 F7800
G1 E2 F2400
;TYPE:Solid infill
;WIDTH:0.50843
G1 F1200
G1 X-17.53 Y-2.531 E.13688
G1 X-17.489 Y-2.712 E.01028
;WIDTH:0.498838
G1 X-17.167 Y-3.807 E.06185
;WIDTH:0.497967
G1 X-16.723 Y-3.781 E.02405
G1 X-16.8 Y-3.519 E.01477
;WIDTH:0.50843
G1 X-17.086 Y-2.515 E.05782
G1 X-17.176 Y-.06 E.13606
;WIDTH:0.505443
G1 X-17.175 Y-.034 E.00143
;WIDTH:0.505825
G1 X-16.956 Y2.477 E.13878
;WIDTH:0.491811
G1 X-16.574 Y3.692 E.0679
;WIDTH:0.480824
G1 X-16.994 Y3.707 E.02183
;WIDTH:0.491811
G1 X-17.164 Y3.25 E.02599
;WIDTH:0.505825
G1 X-17.417 Y2.412 E.0482
G1 X-17.602 Y.131 E.126
G1 E-2 F2400
G1 X-1.298 Y-3.85 F7800
G1 E2 F2400
;TYPE:Internal infill
;WIDTH:0.45
G1 F4800
G1 X1.015 Y-3.787 E.11129
G1 X-1.029 Y3.839 E.37973
G1 X1.283 Y3.75 E.11128
M106 S237.15
;LAYER_CHANGE
;Z:14.45
;HEIGHT:0.3
G1 E-2 F2400
G1 Z14.45 F7800
G1 Z14.45
G1 X16.929 Y4.184
G1 E2 F2400
;TYPE:Perimeter
;WIDTH:0.45
G1 F3600
G1 X16.927 Y4.193 E.00044
G1 X15.019 Y4.093 E.09189
G1 X13.789 Y4.083 E.05916
G1 X10.968 Y3.996 E.13574
G1 X5.082 Y3.987 E.2831
G1 X1.94 Y4.044 E.15114
G1 X-1.279 Y4.145 E.1549
G1 X-4.982 Y4.009 E.17822
G1 X-7.728 Y3.956 E.1321
G1 X-10.589 Y3.984 E.13761
G1 X-12.463 Y3.929 E.09017
G1 X-13.915 Y3.944 E.06984
G1 X-14.711 Y3.905 E.03833
G1 X-17.054 Y3.994 E.11277
G1 X-17.569 Y4.031 E.02483
G1 X-17.972 Y2.987 E.05382
G1 X-18.13 Y2.489 E.02513
G1 X-18.335 Y-.054 E.12271
G1 X-18.249 Y-2.631 E.12401
G1 X-17.799 Y-4.16 E.07666
G1 X-17.101 Y-4.094 E.03372
G1 X-14.689 Y-3.961 E.11619
G1 X-13.759 Y-4.021 E.04482
G1 X-10.672 Y-4.047 E.14848
G1 X-7.801 Y-3.987 E.13812
G1 X-4.68 Y-4.049 E.15014
G1 X-1.338 Y-4.159 E.16083
G1 X5.01 Y-3.985 E.30543
G1 X8.824 Y-4.009 E.18344
G1 X14.208 Y-3.912 E.25899
G1 X14.852 Y-3.916 E.03097
G1 X16.667 Y-4.022 E.08744
G1 X17.229 Y-2.414 E.08193
G1 X17.524 Y.063 E.11998
G1 X17.485 Y.479 E.0201
G1 X17.333 Y2.131 E.07979
G1 X17.257 Y2.717 E.02842
G1 X17.054 Y3.533 E.04044
G1 X16.94 Y4.125 E.029
G1 X17.242 Y4.598 F7800
G1 F3600
G1 X15.016 Y4.478 E.10722
G1 X13.781 Y4.468 E.0594
G1 X10.967 Y4.382 E.13541
G1 X5.089 Y4.372 E.28271
G1 X1.94 Y4.43 E.15148
G1 X-1.28 Y4.531 E.15495
G1 X-4.99 Y4.395 E.17856
G1 X-7.735 Y4.342 E.13205
G1 X-10.593 Y4.369 E.13747
G1 X-12.474 Y4.315 E.09051
G1 X-13.936 Y4.329 E.07032
G1 X-14.696 Y4.29 E.0366
G1 X-17.027 Y4.379 E.11219
G1 X-17.826 Y4.435 E.03852
G1 X-18.355 Y3.065 E.07063
G1 X-18.511 Y2.562 E.02533
G1 X-18.721 Y-.045 E.12579
G1 X-18.633 Y-2.693 E.12743
G1 X-18.079 Y-4.575 E.09436
G1 X-17.08 Y-4.479 E.04827
G1 X-14.668 Y-4.346 E.11619
G1 X-13.775 Y-4.407 E.04305
G1 X-10.669 Y-4.433 E.14939
G1 X-7.809 Y-4.373 E.13759
G1 X-4.692 Y-4.434 E.14995
G1 X-1.339 Y-4.545 E.16136
G1 X5.021 Y-4.371 E.30601
G1 X8.826 Y-4.395 E.18301
G1 X14.207 Y-4.298 E.25885
G1 X14.829 Y-4.301 E.02992
G1 X16.916 Y-4.422 E.10055
G1 X17.059 Y-4.083 E.0177
G1 X17.607 Y-2.501 E.08052
G1 X17.912 Y.058 E.12395
G1 X17.869 Y.515 E.02208
G1 X17.717 Y2.166 E.07974
G1 X17.631 Y2.811 E.0313
G1 X17.433 Y3.606 E.0394
G1 X17.253 Y4.54 E.04575
G1 X17.553 Y5.02 F7800
;TYPE:External perimeter
G1 F1800
G1 X17.155 Y4.977 E.01925
G1 X15.013 Y4.864 E.10317
G1 X13.774 Y4.854 E.05959
G1 X10.966 Y4.767 E.13512
G1 X5.098 Y4.758 E.28223
G1 X1.954 Y4.815 E.15124
G1 X-1.281 Y4.917 E.15567
G1 X-4.997 Y4.781 E.17885
G1 X-7.746 Y4.727 E.13224
G1 X-10.596 Y4.755 E.13708
G1 X-12.485 Y4.7 E.09089
G1 X-13.957 Y4.714 E.0708
G1 X-14.682 Y4.675 E.03492
G1 X-17 Y4.763 E.11157
G1 X-18.083 Y4.84 E.05222
G1 X-18.719 Y3.192 E.08496
G1 X-18.892 Y2.636 E.02801
G1 X-19.107 Y-.036 E.12893
G1 X-19.017 Y-2.755 E.13085
G1 X-18.359 Y-4.989 E.11201
G1 X-17.059 Y-4.864 E.06281
G1 X-14.647 Y-4.731 E.11619
G1 X-13.791 Y-4.792 E.04128
G1 X-10.667 Y-4.818 E.15026
G1 X-7.819 Y-4.758 E.13701
G1 X-4.708 Y-4.819 E.14966
G1 X-1.34 Y-4.93 E.16208
G1 X5.035 Y-4.756 E.30673
G1 X8.828 Y-4.78 E.18243
G1 X14.205 Y-4.683 E.25866
G1 X14.807 Y-4.686 E.02895
G1 X17.165 Y-4.823 E.1136
G1 X17.419 Y-4.221 E.03143
G1 X17.971 Y-2.629 E.08104
;TYPE:Overhang perimeter
;WIDTH:0.4
;HEIGHT:0.4
M106 S255
G1 F3600
G1 X18.299 Y.053 E.14116
G1 X18.253 Y.55 E.02608
G1 X18.071 Y2.419 E.09811
M106 S237.15
;TYPE:External perimeter
;WIDTH:0.45
;HEIGHT:0.3
G1 F1800
G1 X18.008 Y2.887 E.02271
;TYPE:Overhang perimeter
;WIDTH:0.4
;HEIGHT:0.4
M106 S255
G1 F3600
G1 X17.865 Y3.466 E.03116
M106 S237.15
;TYPE:External perimeter
;WIDTH:0.45
;HEIGHT:0.3
G1 F1800
G1 X17.565 Y4.961 E.07334
G1 X17.165 Y4.977 F7800
G1 E-2 F2400
G1 X16.429 Y-3.659 F7800
G1 E2 F2400
;TYPE:Solid infill
;WIDTH:0.568527
G1 F1200
G1 X16.643 Y-3.101 E.03758
;WIDTH:0.539559
G1 X16.902 Y-2.339 E.0477
G1 X17.177 Y-.038 E.13734
;WIDTH:0.538946
G1 X17.184 Y.112 E.00889
;WIDTH:0.540606
G1 X16.962 Y2.506 E.14281
G1 X16.929 Y2.668 E.00982
;WIDTH:0.532353
G1 X16.739 Y3.458 E.04743
;WIDTH:0.554183
G1 X16.649 Y3.836 E.02374
G1 X16.131 Y3.809 E.03169
G1 X16.178 Y3.564 E.01524
G1 X16.31 Y3.297 E.0182
;WIDTH:0.540606
G1 X16.488 Y2.462 E.05071
G1 X16.712 Y.069 E.14276
;WIDTH:0.538946
G1 X16.709 Y.019 E.00296
;WIDTH:0.539559
G1 X16.433 Y-2.256 E.13582
G1 X16.394 Y-2.441 E.01121
;WIDTH:0.528934
G1 X16.207 Y-2.942 E.03098
;WIDTH:0.568527
G1 X16.091 Y-3.095 E.01207
G1 X15.906 Y-3.628 E.03548
G1 X16.237 Y-3.648 E.02085
G1 E-2 F2400
G1 X9.296 Y-3.711 F7800
G1 E2 F2400
;TYPE:Internal infill
;WIDTH:0.45
G1 F4800
G1 X6.982 Y-3.708 E.1113
G1 X4.997 Y3.699 E.36882
G1 X3.722 Y3.722 E.06133
G1 X-3.787 Y-3.787 E.51075
G1 X-4.983 Y-3.753 E.05755
G1 X-6.975 Y3.682 E.37021
G1 X-9.288 Y3.682 E.11125
G1 E-2 F2400
G1 X-16.428 Y3.688 F7800
G1 E2 F2400
G1 F4800
G1 X-16.551 Y3.694 E.00592
G1 X-16.964 Y2.385 E.06602
G1 X-17.031 Y1.569 E.03938
G1 X2.841 Y-3.755 E.98948
G1 X4.469 Y-3.711 E.07833
G1 X11.916 Y3.736 E.50654
G1 X10.983 Y3.707 E.0449
G1 X12.953 Y-3.645 E.36608
G1 X12.711 Y-3.65 E.01164
G1 X16.264 Y-.097 E.24167
G1 X16.115 Y-1.324 E.05945
G1 X-2.982 Y3.793 E.9509
G1 X-4.44 Y3.74 E.07017
G1 X-11.928 Y-3.747 E.50929
G1 X-10.97 Y-3.755 E.04608
G1 X-12.954 Y3.648 E.36862
G1 X-12.717 Y3.644 E.0114
G1 X-17.138 Y-.777 E.30071
G1 X-17.074 Y-2.529 E.08432
G1 X-16.916 Y-3.067 E.02697
G1 X-17.572 Y-3.824 F7800
;TYPE:Solid infill
;WIDTH:0.497968
G1 F1200
G1 X-17.132 Y-3.782 E.0239
G1 X-17.206 Y-3.531 E.01415
;WIDTH:0.508424
G1 X-17.489 Y-2.537 E.05724
G1 X-17.576 Y-.06 E.13727
;WIDTH:0.50545
G1 X-17.575 Y-.035 E.00138
;WIDTH:0.505881
G1 X-17.379 Y2.368 E.13276
G1 X-17.291 Y2.702 E.01902
;WIDTH:0.492405
G1 X-16.962 Y3.702 E.0562
;WIDTH:0.467771
G1 X-17.369 Y3.72 E.0205
G1 X-17.422 Y3.585 E.0073
;WIDTH:0.505881
G1 X-17.817 Y2.428 E.06732
G1 X-18.013 Y.001 E.13408
;WIDTH:0.50545
G1 X-18.018 Y-.062 E.00348
;WIDTH:0.508424
G1 X-17.933 Y-2.552 E.13799
G1 X-17.892 Y-2.733 E.01028
;WIDTH:0.498849
G1 X-17.626 Y-3.639 E.05117
G1 E-2 F2400
G1 X-1.293 Y-3.864 F7800
G1 E2 F2400
;TYPE:Internal infill
;WIDTH:0.45
G1 F4800
G1 X1.02 Y-3.805 E.11128
G1 X-1.031 Y3.848 E.38107
G1 X1.282 Y3.775 E.1113
;LAYER_CHANGE
;Z:14.75
;HEIGHT:0.3
G1 E-2 F2400
G1 Z14.75 F7800
G1 Z14.75
G1 X17.348 Y4.194
G1 E2 F2400
;TYPE:Perimeter
;WIDTH:0.45
G1 F3600
G1 X15.519 Y4.094 E.0881
G1 X14.226 Y4.099 E.06219
G1 X10.876 Y4.009 E.16118
G1 X5.074 Y4.004 E.27906
G1 X1.928 Y4.054 E.15133
G1 X-1.287 Y4.154 E.15471
G1 X-5.221 Y4.012 E.18933
G1 X-8.04 Y3.962 E.13561
G1 X-10.473 Y3.989 E.11703
G1 X-12.61 Y3.927 E.10283
G1 X-13.741 Y3.936 E.0544
G1 X-14.787 Y3.883 E.05037
G1 X-17.131 Y3.98 E.11283
G1 X-17.937 Y4.037 E.03886
G1 X-18.531 Y2.476 E.08033
G1 X-18.718 Y-.058 E.12221
G1 X-18.651 Y-2.655 E.12495
G1 X-18.202 Y-4.181 E.07651
G1 X-17.168 Y-4.082 E.04996
G1 X-14.779 Y-3.953 E.11507
G1 X-13.603 Y-4.032 E.05669
G1 X-10.565 Y-4.057 E.14612
G1 X-7.72 Y-3.996 E.13687
G1 X-4.655 Y-4.056 E.14744
G1 X-2.149 Y-4.127 E.12058
G1 X-1.336 Y-4.172 E.03916
G1 X4.997 Y-4.001 E.30471
G1 X8.289 Y-4.026 E.15834
G1 X12.762 Y-3.955 E.21516
G1 X14.061 Y-3.916 E.06251
G1 X15.368 Y-3.923 E.06286
G1 X17.066 Y-4.027 E.08182
G1 X17.311 Y-3.448 E.03024
G1 X17.665 Y-2.425 E.05207
G1 X17.958 Y.068 E.12073
G1 X17.921 Y.481 E.01994
G1 X17.728 Y2.596 E.10215
G1 X17.421 Y3.82 E.06069
G1 X17.359 Y4.135 E.01544
G1 X17.659 Y4.615 F7800
G1 F3600
G1 X17.218 Y4.569 E.02133
G1 X15.52 Y4.48 E.08178
G1 X14.222 Y4.484 E.06243
G1 X10.875 Y4.395 E.16104
G1 X5.086 Y4.39 E.27843
G1 X1.934 Y4.44 E.15162
G1 X-1.288 Y4.54 E.15504
G1 X-5.227 Y4.397 E.18958
G1 X-8.035 Y4.348 E.13508
G1 X-10.477 Y4.375 E.11746
G1 X-12.621 Y4.312 E.10316
G1 X-13.762 Y4.321 E.05488
G1 X-14.771 Y4.268 E.0486
G1 X-17.103 Y4.364 E.11226
G1 X-18.195 Y4.442 E.05266
G1 X-18.912 Y2.561 E.09682
G1 X-19.104 Y-.049 E.12587
G1 X-19.035 Y-2.716 E.12832
G1 X-18.482 Y-4.595 E.09421
G1 X-17.147 Y-4.467 E.0645
G1 X-14.758 Y-4.338 E.11507
G1 X-13.619 Y-4.418 E.05492
G1 X-10.562 Y-4.442 E.14704
G1 X-7.727 Y-4.382 E.13638
G1 X-4.671 Y-4.441 E.14701
G1 X-2.16 Y-4.513 E.12082
G1 X-1.341 Y-4.558 E.03945
G1 X5.008 Y-4.387 E.30548
G1 X8.29 Y-4.411 E.15786
G1 X12.771 Y-4.34 E.21555
G1 X14.059 Y-4.302 E.06198
G1 X15.345 Y-4.308 E.06185
G1 X17.315 Y-4.429 E.09493
G1 X17.671 Y-3.586 E.04401
G1 X18.043 Y-2.512 E.05467
G1 X18.346 Y.063 E.1247
G1 X18.305 Y.516 E.02188
G1 X18.109 Y2.66 E.10355
G1 X17.795 Y3.914 E.06218
G1 X17.671 Y4.557 E.0315
G1 X17.971 Y5.037 F7800
;TYPE:External perimeter
G1 F1800
G1 X17.197 Y4.954 E.03744
G1 X15.521 Y4.865 E.08072
G1 X14.217 Y4.87 E.06272
G1 X10.878 Y4.781 E.16065
G1 X5.089 Y4.775 E.27843
G1 X1.94 Y4.825 E.15148
G1 X-1.289 Y4.925 E.15538
G1 X-5.234 Y4.783 E.18986
G1 X-8.031 Y4.733 E.13455
G1 X-10.48 Y4.76 E.1178
G1 X-12.632 Y4.698 E.10355
G1 X-13.783 Y4.706 E.05536
G1 X-14.755 Y4.654 E.04682
G1 X-17.076 Y4.749 E.11173
G1 X-18.453 Y4.847 E.0664
G1 X-19.292 Y2.645 E.11334
G1 X-19.49 Y-.039 E.12944
G1 X-19.42 Y-2.776 E.13168
G1 X-18.762 Y-5.01 E.11201
G1 X-17.127 Y-4.852 E.079
G1 X-14.737 Y-4.723 E.11512
G1 X-13.634 Y-4.803 E.05319
G1 X-10.56 Y-4.828 E.14785
G1 X-7.735 Y-4.767 E.1359
G1 X-4.679 Y-4.826 E.14701
G1 X-2.171 Y-4.898 E.12068
G1 X-1.347 Y-4.944 E.03969
G1 X5.018 Y-4.772 E.30625
G1 X8.292 Y-4.797 E.15747
G1 X12.78 Y-4.726 E.21588
G1 X14.057 Y-4.687 E.06145
G1 X15.321 Y-4.693 E.06079
G1 X17.564 Y-4.831 E.10808
G1 X18.031 Y-3.725 E.05774
G1 X18.407 Y-2.639 E.05527
;TYPE:Overhang perimeter
;WIDTH:0.4
;HEIGHT:0.4
M106 S255
G1 F3600
G1 X18.734 Y.058 E.14194
G1 X18.689 Y.551 E.02586
G1 X18.49 Y2.725 E.11406
G1 X18.221 Y3.801 E.05795
M106 S237.15
;TYPE:External perimeter
;WIDTH:0.45
;HEIGHT:0.3
G1 F1800
G1 X17.983 Y4.978 E.05776
G1 X17.583 Y4.994 F7800
G1 E-2 F2400
G1 X17.144 Y.024 F7800
G1 E2 F2400
;TYPE:Solid infill
;WIDTH:0.539626
G1 F1200
G1 X16.868 Y-2.269 E.1369
G1 X16.832 Y-2.445 E.01065
;WIDTH:0.52033
G1 X16.406 Y-3.666 E.07354
;WIDTH:0.51285
G1 X16.859 Y-3.694 E.02539
G1 X16.921 Y-3.547 E.00892
;WIDTH:0.52033
G1 X17.01 Y-3.324 E.01365
;WIDTH:0.539626
G1 X17.337 Y-2.35 E.0609
G1 X17.612 Y-.032 E.13836
;WIDTH:0.53896
G1 X17.619 Y.117 E.00883
;WIDTH:0.540633
G1 X17.399 Y2.523 E.14351
G1 X17.363 Y2.694 E.01038
;WIDTH:0.533824
G1 X17.087 Y3.848 E.06947
;WIDTH:0.525338
G1 X16.632 Y3.824 E.0262
;WIDTH:0.533824
G1 X16.756 Y3.204 E.03702
;WIDTH:0.540633
G1 X16.924 Y2.479 E.04421
G1 X17.133 Y.217 E.13494
G1 E-2 F2400
G1 X9.301 Y-3.72 F7800
G1 E2 F2400
;TYPE:Internal infill
;WIDTH:0.45
G1 F4800
G1 X6.987 Y-3.727 E.1113
G1 X4.993 Y3.716 E.37061
G1 X3.736 Y3.736 E.06047
G1 X-3.794 Y-3.794 E.51218
G1 X-4.981 Y-3.76 E.05711
G1 X-6.977 Y3.691 E.371
G1 X-9.291 Y3.687 E.1113
G1 E-2 F2400
G1 X-16.701 Y3.672 F7800
G1 E2 F2400
G1 F4800
G1 X-16.934 Y3.682 E.01122
G1 X-17.105 Y3.237 E.02293
G1 X-17.364 Y2.402 E.04205
G1 X-17.423 Y1.674 E.03513
G1 X2.891 Y-3.769 E1.0115
G1 X4.454 Y-3.727 E.0752
G1 X11.928 Y3.748 E.50841
G1 X10.979 Y3.723 E.04566
G1 X12.957 Y-3.66 E.36762
G1 X12.694 Y-3.667 E.01265
G1 X16.692 Y.332 E.27197
G1 X16.717 Y.063 E.01299
G1 X16.537 Y-1.437 E.07266
G1 X-3.015 Y3.802 E.97356
G1 X-4.429 Y3.751 E.06805
G1 X-11.936 Y-3.756 E.51062
G1 X-10.968 Y-3.764 E.04656
G1 X-12.953 Y3.644 E.36887
G1 X-12.721 Y3.64 E.01116
G1 X-17.526 Y-1.165 E.32683
G1 X-17.507 Y-1.711 E.02628
G1 X-16.952 Y-3.781 E.10308
G1 X-14.642 Y-3.669 E.11123
G1 E-2 F2400
G1 X-18.405 Y-.076 F7800
G1 E2 F2400
;TYPE:Solid infill
;WIDTH:0.507809
G1 F1200
G1 X-18.335 Y-2.576 E.13832
G1 X-18.295 Y-2.754 E.01009
;WIDTH:0.498861
G1 X-17.975 Y-3.844 E.06156
;WIDTH:0.497968
G1 X-17.536 Y-3.803 E.02384
G1 X-17.609 Y-3.551 E.01419
;WIDTH:0.507809
G1 X-17.892 Y-2.563 E.05684
G1 X-17.973 Y-.063 E.13834
;WIDTH:0.497007
G1 X-17.971 Y-.037 E.00141
;WIDTH:0.505102
G1 X-17.782 Y2.34 E.13107
G1 X-17.75 Y2.508 E.0094
;WIDTH:0.479342
G1 X-17.339 Y3.704 E.06545
;WIDTH:0.450803
G1 X-17.742 Y3.733 E.01947
;WIDTH:0.450991
G1 X-17.836 Y3.486 E.01274
;WIDTH:0.478046
G1 X-18.029 Y2.93 E.03037
;WIDTH:0.505102
G1 X-18.221 Y2.374 E.03233
G1 X-18.392 Y.116 E.12448
G1 E-2 F2400
G1 X-1.289 Y-3.875 F7800
G1 E2 F2400
;TYPE:Internal infill
;WIDTH:0.45
G1 F4800
G1 X1.023 Y-3.819 E.11123
G1 X-1.033 Y3.856 E.38216
G1 X1.279 Y3.785 E.11125
;LAYER_CHANGE
;Z:15.05
;HEIGHT:0.3
G1 E-2 F2400
G1 Z15.05 F7800
G1 Z15.05
G1 X17.764 Y4.21
G1 E2 F2400
;TYPE:Perimeter
;WIDTH:0.45
G1 F3600
G1 X17.28 Y4.16 E.0234
G1 X16.03 Y4.096 E.0602
G1 X14.061 Y4.103 E.0947
G1 X10.781 Y4.023 E.1578
G1 X7.858 Y4.031 E.14059
G1 X5.028 Y4.01 E.13612
G1 X1.912 Y4.065 E.14989
G1 X-1.294 Y4.162 E.15427
G1 X-5.459 Y4.014 E.20045
G1 X-8.214 Y3.969 E.13252
G1 X-10.379 Y3.993 E.10414
G1 X-12.756 Y3.925 E.11437
G1 X-13.421 Y3.936 E.03199
G1 X-14.862 Y3.861 E.0694
G1 X-17.207 Y3.965 E.1129
G1 X-18.31 Y4.044 E.05319
G1 X-18.716 Y2.929 E.05707
G1 X-18.895 Y2.341 E.02956
G1 X-19.035 Y.199 E.10324
G1 X-18.994 Y-2.429 E.12641
G1 X-18.948 Y-2.795 E.01774
G1 X-18.603 Y-4.201 E.06963
G1 X-17.237 Y-4.07 E.066
G1 X-14.747 Y-3.947 E.11991
G1 X-13.447 Y-4.043 E.0627
G1 X-10.461 Y-4.064 E.14362
G1 X-7.635 Y-4.005 E.13595
G1 X-2.462 Y-4.125 E.24887
G1 X-1.346 Y-4.186 E.05376
G1 X4.959 Y-4.009 E.30337
G1 X7.942 Y-4.04 E.14348
G1 X11.944 Y-3.979 E.1925
G1 X13.913 Y-3.92 E.09474
G1 X15.827 Y-3.928 E.09206
G1 X17.469 Y-4.025 E.07911
G1 X17.922 Y-2.951 E.05606
G1 X18.101 Y-2.437 E.02618
G1 X18.393 Y.073 E.12154
G1 X18.356 Y.482 E.01975
G1 X18.164 Y2.611 E.10281
G1 X17.779 Y4.151 E.07635
G1 X18.077 Y4.633 F7800
G1 F3600
G1 X17.259 Y4.545 E.03957
G1 X16.031 Y4.481 E.05914
G1 X14.057 Y4.489 E.09494
G1 X10.782 Y4.408 E.15756
G1 X7.857 Y4.416 E.14068
G1 X5.035 Y4.396 E.13573
G1 X1.919 Y4.45 E.14989
G1 X-1.295 Y4.548 E.15465
G1 X-5.465 Y4.4 E.20069
G1 X-8.21 Y4.354 E.13204
G1 X-10.382 Y4.378 E.10447
G1 X-12.768 Y4.31 E.1148
G1 X-13.428 Y4.321 E.03175
G1 X-14.845 Y4.247 E.06825
G1 X-17.18 Y4.35 E.11241
G1 X-18.568 Y4.448 E.06692
G1 X-19.164 Y2.818 E.08347
G1 X-19.279 Y2.377 E.02192
G1 X-19.419 Y.224 E.10377
G1 X-19.377 Y-2.588 E.13526
G1 X-19.322 Y-2.886 E.01457
G1 X-18.886 Y-4.616 E.08581
G1 X-17.216 Y-4.455 E.08069
G1 X-14.776 Y-4.331 E.11751
G1 X-13.462 Y-4.428 E.06337
G1 X-10.458 Y-4.449 E.14449
G1 X-7.644 Y-4.391 E.13537
G1 X-2.471 Y-4.51 E.24887
G1 X-1.351 Y-4.572 E.05395
G1 X4.969 Y-4.394 E.30409
G1 X7.943 Y-4.426 E.14305
G1 X11.953 Y-4.365 E.19289
G1 X13.911 Y-4.306 E.09422
G1 X15.825 Y-4.314 E.09206
G1 X17.716 Y-4.431 E.09112
G1 X18.283 Y-3.09 E.07003
G1 X18.479 Y-2.523 E.02885
G1 X18.78 Y.068 E.12546
G1 X18.74 Y.517 E.02168
G1 X18.545 Y2.676 E.10426
G1 X18.243 Y3.883 E.05984
G1 X18.09 Y4.574 E.03404
G1 X18.388 Y5.054 F7800
;TYPE:External perimeter
G1 F1800
G1 X17.239 Y4.931 E.05558
G1 X16.033 Y4.867 E.05809
G1 X14.053 Y4.874 E.09523
G1 X10.783 Y4.794 E.15732
G1 X7.856 Y4.802 E.14078
G1 X5.044 Y4.781 E.13525
G1 X1.926 Y4.836 E.14999
G1 X-1.296 Y4.934 E.15504
G1 X-5.471 Y4.785 E.20093
G1 X-8.206 Y4.74 E.13156
G1 X-10.386 Y4.764 E.10486
G1 X-12.779 Y4.695 E.11514
G1 X-13.435 Y4.707 E.03156
G1 X-14.828 Y4.632 E.0671
G1 X-17.153 Y4.735 E.11193
G1 X-18.825 Y4.853 E.08062
G1 X-19.171 Y3.955 E.04629
G1 X-19.574 Y2.818 E.05802
G1 X-19.663 Y2.412 E.01999
G1 X-19.804 Y.249 E.10425
G1 X-19.759 Y-2.784 E.14589
G1 X-19.697 Y-2.978 E.0098
G1 X-19.334 Y-4.456 E.0732
G1 X-19.166 Y-5.03 E.02877
G1 X-17.195 Y-4.84 E.09524
G1 X-14.804 Y-4.716 E.11515
G1 X-13.478 Y-4.814 E.06395
G1 X-10.456 Y-4.835 E.14535
G1 X-7.652 Y-4.776 E.13489
G1 X-2.48 Y-4.896 E.24882
G1 X-1.356 Y-4.958 E.05414
G1 X4.98 Y-4.78 E.30486
G1 X7.944 Y-4.811 E.14257
G1 X11.961 Y-4.75 E.19323
G1 X13.91 Y-4.691 E.09378
G1 X15.823 Y-4.7 E.09201
G1 X17.963 Y-4.837 E.10314
G1 X18.643 Y-3.228 E.08401
G1 X18.843 Y-2.65 E.02942
;TYPE:Overhang perimeter
;WIDTH:0.4
;HEIGHT:0.4
M106 S255
G1 F3600
G1 X19.168 Y.063 E.14275
G1 X19.124 Y.552 E.02565
G1 X18.938 Y2.516 E.10307
M106 S237.15
;TYPE:External perimeter
;WIDTH:0.45
;HEIGHT:0.3
G1 F1800
G1 X18.881 Y2.916 E.01943
;TYPE:Overhang perimeter
;WIDTH:0.4
;HEIGHT:0.4
M106 S255
G1 F3600
G1 X18.576 Y4.144 E.06611
M106 S237.15
;TYPE:External perimeter
;WIDTH:0.45
;HEIGHT:0.3
G1 F1800
G1 X18.4 Y4.995 E.0418
G1 X18.001 Y5.011 F7800
G1 E-2 F2400
G1 X17.268 Y-3.699 F7800
G1 E2 F2400
;TYPE:Solid infill
;WIDTH:0.494613
G1 F1200
G1 X17.327 Y-3.559 E.00815
;WIDTH:0.520329
G1 X17.616 Y-2.842 E.04396
;WIDTH:0.539687
G1 X17.773 Y-2.362 E.02994
G1 X18.047 Y-.026 E.13943
;WIDTH:0.538974
G1 X18.053 Y.121 E.00871
;WIDTH:0.540659
G1 X17.835 Y2.537 E.1441
G1 X17.798 Y2.714 E.01074
;WIDTH:0.532303
G1 X17.512 Y3.859 E.06888
;WIDTH:0.529868
G1 X17.056 Y3.824 E.02655
;WIDTH:0.531835
G1 X17.124 Y3.481 E.02039
;WIDTH:0.540659
G1 X17.36 Y2.494 E.06028
G1 X17.581 Y.079 E.14406
;WIDTH:0.538974
G1 X17.579 Y.03 E.0029
;WIDTH:0.539687
G1 X17.304 Y-2.281 E.13797
G1 X17.191 Y-2.679 E.02453
;WIDTH:0.520329
G1 X16.833 Y-3.674 E.06014
;WIDTH:0.494613
G1 X17.076 Y-3.688 E.01306
G1 E-2 F2400
G1 X9.304 Y-3.73 F7800
G1 E2 F2400
;TYPE:Internal infill
;WIDTH:0.45
G1 F4800
G1 X6.991 Y-3.741 E.11125
G1 X4.991 Y3.722 E.37161
G1 X3.744 Y3.744 E.05999
G1 X-3.804 Y-3.804 E.51341
G1 X-4.976 Y-3.777 E.05638
G1 X-6.98 Y3.699 E.37226
G1 X-9.293 Y3.692 E.11125
G1 E-2 F2400
G1 X-14.645 Y-3.667 F7800
G1 E2 F2400
G1 F4800
G1 X-16.956 Y-3.766 E.11125
G1 X-17.961 Y-.017 E.18668
G1 X-17.816 Y1.78 E.08671
G1 X2.921 Y-3.777 E1.03257
G1 X4.446 Y-3.734 E.07338
G1 X11.942 Y3.762 E.50987
G1 X10.975 Y3.738 E.04652
G1 X12.957 Y-3.659 E.36832
G1 X12.693 Y-3.667 E.0127
G1 X17.091 Y.73 E.29911
G1 X17.152 Y.068 E.03197
G1 X16.959 Y-1.55 E.07837
G1 X-3.047 Y3.81 E.99616
G1 X-4.419 Y3.762 E.06603
G1 X-11.944 Y-3.764 E.51188
G1 X-10.966 Y-3.771 E.04704
G1 X-12.952 Y3.639 E.36897
G1 X-12.724 Y3.636 E.01097
G1 X-17.915 Y-1.554 E.35305
G1 X-17.881 Y-2.572 E.04899
G1 X-17.509 Y-3.806 E.06199
G1 X-18.368 Y-3.869 F7800
;TYPE:Solid infill
;WIDTH:0.487285
G1 F1200
G1 X-17.932 Y-3.828 E.0231
G1 X-18.279 Y-2.576 E.06853
;WIDTH:0.474991
G1 X-18.34 Y-.465 E.10816
;WIDTH:0.462222
G1 X-18.355 Y-.041 E.02105
;WIDTH:0.479036
G1 X-18.17 Y2.339 E.12346
G1 X-18.135 Y2.53 E.01004
;WIDTH:0.454927
G1 X-17.709 Y3.709 E.06106
G1 X-18.114 Y3.737 E.01978
G1 X-18.164 Y3.598 E.0072
;WIDTH:0.479036
G1 X-18.584 Y2.37 E.06712
G1 X-18.752 Y-.008 E.12329
;WIDTH:0.462242
G1 X-18.732 Y-.472 E.02305
;WIDTH:0.474991
G1 X-18.689 Y-2.586 E.10829
G1 X-18.656 Y-2.755 E.00882
;WIDTH:0.484083
G1 X-18.416 Y-3.683 E.05018
G1 E-2 F2400
G1 X-1.286 Y-3.887 F7800
G1 E2 F2400
;TYPE:Internal infill
;WIDTH:0.45
G1 F4800
G1 X1.026 Y-3.83 E.11123
G1 X-1.036 Y3.865 E.38316
G1 X1.277 Y3.795 E.1113
M106 S234.6
;LAYER_CHANGE
;Z:15.35
;HEIGHT:0.3
G1 E-2 F2400
G1 Z15.35 F7800
G1 Z15.35
G1 X18.19 Y4.229
G1 E2 F2400
;TYPE:Perimeter
;WIDTH:0.45
G1 F3600
G1 X17.322 Y4.137 E.04198
G1 X16.541 Y4.097 E.03761
G1 X13.896 Y4.107 E.12722
G1 X10.695 Y4.036 E.15399
G1 X5.003 Y4.016 E.27377
G1 X1.896 Y4.075 E.14946
G1 X-1.302 Y4.171 E.15388
G1 X-5.697 Y4.016 E.21152
G1 X-8.389 Y3.975 E.12949
G1 X-10.289 Y3.996 E.09139
G1 X-12.903 Y3.922 E.12577
G1 X-13.247 Y3.927 E.01655
G1 X-14.935 Y3.84 E.08129
G1 X-17.259 Y3.943 E.11189
G1 X-18.629 Y4.042 E.06606
G1 X-19.192 Y2.456 E.08094
G1 X-19.254 Y1.932 E.02538
G1 X-19.367 Y.204 E.08329
G1 X-19.369 Y-.304 E.02443
G1 X-19.337 Y-.845 E.02607
G1 X-19.307 Y-2.663 E.08745
G1 X-19.173 Y-3.087 E.02139
G1 X-18.898 Y-4.206 E.05542
G1 X-17.521 Y-4.073 E.06654
G1 X-14.838 Y-3.939 E.1292
G1 X-13.291 Y-4.053 E.07461
G1 X-10.36 Y-4.068 E.14097
G1 X-7.554 Y-4.014 E.13498
G1 X-2.771 Y-4.122 E.2301
G1 X-1.356 Y-4.2 E.06816
G1 X4.92 Y-4.017 E.30198
G1 X7.418 Y-4.045 E.12015
G1 X9.553 Y-4.027 E.10269
G1 X11.125 Y-4.004 E.07562
G1 X13.766 Y-3.924 E.12708
G1 X16.34 Y-3.935 E.1238
G1 X17.862 Y-4.038 E.07337
G1 X18.54 Y-2.417 E.08451
G1 X18.827 Y.078 E.12079
G1 X18.791 Y.483 E.01956
G1 X18.6 Y2.627 E.10353
G1 X18.211 Y4.181 E.07705
G1 X18.494 Y4.65 F7800
G1 F3600
G1 X17.332 Y4.525 E.05621
G1 X16.543 Y4.483 E.038
G1 X13.892 Y4.493 E.1275
G1 X10.694 Y4.422 E.15385
G1 X4.989 Y4.402 E.27439
G1 X1.904 Y4.46 E.1484
G1 X-1.303 Y4.557 E.15432
G1 X-5.703 Y4.402 E.21176
G1 X-8.384 Y4.361 E.12896
G1 X-10.293 Y4.382 E.09182
G1 X-12.914 Y4.308 E.12611
G1 X-13.254 Y4.313 E.01635
G1 X-14.918 Y4.225 E.08014
G1 X-17.231 Y4.327 E.11136
G1 X-18.894 Y4.448 E.0802
G1 X-19.569 Y2.544 E.09716
G1 X-19.639 Y1.967 E.02796
G1 X-19.753 Y.212 E.08459
G1 X-19.692 Y-2.726 E.14134
G1 X-19.547 Y-3.179 E.02288
G1 X-19.193 Y-4.622 E.07146
G1 X-17.499 Y-4.458 E.08186
G1 X-14.867 Y-4.324 E.12675
G1 X-13.306 Y-4.439 E.07528
G1 X-10.357 Y-4.454 E.14184
G1 X-7.562 Y-4.4 E.13445
G1 X-2.779 Y-4.507 E.2301
G1 X-1.361 Y-4.586 E.06831
G1 X4.931 Y-4.402 E.30275
G1 X7.417 Y-4.431 E.11958
G1 X9.558 Y-4.413 E.10298
G1 X11.133 Y-4.389 E.07576
G1 X13.764 Y-4.31 E.1266
G1 X16.338 Y-4.321 E.1238
G1 X18.111 Y-4.442 E.08547
G1 X18.917 Y-2.515 E.10046
G1 X19.215 Y.073 E.1253
G1 X19.175 Y.517 E.02144
G1 X18.982 Y2.691 E.10497
G1 X18.509 Y4.591 E.09417
G1 X18.806 Y5.071 F7800
;TYPE:External perimeter
G1 F1800
G1 X17.291 Y4.908 E.07329
G1 X16.544 Y4.868 E.03598
G1 X13.889 Y4.878 E.1277
G1 X10.695 Y4.807 E.15366
G1 X5.001 Y4.788 E.27386
G1 X1.911 Y4.846 E.14864
G1 X-1.304 Y4.943 E.1547
G1 X-5.708 Y4.787 E.21195
G1 X-8.38 Y4.746 E.12853
G1 X-10.296 Y4.768 E.09216
G1 X-12.925 Y4.693 E.1265
G1 X-13.261 Y4.699 E.01616
G1 X-14.901 Y4.61 E.07899
G1 X-17.203 Y4.712 E.11083
G1 X-19.16 Y4.854 E.09437
G1 X-19.947 Y2.633 E.11333
G1 X-20.023 Y2.003 E.03052
G1 X-20.138 Y.237 E.08512
G1 X-20.139 Y-.351 E.02828
G1 X-20.108 Y-.858 E.02443
G1 X-20.076 Y-2.79 E.09294
G1 X-19.922 Y-3.271 E.02429
G1 X-19.488 Y-5.038 E.08751
G1 X-17.477 Y-4.843 E.09718
G1 X-14.898 Y-4.708 E.12421
G1 X-13.321 Y-4.824 E.07605
G1 X-10.354 Y-4.84 E.1427
G1 X-7.571 Y-4.785 E.13388
G1 X-2.788 Y-4.893 E.2301
G1 X-1.366 Y-4.972 E.0685
G1 X4.942 Y-4.788 E.30352
G1 X7.417 Y-4.816 E.11905
G1 X9.563 Y-4.799 E.10322
G1 X11.142 Y-4.775 E.07595
G1 X13.762 Y-4.695 E.12607
G1 X16.337 Y-4.706 E.12385
G1 X18.36 Y-4.846 E.09753
G1 X19.281 Y-2.644 E.1148
;TYPE:Overhang perimeter
;WIDTH:0.4
;HEIGHT:0.4
M106 S255
G1 F3600
G1 X19.603 Y.068 E.14268
G1 X19.559 Y.551 E.02534
G1 X19.363 Y2.756 E.11565
G1 X18.932 Y4.477 E.09269
M106 S234.6
;TYPE:External perimeter
;WIDTH:0.45
;HEIGHT:0.3
G1 F1800
G1 X18.818 Y5.012 E.02631
G1 X18.418 Y5.028 F7800
G1 E-2 F2400
G1 X18.013 Y.035 F7800
G1 E2 F2400
;TYPE:Solid infill
;WIDTH:0.539669
G1 F1200
G1 X17.745 Y-2.243 E.13597
G1 X17.697 Y-2.466 E.01352
;WIDTH:0.506233
G1 X17.341 Y-3.442 E.05725
;WIDTH:0.473767
G1 X17.236 Y-3.694 E.01394
G1 X17.667 Y-3.723 E.02206
G1 X17.724 Y-3.588 E.00748
;WIDTH:0.506233
G1 X18.109 Y-2.624 E.05721
;WIDTH:0.539669
G1 X18.213 Y-2.332 E.01838
G1 X18.482 Y-.02 E.13798
;WIDTH:0.538985
G1 X18.488 Y.125 E.00859
;WIDTH:0.540684
G1 X18.271 Y2.553 E.14482
G1 X18.235 Y2.727 E.01056
;WIDTH:0.532301
G1 X17.95 Y3.874 E.06898
;WIDTH:0.528566
G1 X17.485 Y3.827 E.02706
G1 X17.548 Y3.568 E.01543
;WIDTH:0.540684
G1 X17.797 Y2.51 E.06457
G1 X18.002 Y.227 E.13617
G1 E-2 F2400
G1 X9.307 Y-3.74 F7800
G1 E2 F2400
;TYPE:Internal infill
;WIDTH:0.45
G1 F4800
G1 X6.993 Y-3.751 E.1113
G1 X4.99 Y3.727 E.37234
G1 X3.751 Y3.751 E.0596
G1 X-3.809 Y-3.809 E.51422
G1 X-4.975 Y-3.783 E.05609
G1 X-6.982 Y3.707 E.37295
G1 X-9.295 Y3.696 E.11125
G1 E-2 F2400
G1 X-14.649 Y-3.665 F7800
G1 E2 F2400
G1 F4800
G1 X-16.959 Y-3.754 E.11119
G1 X-18.261 Y1.106 E.24199
G1 X-18.204 Y1.884 E.03752
G1 X2.951 Y-3.785 E1.05338
G1 X4.439 Y-3.742 E.0716
G1 X11.955 Y3.775 E.51126
G1 X10.971 Y3.753 E.04734
G1 X12.957 Y-3.659 E.36907
G1 X12.693 Y-3.667 E.0127
G1 X17.49 Y1.129 E.32625
G1 X17.586 Y.073 E.051
G1 X17.382 Y-1.663 E.08407
G1 X-3.078 Y3.819 E1.01877
G1 X-4.408 Y3.772 E.06401
G1 X-11.951 Y-3.771 E.51307
G1 X-10.965 Y-3.776 E.04742
G1 X-12.95 Y3.634 E.36896
G1 X-12.723 Y3.638 E.01092
G1 X-18.299 Y-1.939 E.37931
G1 X-18.282 Y-2.597 E.03166
G1 X-17.922 Y-3.821 E.06136
G1 X-17.545 Y-3.785 E.01821
G1 E-2 F2400
G1 X-19.099 Y-.079 F7800
G1 E2 F2400
;TYPE:Solid infill
;WIDTH:0.437293
G1 F1200
G1 X-19.06 Y-.841 E.03549
;WIDTH:0.432515
G1 X-19.028 Y-2.59 E.08032
G1 X-18.907 Y-3.025 E.02073
;WIDTH:0.433592
G1 X-18.683 Y-3.903 E.04173
G1 X-18.302 Y-3.866 E.01763
G1 X-18.66 Y-2.582 E.06138
;WIDTH:0.432515
G1 X-18.7 Y-.835 E.08024
;WIDTH:0.424372
G1 X-18.701 Y-.82 E.00067
;WIDTH:0.437027
G1 X-18.726 Y-.046 E.03599
;WIDTH:0.446671
G1 X-18.587 Y1.873 E.09174
G1 X-18.515 Y2.51 E.03057
;WIDTH:0.425428
G1 X-18.059 Y3.723 E.05836
G1 X-18.439 Y3.751 E.01716
G1 X-18.842 Y2.631 E.0536
;WIDTH:0.436425
G1 X-18.908 Y2.411 E.01066
;WIDTH:0.446671
G1 X-18.968 Y1.905 E.0243
G1 X-19.089 Y.114 E.08559
G1 E-2 F2400
G1 X-1.283 Y-3.909 F7800
G1 E2 F2400
;TYPE:Internal infill
;WIDTH:0.45
G1 F4800
G1 X1.029 Y-3.841 E.11125
G1 X-1.038 Y3.874 E.38415
G1 X1.275 Y3.804 E.1113
;LAYER_CHANGE
;Z:15.65
;HEIGHT:0.299999
G1 E-2 F2400
G1 Z15.65 F7800
G1 Z15.65
G1 X18.62 Y4.253
G1 E2 F2400
;TYPE:Perimeter
;WIDTH:0.45
G1 F3600
G1 X17.054 Y4.099 E.07568
G1 X13.731 Y4.111 E.15983
G1 X10.565 Y4.048 E.1523
G1 X4.96 Y4.022 E.26958
G1 X1.88 Y4.085 E.14817
G1 X-1.309 Y4.179 E.15345
G1 X-5.935 Y4.019 E.22263
G1 X-8.563 Y3.982 E.12641
G1 X-10.2 Y4 E.07874
G1 X-13.05 Y3.92 E.13713
G1 X-15.006 Y3.818 E.0942
G1 X-17.297 Y3.916 E.11029
G1 X-18.937 Y4.036 E.07909
G1 X-19.503 Y2.446 E.08117
G1 X-19.614 Y1.522 E.04476
G1 X-19.7 Y.195 E.06396
G1 X-19.702 Y-.315 E.02453
G1 X-19.648 Y-1.213 E.04327
G1 X-19.625 Y-2.669 E.07004
G1 X-19.397 Y-3.379 E.03587
G1 X-19.194 Y-4.209 E.0411
G1 X-17.869 Y-4.081 E.06402
G1 X-14.929 Y-3.931 E.14159
G1 X-13.135 Y-4.063 E.08652
G1 X-10.258 Y-4.073 E.13837
G1 X-7.473 Y-4.023 E.13397
G1 X-3.079 Y-4.119 E.21139
G1 X-1.366 Y-4.214 E.08252
G1 X4.881 Y-4.024 E.3006
G1 X7.063 Y-4.049 E.10495
G1 X10.565 Y-4.022 E.16844
G1 X13.618 Y-3.928 E.14691
G1 X16.854 Y-3.942 E.15564
G1 X18.264 Y-4.044 E.06799
G1 X18.511 Y-3.459 E.03054
G1 X18.888 Y-2.438 E.05235
G1 X19.18 Y.079 E.12187
G1 X19.142 Y.492 E.01995
G1 X18.94 Y2.663 E.10487
G1 X18.721 Y3.899 E.06037
G1 X18.647 Y4.214 E.01556
G1 X18.924 Y4.671 F7800
G1 F3600
G1 X17.055 Y4.484 E.09034
G1 X13.728 Y4.497 E.16002
G1 X10.563 Y4.434 E.15226
G1 X4.944 Y4.408 E.27026
G1 X1.888 Y4.471 E.14701
G1 X-1.31 Y4.565 E.15388
G1 X-5.94 Y4.404 E.22282
G1 X-8.559 Y4.367 E.12598
G1 X-10.203 Y4.386 E.07908
G1 X-13.066 Y4.306 E.13775
G1 X-14.99 Y4.203 E.09267
G1 X-17.269 Y4.301 E.10971
G1 X-19.201 Y4.442 E.09317
G1 X-19.881 Y2.534 E.09742
G1 X-19.998 Y1.558 E.04728
G1 X-20.086 Y.2 E.06545
G1 X-20.087 Y-.339 E.02592
G1 X-20.034 Y-1.219 E.0424
G1 X-20.009 Y-2.733 E.07283
G1 X-19.772 Y-3.471 E.03728
G1 X-19.489 Y-4.625 E.05715
G1 X-17.849 Y-4.466 E.07925
G1 X-14.958 Y-4.316 E.13923
G1 X-13.15 Y-4.449 E.08719
G1 X-10.256 Y-4.458 E.13919
G1 X-7.481 Y-4.409 E.13349
G1 X-3.088 Y-4.505 E.21134
G1 X-1.371 Y-4.6 E.08271
G1 X4.893 Y-4.41 E.30142
G1 X7.062 Y-4.435 E.10433
G1 X10.572 Y-4.407 E.16882
G1 X13.616 Y-4.314 E.14647
G1 X16.852 Y-4.328 E.15564
G1 X18.512 Y-4.448 E.08005
G1 X18.87 Y-3.6 E.04427
G1 X19.266 Y-2.528 E.05496
G1 X19.568 Y.074 E.12599
G1 X19.526 Y.528 E.02193
G1 X19.323 Y2.715 E.10564
G1 X19.097 Y3.989 E.06223
G1 X18.946 Y4.625 E.03144
G1 X19.227 Y5.09 F7800
;TYPE:External perimeter
G1 F1800
G1 X17.056 Y4.87 E.10495
G1 X13.725 Y4.882 E.16021
G1 X10.564 Y4.82 E.15206
G1 X4.957 Y4.794 E.26968
G1 X1.896 Y4.856 E.14725
G1 X-1.311 Y4.951 E.15431
G1 X-5.946 Y4.79 E.22306
G1 X-8.555 Y4.753 E.1255
G1 X-10.206 Y4.771 E.07941
G1 X-13.082 Y4.691 E.13838
G1 X-14.973 Y4.588 E.09109
G1 X-17.24 Y4.685 E.10913
G1 X-19.466 Y4.849 E.10735
G1 X-20.259 Y2.623 E.11365
G1 X-20.382 Y1.593 E.04989
G1 X-20.471 Y.225 E.06594
G1 X-20.472 Y-.362 E.02823
G1 X-20.419 Y-1.225 E.04159
G1 X-20.394 Y-2.797 E.07562
G1 X-20.146 Y-3.563 E.03872
G1 X-19.784 Y-5.041 E.07319
G1 X-17.828 Y-4.851 E.09452
G1 X-14.988 Y-4.7 E.13679
G1 X-13.165 Y-4.835 E.08792
G1 X-10.253 Y-4.844 E.14006
G1 X-7.489 Y-4.794 E.13296
G1 X-3.096 Y-4.89 E.21134
G1 X-1.376 Y-4.986 E.08285
G1 X4.905 Y-4.795 E.30223
G1 X7.061 Y-4.82 E.1037
G1 X10.58 Y-4.793 E.16926
G1 X13.615 Y-4.699 E.14604
G1 X16.85 Y-4.713 E.15559
G1 X18.759 Y-4.853 E.09206
G1 X19.229 Y-3.742 E.05802
G1 X19.643 Y-2.618 E.05761
G1 X19.955 Y.07 E.13015
G1 X19.91 Y.564 E.02386
G1 X19.705 Y2.766 E.10637
G1 X19.48 Y4.039 E.06218
;TYPE:Overhang perimeter
;WIDTH:0.4
;HEIGHT:0.4
M106 S255
G1 F3600
G1 X19.249 Y5.018 E.05255
M106 S234.6
;TYPE:External perimeter
;WIDTH:0.45
;HEIGHT:0.3
G1 F1800
G1 X19.244 Y5.036 E.0009
G1 X18.845 Y5.049 F7800
G1 E-2 F2400
G1 X18.071 Y-3.727 F7800
G1 E2 F2400
;TYPE:Solid infill
;WIDTH:0.47494
G1 F1200
G1 X18.328 Y-3.093 E.03503
;WIDTH:0.496886
G1 X18.582 Y-2.365 E.04159
G1 X18.856 Y-.008 E.128
;WIDTH:0.497891
G1 X18.861 Y.126 E.00725
G1 X18.633 Y2.611 E.13493
;WIDTH:0.493826
G1 X18.615 Y2.718 E.00581
;WIDTH:0.523184
G1 X18.38 Y3.901 E.06902
G1 X17.906 Y3.855 E.02725
G1 X18.205 Y2.572 E.07539
;WIDTH:0.497891
G1 X18.428 Y.042 E.13733
;WIDTH:0.496886
G1 X18.155 Y-2.289 E.1266
G1 X18.117 Y-2.473 E.01014
;WIDTH:0.47494
G1 X17.851 Y-3.192 E.03926
G1 X17.638 Y-3.695 E.02797
G1 X17.878 Y-3.713 E.01232
G1 E-2 F2400
G1 X9.309 Y-3.742 F7800
G1 E2 F2400
;TYPE:Internal infill
;WIDTH:0.45
G1 F4800
G1 X6.996 Y-3.759 E.11125
G1 X4.988 Y3.733 E.37306
G1 X3.758 Y3.758 E.05917
G1 X-3.814 Y-3.814 E.51504
G1 X-4.973 Y-3.788 E.05576
G1 X-6.984 Y3.714 E.37356
G1 X-9.297 Y3.701 E.11125
G1 E-2 F2400
G1 X-14.652 Y-3.663 F7800
G1 E2 F2400
G1 F4800
G1 X-16.962 Y-3.743 E.11117
G1 X-18.534 Y2.122 E.29204
G1 X-18.544 Y1.975 E.00709
G1 X2.981 Y-3.793 E1.0718
G1 X4.431 Y-3.749 E.06977
G1 X11.967 Y3.787 E.51259
G1 X10.967 Y3.767 E.04811
G1 X12.957 Y-3.659 E.36977
G1 X12.694 Y-3.667 E.01266
G1 X17.89 Y1.529 E.35343
G1 X17.798 Y2.549 E.04926
G1 X17.472 Y3.85 E.06451
G1 X16.944 Y3.81 E.02547
G1 X17.997 Y-.121 E.19573
G1 X17.805 Y-1.777 E.08018
G1 X-3.11 Y3.827 E1.04142
G1 X-4.398 Y3.783 E.06198
G1 X-11.958 Y-3.778 E.51426
G1 X-10.963 Y-3.781 E.04786
G1 X-12.95 Y3.634 E.36922
G1 X-12.72 Y3.64 E.01107
G1 X-18.626 Y-2.265 E.40169
G1 X-18.673 Y.047 E.11122
G1 E-2 F2400
G1 X-18.995 Y-3.928 F7800
G1 E2 F2400
;TYPE:Solid infill
;WIDTH:0.392244
G1 F1200
G1 X-18.664 Y-3.896 E.0136
G1 X-18.832 Y-3.22 E.02848
;WIDTH:0.422287
G1 X-18.992 Y-2.591 E.02897
G1 X-19.015 Y-1.205 E.06188
;WIDTH:0.422429
G1 X-19.015 Y-1.189 E.00071
;WIDTH:0.436784
G1 X-19.058 Y-.03 E.05387
;WIDTH:0.439349
G1 X-18.957 Y1.466 E.07012
G1 X-18.858 Y2.491 E.04816
;WIDTH:0.396232
G1 X-18.413 Y3.735 E.05468
G1 X-18.757 Y3.76 E.01428
G1 X-19.169 Y2.603 E.05083
;WIDTH:0.417302
G1 X-19.238 Y2.363 E.01099
;WIDTH:0.439349
G1 X-19.331 Y1.496 E.04078
G1 X-19.43 Y-.005 E.07035
;WIDTH:0.437947
G1 X-19.373 Y-1.211 E.05625
;WIDTH:0.422287
G1 X-19.35 Y-2.597 E.06188
G1 X-19.314 Y-2.753 E.00715
;WIDTH:0.410906
G1 X-19.144 Y-3.321 E.02563
;WIDTH:0.392019
G1 X-19.041 Y-3.741 E.01767
G1 E-2 F2400
G1 X-1.281 Y-3.922 F7800
G1 E2 F2400
;TYPE:Internal infill
;WIDTH:0.45
G1 F4800
G1 X1.032 Y-3.852 E.1113
G1 X-1.04 Y3.882 E.3851
G1 X1.272 Y3.814 E.11125
;LAYER_CHANGE
;Z:15.95
;HEIGHT:0.3
G1 E-2 F2400
G1 Z15.95 F7800
G1 Z15.95
G1 X18.977 Y4.255
G1 E2 F2400
;TYPE:Perimeter
;WIDTH:0.45
G1 F3600
G1 X17.493 Y4.1 E.07176
G1 X13.566 Y4.115 E.18888
G1 X10.161 Y4.052 E.1638
G1 X4.915 Y4.029 E.25232
G1 X-1.315 Y4.188 E.29974
G1 X-6.173 Y4.021 E.23379
G1 X-8.714 Y3.988 E.12222
G1 X-10.11 Y4.004 E.06715
G1 X-12.911 Y3.926 E.13477
G1 X-15.077 Y3.796 E.10436
G1 X-17.335 Y3.889 E.10869
G1 X-19.244 Y4.031 E.09207
G1 X-19.814 Y2.436 E.08147
G1 X-19.973 Y1.113 E.06409
G1 X-20.051 Y-.081 E.05755
G1 X-19.961 Y-1.537 E.07016
G1 X-19.942 Y-2.675 E.05474
G1 X-19.622 Y-3.672 E.05036
G1 X-19.49 Y-4.211 E.02669
G1 X-18.138 Y-4.082 E.06532
G1 X-17.38 Y-4.03 E.03654
G1 X-15.025 Y-3.923 E.11338
G1 X-12.986 Y-4.065 E.09831
G1 X-10.156 Y-4.077 E.13611
G1 X-7.392 Y-4.032 E.13296
G1 X-3.388 Y-4.116 E.19262
G1 X-1.376 Y-4.228 E.09692
G1 X4.842 Y-4.032 E.29921
G1 X6.708 Y-4.053 E.08975
G1 X10.474 Y-4.029 E.18114
G1 X13.471 Y-3.932 E.14422
G1 X17.147 Y-3.935 E.1768
G1 X18.614 Y-4.046 E.07076
G1 X19.213 Y-2.414 E.08361
G1 X19.308 Y-1.798 E.02998
G1 X19.516 Y.075 E.09064
G1 X19.269 Y2.647 E.12427
G1 X19.159 Y3.177 E.02603
G1 X18.987 Y4.196 E.0497
G1 X19.296 Y4.677 F7800
G1 F3600
G1 X17.495 Y4.485 E.08711
G1 X13.563 Y4.501 E.18912
G1 X10.159 Y4.438 E.16375
G1 X4.896 Y4.414 E.25313
G1 X-1.317 Y4.574 E.29892
G1 X-6.178 Y4.406 E.23394
G1 X-8.719 Y4.374 E.12222
G1 X-10.113 Y4.389 E.06705
G1 X-12.928 Y4.311 E.13544
G1 X-15.062 Y4.181 E.10283
G1 X-17.306 Y4.274 E.10802
G1 X-19.508 Y4.437 E.1062
G1 X-20.192 Y2.524 E.09771
G1 X-20.357 Y1.148 E.06665
G1 X-20.437 Y-.081 E.05924
G1 X-20.346 Y-1.561 E.07132
G1 X-20.327 Y-2.739 E.05667
G1 X-19.997 Y-3.763 E.05175
G1 X-19.785 Y-4.628 E.04283
G1 X-18.111 Y-4.467 E.08089
G1 X-17.362 Y-4.415 E.03611
G1 X-15.051 Y-4.308 E.11127
G1 X-13 Y-4.45 E.09888
G1 X-10.153 Y-4.463 E.13693
G1 X-7.4 Y-4.418 E.13243
G1 X-3.396 Y-4.502 E.19262
G1 X-1.38 Y-4.614 E.09711
G1 X4.855 Y-4.417 E.30003
G1 X6.707 Y-4.439 E.08908
G1 X10.482 Y-4.414 E.18157
G1 X13.469 Y-4.318 E.14374
G1 X17.118 Y-4.32 E.1755
G1 X18.876 Y-4.452 E.08479
G1 X19.588 Y-2.512 E.09939
G1 X19.691 Y-1.84 E.0327
G1 X19.904 Y.072 E.09253
G1 X19.651 Y2.705 E.12722
G1 X19.539 Y3.242 E.02638
G1 X19.306 Y4.618 E.06712
G1 X19.616 Y5.1 F7800
;TYPE:External perimeter
G1 F1800
G1 X17.496 Y4.871 E.10256
G1 X13.56 Y4.886 E.18931
G1 X10.159 Y4.823 E.1636
G1 X4.912 Y4.8 E.25236
G1 X-1.318 Y4.96 E.29974
G1 X-6.183 Y4.792 E.23413
G1 X-8.724 Y4.76 E.12222
G1 X-10.116 Y4.775 E.06695
G1 X-12.945 Y4.696 E.13612
G1 X-15.046 Y4.566 E.10124
G1 X-17.278 Y4.658 E.10744
G1 X-19.773 Y4.844 E.12033
G1 X-20.57 Y2.613 E.11394
G1 X-20.741 Y1.184 E.06922
G1 X-20.823 Y-.08 E.06092
G1 X-20.731 Y-1.584 E.07247
G1 X-20.711 Y-2.803 E.05864
G1 X-20.371 Y-3.855 E.05317
G1 X-20.08 Y-5.044 E.05887
G1 X-18.084 Y-4.852 E.09644
G1 X-15.078 Y-4.693 E.14478
G1 X-13.015 Y-4.836 E.09946
G1 X-10.151 Y-4.849 E.13775
G1 X-7.408 Y-4.803 E.13195
G1 X-3.404 Y-4.887 E.19262
G1 X-1.385 Y-5 E.09726
G1 X4.867 Y-4.803 E.30085
G1 X6.706 Y-4.824 E.08846
G1 X10.489 Y-4.8 E.18195
G1 X13.467 Y-4.703 E.14331
G1 X17.089 Y-4.704 E.17421
G1 X19.138 Y-4.858 E.09883
G1 X19.963 Y-2.61 E.11517
G1 X20.074 Y-1.883 E.03537
G1 X20.291 Y.07 E.09451
G1 X20.033 Y2.763 E.13012
G1 X19.92 Y3.306 E.02668
G1 X19.626 Y5.041 E.08464
G1 X19.226 Y5.057 F7800
G1 E-2 F2400
G1 X18.838 Y.051 F7800
G1 E2 F2400
;TYPE:Solid infill
;WIDTH:0.452223
G1 F1200
G1 X18.629 Y-1.767 E.08852
G1 X18.527 Y-2.451 E.03345
;WIDTH:0.445604
G1 X18.012 Y-3.713 E.06481
G1 X18.42 Y-3.743 E.01945
G1 X18.859 Y-2.581 E.05906
;WIDTH:0.441653
G1 X18.938 Y-2.324 E.01265
;WIDTH:0.452223
G1 X19.014 Y-1.815 E.0249
G1 X19.219 Y.007 E.08869
;WIDTH:0.448345
G1 X19.222 Y.124 E.0056
G1 X18.989 Y2.598 E.119
;WIDTH:0.439119
G1 X18.969 Y2.715 E.00555
;WIDTH:0.469697
G1 X18.73 Y3.927 E.06245
G1 X18.312 Y3.883 E.02125
G1 X18.606 Y2.636 E.06477
;WIDTH:0.439119
G1 X18.616 Y2.563 E.00344
;WIDTH:0.44777
G1 X18.825 Y.243 E.11139
G1 E-2 F2400
G1 X9.31 Y-3.747 F7800
G1 E2 F2400
;TYPE:Internal infill
;WIDTH:0.45
G1 F4800
G1 X6.996 Y-3.762 E.1113
G1 X4.986 Y3.74 E.37355
G1 X3.769 Y3.769 E.05855
G1 X-3.818 Y-3.818 E.51606
G1 X-4.972 Y-3.794 E.05552
G1 X-6.985 Y3.721 E.37419
G1 X-9.299 Y3.706 E.1113
G1 E-2 F2400
G1 X-14.657 Y-3.66 F7800
G1 E2 F2400
G1 F4800
G1 X-15.067 Y-3.632 E.01977
G1 X-16.968 Y-3.721 E.09153
G1 X-18.699 Y2.738 E.32162
G1 X-18.829 Y2.371 E.01873
G1 X-18.866 Y2.061 E.01502
G1 X3.009 Y-3.8 E1.08922
G1 X4.424 Y-3.756 E.06809
G1 X11.976 Y3.796 E.51368
G1 X10.964 Y3.778 E.04868
G1 X12.957 Y-3.659 E.37032
G1 X12.693 Y-3.667 E.0127
G1 X18.291 Y1.93 E.38074
G1 X18.234 Y2.565 E.03066
G1 X17.912 Y3.851 E.06376
G1 X16.943 Y3.813 E.04664
G1 X18.301 Y-1.254 E.25231
G1 X18.228 Y-1.89 E.03079
G1 X-3.141 Y3.836 E1.06403
G1 X-4.387 Y3.793 E.05996
G1 X-11.96 Y-3.78 E.51511
G1 X-10.963 Y-3.785 E.04795
G1 X-12.95 Y3.633 E.36936
G1 X-12.719 Y3.642 E.01112
G1 X-18.938 Y-2.578 E.42304
G1 X-19.001 Y-.265 E.11129
G1 X-19.767 Y-.082 F7800
;TYPE:Solid infill
;WIDTH:0.4386
G1 F1200
G1 X-19.719 Y-.866 E.03666
;WIDTH:0.437714
G1 X-19.686 Y-1.526 E.03077
;WIDTH:0.422843
G1 X-19.668 Y-2.603 E.04816
;WIDTH:0.422307
G1 X-19.653 Y-2.681 E.00355
;WIDTH:0.418219
G1 X-19.495 Y-3.186 E.02335
;WIDTH:0.407314
G1 X-19.29 Y-3.93 E.03301
;WIDTH:0.393375
G1 X-18.961 Y-3.898 E.01356
G1 X-19.006 Y-3.713 E.00781
;WIDTH:0.407314
G1 X-19.168 Y-3.083 E.02782
;WIDTH:0.422307
G1 X-19.31 Y-2.597 E.0226
;WIDTH:0.422843
G1 X-19.328 Y-1.52 E.04816
;WIDTH:0.423025
G1 X-19.328 Y-1.504 E.00072
;WIDTH:0.437714
G1 X-19.392 Y-.042 E.06814
;WIDTH:0.436812
G1 X-19.25 Y1.939 E.09226
;WIDTH:0.412864
G1 X-19.17 Y2.479 E.02373
;WIDTH:0.394643
G1 X-18.798 Y3.528 E.04585
;WIDTH:0.393208
G1 X-18.726 Y3.731 E.00883
G1 X-19.065 Y3.756 E.01394
G1 X-19.107 Y3.638 E.00514
;WIDTH:0.394643
G1 X-19.482 Y2.59 E.04585
;WIDTH:0.39868
G1 X-19.504 Y2.521 E.00302
;WIDTH:0.41312
G1 X-19.599 Y1.961 E.02471
;WIDTH:0.436812
G1 X-19.691 Y1.087 E.04082
G1 X-19.755 Y.111 E.04543
G1 E-2 F2400
G1 X-1.278 Y-3.935 F7800
G1 E2 F2400
;TYPE:Internal infill
;WIDTH:0.45
G1 F4800
G1 X1.035 Y-3.863 E.1113
G1 X-1.043 Y3.892 E.38615
G1 X1.27 Y3.833 E.11128
M106 S232.05
;LAYER_CHANGE
;Z:16.25
;HEIGHT:0.3
G1 E-2 F2400
G1 Z16.25 F7800
G1 Z16.25
G1 X19.293 Y4.25
G1 E2 F2400
;TYPE:Perimeter
;WIDTH:0.45
G1 F3600
G1 X17.82 Y4.096 E.07123
G1 X16.932 Y4.05 E.04277
G1 X14.481 Y4.115 E.11793
G1 X13.402 Y4.119 E.0519
G1 X9.755 Y4.056 E.17543
G1 X4.877 Y4.035 E.23462
G1 X-1.323 Y4.197 E.2983
G1 X-6.389 Y4.024 E.2438
G1 X-8.89 Y3.995 E.1203
G1 X-10.02 Y4.007 E.05435
G1 X-12.655 Y3.935 E.12678
G1 X-13.881 Y3.839 E.05915
G1 X-15.149 Y3.774 E.06107
G1 X-17.372 Y3.862 E.107
G1 X-19.551 Y4.026 E.1051
G1 X-20.126 Y2.425 E.08182
G1 X-20.332 Y.703 E.08341
G1 X-20.384 Y-.093 E.03837
G1 X-20.271 Y-1.948 E.08938
G1 X-20.259 Y-2.681 E.03526
G1 X-19.785 Y-4.214 E.07718
G1 X-18.587 Y-4.097 E.05789
G1 X-17.427 Y-4.017 E.05592
G1 X-15.227 Y-3.914 E.10593
G1 X-12.841 Y-4.065 E.11499
G1 X-11.055 Y-4.063 E.0859
G1 X-10.046 Y-4.082 E.04854
G1 X-7.311 Y-4.041 E.13156
G1 X-3.697 Y-4.114 E.17386
G1 X-1.386 Y-4.242 E.11132
G1 X4.804 Y-4.04 E.29788
G1 X6.353 Y-4.057 E.07451
G1 X10.384 Y-4.035 E.19388
G1 X13.286 Y-3.937 E.13966
G1 X14.526 Y-3.941 E.05964
G1 X16.869 Y-3.897 E.11271
G1 X18.93 Y-4.038 E.09936
G1 X19.53 Y-2.409 E.08349
G1 X19.682 Y-1.455 E.04646
G1 X19.851 Y.068 E.0737
G1 X19.801 Y.511 E.02144
G1 X19.605 Y2.553 E.09866
G1 X19.304 Y4.191 E.0801
G1 X19.613 Y4.673 F7800
G1 F3600
G1 X17.798 Y4.481 E.08778
G1 X16.942 Y4.436 E.04123
G1 X14.487 Y4.501 E.11812
G1 X13.399 Y4.505 E.05233
G1 X9.753 Y4.441 E.17539
G1 X4.851 Y4.421 E.23577
G1 X-1.324 Y4.583 E.2971
G1 X-6.402 Y4.409 E.24438
G1 X-8.895 Y4.38 E.11991
G1 X-10.023 Y4.393 E.05426
G1 X-12.666 Y4.32 E.12717
G1 X-13.902 Y4.224 E.05963
G1 X-15.133 Y4.159 E.05929
G1 X-17.344 Y4.247 E.10643
G1 X-19.815 Y4.432 E.11918
G1 X-20.504 Y2.515 E.09798
G1 X-20.716 Y.739 E.08603
G1 X-20.77 Y-.092 E.04005
G1 X-20.657 Y-1.954 E.08972
G1 X-20.644 Y-2.745 E.03805
G1 X-20.221 Y-4.056 E.06626
G1 X-20.08 Y-4.631 E.02847
G1 X-18.56 Y-4.482 E.07346
G1 X-17.409 Y-4.402 E.05549
G1 X-15.209 Y-4.3 E.10593
G1 X-12.853 Y-4.45 E.11354
G1 X-11.055 Y-4.449 E.08648
G1 X-10.047 Y-4.467 E.04849
G1 X-7.319 Y-4.427 E.13122
G1 X-3.705 Y-4.499 E.17386
G1 X-1.39 Y-4.628 E.11152
G1 X4.816 Y-4.425 E.29865
G1 X6.352 Y-4.443 E.07388
G1 X10.391 Y-4.421 E.19426
G1 X13.299 Y-4.322 E.13995
G1 X14.53 Y-4.327 E.05921
G1 X16.849 Y-4.282 E.11156
G1 X17.701 Y-4.328 E.04104
G1 X19.194 Y-4.445 E.07203
G1 X19.905 Y-2.507 E.09929
G1 X20.064 Y-1.506 E.04875
G1 X20.239 Y.068 E.07617
G1 X20.184 Y.554 E.02352
G1 X19.989 Y2.587 E.09823
G1 X19.623 Y4.614 E.09907
G1 X19.932 Y5.096 F7800
;TYPE:External perimeter
G1 F1800
G1 X17.777 Y4.866 E.10424
G1 X16.952 Y4.821 E.03974
G1 X14.493 Y4.886 E.11831
G1 X13.396 Y4.89 E.05276
G1 X9.753 Y4.827 E.17524
G1 X4.862 Y4.806 E.23524
G1 X-1.326 Y4.968 E.29772
G1 X-6.415 Y4.794 E.24491
G1 X-8.899 Y4.766 E.11948
G1 X-10.026 Y4.779 E.05421
G1 X-12.677 Y4.706 E.12755
G1 X-13.924 Y4.609 E.06016
G1 X-15.118 Y4.545 E.05751
G1 X-17.315 Y4.631 E.10575
G1 X-20.079 Y4.838 E.13331
G1 X-20.881 Y2.604 E.11416
G1 X-21.1 Y.774 E.08864
G1 X-21.157 Y-.091 E.04169
G1 X-21.042 Y-1.96 E.09006
G1 X-21.029 Y-2.809 E.04084
G1 X-20.596 Y-4.147 E.06764
G1 X-20.375 Y-5.047 E.04457
G1 X-18.534 Y-4.866 E.08897
G1 X-17.391 Y-4.787 E.05511
G1 X-15.191 Y-4.685 E.10593
G1 X-12.866 Y-4.836 E.11206
G1 X-11.055 Y-4.834 E.0871
G1 X-10.048 Y-4.853 E.04844
G1 X-7.327 Y-4.812 E.13089
G1 X-3.713 Y-4.885 E.17386
G1 X-1.395 Y-5.014 E.11166
G1 X4.829 Y-4.81 E.29951
G1 X6.351 Y-4.828 E.07321
G1 X10.399 Y-4.807 E.1947
G1 X13.312 Y-4.708 E.14019
G1 X14.533 Y-4.713 E.05873
G1 X16.828 Y-4.667 E.1104
G1 X17.671 Y-4.712 E.0406
G1 X19.47 Y-4.854 E.08679
G1 X19.581 Y-4.5 E.01784
G1 X20.28 Y-2.605 E.09715
G1 X20.446 Y-1.558 E.05099
G1 X20.627 Y.069 E.07874
G1 X20.567 Y.597 E.02556
G1 X20.313 Y2.988 E.11565
G1 X20.185 Y3.602 E.03017
G1 X19.942 Y5.037 E.07
G1 X19.543 Y5.053 F7800
G1 E-2 F2400
G1 X18.792 Y-.057 F7800
G1 E2 F2400
;TYPE:Internal infill
;WIDTH:0.45
G1 F4800
G1 X18.607 Y2.247 E.11117
G1 X12.693 Y-3.668 E.4023
G1 X12.957 Y-3.659 E.0127
G1 X10.962 Y3.787 E.37076
G1 X11.985 Y3.805 E.04921
G1 X4.417 Y-3.763 E.51477
G1 X3.037 Y-3.808 E.06641
G1 X-19.167 Y2.142 E1.10561
G1 X-19.14 Y2.361 E.01061
G1 X-18.831 Y3.231 E.0444
G1 X-16.972 Y-3.707 E.34547
G1 X-18.904 Y-3.837 E.09313
G1 X-19.186 Y-2.825 E.05053
G1 X-12.717 Y3.644 E.44001
G1 X-12.948 Y3.626 E.01114
G1 X-10.965 Y-3.775 E.36852
G1 X-11.955 Y-3.775 E.04762
G1 X-4.377 Y3.803 E.51545
G1 X-3.172 Y3.844 E.05799
G1 X18.568 Y-1.981 E1.0825
G1 X18.546 Y-2.17 E.00915
G1 X16.957 Y3.763 E.29541
G1 X14.644 Y3.821 E.11128
G1 E-2 F2400
G1 X18.75 Y-3.757 F7800
G1 E2 F2400
;TYPE:Solid infill
;WIDTH:0.402845
G1 F1200
G1 X18.82 Y-3.57 E.00843
;WIDTH:0.401357
G1 X19.185 Y-2.58 E.04435
;WIDTH:0.424507
G1 X19.264 Y-2.322 E.01212
;WIDTH:0.443147
G1 X19.399 Y-1.417 E.04323
G1 X19.559 Y.008 E.06774
;WIDTH:0.438996
G1 X19.559 Y.127 E.00556
;WIDTH:0.438484
G1 X19.463 Y1.025 E.04214
;WIDTH:0.430783
G1 X19.295 Y2.738 E.07866
;WIDTH:0.424675
G1 X19.094 Y3.785 E.04791
;WIDTH:0.419547
G1 X19.066 Y3.95 E.00741
G1 X18.71 Y3.911 E.01586
G1 X18.819 Y3.311 E.02701
;WIDTH:0.430783
G1 X18.955 Y2.566 E.03461
G1 X19.1 Y.988 E.07242
;WIDTH:0.438993
G1 X19.187 Y.051 E.04397
;WIDTH:0.443147
G1 X19.023 Y-1.369 E.06753
G1 X18.869 Y-2.464 E.05224
;WIDTH:0.401357
G1 X18.504 Y-3.453 E.04431
;WIDTH:0.402845
G1 X18.388 Y-3.729 E.01264
G1 X18.558 Y-3.742 E.0072
G1 E-2 F2400
G1 X9.311 Y-3.752 F7800
G1 E2 F2400
;TYPE:Internal infill
;WIDTH:0.45
G1 F4800
G1 X6.997 Y-3.764 E.1113
G1 X4.985 Y3.746 E.37394
G1 X3.774 Y3.774 E.05826
G1 X-3.822 Y-3.822 E.51667
G1 X-4.97 Y-3.799 E.05523
G1 X-6.987 Y3.728 E.3748
G1 X-9.301 Y3.71 E.1113
G1 E-2 F2400
G1 X1.268 Y3.84 F7800
G1 E2 F2400
G1 F4800
G1 X-1.045 Y3.9 E.11128
G1 X1.038 Y-3.873 E.38705
G1 X-1.275 Y-3.949 E.11131
G1 E-2 F2400
G1 X-19.588 Y-3.93 F7800
G1 E2 F2400
;TYPE:Solid infill
;WIDTH:0.399326
G1 F1200
G1 X-19.26 Y-3.898 E.01377
;WIDTH:0.410302
G1 X-19.394 Y-3.375 E.02329
;WIDTH:0.422316
G1 X-19.627 Y-2.604 E.03596
;WIDTH:0.423026
G1 X-19.639 Y-1.872 E.03275
;WIDTH:0.437711
G1 X-19.657 Y-1.215 E.0306
;WIDTH:0.438604
G1 X-19.725 Y-.053 E.05433
;WIDTH:0.436806
G1 X-19.61 Y1.529 E.07368
;WIDTH:0.412865
G1 X-19.482 Y2.469 E.04123
;WIDTH:0.394498
G1 X-19.106 Y3.522 E.04604
;WIDTH:0.39306
G1 X-19.034 Y3.725 E.00883
G1 X-19.373 Y3.751 E.01394
G1 X-19.415 Y3.633 E.00513
;WIDTH:0.394498
G1 X-19.793 Y2.58 E.04607
;WIDTH:0.413719
G1 X-19.863 Y2.343 E.01077
G1 X-19.958 Y1.551 E.03476
;WIDTH:0.436806
G1 X-20.051 Y.672 E.04106
;WIDTH:0.438604
G1 X-20.1 Y-.093 E.03578
G1 X-20.03 Y-1.234 E.05336
;WIDTH:0.437711
G1 X-19.998 Y-1.893 E.03072
;WIDTH:0.422845
G1 X-19.985 Y-2.61 E.03206
;WIDTH:0.422316
G1 X-19.944 Y-2.784 E.00798
;WIDTH:0.411061
G1 X-19.645 Y-3.746 E.04356
;LAYER_CHANGE
;Z:16.55
;HEIGHT:0.299999
G1 E-2 F2400
G1 Z16.55 F7800
G1 Z16.55
G1 X19.61 Y4.246
G1 E2 F2400
;TYPE:Perimeter
;WIDTH:0.45
G1 F3600
G1 X18.258 Y4.1 E.0654
G1 X16.67 Y4.016 E.07648
G1 X13.075 Y4.124 E.17299
G1 X9.349 Y4.059 E.17923
G1 X4.796 Y4.041 E.21899
G1 X-1.331 Y4.205 E.29479
G1 X-6.626 Y4.026 E.25482
G1 X-9.066 Y4.001 E.11736
G1 X-9.93 Y4.011 E.04156
G1 X-12.633 Y3.937 E.13005
G1 X-14.29 Y3.799 E.07997
G1 X-15.22 Y3.752 E.04479
G1 X-17.41 Y3.835 E.10541
G1 X-19.859 Y4.02 E.11812
G1 X-20.437 Y2.415 E.08205
G1 X-20.679 Y.398 E.09771
G1 X-20.717 Y-.104 E.02421
G1 X-20.584 Y-2.272 E.10447
G1 X-20.577 Y-2.688 E.02001
G1 X-20.083 Y-4.217 E.07728
G1 X-18.938 Y-4.104 E.05534
G1 X-17.497 Y-4.005 E.06947
G1 X-15.317 Y-3.907 E.10496
G1 X-12.692 Y-4.065 E.12648
G1 X-11.178 Y-4.063 E.07282
G1 X-9.944 Y-4.086 E.05936
G1 X-7.231 Y-4.05 E.1305
G1 X-4.006 Y-4.111 E.15514
G1 X-1.396 Y-4.256 E.12573
G1 X4.765 Y-4.047 E.29649
G1 X5.998 Y-4.061 E.05931
G1 X10.291 Y-4.042 E.20648
G1 X13.336 Y-3.923 E.14657
G1 X16.613 Y-3.859 E.15764
G1 X18.085 Y-3.939 E.0709
G1 X19.259 Y-4.033 E.05665
G1 X19.848 Y-2.405 E.08327
G1 X20.07 Y-.98 E.06936
G1 X20.187 Y.069 E.05077
G1 X20.033 Y1.434 E.06607
G1 X19.923 Y2.652 E.05882
G1 X19.698 Y3.732 E.05306
G1 X19.62 Y4.187 E.0222
G1 X19.929 Y4.669 F7800
G1 F3600
G1 X18.237 Y4.485 E.08186
G1 X16.682 Y4.402 E.0749
G1 X13.077 Y4.509 E.17346
G1 X9.348 Y4.445 E.17938
G1 X4.807 Y4.427 E.21841
G1 X-1.332 Y4.591 E.29537
G1 X-6.639 Y4.411 E.2554
G1 X-9.07 Y4.387 E.11693
G1 X-9.933 Y4.397 E.04151
G1 X-12.654 Y4.323 E.13092
G1 X-14.322 Y4.184 E.0805
G1 X-15.205 Y4.137 E.04253
G1 X-17.381 Y4.22 E.10473
G1 X-20.122 Y4.427 E.13221
G1 X-20.815 Y2.505 E.09827
G1 X-21.062 Y.444 E.09984
G1 X-21.104 Y-.103 E.02639
G1 X-20.969 Y-2.296 E.10568
G1 X-20.961 Y-2.752 E.02194
G1 X-20.457 Y-4.308 E.07867
G1 X-20.376 Y-4.633 E.01611
G1 X-18.928 Y-4.491 E.06998
G1 X-17.471 Y-4.389 E.07025
G1 X-15.299 Y-4.292 E.10457
G1 X-12.704 Y-4.45 E.12504
G1 X-11.178 Y-4.449 E.0734
G1 X-9.945 Y-4.472 E.05931
G1 X-7.238 Y-4.436 E.13021
G1 X-4.014 Y-4.496 E.15509
G1 X-1.4 Y-4.642 E.12592
G1 X4.778 Y-4.433 E.29731
G1 X5.997 Y-4.446 E.05863
G1 X10.299 Y-4.428 E.20691
G1 X13.344 Y-4.309 E.14657
G1 X16.592 Y-4.244 E.15625
G1 X18.054 Y-4.323 E.07042
G1 X19.534 Y-4.442 E.07141
G1 X19.695 Y-3.935 E.02558
G1 X20.223 Y-2.503 E.07341
G1 X20.454 Y-1.023 E.07204
G1 X20.575 Y.069 E.05284
G1 X20.417 Y1.468 E.06771
G1 X20.316 Y2.588 E.05409
G1 X20.071 Y3.833 E.06103
G1 X19.939 Y4.61 E.03791
G1 X20.249 Y5.092 F7800
;TYPE:External perimeter
G1 F1800
G1 X18.215 Y4.87 E.09841
G1 X16.693 Y4.787 E.07331
G1 X13.08 Y4.895 E.17385
G1 X9.348 Y4.83 E.17952
G1 X4.817 Y4.812 E.21793
G1 X-1.334 Y4.977 E.29595
G1 X-6.652 Y4.797 E.25592
G1 X-9.074 Y4.773 E.1165
G1 X-9.936 Y4.782 E.04146
G1 X-12.675 Y4.708 E.13178
G1 X-14.354 Y4.568 E.08103
G1 X-15.19 Y4.523 E.04027
G1 X-17.352 Y4.604 E.10406
G1 X-20.386 Y4.833 E.14634
G1 X-21.193 Y2.594 E.11447
G1 X-21.445 Y.49 E.10192
G1 X-21.49 Y-.103 E.0286
G1 X-21.354 Y-2.319 E.10678
G1 X-21.346 Y-2.816 E.02391
G1 X-20.824 Y-4.426 E.0814
G1 X-20.671 Y-5.05 E.0309
G1 X-18.891 Y-4.874 E.08603
G1 X-17.444 Y-4.774 E.06976
G1 X-15.282 Y-4.677 E.10409
G1 X-12.716 Y-4.836 E.12365
G1 X-11.178 Y-4.835 E.07397
G1 X-9.946 Y-4.858 E.05927
G1 X-7.245 Y-4.821 E.12992
G1 X-4.021 Y-4.882 E.15509
G1 X-1.404 Y-5.028 E.12606
G1 X4.791 Y-4.818 E.29813
G1 X5.995 Y-4.832 E.05791
G1 X10.308 Y-4.813 E.20744
G1 X13.352 Y-4.694 E.14652
G1 X16.571 Y-4.629 E.15485
G1 X18.024 Y-4.708 E.06999
G1 X19.81 Y-4.851 E.08618
G1 X20.057 Y-4.068 E.03949
G1 X20.598 Y-2.601 E.0752
G1 X20.837 Y-1.066 E.07472
G1 X20.963 Y.069 E.05492
G1 X20.801 Y1.503 E.06941
G1 X20.7 Y2.623 E.05409
G1 X20.451 Y3.897 E.06243
G1 X20.259 Y5.032 E.05537
G1 X19.859 Y5.048 F7800
G1 E-2 F2400
G1 X19.128 Y.243 F7800
G1 E2 F2400
;TYPE:Internal infill
;WIDTH:0.45
G1 F4800
G1 X18.907 Y2.547 E.11132
G1 X12.702 Y-3.658 E.42206
G1 X12.954 Y-3.649 E.01213
G1 X10.959 Y3.798 E.37081
G1 X11.996 Y3.816 E.04988
G1 X4.41 Y-3.77 E.51599
G1 X3.065 Y-3.815 E.06473
G1 X-19.467 Y2.222 E1.12194
G1 X-18.982 Y3.664 E.07317
G1 X-16.976 Y-3.692 E.36672
G1 X-19.2 Y-3.84 E.1072
G1 X-19.426 Y-3.066 E.03878
G1 X-12.721 Y3.64 E.4561
G1 X-12.947 Y3.621 E.01091
G1 X-10.964 Y-3.778 E.36843
G1 X-11.955 Y-3.775 E.04766
G1 X-4.367 Y3.813 E.51613
G1 X-3.203 Y3.852 E.05602
G1 X18.893 Y-2.068 E1.10022
G1 X18.699 Y-2.74 E.03364
G1 X16.962 Y3.743 E.32281
G1 X14.65 Y3.787 E.11122
G1 E-2 F2400
G1 X19.409 Y-.972 F7800
G1 E2 F2400
;TYPE:Solid infill
;WIDTH:0.438702
G1 F1200
G1 X19.3 Y-1.86 E.04177
;WIDTH:0.417825
G1 X19.196 Y-2.435 E.02576
;WIDTH:0.401752
G1 X18.723 Y-3.724 E.05778
G1 X19.072 Y-3.752 E.01473
G1 X19.512 Y-2.551 E.05382
;WIDTH:0.404556
G1 X19.533 Y-2.49 E.00274
;WIDTH:0.418017
G1 X19.652 Y-1.899 E.02659
;WIDTH:0.438702
G1 X19.781 Y-1.018 E.04157
G1 X19.895 Y.006 E.0481
G1 X19.759 Y1.38 E.06446
;WIDTH:0.430564
G1 X19.627 Y2.717 E.06136
;WIDTH:0.426198
G1 X19.417 Y3.789 E.0493
;WIDTH:0.417361
G1 X19.386 Y3.947 E.00709
G1 X19.037 Y3.91 E.01545
G1 X19.071 Y3.723 E.00837
;WIDTH:0.426198
G1 X19.272 Y2.649 E.04931
;WIDTH:0.430564
G1 X19.397 Y1.35 E.0596
;WIDTH:0.438669
G1 X19.523 Y.086 E.0593
G1 X19.431 Y-.781 E.0407
G1 E-2 F2400
G1 X9.311 Y-3.757 F7800
G1 E2 F2400
;TYPE:Internal infill
;WIDTH:0.45
G1 F4800
G1 X6.998 Y-3.767 E.11125
G1 X4.983 Y3.752 E.3744
G1 X3.78 Y3.78 E.05788
G1 X-3.831 Y-3.831 E.51769
G1 X-4.969 Y-3.803 E.05475
G1 X-6.989 Y3.733 E.37525
G1 X-9.302 Y3.715 E.11125
G1 E-2 F2400
G1 X1.266 Y3.847 F7800
G1 E2 F2400
G1 F4800
G1 X-1.047 Y3.908 E.11129
G1 X1.041 Y-3.884 E.38799
G1 X-1.272 Y-3.962 E.11131
G1 E-2 F2400
G1 X-20.433 Y-.104 F7800
G1 E2 F2400
;TYPE:Solid infill
;WIDTH:0.43861
G1 F1200
G1 X-20.345 Y-1.55 E.06762
;WIDTH:0.438292
G1 X-20.302 Y-2.615 E.04971
;WIDTH:0.424011
G1 X-20.255 Y-2.809 E.00895
;WIDTH:0.408775
G1 X-19.938 Y-3.807 E.04498
;WIDTH:0.397587
G1 X-19.897 Y-3.934 E.00555
G1 X-19.562 Y-3.902 E.01399
G1 X-19.62 Y-3.708 E.00842
;WIDTH:0.408775
G1 X-19.926 Y-2.707 E.04496
;WIDTH:0.423932
G1 X-19.95 Y-2.239 E.02102
;WIDTH:0.438292
G1 X-19.971 Y-1.531 E.03303
;WIDTH:0.43861
G1 X-20.059 Y-.093 E.06725
G1 X-20.039 Y.239 E.01552
;WIDTH:0.436794
G1 X-19.969 Y1.119 E.041
;WIDTH:0.413777
G1 X-19.793 Y2.459 E.0589
;WIDTH:0.39435
G1 X-19.414 Y3.517 E.04625
;WIDTH:0.392913
G1 X-19.341 Y3.72 E.00884
G1 X-19.681 Y3.745 E.01397
G1 X-19.723 Y3.628 E.00509
;WIDTH:0.39435
G1 X-20.104 Y2.57 E.04628
;WIDTH:0.413777
G1 X-20.172 Y2.352 E.00995
G1 X-20.315 Y1.161 E.05227
;WIDTH:0.413119
G1 X-20.317 Y1.142 E.00083
;WIDTH:0.434684
G1 X-20.415 Y.087 E.04894
;LAYER_CHANGE
;Z:16.85
;HEIGHT:0.300001
G1 E-2 F2400
G1 Z16.85 F7800
G1 Z16.85
G1 X19.926 Y4.242
G1 E2 F2400
;TYPE:Perimeter
;WIDTH:0.45
G1 F3600
G1 X18.611 Y4.1 E.06361
G1 X16.416 Y3.982 E.10572
G1 X13.872 Y4.049 E.1224
G1 X13.046 Y4.123 E.03989
G1 X12.527 Y4.13 E.02496
G1 X8.944 Y4.063 E.17236
G1 X4.781 Y4.047 E.20023
G1 X-1.339 Y4.214 E.29446
G1 X-6.863 Y4.028 E.26584
G1 X-9.833 Y4.015 E.14285
G1 X-12.501 Y3.943 E.12837
G1 X-15.29 Y3.73 E.13453
G1 X-17.447 Y3.809 E.10381
G1 X-20.166 Y4.015 E.13115
G1 X-20.748 Y2.406 E.08229
G1 X-21.049 Y-.143 E.12345
G1 X-20.901 Y-2.674 E.12194
G1 X-20.4 Y-4.221 E.07821
G1 X-17.552 Y-3.992 E.13742
G1 X-15.406 Y-3.899 E.10331
G1 X-13.326 Y-4.031 E.10024
G1 X-12.287 Y-4.065 E.05
G1 X-9.842 Y-4.091 E.1176
G1 X-7.151 Y-4.059 E.12944
G1 X-4.463 Y-4.104 E.1293
G1 X-1.407 Y-4.27 E.1472
G1 X4.726 Y-4.055 E.29516
G1 X10.203 Y-4.049 E.26342
G1 X12.688 Y-3.957 E.1196
G1 X13.776 Y-3.872 E.05249
G1 X16.285 Y-3.821 E.1207
G1 X18.439 Y-3.935 E.10374
G1 X19.599 Y-4.029 E.05597
G1 X19.808 Y-3.369 E.0333
G1 X20.165 Y-2.401 E.04962
G1 X20.452 Y-.571 E.08909
G1 X20.523 Y.07 E.03102
G1 X20.328 Y1.793 E.0834
G1 X20.251 Y2.653 E.04153
G1 X19.938 Y4.183 E.07511
G1 X20.246 Y4.665 F7800
G1 F3600
G1 X18.59 Y4.485 E.08012
G1 X16.426 Y4.368 E.10423
G1 X13.883 Y4.435 E.12235
G1 X13.066 Y4.508 E.03945
G1 X12.526 Y4.516 E.02597
G1 X8.942 Y4.448 E.17241
G1 X4.78 Y4.433 E.20018
G1 X-1.34 Y4.6 E.29446
G1 X-6.876 Y4.414 E.26641
G1 X-9.839 Y4.4 E.14251
G1 X-12.522 Y4.328 E.12909
G1 X-15.276 Y4.116 E.13285
G1 X-17.418 Y4.193 E.10309
G1 X-20.429 Y4.422 E.14524
G1 X-21.126 Y2.495 E.09856
G1 X-21.436 Y-.131 E.12718
G1 X-21.283 Y-2.745 E.12594
G1 X-20.682 Y-4.6 E.09378
G1 X-20.633 Y-4.632 E.00281
G1 X-19.818 Y-4.55 E.0394
G1 X-17.523 Y-4.376 E.1107
G1 X-15.389 Y-4.284 E.10273
G1 X-13.343 Y-4.416 E.09861
G1 X-12.287 Y-4.45 E.05082
G1 X-9.843 Y-4.477 E.11756
G1 X-7.157 Y-4.444 E.1292
G1 X-4.469 Y-4.49 E.1293
G1 X-1.41 Y-4.656 E.14734
G1 X4.739 Y-4.44 E.29593
G1 X10.211 Y-4.435 E.26318
G1 X12.702 Y-4.343 E.11989
G1 X13.784 Y-4.257 E.0522
G1 X16.293 Y-4.206 E.1207
G1 X18.408 Y-4.319 E.10187
G1 X19.874 Y-4.438 E.07074
G1 X20.17 Y-3.503 E.04717
G1 X20.54 Y-2.498 E.05151
G1 X20.835 Y-.614 E.09172
G1 X20.911 Y.07 E.0331
G1 X20.712 Y1.836 E.08548
G1 X20.633 Y2.71 E.04221
G1 X20.341 Y4.107 E.06864
G1 X20.256 Y4.605 E.0243
G1 X20.565 Y5.087 F7800
;TYPE:External perimeter
G1 F1800
G1 X18.569 Y4.87 E.09657
G1 X16.452 Y4.753 E.10198
G1 X13.893 Y4.82 E.12312
G1 X13.086 Y4.894 E.03898
G1 X12.525 Y4.901 E.02698
G1 X8.944 Y4.834 E.17226
G1 X4.779 Y4.818 E.20032
G1 X-1.341 Y4.986 E.29446
G1 X-6.889 Y4.799 E.26699
G1 X-9.845 Y4.786 E.14217
G1 X-12.542 Y4.713 E.12976
G1 X-15.262 Y4.501 E.13122
G1 X-17.389 Y4.578 E.10237
G1 X-20.692 Y4.828 E.15932
G1 X-21.504 Y2.585 E.11473
G1 X-21.823 Y-.12 E.131
G1 X-21.665 Y-2.817 E.12994
G1 X-20.967 Y-5.053 E.11266
G1 X-19.789 Y-4.935 E.05694
G1 X-17.494 Y-4.761 E.1107
G1 X-15.373 Y-4.669 E.10211
G1 X-13.359 Y-4.802 E.09708
G1 X-12.286 Y-4.836 E.05163
G1 X-9.844 Y-4.862 E.11746
G1 X-7.164 Y-4.83 E.12891
G1 X-4.476 Y-4.875 E.1293
G1 X-1.414 Y-5.042 E.14749
G1 X4.753 Y-4.826 E.29679
G1 X10.218 Y-4.82 E.26285
G1 X12.716 Y-4.728 E.12023
G1 X13.792 Y-4.643 E.05191
G1 X16.3 Y-4.592 E.12065
G1 X18.376 Y-4.703 E.09999
G1 X20.15 Y-4.848 E.08561
G1 X20.529 Y-3.645 E.06066
G1 X20.915 Y-2.596 E.05376
G1 X21.218 Y-.657 E.09439
G1 X21.299 Y.07 E.03518
G1 X21.095 Y1.879 E.08756
G1 X21.015 Y2.767 E.04288
G1 X20.718 Y4.185 E.06968
G1 X20.575 Y5.028 E.04112
G1 X20.176 Y5.044 F7800
G1 E-2 F2400
G1 X19.407 Y-3.744 F7800
G1 E2 F2400
;TYPE:Solid infill
;WIDTH:0.409395
G1 F1200
G1 X19.56 Y-3.276 E.02119
;WIDTH:0.418482
G1 X19.902 Y-2.314 E.04509
G1 X20.032 Y-1.5 E.03641
;WIDTH:0.438697
G1 X20.162 Y-.615 E.04176
;WIDTH:0.439821
G1 X20.231 Y.121 E.03462
G1 X20.122 Y1.094 E.04585
;WIDTH:0.438674
G1 X20.05 Y1.764 E.03146
;WIDTH:0.431075
G1 X19.951 Y2.731 E.04446
;WIDTH:0.425757
G1 X19.702 Y3.941 E.05568
;WIDTH:0.420521
G1 X19.353 Y3.904 E.01559
;WIDTH:0.425713
G1 X19.437 Y3.428 E.02178
;WIDTH:0.430939
G1 X19.609 Y2.568 E.0401
;WIDTH:0.431123
G1 X19.686 Y1.723 E.03881
;WIDTH:0.438674
G1 X19.858 Y.038 E.07907
G1 X19.68 Y-1.461 E.07047
;WIDTH:0.417825
G1 X19.513 Y-2.43 E.04335
;WIDTH:0.401487
G1 X19.239 Y-3.173 E.0333
;WIDTH:0.409395
G1 X19.044 Y-3.714 E.02475
G1 X19.215 Y-3.728 E.00738
G1 E-2 F2400
G1 X9.31 Y-3.761 F7800
G1 E2 F2400
;TYPE:Internal infill
;WIDTH:0.45
G1 F4800
G1 X6.997 Y-3.763 E.11125
G1 X4.981 Y3.759 E.37455
G1 X3.785 Y3.785 E.05754
G1 X-3.848 Y-3.848 E.51919
G1 X-4.968 Y-3.806 E.05391
G1 X-6.99 Y3.738 E.37565
G1 X-9.304 Y3.728 E.1113
G1 E-2 F2400
G1 X-14.669 Y-3.655 F7800
G1 E2 F2400
G1 F4800
G1 X-15.378 Y-3.609 E.03417
G1 X-16.98 Y-3.678 E.07712
G1 X-18.938 Y3.632 E.36398
G1 X-19.29 Y3.658 E.01698
G1 X-19.768 Y2.303 E.06911
G1 X3.092 Y-3.823 E1.13828
G1 X4.403 Y-3.777 E.06309
G1 X12.011 Y3.831 E.51749
G1 X10.955 Y3.811 E.0508
G1 X12.957 Y-3.658 E.37191
G1 X12.693 Y-3.668 E.01271
G1 X19.182 Y2.822 E.44141
G1 X18.986 Y3.85 E.05033
G1 X16.968 Y3.72 E.09726
G1 X18.832 Y-3.234 E.34627
G1 X19.197 Y-2.15 E.05501
G1 X-3.234 Y3.861 E1.11692
G1 X-4.357 Y3.823 E.05404
G1 X-11.955 Y-3.775 E.51681
G1 X-10.964 Y-3.781 E.04766
G1 X-12.946 Y3.618 E.36841
G1 X-12.725 Y3.635 E.01066
G1 X-19.672 Y-3.311 E.47249
G1 X-19.89 Y-2.621 E.0348
G1 X-19.955 Y-1.033 E.07644
G1 E-2 F2400
G1 X-20.212 Y-3.935 F7800
G1 E2 F2400
;TYPE:Solid infill
;WIDTH:0.40561
G1 F1200
G1 X-19.864 Y-3.907 E.01486
G1 X-19.928 Y-3.703 E.0091
;WIDTH:0.41047
G1 X-20.248 Y-2.692 E.04577
;WIDTH:0.426836
G1 X-20.265 Y-2.585 E.0049
;WIDTH:0.440745
G1 X-20.284 Y-1.899 E.03221
G1 X-20.39 Y-.145 E.08249
;WIDTH:0.438772
G1 X-20.389 Y-.076 E.00322
;WIDTH:0.431956
G1 X-20.327 Y.709 E.0361
;WIDTH:0.413667
G1 X-20.138 Y2.282 E.06902
G1 X-20.104 Y2.449 E.00742
;WIDTH:0.394206
G1 X-19.722 Y3.512 E.04647
;WIDTH:0.392769
G1 X-19.649 Y3.714 E.0088
G1 X-19.988 Y3.74 E.01393
G1 X-20.031 Y3.623 E.00511
;WIDTH:0.394206
G1 X-20.415 Y2.56 E.0465
;WIDTH:0.413667
G1 X-20.483 Y2.343 E.00991
G1 X-20.672 Y.751 E.06984
;WIDTH:0.411568
G1 X-20.674 Y.732 E.00083
;WIDTH:0.438772
G1 X-20.765 Y-.151 E.04145
;WIDTH:0.440745
G1 X-20.627 Y-2.599 E.1151
;WIDTH:0.426836
G1 X-20.577 Y-2.797 E.00923
;WIDTH:0.41047
G1 X-20.271 Y-3.752 E.04329
G1 E-2 F2400
G1 X-1.269 Y-3.975 F7800
G1 E2 F2400
;TYPE:Internal infill
;WIDTH:0.45
G1 F4800
G1 X1.044 Y-3.894 E.11132
G1 X-1.049 Y3.917 E.38894
G1 X1.263 Y3.854 E.11124
;LAYER_CHANGE
;Z:17.15
;HEIGHT:0.299999
G1 E-2 F2400
G1 Z17.15 F7800
G1 Z17.15
G1 X20.245 Y4.238
G1 E2 F2400
;TYPE:Perimeter
;WIDTH:0.45
G1 F3600
G1 X18.965 Y4.1 E.06192
G1 X16.158 Y3.948 E.1352
G1 X14.311 Y3.997 E.08887
G1 X12.905 Y4.124 E.0679
G1 X11.968 Y4.136 E.04507
G1 X10.154 Y4.112 E.08725
G1 X8.539 Y4.066 E.07771
G1 X4.737 Y4.053 E.18286
G1 X-1.342 Y4.223 E.29249
G1 X-4.614 Y4.089 E.1575
G1 X-7.096 Y4.026 E.11941
G1 X-9.744 Y4.018 E.12736
G1 X-12.374 Y3.949 E.12654
G1 X-13.361 Y3.885 E.04757
G1 X-15.361 Y3.708 E.09657
G1 X-17.485 Y3.782 E.10222
G1 X-20.473 Y4.01 E.14413
G1 X-21.037 Y2.407 E.08173
G1 X-21.325 Y-.146 E.12357
G1 X-21.179 Y-2.688 E.12246
G1 X-20.918 Y-3.606 E.0459
G1 X-20.717 Y-4.226 E.03135
G1 X-19.898 Y-4.144 E.03959
G1 X-17.597 Y-3.978 E.11096
G1 X-15.495 Y-3.891 E.10119
G1 X-13.442 Y-4.02 E.09894
G1 X-12.396 Y-4.065 E.05036
G1 X-9.743 Y-4.096 E.12761
G1 X-7.073 Y-4.068 E.12842
G1 X-4.586 Y-4.1 E.11963
G1 X-1.41 Y-4.28 E.153
G1 X4.688 Y-4.063 E.29348
G1 X10.112 Y-4.056 E.26088
G1 X12.837 Y-3.951 E.13116
G1 X14.218 Y-3.82 E.06672
G1 X16.028 Y-3.783 E.08707
G1 X18.792 Y-3.93 E.13313
G1 X19.939 Y-4.025 E.05536
G1 X20.268 Y-2.981 E.05265
G1 X20.483 Y-2.396 E.02998
G1 X20.829 Y-.2 E.10692
G1 X20.859 Y.073 E.01321
G1 X20.58 Y2.645 E.12443
G1 X20.259 Y4.181 E.07547
G1 X20.562 Y4.66 F7800
G1 F3600
G1 X18.944 Y4.485 E.07827
G1 X16.169 Y4.334 E.13367
G1 X14.321 Y4.382 E.08891
G1 X12.925 Y4.509 E.06742
G1 X11.968 Y4.522 E.04603
G1 X10.146 Y4.497 E.08764
G1 X8.537 Y4.452 E.07742
G1 X4.735 Y4.439 E.18286
G1 X-1.345 Y4.609 E.29254
G1 X-4.623 Y4.474 E.15779
G1 X-7.106 Y4.412 E.11946
G1 X-9.749 Y4.404 E.12712
G1 X-12.392 Y4.334 E.12716
G1 X-13.391 Y4.269 E.04815
G1 X-15.348 Y4.094 E.0945
G1 X-17.455 Y4.166 E.1014
G1 X-20.736 Y4.417 E.15827
G1 X-21.416 Y2.491 E.09824
G1 X-21.712 Y-.135 E.1271
G1 X-21.562 Y-2.753 E.12612
G1 X-21.287 Y-3.718 E.04826
G1 X-20.988 Y-4.641 E.04666
G1 X-19.87 Y-4.529 E.05404
G1 X-17.569 Y-4.363 E.11096
G1 X-15.479 Y-4.276 E.10061
G1 X-13.463 Y-4.405 E.09716
G1 X-12.406 Y-4.451 E.05089
G1 X-9.743 Y-4.481 E.12809
G1 X-7.078 Y-4.453 E.12818
G1 X-4.591 Y-4.485 E.11963
G1 X-1.414 Y-4.666 E.15305
G1 X4.701 Y-4.448 E.2943
G1 X10.119 Y-4.441 E.26059
G1 X12.863 Y-4.336 E.13207
G1 X14.225 Y-4.206 E.06581
G1 X16.036 Y-4.169 E.08712
G1 X18.761 Y-4.315 E.13125
G1 X20.215 Y-4.435 E.07017
G1 X20.636 Y-3.097 E.06746
G1 X20.858 Y-2.494 E.03091
G1 X21.212 Y-.242 E.10964
G1 X21.247 Y.072 E.0152
G1 X20.961 Y2.705 E.12738
G1 X20.574 Y4.602 E.09312
G1 X20.882 Y5.083 F7800
;TYPE:External perimeter
G1 F1800
G1 X18.923 Y4.87 E.09478
G1 X16.179 Y4.719 E.13218
G1 X14.332 Y4.768 E.08887
G1 X12.945 Y4.894 E.06698
G1 X11.968 Y4.907 E.04699
G1 X10.138 Y4.883 E.08802
G1 X8.536 Y4.838 E.07708
G1 X4.734 Y4.824 E.18286
G1 X-1.347 Y4.994 E.29259
G1 X-4.63 Y4.86 E.15803
G1 X-7.117 Y4.797 E.11965
G1 X-9.755 Y4.79 E.12688
G1 X-12.41 Y4.719 E.12774
G1 X-13.421 Y4.654 E.04873
G1 X-15.334 Y4.479 E.09239
G1 X-17.426 Y4.551 E.10068
G1 X-20.998 Y4.823 E.1723
G1 X-21.794 Y2.575 E.1147
G1 X-22.099 Y-.124 E.13064
G1 X-21.944 Y-2.817 E.12974
G1 X-21.656 Y-3.83 E.05065
G1 X-21.262 Y-5.056 E.06194
G1 X-19.842 Y-4.914 E.06864
G1 X-17.541 Y-4.747 E.11096
G1 X-15.463 Y-4.662 E.10003
G1 X-13.484 Y-4.79 E.09538
G1 X-12.417 Y-4.836 E.05137
G1 X-9.744 Y-4.867 E.12857
G1 X-7.086 Y-4.839 E.12785
G1 X-4.596 Y-4.871 E.11977
G1 X-1.418 Y-5.052 E.1531
G1 X4.715 Y-4.833 E.29516
G1 X10.127 Y-4.827 E.2603
G1 X12.89 Y-4.721 E.13299
G1 X14.233 Y-4.591 E.0649
G1 X16.044 Y-4.554 E.08712
G1 X18.729 Y-4.699 E.12933
G1 X20.49 Y-4.844 E.08498
G1 X21.004 Y-3.213 E.08225
G1 X21.233 Y-2.592 E.03183
G1 X21.595 Y-.285 E.11232
G1 X21.635 Y.072 E.01728
G1 X21.342 Y2.766 E.13034
G1 X20.984 Y4.481 E.08426
G1 X20.892 Y5.024 E.02649
G1 X20.492 Y5.039 F7800
G1 E-2 F2400
G1 X19.732 Y.801 F7800
G1 E2 F2400
;TYPE:Internal infill
;WIDTH:0.45
G1 F4800
G1 X19.556 Y2.598 E.08684
G1 X19.457 Y3.096 E.02442
G1 X12.693 Y-3.667 E.46005
G1 X12.955 Y-3.649 E.01263
G1 X10.951 Y3.826 E.37222
G1 X12.026 Y3.846 E.05171
G1 X4.397 Y-3.784 E.51895
G1 X3.117 Y-3.829 E.0616
G1 X-20.056 Y2.38 E1.15386
G1 X-19.598 Y3.653 E.06507
G1 X-18.93 Y3.602 E.03222
G1 X-16.983 Y-3.663 E.36175
G1 X-19.3 Y-3.811 E.11167
G1 X-19.874 Y-3.657 E.02858
G1 X-19.909 Y-3.548 E.00551
G1 X-12.724 Y3.636 E.48868
G1 X-12.947 Y3.622 E.01075
G1 X-10.961 Y-3.792 E.36916
G1 X-11.961 Y-3.781 E.0481
G1 X-4.371 Y3.809 E.51626
G1 X-3.218 Y3.856 E.0555
G1 X19.501 Y-2.231 E1.13125
G1 X18.995 Y-3.657 E.07278
G1 X18.944 Y-3.653 E.00246
G1 X16.973 Y3.701 E.36619
G1 X16.215 Y3.659 E.03651
G1 X14.661 Y3.699 E.07477
G1 E-2 F2400
G1 X20.06 Y-1.062 F7800
G1 E2 F2400
;TYPE:Solid infill
;WIDTH:0.418502
G1 F1200
G1 X19.87 Y-2.254 E.05331
G1 X19.372 Y-3.704 E.06772
G1 X19.744 Y-3.735 E.01649
G1 X20.217 Y-2.327 E.0656
G1 X20.409 Y-1.117 E.05411
;WIDTH:0.418017
G1 X20.412 Y-1.101 E.00072
;WIDTH:0.44023
G1 X20.568 Y.12 E.0577
;WIDTH:0.44207
G1 X20.304 Y2.592 E.11711
;WIDTH:0.431701
G1 X20.279 Y2.729 E.00638
;WIDTH:0.425711
G1 X20.062 Y3.78 E.04836
;WIDTH:0.420905
G1 X20.029 Y3.938 E.00718
G1 X19.674 Y3.9 E.01588
G1 X19.713 Y3.709 E.00867
;WIDTH:0.425711
G1 X19.925 Y2.657 E.04836
;WIDTH:0.431701
G1 X19.938 Y2.556 E.00467
;WIDTH:0.44207
G1 X20.194 Y.08 E.11726
;WIDTH:0.440231
G1 X20.17 Y-.174 E.01196
;WIDTH:0.438688
G1 X20.084 Y-.87 E.03274
G1 E-2 F2400
G1 X9.312 Y-3.767 F7800
G1 E2 F2400
;TYPE:Internal infill
;WIDTH:0.45
G1 F4800
G1 X6.999 Y-3.77 E.11125
G1 X4.98 Y3.765 E.37519
G1 X3.79 Y3.79 E.05725
G1 X-3.852 Y-3.852 E.5198
G1 X-4.969 Y-3.805 E.05377
G1 X-6.99 Y3.739 E.37564
G1 X-9.304 Y3.73 E.1113
G1 E-2 F2400
G1 X1.261 Y3.861 F7800
G1 E2 F2400
G1 F4800
G1 X-1.052 Y3.925 E.11129
G1 X1.046 Y-3.903 E.38979
G1 X-1.266 Y-3.986 E.11127
G1 E-2 F2400
G1 X-21.055 Y-.153 F7800
G1 E2 F2400
;TYPE:Solid infill
;WIDTH:0.413706
G1 F1200
G1 X-20.931 Y-2.283 E.09296
G1 X-20.876 Y-2.788 E.02213
;WIDTH:0.40681
G1 X-20.528 Y-3.938 E.05132
G1 X-20.176 Y-3.903 E.01511
G1 X-20.558 Y-2.697 E.05403
;WIDTH:0.413706
G1 X-20.709 Y-.147 E.1113
;WIDTH:0.40979
G1 X-20.679 Y.298 E.01921
;WIDTH:0.403042
G1 X-20.413 Y2.436 E.091
;WIDTH:0.391473
G1 X-19.956 Y3.71 E.05522
G1 X-20.295 Y3.736 E.01387
G1 X-20.716 Y2.545 E.05154
;WIDTH:0.403042
G1 X-20.778 Y2.33 E.00945
G1 X-21.007 Y.338 E.0847
;WIDTH:0.404028
G1 X-21.036 Y.039 E.01273
;LAYER_CHANGE
;Z:17.45
;HEIGHT:0.300001
G1 E-2 F2400
G1 Z17.45 F7800
G1 Z17.45
G1 X20.567 Y4.234
G1 E2 F2400
;TYPE:Perimeter
;WIDTH:0.45
G1 F3600
G1 X19.319 Y4.099 E.06037
G1 X15.901 Y3.914 E.16463
G1 X14.688 Y3.948 E.05836
G1 X12.763 Y4.124 E.09297
G1 X11.416 Y4.142 E.06479
G1 X8.133 Y4.07 E.15794
G1 X4.692 Y4.059 E.1655
G1 X-1.348 Y4.232 E.29062
G1 X-4.284 Y4.111 E.14133
G1 X-4.841 Y4.073 E.02685
G1 X-7.265 Y4.006 E.11663
G1 X-9.659 Y4.022 E.11515
G1 X-12.241 Y3.954 E.12423
G1 X-13.435 Y3.877 E.05755
G1 X-15.641 Y3.691 E.10648
G1 X-17.522 Y3.755 E.09052
G1 X-20.751 Y4.001 E.15575
G1 X-21.294 Y2.389 E.08181
G1 X-21.582 Y-.137 E.12228
G1 X-21.431 Y-2.644 E.1208
G1 X-21.3 Y-3.02 E.01915
G1 X-20.973 Y-4.223 E.05996
G1 X-19.979 Y-4.125 E.04804
G1 X-17.62 Y-3.963 E.11373
G1 X-15.755 Y-3.888 E.08977
G1 X-15.308 Y-3.894 E.0215
G1 X-13.511 Y-4.01 E.08661
G1 X-12.245 Y-4.065 E.06095
G1 X-9.646 Y-4.1 E.12501
G1 X-7.218 Y-4.052 E.1168
G1 X-4.818 Y-4.087 E.11544
G1 X-1.408 Y-4.288 E.16429
G1 X4.65 Y-4.07 E.29156
G1 X10.021 Y-4.063 E.25833
G1 X12.701 Y-3.956 E.129
G1 X14.585 Y-3.773 E.09104
G1 X15.772 Y-3.746 E.05711
G1 X19.146 Y-3.926 E.16251
G1 X20.283 Y-4.021 E.05488
G1 X20.797 Y-2.414 E.08115
G1 X21.192 Y.095 E.12216
G1 X21.135 Y.604 E.02463
G1 X20.907 Y2.644 E.09873
G1 X20.586 Y4.184 E.07566
G1 X20.881 Y4.656 F7800
G1 F3600
G1 X19.298 Y4.484 E.07658
G1 X15.911 Y4.3 E.16314
G1 X14.723 Y4.332 E.05716
G1 X12.784 Y4.51 E.09365
G1 X11.415 Y4.528 E.06585
G1 X8.132 Y4.456 E.15794
G1 X4.691 Y4.445 E.1655
G1 X-1.351 Y4.618 E.29072
G1 X-4.3 Y4.496 E.14196
G1 X-4.852 Y4.459 E.02661
G1 X-7.275 Y4.392 E.11658
G1 X-9.663 Y4.407 E.11486
G1 X-12.258 Y4.34 E.12485
G1 X-13.464 Y4.262 E.05813
G1 X-15.628 Y4.076 E.10446
G1 X-17.492 Y4.139 E.0897
G1 X-21.021 Y4.409 E.17023
G1 X-21.672 Y2.474 E.09819
G1 X-21.97 Y-.131 E.12611
G1 X-21.813 Y-2.721 E.1248
G1 X-21.672 Y-3.121 E.0204
G1 X-21.26 Y-4.64 E.0757
G1 X-19.953 Y-4.51 E.06317
G1 X-17.602 Y-4.348 E.11334
G1 X-15.74 Y-4.273 E.08963
G1 X-15.333 Y-4.279 E.01958
G1 X-13.532 Y-4.395 E.0868
G1 X-12.256 Y-4.451 E.06143
G1 X-9.644 Y-4.486 E.12564
G1 X-7.224 Y-4.437 E.11642
G1 X-4.823 Y-4.472 E.11549
G1 X-1.413 Y-4.674 E.1643
G1 X4.664 Y-4.456 E.29247
G1 X10.028 Y-4.448 E.25799
G1 X12.728 Y-4.341 E.12996
G1 X14.622 Y-4.157 E.09152
G1 X15.78 Y-4.132 E.05571
G1 X19.114 Y-4.31 E.16058
G1 X20.557 Y-4.431 E.06965
G1 X21.173 Y-2.503 E.09735
G1 X21.581 Y.086 E.12606
G1 X21.519 Y.647 E.02715
G1 X21.289 Y2.705 E.0996
G1 X20.893 Y4.598 E.09302
G1 X21.198 Y5.079 F7800
;TYPE:External perimeter
G1 F1800
G1 X19.276 Y4.869 E.09299
G1 X15.937 Y4.685 E.16084
G1 X14.758 Y4.716 E.05673
G1 X12.804 Y4.895 E.09437
G1 X11.413 Y4.914 E.06691
G1 X8.131 Y4.841 E.15789
G1 X4.69 Y4.83 E.1655
G1 X-1.353 Y5.004 E.29077
G1 X-4.316 Y4.882 E.14263
G1 X-4.862 Y4.844 E.02632
G1 X-7.286 Y4.777 E.11663
G1 X-9.666 Y4.793 E.11447
G1 X-12.276 Y4.725 E.12557
G1 X-13.494 Y4.646 E.0587
G1 X-15.615 Y4.461 E.1024
G1 X-17.463 Y4.524 E.08893
G1 X-21.29 Y4.816 E.1846
G1 X-22.051 Y2.558 E.1146
G1 X-22.357 Y-.125 E.12988
G1 X-22.195 Y-2.798 E.1288
G1 X-22.044 Y-3.222 E.02165
G1 X-21.546 Y-5.056 E.0914
G1 X-19.927 Y-4.894 E.07826
G1 X-17.584 Y-4.734 E.11295
G1 X-15.724 Y-4.658 E.08953
G1 X-15.358 Y-4.664 E.01761
G1 X-13.553 Y-4.781 E.087
G1 X-12.267 Y-4.836 E.06191
G1 X-9.643 Y-4.871 E.12622
G1 X-7.229 Y-4.823 E.11613
G1 X-4.829 Y-4.858 E.11544
G1 X-1.417 Y-5.06 E.16439
G1 X4.677 Y-4.841 E.29329
G1 X10.036 Y-4.834 E.25775
G1 X12.754 Y-4.725 E.13083
G1 X14.66 Y-4.541 E.0921
G1 X15.787 Y-4.517 E.05422
G1 X19.082 Y-4.695 E.15871
G1 X20.831 Y-4.841 E.08441
G1 X21.55 Y-2.593 E.11352
G1 X21.97 Y.078 E.13004
G1 X21.902 Y.69 E.02962
G1 X21.67 Y2.766 E.10047
G1 X21.21 Y5.02 E.11064
G1 X20.811 Y5.035 F7800
G1 E-2 F2400
G1 X20.037 Y1.074 F7800
G1 E2 F2400
;TYPE:Internal infill
;WIDTH:0.45
G1 F4800
G1 X19.884 Y2.598 E.07367
G1 X19.724 Y3.364 E.03764
G1 X12.695 Y-3.666 E.47814
G1 X12.952 Y-3.641 E.01242
G1 X10.947 Y3.843 E.37265
G1 X12.025 Y3.845 E.05185
G1 X4.39 Y-3.79 E.51932
G1 X3.139 Y-3.835 E.06021
G1 X-20.337 Y2.455 E1.16894
G1 X-19.906 Y3.647 E.06096
G1 X-18.922 Y3.572 E.04746
G1 X-16.987 Y-3.649 E.35956
G1 X-19.367 Y-3.793 E.11468
G1 X-20.223 Y-3.564 E.04262
G1 X-20.15 Y-3.79 E.01142
G1 X-12.727 Y3.633 E.5049
G1 X-12.946 Y3.619 E.01055
G1 X-10.96 Y-3.793 E.36907
G1 X-11.96 Y-3.78 E.0481
G1 X-4.363 Y3.817 E.51674
G1 X-3.248 Y3.864 E.05368
G1 X19.803 Y-2.312 E1.14778
G1 X19.33 Y-3.652 E.06835
G1 X18.936 Y-3.625 E.01899
G1 X16.978 Y3.683 E.36389
G1 X15.897 Y3.625 E.05207
G1 X14.666 Y3.66 E.05923
G1 E-2 F2400
G1 X20.085 Y-3.724 F7800
G1 E2 F2400
;TYPE:Solid infill
;WIDTH:0.430201
G1 F1200
G1 X20.477 Y-2.534 E.05717
;WIDTH:0.418488
G1 X20.53 Y-2.351 E.00841
G1 X20.788 Y-.718 E.07302
;WIDTH:0.417042
G1 X20.791 Y-.701 E.00076
;WIDTH:0.43993
G1 X20.906 Y.101 E.03795
G1 X20.606 Y2.732 E.12404
;WIDTH:0.425719
G1 X20.389 Y3.773 E.04792
;WIDTH:0.42521
G1 X20.355 Y3.933 E.00736
G1 X19.995 Y3.894 E.0163
G1 X20.036 Y3.699 E.00897
;WIDTH:0.425719
G1 X20.252 Y2.659 E.04787
;WIDTH:0.431829
G1 X20.266 Y2.554 E.00485
;WIDTH:0.439891
G1 X20.527 Y.04 E.11838
;WIDTH:0.432969
G1 X20.44 Y-.662 E.03252
;WIDTH:0.418488
G1 X20.152 Y-2.422 E.07877
;WIDTH:0.430201
G1 X19.711 Y-3.693 E.06138
G1 X19.893 Y-3.709 E.00834
G1 E-2 F2400
G1 X9.314 Y-3.774 F7800
G1 E2 F2400
;TYPE:Internal infill
;WIDTH:0.45
G1 F4800
G1 X7.001 Y-3.778 E.11125
G1 X4.978 Y3.771 E.37589
G1 X3.795 Y3.795 E.05691
G1 X-3.854 Y-3.854 E.52028
G1 X-4.971 Y-3.795 E.0538
G1 X-6.986 Y3.725 E.37445
G1 X-9.3 Y3.73 E.1113
G1 E-2 F2400
G1 X1.259 Y3.868 F7800
G1 E2 F2400
G1 F4800
G1 X-1.054 Y3.935 E.11129
G1 X1.048 Y-3.91 E.39063
G1 X-1.264 Y-3.993 E.11127
G1 E-2 F2400
G1 X-20.788 Y-3.954 F7800
G1 E2 F2400
;TYPE:Solid infill
;WIDTH:0.370468
G1 F1200
G1 X-20.47 Y-3.923 E.0122
G1 X-20.882 Y-2.556 E.05451
;WIDTH:0.371222
G1 X-21.022 Y-.124 E.09323
;WIDTH:0.375658
G1 X-20.711 Y2.424 E.09966
;WIDTH:0.374018
G1 X-20.252 Y3.711 E.05277
G1 X-20.575 Y3.736 E.01251
G1 X-20.991 Y2.522 E.04956
;WIDTH:0.375658
G1 X-21.046 Y2.334 E.0076
G1 X-21.326 Y-.088 E.09466
;WIDTH:0.371222
G1 X-21.186 Y-2.574 E.09529
;WIDTH:0.368729
G1 X-21.069 Y-2.96 E.01531
;WIDTH:0.366585
G1 X-20.84 Y-3.769 E.03169
;LAYER_CHANGE
;Z:17.75
;HEIGHT:0.299999
G1 E-2 F2400
G1 Z17.75 F7800
G1 Z17.75
G1 X20.89 Y4.231
G1 E2 F2400
;TYPE:Perimeter
;WIDTH:0.45
G1 F3600
G1 X19.673 Y4.099 E.05888
G1 X15.643 Y3.88 E.19411
G1 X15.127 Y3.896 E.02483
G1 X12.622 Y4.125 E.12098
G1 X10.861 Y4.148 E.08471
G1 X7.748 Y4.074 E.14977
G1 X4.647 Y4.065 E.14915
G1 X-1.144 Y4.236 E.27865
G1 X-4.266 Y4.113 E.15027
G1 X-5.069 Y4.057 E.03872
G1 X-7.433 Y3.986 E.11375
G1 X-10.264 Y4.008 E.13617
G1 X-12.107 Y3.96 E.08867
G1 X-13.503 Y3.87 E.06728
G1 X-15.4 Y3.692 E.09164
G1 X-15.987 Y3.674 E.02825
G1 X-17.552 Y3.727 E.07531
G1 X-21.002 Y3.985 E.1664
G1 X-21.55 Y2.37 E.08203
G1 X-21.841 Y-.141 E.12158
G1 X-21.769 Y-1.034 E.04309
G1 X-21.681 Y-2.632 E.07697
G1 X-21.45 Y-3.29 E.03354
G1 X-21.2 Y-4.208 E.04576
G1 X-20.244 Y-4.117 E.04619
G1 X-17.668 Y-3.95 E.12416
G1 X-16.11 Y-3.887 E.075
G1 X-15.125 Y-3.901 E.04738
G1 X-13.58 Y-4.001 E.07446
G1 X-12.095 Y-4.065 E.07149
G1 X-10.229 Y-4.092 E.08976
G1 X-7.392 Y-4.032 E.13648
G1 X-5.048 Y-4.074 E.11276
G1 X-1.407 Y-4.295 E.17544
G1 X4.607 Y-4.074 E.28945
G1 X9.929 Y-4.069 E.25597
G1 X12.565 Y-3.96 E.12689
G1 X15.051 Y-3.719 E.12013
G1 X15.587 Y-3.71 E.02578
G1 X19.5 Y-3.922 E.18848
G1 X20.62 Y-4.017 E.05406
G1 X20.808 Y-3.42 E.0301
G1 X21.08 Y-2.423 E.0497
G1 X21.471 Y.099 E.12275
G1 X21.415 Y.603 E.02439
G1 X21.202 Y2.502 E.09191
G1 X20.913 Y4.189 E.08232
G1 X21.204 Y4.653 F7800
G1 F3600
G1 X19.651 Y4.484 E.07513
G1 X15.683 Y4.265 E.19114
G1 X15.162 Y4.28 E.02507
G1 X12.642 Y4.51 E.12171
G1 X10.859 Y4.534 E.08576
G1 X7.739 Y4.459 E.1501
G1 X4.646 Y4.451 E.14876
G1 X-1.35 Y4.628 E.28851
G1 X-2.064 Y4.582 E.03441
G1 X-4.28 Y4.498 E.10666
G1 X-5.081 Y4.443 E.03862
G1 X-7.444 Y4.372 E.1137
G1 X-10.267 Y4.394 E.13578
G1 X-12.124 Y4.345 E.08935
G1 X-13.534 Y4.254 E.06796
G1 X-15.413 Y4.077 E.09077
G1 X-15.974 Y4.06 E.02699
G1 X-17.525 Y4.112 E.07464
G1 X-21.271 Y4.392 E.18067
G1 X-21.929 Y2.455 E.09839
G1 X-22.228 Y-.134 E.12535
G1 X-22.154 Y-1.055 E.04444
G1 X-22.063 Y-2.708 E.07962
G1 X-21.822 Y-3.391 E.03483
G1 X-21.487 Y-4.623 E.06141
G1 X-20.219 Y-4.502 E.06126
G1 X-17.65 Y-4.335 E.12382
G1 X-16.094 Y-4.272 E.0749
G1 X-15.15 Y-4.286 E.04541
G1 X-13.601 Y-4.386 E.07466
G1 X-12.106 Y-4.451 E.07197
G1 X-10.228 Y-4.477 E.09033
G1 X-7.398 Y-4.418 E.13614
G1 X-5.055 Y-4.459 E.11271
G1 X-1.412 Y-4.681 E.17554
G1 X4.621 Y-4.459 E.29036
G1 X9.938 Y-4.455 E.25573
G1 X12.592 Y-4.345 E.12776
G1 X15.064 Y-4.105 E.11945
G1 X15.566 Y-4.095 E.02415
G1 X19.467 Y-4.306 E.1879
G1 X20.895 Y-4.427 E.06893
G1 X21.178 Y-3.529 E.04528
G1 X21.458 Y-2.504 E.05111
G1 X21.86 Y.091 E.1263
G1 X21.798 Y.645 E.02681
G1 X21.586 Y2.545 E.09195
G1 X21.363 Y3.918 E.0669
G1 X21.224 Y4.605 E.03371
G1 X21.518 Y5.075 F7800
;TYPE:External perimeter
G1 F1800
G1 X19.63 Y4.869 E.09135
G1 X15.679 Y4.651 E.19032
G1 X15.197 Y4.664 E.02319
G1 X12.662 Y4.896 E.12243
G1 X10.857 Y4.92 E.08682
G1 X7.73 Y4.845 E.15044
G1 X4.645 Y4.837 E.14838
G1 X-1.356 Y5.014 E.28875
G1 X-2.079 Y4.968 E.03484
G1 X-4.295 Y4.884 E.10666
G1 X-5.092 Y4.828 E.03843
G1 X-7.456 Y4.757 E.11375
G1 X-10.271 Y4.779 E.1354
G1 X-12.142 Y4.731 E.09002
G1 X-13.564 Y4.639 E.06854
G1 X-15.425 Y4.462 E.08991
G1 X-15.962 Y4.445 E.02584
G1 X-17.499 Y4.497 E.07397
G1 X-21.54 Y4.799 E.1949
G1 X-22.307 Y2.54 E.11474
G1 X-22.616 Y-.128 E.12918
G1 X-22.539 Y-1.076 E.04575
G1 X-22.445 Y-2.785 E.08232
G1 X-22.194 Y-3.492 E.03608
G1 X-21.774 Y-5.038 E.07705
G1 X-20.194 Y-4.887 E.07634
G1 X-17.632 Y-4.72 E.12348
G1 X-16.079 Y-4.657 E.07476
G1 X-15.175 Y-4.67 E.04348
G1 X-13.622 Y-4.771 E.07485
G1 X-12.117 Y-4.836 E.07245
G1 X-10.227 Y-4.863 E.09091
G1 X-7.405 Y-4.804 E.13576
G1 X-5.062 Y-4.845 E.11271
G1 X-1.417 Y-5.067 E.17564
G1 X4.636 Y-4.845 E.29132
G1 X9.946 Y-4.841 E.25539
G1 X12.618 Y-4.73 E.12862
G1 X15.101 Y-4.489 E.11998
G1 X15.545 Y-4.48 E.02136
G1 X19.434 Y-4.69 E.18732
G1 X21.17 Y-4.838 E.0838
G1 X21.548 Y-3.638 E.06051
G1 X21.836 Y-2.584 E.05255
G1 X22.249 Y.082 E.12975
G1 X22.181 Y.688 E.02933
G1 X21.969 Y2.588 E.09195
G1 X21.743 Y3.986 E.06811
G1 X21.533 Y5.02 E.05075
G1 X21.133 Y5.031 F7800
G1 E-2 F2400
G1 X20.811 Y-.262 F7800
G1 E2 F2400
;TYPE:Solid infill
;WIDTH:0.402678
G1 F1200
G1 X20.464 Y-2.416 E.09206
;WIDTH:0.41813
G1 X20.273 Y-2.966 E.02569
;WIDTH:0.425329
G1 X20.048 Y-3.691 E.03417
G1 X20.421 Y-3.722 E.01685
G1 X20.612 Y-3.068 E.03067
;WIDTH:0.41813
G1 X20.82 Y-2.367 E.03226
;WIDTH:0.402678
G1 X21.141 Y-.314 E.08768
;WIDTH:0.411406
G1 X21.199 Y.105 E.01831
G1 X20.926 Y2.569 E.1073
;WIDTH:0.406537
G1 X20.903 Y2.711 E.00614
;WIDTH:0.421957
G1 X20.684 Y3.931 E.05528
G1 X20.32 Y3.892 E.01633
G1 X20.571 Y2.648 E.0566
;WIDTH:0.406537
G1 X20.586 Y2.531 E.00503
;WIDTH:0.411406
G1 X20.851 Y.09 E.10627
G1 X20.833 Y-.07 E.00697
G1 E-2 F2400
G1 X1.256 Y3.876 F7800
G1 E2 F2400
;TYPE:Internal infill
;WIDTH:0.45
G1 F4800
G1 X-1.057 Y3.944 E.1113
G1 X1.049 Y-3.915 E.39133
G1 X-1.263 Y-4 E.11127
G1 E-2 F2400
G1 X9.316 Y-3.781 F7800
G1 E2 F2400
G1 F4800
G1 X7.002 Y-3.783 E.1113
G1 X4.976 Y3.777 E.37644
G1 X3.801 Y3.801 E.05653
G1 X-3.856 Y-3.856 E.52082
G1 X-4.973 Y-3.789 E.05382
G1 X-6.983 Y3.711 E.37345
G1 X-9.296 Y3.711 E.11125
G1 E-2 F2400
G1 X-16.604 Y3.406 F7800
G1 E2 F2400
G1 F4800
G1 X-18.913 Y3.539 E.11124
G1 X-16.991 Y-3.634 E.35717
G1 X-19.436 Y-3.775 E.11779
G1 X-20.559 Y-3.474 E.05592
G1 X-20.448 Y-3.846 E.01867
G1 X-20.184 Y-3.823 E.01275
G1 X-12.731 Y3.63 E.50694
G1 X-12.946 Y3.616 E.01036
G1 X-10.961 Y-3.792 E.36887
G1 X-11.958 Y-3.778 E.04796
G1 X-4.323 Y3.821 E.5181
G1 X-3.24 Y3.862 E.05213
G1 X20.091 Y-2.389 E1.16172
G1 X19.671 Y-3.647 E.06379
G1 X18.93 Y-3.601 E.03571
G1 X16.983 Y3.664 E.36175
G1 X19.368 Y3.793 E.11488
G1 X19.997 Y3.624 E.03133
G1 X12.704 Y-3.656 E.49562
G1 X12.95 Y-3.632 E.01189
G1 X10.943 Y3.858 E.37295
G1 X12.024 Y3.844 E.052
G1 X4.387 Y-3.793 E.51946
G1 X3.15 Y-3.838 E.05953
G1 X-20.603 Y2.526 E1.18273
G1 X-20.674 Y2.326 E.01021
G1 X-20.909 Y.238 E.10106
G1 E-2 F2400
G1 X-20.737 Y3.584 F7800
G1 E2 F2400
;TYPE:Solid infill
;WIDTH:0.631517
G1 F1200
G1 X-21.123 Y2.467 E.0836
;WIDTH:0.653421
G1 X-21.167 Y2.284 E.01383
;WIDTH:0.658514
G1 X-21.441 Y-.11 E.17856
G1 X-21.385 Y-1.007 E.0666
;WIDTH:0.640095
G1 X-21.385 Y-1.014 E.0005
;WIDTH:0.643339
G1 X-21.299 Y-2.555 E.11145
G1 X-21.21 Y-2.857 E.02273
;WIDTH:0.610625
G1 X-21.12 Y-3.159 E.02147
;WIDTH:0.592677
G1 X-20.932 Y-3.82 E.04528
;LAYER_CHANGE
;Z:18.05
;HEIGHT:0.299999
G1 E-2 F2400
G1 Z18.05 F7800
G1 Z18.05
G1 X21.13 Y4.217
G1 E2 F2400
;TYPE:Perimeter
;WIDTH:0.45
G1 F3600
G1 X20.012 Y4.097 E.05408
G1 X15.683 Y3.854 E.20854
G1 X12.482 Y4.125 E.15451
G1 X10.306 Y4.155 E.10467
G1 X7.356 Y4.077 E.14193
G1 X4.623 Y4.063 E.13145
G1 X-1.146 Y4.245 E.27761
G1 X-4.252 Y4.115 E.14952
G1 X-5.304 Y4.041 E.05072
G1 X-7.638 Y3.966 E.11232
G1 X-11.114 Y3.988 E.16719
G1 X-11.973 Y3.966 E.04133
G1 X-13.574 Y3.862 E.07716
G1 X-15.45 Y3.685 E.09063
G1 X-16.333 Y3.658 E.04249
G1 X-17.591 Y3.701 E.06054
G1 X-21.252 Y3.969 E.17655
G1 X-21.807 Y2.351 E.08227
G1 X-22.1 Y-.144 E.12083
G1 X-21.999 Y-1.384 E.05984
G1 X-21.932 Y-2.619 E.05949
G1 X-21.6 Y-3.559 E.04795
G1 X-21.428 Y-4.193 E.0316
G1 X-20.509 Y-4.109 E.04438
G1 X-17.712 Y-3.936 E.13478
G1 X-16.464 Y-3.886 E.06007
G1 X-14.943 Y-3.908 E.07316
G1 X-13.649 Y-3.992 E.06237
G1 X-11.953 Y-4.065 E.08165
G1 X-9.504 Y-4.06 E.11779
G1 X-7.609 Y-4.013 E.09117
G1 X-6.94 Y-4.041 E.0322
G1 X-5.287 Y-4.061 E.07951
G1 X-1.406 Y-4.303 E.18703
G1 X4.059 Y-4.102 E.26303
G1 X4.584 Y-4.065 E.02531
G1 X7.296 Y-4.056 E.13044
G1 X9.843 Y-4.076 E.12251
G1 X12.431 Y-3.965 E.12459
G1 X15.583 Y-3.682 E.15221
G1 X19.786 Y-3.913 E.20245
G1 X20.896 Y-4.006 E.05357
G1 X21.343 Y-2.388 E.08074
G1 X21.442 Y-1.839 E.02683
G1 X21.736 Y.083 E.09352
G1 X21.66 Y.578 E.02409
G1 X21.442 Y2.608 E.0982
G1 X21.321 Y3.113 E.02498
G1 X21.156 Y4.18 E.05193
G1 X21.448 Y4.639 F7800
G1 F3600
G1 X19.99 Y4.482 E.07053
G1 X15.661 Y4.239 E.20854
G1 X12.502 Y4.511 E.1525
G1 X10.303 Y4.54 E.10577
G1 X7.346 Y4.462 E.14227
G1 X4.621 Y4.448 E.13106
G1 X-1.134 Y4.63 E.27693
G1 X-4.267 Y4.501 E.15081
G1 X-5.314 Y4.427 E.05048
G1 X-7.636 Y4.352 E.11174
G1 X-11.118 Y4.374 E.16748
G1 X-11.99 Y4.351 E.04195
G1 X-13.605 Y4.247 E.07784
G1 X-15.462 Y4.07 E.08972
G1 X-16.32 Y4.043 E.04129
G1 X-17.564 Y4.085 E.05987
G1 X-21.521 Y4.375 E.19083
G1 X-22.185 Y2.437 E.09853
G1 X-22.487 Y-.138 E.1247
G1 X-22.384 Y-1.405 E.06114
G1 X-22.314 Y-2.696 E.06218
G1 X-21.972 Y-3.66 E.0492
G1 X-21.715 Y-4.607 E.04719
G1 X-20.485 Y-4.494 E.05941
G1 X-17.696 Y-4.321 E.1344
G1 X-16.449 Y-4.271 E.06002
G1 X-14.968 Y-4.293 E.07124
G1 X-13.67 Y-4.377 E.06256
G1 X-11.961 Y-4.451 E.08227
G1 X-9.499 Y-4.446 E.11841
G1 X-7.599 Y-4.399 E.09141
G1 X-6.951 Y-4.427 E.0312
G1 X-5.291 Y-4.446 E.07985
G1 X-1.411 Y-4.689 E.18698
G1 X4.073 Y-4.487 E.26394
G1 X4.585 Y-4.45 E.02469
G1 X7.297 Y-4.442 E.13044
G1 X9.849 Y-4.462 E.12275
G1 X12.457 Y-4.35 E.12555
G1 X15.562 Y-4.067 E.14996
G1 X19.753 Y-4.297 E.20188
G1 X21.182 Y-4.418 E.06898
G1 X21.719 Y-2.474 E.097
G1 X21.822 Y-1.902 E.02795
G1 X22.126 Y.083 E.09658
G1 X22.041 Y.637 E.02696
G1 X21.823 Y2.675 E.09858
G1 X21.702 Y3.172 E.0246
G1 X21.48 Y4.61 E.06998
G1 X21.764 Y5.062 F7800
;TYPE:External perimeter
G1 F1800
G1 X19.969 Y4.867 E.08684
G1 X15.64 Y4.624 E.20854
G1 X12.521 Y4.896 E.15058
G1 X10.301 Y4.926 E.10678
G1 X7.336 Y4.848 E.14266
G1 X4.619 Y4.834 E.13068
G1 X-1.122 Y5.016 E.27626
G1 X-4.282 Y4.886 E.15211
G1 X-5.323 Y4.812 E.05019
G1 X-7.633 Y4.737 E.11116
G1 X-11.122 Y4.759 E.16781
G1 X-12.008 Y4.736 E.04263
G1 X-13.636 Y4.631 E.07846
G1 X-15.475 Y4.456 E.08885
G1 X-16.307 Y4.428 E.04004
G1 X-17.536 Y4.47 E.05915
G1 X-21.789 Y4.781 E.2051
G1 X-22.564 Y2.523 E.11482
G1 X-22.875 Y-.131 E.12852
G1 X-22.769 Y-1.426 E.06249
G1 X-22.696 Y-2.773 E.06488
G1 X-22.344 Y-3.761 E.05045
G1 X-22.002 Y-5.021 E.06279
G1 X-20.461 Y-4.879 E.07443
G1 X-17.68 Y-4.707 E.13401
G1 X-16.433 Y-4.656 E.06003
G1 X-14.993 Y-4.677 E.06927
G1 X-13.691 Y-4.762 E.06275
G1 X-11.969 Y-4.836 E.0829
G1 X-9.494 Y-4.832 E.11904
G1 X-7.589 Y-4.784 E.09165
G1 X-6.962 Y-4.812 E.03019
G1 X-5.296 Y-4.832 E.08013
G1 X-1.416 Y-5.075 E.18698
G1 X4.088 Y-4.872 E.2649
G1 X4.586 Y-4.836 E.02401
G1 X7.299 Y-4.827 E.13049
G1 X9.856 Y-4.847 E.12299
G1 X12.483 Y-4.734 E.12647
G1 X15.54 Y-4.452 E.14766
G1 X19.721 Y-4.681 E.20139
G1 X21.468 Y-4.829 E.08433
G1 X22.096 Y-2.56 E.11323
G1 X22.203 Y-1.966 E.02903
G1 X22.516 Y.083 E.09969
G1 X22.423 Y.695 E.02977
G1 X22.204 Y2.742 E.09902
G1 X22.083 Y3.231 E.02423
G1 X21.803 Y5.042 E.08814
G1 X21.404 Y5.02 F7800
G1 E-2 F2400
G1 X20.704 Y-3.731 F7800
G1 E2 F2400
;TYPE:Solid infill
;WIDTH:0.387596
G1 F1200
G1 X21.053 Y-2.511 E.05115
;WIDTH:0.373113
G1 X21.099 Y-2.324 E.00742
;WIDTH:0.374276
G1 X21.471 Y.016 E.09158
;WIDTH:0.375903
G1 X21.481 Y.084 E.00267
G1 X21.409 Y.597 E.02013
;WIDTH:0.368679
G1 X21.198 Y2.554 E.07471
G1 X21.09 Y3.034 E.01867
;WIDTH:0.375005
G1 X20.938 Y3.943 E.03571
G1 X20.62 Y3.909 E.01239
G1 X20.896 Y2.521 E.05483
;WIDTH:0.368679
G1 X21.11 Y.564 E.07472
;WIDTH:0.374276
G1 X21.165 Y.064 E.01944
G1 X20.794 Y-2.276 E.09157
;WIDTH:0.373113
G1 X20.765 Y-2.425 E.00585
;WIDTH:0.387596
G1 X20.368 Y-3.703 E.05395
G1 X20.512 Y-3.715 E.00583
G1 E-2 F2400
G1 X9.312 Y-3.783 F7800
G1 E2 F2400
;TYPE:Internal infill
;WIDTH:0.45
G1 F4800
G1 X6.998 Y-3.768 E.1113
G1 X4.977 Y3.775 E.37559
G1 X3.799 Y3.799 E.05667
G1 X-3.86 Y-3.86 E.52096
G1 X-4.973 Y-3.79 E.05364
G1 X-6.979 Y3.698 E.37285
G1 X-9.292 Y3.688 E.11125
G1 E-2 F2400
G1 X1.253 Y3.88 F7800
G1 E2 F2400
G1 F4800
G1 X-1.059 Y3.953 E.11125
G1 X1.051 Y-3.923 E.39217
G1 X-1.261 Y-4.008 E.11127
G1 E-2 F2400
G1 X-21.151 Y-1.133 F7800
G1 E2 F2400
G1 F4800
G1 X-21.064 Y-2.571 E.06929
G1 X-20.812 Y-3.406 E.04195
G1 X-19.502 Y-3.757 E.06523
G1 X-16.995 Y-3.619 E.12076
G1 X-18.905 Y3.507 E.35483
G1 X-20.488 Y3.623 E.07634
G1 X-20.836 Y2.589 E.05247
G1 X3.174 Y-3.845 E1.19554
G1 X4.391 Y-3.789 E.0586
G1 X12.023 Y3.842 E.51909
G1 X10.943 Y3.857 E.05195
G1 X12.948 Y-3.627 E.37265
G1 X12.712 Y-3.648 E.0114
G1 X20.185 Y3.825 E.5083
G1 X20.28 Y3.835 E.00459
G1 X20.344 Y3.531 E.01494
G1 X19.433 Y3.775 E.04536
G1 X16.99 Y3.64 E.11768
G1 X18.923 Y-3.576 E.3593
G1 X20.016 Y-3.642 E.05267
G1 X20.391 Y-2.469 E.05923
G1 X-3.246 Y3.864 E1.17696
G1 X-4.36 Y3.82 E.05362
G1 X-11.956 Y-3.776 E.51667
G1 X-10.965 Y-3.774 E.04766
G1 X-12.945 Y3.613 E.36783
G1 X-12.734 Y3.627 E.01017
G1 X-20.158 Y-3.797 E.50497
G1 X-21.166 Y-3.815 F7800
;TYPE:Solid infill
;WIDTH:0.605453
G1 F1200
G1 X-21.389 Y-3.049 E.05384
;WIDTH:0.643529
G1 X-21.549 Y-2.542 E.0384
G1 X-21.617 Y-1.363 E.08531
;WIDTH:0.663125
G1 X-21.698 Y-.099 E.09459
;WIDTH:0.658373
G1 X-21.424 Y2.264 E.17624
;WIDTH:0.653051
G1 X-21.379 Y2.447 E.01384
;WIDTH:0.618529
G1 X-20.995 Y3.579 E.08262
M106 S234.6
;LAYER_CHANGE
;Z:18.35
;HEIGHT:0.300001
G1 E-2 F2400
G1 Z18.35 F7800
G1 Z18.35
G1 X21.369 Y4.201
G1 E2 F2400
;TYPE:Perimeter
;WIDTH:0.45
G1 F3600
G1 X20.29 Y4.087 E.05218
G1 X16.051 Y3.839 E.20423
G1 X14.189 Y3.957 E.08974
G1 X12.339 Y4.126 E.08935
G1 X9.811 Y4.16 E.1216
G1 X7.301 Y4.057 E.12082
G1 X6.946 Y4.071 E.01709
G1 X4.598 Y4.059 E.11293
G1 X3.931 Y4.101 E.03214
G1 X-1.354 Y4.261 E.25431
G1 X-2.693 Y4.176 E.06453
G1 X-4.313 Y4.115 E.07797
G1 X-5.534 Y4.026 E.05888
G1 X-6.843 Y3.993 E.06298
G1 X-7.807 Y3.946 E.04642
G1 X-11.913 Y3.967 E.19749
G1 X-13.646 Y3.855 E.08353
G1 X-15.499 Y3.678 E.08953
G1 X-16.614 Y3.641 E.05366
G1 X-17.631 Y3.674 E.04894
G1 X-19.759 Y3.846 E.10268
G1 X-20.618 Y3.879 E.04135
G1 X-21.505 Y3.948 E.04279
G1 X-22.064 Y2.332 E.08224
G1 X-22.358 Y-.148 E.12011
G1 X-22.231 Y-1.709 E.07533
G1 X-22.182 Y-2.607 E.04325
G1 X-21.899 Y-3.4 E.0405
G1 X-21.655 Y-4.179 E.03926
G1 X-20.774 Y-4.101 E.04254
G1 X-18.256 Y-3.952 E.12132
G1 X-16.766 Y-3.884 E.07174
G1 X-14.76 Y-3.915 E.09649
G1 X-13.718 Y-3.982 E.05022
G1 X-12.019 Y-4.056 E.08179
G1 X-9.438 Y-4.035 E.12414
G1 X-7.785 Y-3.994 E.07953
G1 X-6.902 Y-4.031 E.04251
G1 X-5.52 Y-4.048 E.06647
G1 X-1.405 Y-4.31 E.19832
G1 X3.707 Y-4.119 E.24604
G1 X4.533 Y-4.056 E.03984
G1 X6.57 Y-4.057 E.09797
G1 X7.178 Y-4.028 E.02928
G1 X9.972 Y-4.072 E.1344
G1 X12.294 Y-3.969 E.11179
G1 X15.101 Y-3.704 E.13561
G1 X15.948 Y-3.667 E.04078
G1 X20.122 Y-3.903 E.20108
G1 X21.159 Y-3.99 E.05005
G1 X21.602 Y-2.368 E.08087
G1 X21.773 Y-1.418 E.04643
G1 X22.004 Y.089 E.07333
G1 X21.914 Y.673 E.02842
G1 X21.709 Y2.474 E.08718
G1 X21.502 Y3.397 E.0455
G1 X21.385 Y4.15 E.03665
G1 X21.697 Y4.624 F7800
G1 F3600
G1 X20.267 Y4.472 E.06917
G1 X16.029 Y4.224 E.20418
G1 X14.224 Y4.341 E.087
G1 X12.359 Y4.512 E.09008
G1 X9.805 Y4.546 E.12285
G1 X7.285 Y4.443 E.1213
G1 X6.955 Y4.457 E.01589
G1 X4.596 Y4.445 E.11346
G1 X3.95 Y4.486 E.03113
G1 X-1.361 Y4.647 E.25556
G1 X-2.707 Y4.561 E.06487
G1 X-4.335 Y4.5 E.07836
G1 X-5.544 Y4.411 E.05831
G1 X-6.853 Y4.379 E.06298
G1 X-7.805 Y4.332 E.04584
G1 X-11.925 Y4.352 E.19816
G1 X-13.677 Y4.239 E.08444
G1 X-15.512 Y4.064 E.08866
G1 X-16.627 Y4.026 E.05366
G1 X-17.602 Y4.059 E.04692
G1 X-19.728 Y4.231 E.10259
G1 X-20.588 Y4.263 E.04139
G1 X-21.772 Y4.356 E.05712
G1 X-22.442 Y2.418 E.09862
G1 X-22.746 Y-.141 E.12394
G1 X-22.616 Y-1.74 E.07716
G1 X-22.564 Y-2.683 E.04542
G1 X-22.122 Y-3.93 E.06363
G1 X-21.942 Y-4.591 E.03295
G1 X-20.751 Y-4.486 E.05751
G1 X-16.772 Y-4.27 E.19166
G1 X-14.785 Y-4.299 E.09558
G1 X-13.739 Y-4.367 E.05042
G1 X-12.026 Y-4.442 E.08247
G1 X-9.431 Y-4.421 E.12481
G1 X-7.776 Y-4.379 E.07963
G1 X-6.913 Y-4.417 E.04155
G1 X-5.525 Y-4.433 E.06676
G1 X-1.41 Y-4.696 E.19832
G1 X3.722 Y-4.504 E.247
G1 X4.532 Y-4.442 E.03907
G1 X6.57 Y-4.443 E.09802
G1 X7.172 Y-4.413 E.02899
G1 X9.978 Y-4.458 E.13498
G1 X12.321 Y-4.354 E.1128
G1 X15.121 Y-4.089 E.13527
G1 X15.926 Y-4.052 E.03876
G1 X20.09 Y-4.287 E.20059
G1 X21.441 Y-4.401 E.06521
G1 X21.978 Y-2.453 E.09719
G1 X22.154 Y-1.482 E.04746
G1 X22.394 Y.089 E.07644
G1 X22.296 Y.731 E.03124
G1 X22.092 Y2.515 E.08636
G1 X22.041 Y2.804 E.01411
G1 X21.883 Y3.456 E.03227
G1 X21.71 Y4.57 E.05422
G1 X22.025 Y5.047 F7800
;TYPE:External perimeter
G1 F1800
G1 X20.245 Y4.857 E.0861
G1 X16.006 Y4.609 E.20423
G1 X14.262 Y4.725 E.08407
G1 X12.38 Y4.897 E.09089
G1 X9.8 Y4.931 E.1241
G1 X7.269 Y4.828 E.12183
G1 X6.963 Y4.843 E.01474
G1 X4.594 Y4.83 E.11394
G1 X3.968 Y4.872 E.03018
G1 X-1.367 Y5.033 E.25671
G1 X-2.722 Y4.947 E.0653
G1 X-4.356 Y4.885 E.07865
G1 X-5.554 Y4.797 E.05777
G1 X-6.862 Y4.764 E.06293
G1 X-7.804 Y4.717 E.04536
G1 X-11.936 Y4.738 E.19874
G1 X-13.708 Y4.624 E.0854
G1 X-15.525 Y4.449 E.0878
G1 X-16.639 Y4.412 E.05361
G1 X-17.574 Y4.443 E.04499
G1 X-19.697 Y4.615 E.10244
G1 X-20.558 Y4.647 E.04144
G1 X-22.039 Y4.763 E.07145
G1 X-22.82 Y2.505 E.11491
G1 X-23.133 Y-.134 E.12782
G1 X-23 Y-1.772 E.07904
G1 X-22.946 Y-2.76 E.04759
G1 X-22.494 Y-4.031 E.06488
G1 X-22.23 Y-5.004 E.04849
G1 X-20.729 Y-4.871 E.07248
G1 X-16.777 Y-4.655 E.19036
G1 X-14.81 Y-4.684 E.09462
G1 X-13.76 Y-4.752 E.05061
G1 X-12.032 Y-4.827 E.08319
G1 X-9.425 Y-4.806 E.12539
G1 X-7.766 Y-4.765 E.07982
G1 X-6.924 Y-4.802 E.04054
G1 X-5.529 Y-4.819 E.0671
G1 X-1.415 Y-5.082 E.19827
G1 X3.736 Y-4.889 E.24792
G1 X4.532 Y-4.827 E.0384
G1 X6.569 Y-4.829 E.09797
G1 X7.166 Y-4.799 E.02875
G1 X9.983 Y-4.844 E.13551
G1 X12.347 Y-4.739 E.11381
G1 X15.14 Y-4.474 E.13494
G1 X15.904 Y-4.437 E.03679
G1 X20.058 Y-4.671 E.20011
G1 X21.711 Y-4.81 E.07978
G1 X21.839 Y-4.426 E.01947
G1 X22.355 Y-2.538 E.09414
G1 X22.534 Y-1.545 E.04853
G1 X22.784 Y.089 E.0795
G1 X22.677 Y.789 E.03406
G1 X22.476 Y2.556 E.08553
G1 X22.416 Y2.897 E.01665
G1 X22.264 Y3.515 E.03061
G1 X22.036 Y4.989 E.07174
G1 X21.636 Y5.004 F7800
G1 X21.073 Y3.806
;TYPE:Solid infill
;WIDTH:0.594791
G1 F1200
G1 X21.167 Y3.241 E.03789
;WIDTH:0.632595
G1 X21.295 Y2.632 E.0441
;WIDTH:0.646151
G1 X21.487 Y.938 E.12371
;WIDTH:0.672698
G1 X21.593 Y.125 E.06221
;WIDTH:0.673156
G1 X21.591 Y.045 E.00608
;WIDTH:0.676443
G1 X21.22 Y-2.281 E.17981
;WIDTH:0.653261
G1 X21.179 Y-2.469 E.01413
;WIDTH:0.647907
G1 X20.869 Y-3.576 E.08367
G1 E-2 F2400
G1 X20.981 Y1.152 F7800
G1 E2 F2400
;TYPE:Internal infill
;WIDTH:0.45
G1 F4800
G1 X20.671 Y3.444 E.11124
G1 X19.517 Y3.753 E.05746
G1 X20.15 Y3.789 E.03049
G1 X12.722 Y-3.638 E.50521
G1 X12.946 Y-3.617 E.01082
G1 X10.944 Y3.856 E.3721
G1 X12.021 Y3.841 E.05181
G1 X4.403 Y-3.777 E.51817
G1 X3.189 Y-3.849 E.05849
G1 X-21.064 Y2.65 E1.20764
G1 X-20.742 Y3.599 E.0482
G1 X-18.899 Y3.487 E.08881
G1 X-16.999 Y-3.604 E.35308
G1 X-19.566 Y-3.74 E.12364
G1 X-21.052 Y-3.342 E.07399
G1 X-21.315 Y-2.558 E.03977
G1 X-21.396 Y-1.073 E.07153
G1 E-2 F2400
G1 X-21.249 Y3.557 F7800
G1 E2 F2400
;TYPE:Solid infill
;WIDTH:0.617979
G1 F1200
G1 X-21.636 Y2.428 E.08241
;WIDTH:0.652939
G1 X-21.681 Y2.244 E.01391
;WIDTH:0.658258
G1 X-21.957 Y-.102 E.17497
;WIDTH:0.661265
G1 X-21.846 Y-1.677 E.11754
;WIDTH:0.644431
G1 X-21.799 Y-2.53 E.06181
;WIDTH:0.643953
G1 X-21.546 Y-3.297 E.05838
;WIDTH:0.606931
G1 X-21.393 Y-3.801 E.03564
G1 X-20.134 Y-3.773 F7800
;TYPE:Internal infill
;WIDTH:0.45
G1 F4800
G1 X-12.737 Y3.624 E.50314
G1 X-12.944 Y3.61 E.00998
G1 X-10.97 Y-3.758 E.36687
G1 X-11.946 Y-3.766 E.04694
G1 X-4.359 Y3.821 E.51606
G1 X-3.251 Y3.865 E.05333
G1 X20.661 Y-2.542 E1.19065
G1 X20.349 Y-3.632 E.05453
G1 X18.915 Y-3.545 E.0691
G1 X16.999 Y3.607 E.35612
G1 X15.976 Y3.548 E.04928
G1 X14.689 Y3.633 E.06204
G1 E-2 F2400
G1 X9.306 Y-3.772 F7800
G1 E2 F2400
G1 F4800
G1 X6.993 Y-3.75 E.11125
G1 X4.978 Y3.772 E.37454
G1 X3.815 Y3.815 E.05597
G1 X-3.864 Y-3.864 E.52232
G1 X-4.972 Y-3.793 E.0534
G1 X-6.979 Y3.698 E.373
G1 X-9.292 Y3.666 E.11126
G1 E-2 F2400
G1 X1.251 Y3.893 F7800
G1 E2 F2400
G1 F4800
G1 X-1.062 Y3.963 E.1113
G1 X1.053 Y-3.929 E.39297
G1 X-1.259 Y-4.015 E.11128
M106 S232.05
;LAYER_CHANGE
;Z:18.65
;HEIGHT:0.299999
G1 E-2 F2400
G1 Z18.65 F7800
G1 Z18.65
G1 X21.597 Y4.184
G1 E2 F2400
;TYPE:Perimeter
;WIDTH:0.45
G1 F3600
G1 X20.579 Y4.078 E.04923
G1 X19.196 Y3.978 E.06669
G1 X16.307 Y3.823 E.13915
G1 X15.031 Y3.895 E.06147
G1 X12.203 Y4.127 E.13647
G1 X10.704 Y4.147 E.0721
G1 X9.387 Y4.127 E.06335
G1 X7.233 Y4.038 E.10369
G1 X6.593 Y4.066 E.03081
G1 X4.574 Y4.055 E.09711
G1 X3.578 Y4.119 E.048
G1 X-1.36 Y4.27 E.23761
G1 X-2.99 Y4.167 E.07855
G1 X-4.3 Y4.117 E.06305
G1 X-5.718 Y4.012 E.06839
G1 X-6.806 Y3.984 E.05235
G1 X-7.974 Y3.926 E.05625
G1 X-12.41 Y3.932 E.21336
G1 X-13.717 Y3.847 E.06299
G1 X-15.549 Y3.671 E.08852
G1 X-16.959 Y3.625 E.06785
G1 X-17.677 Y3.648 E.03455
G1 X-19.758 Y3.822 E.10044
G1 X-20.885 Y3.863 E.05424
G1 X-21.756 Y3.931 E.04202
G1 X-22.321 Y2.313 E.08243
G1 X-22.617 Y-.152 E.11941
G1 X-22.432 Y-2.594 E.11779
G1 X-21.878 Y-4.176 E.08062
G1 X-21.038 Y-4.093 E.0406
G1 X-17.121 Y-3.883 E.18866
G1 X-14.591 Y-3.921 E.1217
G1 X-12.497 Y-4.029 E.10085
G1 X-9.367 Y-4.009 E.15055
G1 X-7.895 Y-3.975 E.07082
G1 X-6.865 Y-4.022 E.04959
G1 X-5.702 Y-4.037 E.05594
G1 X-1.404 Y-4.317 E.20716
G1 X3.356 Y-4.136 E.2291
G1 X4.478 Y-4.047 E.05413
G1 X6.171 Y-4.048 E.08143
G1 X7.045 Y-3.999 E.0421
G1 X9.153 Y-4.038 E.1014
G1 X10.82 Y-4.033 E.08018
G1 X12.159 Y-3.974 E.06446
G1 X14.897 Y-3.719 E.13226
G1 X16.207 Y-3.652 E.06309
G1 X20.399 Y-3.889 E.20194
G1 X21.404 Y-3.972 E.0485
G1 X21.861 Y-2.346 E.08124
G1 X22.111 Y-.953 E.06807
G1 X22.271 Y.095 E.05099
G1 X22.083 Y1.335 E.06032
G1 X21.95 Y2.581 E.06027
G1 X21.682 Y3.68 E.05441
G1 X21.612 Y4.132 E.022
G1 X21.925 Y4.606 F7800
G1 F3600
G1 X20.551 Y4.463 E.06644
G1 X19.175 Y4.363 E.06636
G1 X16.393 Y4.208 E.13401
G1 X15.06 Y4.279 E.0642
G1 X12.221 Y4.512 E.13701
G1 X10.703 Y4.532 E.07302
G1 X9.377 Y4.512 E.06378
G1 X7.217 Y4.423 E.10398
G1 X6.602 Y4.451 E.02961
G1 X4.572 Y4.441 E.09764
G1 X3.597 Y4.504 E.04699
G1 X-1.367 Y4.656 E.23886
G1 X-3.014 Y4.551 E.07938
G1 X-4.321 Y4.502 E.06291
G1 X-5.746 Y4.397 E.06872
G1 X-6.816 Y4.369 E.05148
G1 X-7.974 Y4.312 E.05576
G1 X-12.422 Y4.317 E.21393
G1 X-13.748 Y4.232 E.06391
G1 X-15.562 Y4.057 E.08765
G1 X-16.972 Y4.01 E.06785
G1 X-17.644 Y4.032 E.03234
G1 X-19.796 Y4.212 E.10387
G1 X-20.855 Y4.248 E.05096
G1 X-22.022 Y4.338 E.0563
G1 X-22.699 Y2.4 E.09873
G1 X-23.005 Y-.144 E.12324
G1 X-22.814 Y-2.671 E.12189
G1 X-22.498 Y-3.558 E.04529
G1 X-22.167 Y-4.584 E.05185
G1 X-21.017 Y-4.478 E.05555
G1 X-17.126 Y-4.269 E.18741
G1 X-14.611 Y-4.306 E.12098
G1 X-12.506 Y-4.414 E.10138
G1 X-9.361 Y-4.395 E.15127
G1 X-7.912 Y-4.36 E.06971
G1 X-6.876 Y-4.407 E.04988
G1 X-5.727 Y-4.422 E.05527
G1 X-1.409 Y-4.704 E.20812
G1 X3.37 Y-4.521 E.23002
G1 X4.477 Y-4.433 E.05341
G1 X6.171 Y-4.434 E.08148
G1 X7.038 Y-4.385 E.04177
G1 X9.15 Y-4.423 E.1016
G1 X10.829 Y-4.419 E.08075
G1 X12.186 Y-4.359 E.06533
G1 X14.933 Y-4.103 E.13269
G1 X16.227 Y-4.037 E.06232
G1 X20.367 Y-4.273 E.19944
G1 X21.674 Y-4.382 E.06308
G1 X21.844 Y-3.873 E.02581
G1 X22.237 Y-2.431 E.07188
G1 X22.492 Y-1.011 E.06939
G1 X22.661 Y.095 E.05381
G1 X22.437 Y1.646 E.07537
G1 X22.295 Y2.791 E.05549
G1 X22.063 Y3.739 E.04694
G1 X21.937 Y4.551 E.03952
G1 X22.254 Y5.028 F7800
;TYPE:External perimeter
G1 F1800
G1 X20.523 Y4.848 E.0837
G1 X19.156 Y4.749 E.06592
G1 X16.371 Y4.593 E.13416
G1 X15.089 Y4.664 E.06175
G1 X12.239 Y4.898 E.13754
G1 X10.703 Y4.918 E.07388
G1 X9.366 Y4.898 E.06431
G1 X7.201 Y4.808 E.10422
G1 X6.611 Y4.837 E.02841
G1 X4.57 Y4.827 E.09817
G1 X3.616 Y4.89 E.04598
G1 X-1.373 Y5.042 E.24006
G1 X-3.039 Y4.936 E.08029
G1 X-4.343 Y4.887 E.06276
G1 X-5.775 Y4.781 E.06906
G1 X-6.826 Y4.755 E.05056
G1 X-7.973 Y4.697 E.05524
G1 X-12.435 Y4.703 E.21461
G1 X-13.779 Y4.616 E.06478
G1 X-15.575 Y4.442 E.08679
G1 X-16.985 Y4.395 E.06785
G1 X-17.612 Y4.416 E.03017
G1 X-19.773 Y4.597 E.1043
G1 X-20.825 Y4.632 E.05063
G1 X-22.288 Y4.746 E.07058
G1 X-23.077 Y2.488 E.11504
G1 X-23.392 Y-.137 E.12716
G1 X-23.231 Y-2.122 E.09579
G1 X-23.196 Y-2.748 E.03016
G1 X-22.644 Y-4.3 E.07923
G1 X-22.457 Y-4.99 E.03438
G1 X-20.996 Y-4.863 E.07053
G1 X-17.132 Y-4.654 E.18612
G1 X-14.631 Y-4.691 E.1203
G1 X-12.515 Y-4.8 E.10191
G1 X-9.355 Y-4.781 E.15199
G1 X-7.929 Y-4.746 E.06861
G1 X-6.887 Y-4.793 E.05017
G1 X-5.752 Y-4.807 E.05459
G1 X-1.414 Y-5.09 E.20909
G1 X3.385 Y-4.906 E.23098
G1 X4.477 Y-4.818 E.05269
G1 X6.17 Y-4.82 E.08143
G1 X7.031 Y-4.77 E.04148
G1 X9.147 Y-4.809 E.10179
G1 X10.838 Y-4.804 E.08133
G1 X12.212 Y-4.743 E.06615
G1 X14.969 Y-4.487 E.13317
G1 X16.246 Y-4.422 E.0615
G1 X20.335 Y-4.658 E.19699
G1 X21.943 Y-4.791 E.0776
G1 X22.213 Y-3.985 E.04088
G1 X22.614 Y-2.517 E.07319
G1 X22.873 Y-1.07 E.0707
G1 X23.051 Y.095 E.05668
G1 X22.669 Y2.883 E.13535
G1 X22.444 Y3.798 E.04532
G1 X22.263 Y4.969 E.05699
G1 X21.863 Y4.987 F7800
G1 E-2 F2400
G1 X20.115 Y3.755 F7800
G1 E2 F2400
;TYPE:Internal infill
;WIDTH:0.45
G1 F4800
G1 X12.73 Y-3.63 E.50232
G1 X12.944 Y-3.61 E.01034
G1 X10.944 Y3.854 E.37166
G1 X12.02 Y3.84 E.05176
G1 X4.418 Y-3.763 E.51711
G1 X3.202 Y-3.852 E.05864
G1 X-21.292 Y2.711 E1.21963
G1 X-20.994 Y3.583 E.04432
G1 X-18.892 Y3.459 E.10127
G1 X-17.002 Y-3.596 E.35129
G1 X-19.613 Y-3.727 E.12574
G1 X-21.305 Y-3.274 E.08425
G1 X-21.565 Y-2.545 E.03723
G1 X-21.658 Y-1.008 E.07406
G1 E-2 F2400
G1 X-21.626 Y-3.791 F7800
G1 E2 F2400
;TYPE:Solid infill
;WIDTH:0.612031
G1 F1200
G1 X-22.015 Y-2.663 E.0815
;WIDTH:0.644531
G1 X-22.05 Y-2.515 E.011
;WIDTH:0.668159
G1 X-22.219 Y-.16 E.1778
;WIDTH:0.663383
G1 X-22.215 Y-.105 E.00412
;WIDTH:0.658155
G1 X-21.938 Y2.224 E.1737
;WIDTH:0.652827
G1 X-21.892 Y2.409 E.01399
;WIDTH:0.617429
G1 X-21.501 Y3.541 E.08261
G1 E-2 F2400
G1 X-20.114 Y-3.754 F7800
G1 E2 F2400
;TYPE:Internal infill
;WIDTH:0.45
G1 F4800
G1 X-12.74 Y3.621 E.5016
G1 X-12.943 Y3.607 E.00979
G1 X-10.977 Y-3.73 E.36533
G1 X-11.916 Y-3.736 E.04516
G1 X-4.358 Y3.822 E.51409
G1 X-3.258 Y3.867 E.05295
G1 X20.899 Y-2.606 E1.20286
G1 X20.619 Y-3.617 E.05046
G1 X18.907 Y-3.514 E.08249
G1 X17.009 Y3.569 E.35269
G1 X19.639 Y3.72 E.1267
G1 X20.906 Y3.381 E.06308
G1 X21.077 Y2.543 E.04114
G1 X21.232 Y1.093 E.07014
G1 E-2 F2400
G1 X21.129 Y-3.567 F7800
G1 E2 F2400
;TYPE:Solid infill
;WIDTH:0.634349
G1 F1200
G1 X21.443 Y-2.428 E.08399
;WIDTH:0.650913
G1 X21.48 Y-2.26 E.01258
;WIDTH:0.678855
G1 X21.855 Y.025 E.17747
;WIDTH:0.675783
G1 X21.699 Y1.283 E.09667
;WIDTH:0.647111
G1 X21.697 Y1.296 E.00096
;WIDTH:0.646885
G1 X21.567 Y2.514 E.08899
G1 X21.433 Y3.092 E.04311
;WIDTH:0.630199
G1 X21.303 Y3.793 E.05031
G1 E-2 F2400
G1 X9.296 Y-3.748 F7800
G1 E2 F2400
;TYPE:Internal infill
;WIDTH:0.45
G1 F4800
G1 X6.983 Y-3.711 E.11126
G1 X4.979 Y3.768 E.3724
G1 X3.814 Y3.814 E.05608
G1 X-3.867 Y-3.867 E.52245
G1 X-4.972 Y-3.795 E.05326
G1 X-6.976 Y3.687 E.37254
G1 X-9.289 Y3.64 E.11127
G1 E-2 F2400
G1 X1.248 Y3.901 F7800
G1 E2 F2400
G1 F4800
G1 X-1.064 Y3.972 E.11125
G1 X1.054 Y-3.934 E.39366
G1 X-1.258 Y-4.022 E.11128
M106 S229.5
;LAYER_CHANGE
;Z:18.95
;HEIGHT:0.300001
G1 E-2 F2400
G1 Z18.95 F7800
G1 Z18.95
G1 X21.825 Y4.168
G1 E2 F2400
;TYPE:Perimeter
;WIDTH:0.45
G1 F3600
G1 X20.854 Y4.068 E.04695
G1 X18.849 Y3.924 E.09668
G1 X16.673 Y3.808 E.10481
G1 X14.864 Y3.909 E.08714
G1 X12.075 Y4.126 E.13455
G1 X8.996 Y4.094 E.1481
G1 X7.076 Y4.018 E.09242
G1 X6.24 Y4.06 E.04026
G1 X4.481 Y4.054 E.0846
G1 X3.226 Y4.137 E.06049
G1 X-1.366 Y4.28 E.22097
G1 X-3.311 Y4.156 E.09374
G1 X-4.287 Y4.119 E.04698
G1 X-5.948 Y3.996 E.08011
G1 X-6.823 Y3.973 E.0421
G1 X-8.094 Y3.908 E.06121
G1 X-12.904 Y3.897 E.23134
G1 X-13.788 Y3.84 E.04261
G1 X-15.599 Y3.665 E.08751
G1 X-17.305 Y3.608 E.0821
G1 X-18.085 Y3.648 E.03756
G1 X-19.828 Y3.803 E.08416
G1 X-21.152 Y3.848 E.06372
G1 X-22.007 Y3.914 E.04124
G1 X-22.578 Y2.293 E.08266
G1 X-22.876 Y-.157 E.1187
G1 X-22.687 Y-2.57 E.11641
G1 X-22.124 Y-4.151 E.08072
G1 X-21.305 Y-4.085 E.03952
G1 X-17.484 Y-3.882 E.18404
G1 X-15.779 Y-3.892 E.08201
G1 X-14.408 Y-3.928 E.06596
G1 X-12.98 Y-4.001 E.06877
G1 X-9.116 Y-3.979 E.18585
G1 X-8.071 Y-3.956 E.05027
G1 X-6.894 Y-4.009 E.05667
G1 X-5.934 Y-4.024 E.04618
G1 X-1.403 Y-4.325 E.21841
G1 X3.004 Y-4.153 E.21212
G1 X4.423 Y-4.038 E.06847
G1 X5.772 Y-4.039 E.06488
G1 X6.91 Y-3.971 E.05483
G1 X8.523 Y-4 E.07759
G1 X9.37 Y-3.981 E.04075
G1 X11.581 Y-3.993 E.10634
G1 X12.025 Y-3.978 E.02137
G1 X14.735 Y-3.73 E.13089
G1 X16.57 Y-3.637 E.08837
G1 X20.676 Y-3.875 E.19782
G1 X21.636 Y-3.954 E.04633
G1 X21.848 Y-3.32 E.03215
G1 X22.12 Y-2.324 E.04966
G1 X22.443 Y-.526 E.08786
G1 X22.539 Y.101 E.03051
G1 X22.297 Y1.691 E.07735
G1 X22.203 Y2.568 E.04242
G1 X21.843 Y4.115 E.07639
G1 X22.152 Y4.589 F7800
G1 F3600
G1 X20.826 Y4.453 E.06411
G1 X18.828 Y4.309 E.09635
G1 X16.758 Y4.193 E.09972
G1 X14.892 Y4.294 E.08988
G1 X12.088 Y4.512 E.13527
G1 X8.986 Y4.479 E.1492
G1 X7.096 Y4.404 E.09097
G1 X6.249 Y4.446 E.04079
G1 X4.507 Y4.438 E.08379
G1 X3.245 Y4.523 E.06084
G1 X-1.372 Y4.666 E.22217
G1 X-3.336 Y4.541 E.09465
G1 X-4.308 Y4.504 E.04678
G1 X-5.976 Y4.381 E.08044
G1 X-6.838 Y4.359 E.04147
G1 X-8.114 Y4.293 E.06145
G1 X-12.918 Y4.282 E.23106
G1 X-13.82 Y4.224 E.04347
G1 X-15.612 Y4.05 E.08659
G1 X-17.318 Y3.993 E.0821
G1 X-18.051 Y4.032 E.0353
G1 X-19.804 Y4.188 E.08465
G1 X-21.122 Y4.233 E.06343
G1 X-22.272 Y4.321 E.05547
G1 X-22.955 Y2.382 E.09888
G1 X-23.263 Y-.148 E.12258
G1 X-23.067 Y-2.652 E.1208
G1 X-22.397 Y-4.56 E.09726
G1 X-21.284 Y-4.47 E.05371
G1 X-17.486 Y-4.268 E.18293
G1 X-15.781 Y-4.277 E.08201
G1 X-14.428 Y-4.313 E.0651
G1 X-12.989 Y-4.387 E.0693
G1 X-9.107 Y-4.365 E.18671
G1 X-8.088 Y-4.341 E.04902
G1 X-6.911 Y-4.394 E.05667
G1 X-5.96 Y-4.409 E.04575
G1 X-1.408 Y-4.711 E.21942
G1 X3.019 Y-4.538 E.21309
G1 X4.423 Y-4.424 E.06775
G1 X5.772 Y-4.425 E.06488
G1 X6.903 Y-4.356 E.0545
G1 X8.516 Y-4.386 E.07759
G1 X9.368 Y-4.367 E.04099
G1 X11.579 Y-4.378 E.10634
G1 X12.051 Y-4.363 E.02271
G1 X14.77 Y-4.114 E.13132
G1 X16.59 Y-4.022 E.08765
G1 X20.645 Y-4.26 E.19537
G1 X21.906 Y-4.363 E.06085
G1 X22.217 Y-3.432 E.04721
G1 X22.496 Y-2.41 E.05095
G1 X22.824 Y-.585 E.08918
G1 X22.929 Y.101 E.03338
G1 X22.68 Y1.732 E.07935
G1 X22.584 Y2.635 E.04368
G1 X22.243 Y4.022 E.0687
G1 X22.164 Y4.533 E.02487
G1 X22.481 Y5.01 F7800
;TYPE:External perimeter
G1 F1800
G1 X20.799 Y4.838 E.08132
G1 X18.81 Y4.694 E.09591
G1 X16.737 Y4.578 E.09986
G1 X14.921 Y4.678 E.08748
G1 X12.101 Y4.898 E.13604
G1 X8.976 Y4.865 E.15031
G1 X7.115 Y4.789 E.08958
G1 X6.258 Y4.832 E.04127
G1 X4.532 Y4.823 E.08302
G1 X3.263 Y4.908 E.06117
G1 X-1.378 Y5.052 E.22332
G1 X-3.36 Y4.926 E.09552
G1 X-4.33 Y4.889 E.04669
G1 X-6.005 Y4.765 E.08078
G1 X-6.853 Y4.744 E.0408
G1 X-8.134 Y4.678 E.06169
G1 X-12.932 Y4.668 E.23077
G1 X-13.851 Y4.608 E.04429
G1 X-15.624 Y4.436 E.08568
G1 X-17.33 Y4.379 E.0821
G1 X-18.017 Y4.417 E.03309
G1 X-19.781 Y4.573 E.08517
G1 X-21.092 Y4.617 E.06309
G1 X-22.538 Y4.728 E.06975
G1 X-23.333 Y2.47 E.11514
G1 X-23.651 Y-.14 E.12646
G1 X-23.448 Y-2.733 E.1251
G1 X-23.117 Y-3.66 E.04734
G1 X-22.685 Y-4.97 E.06634
G1 X-21.264 Y-4.855 E.06857
G1 X-17.489 Y-4.653 E.18182
G1 X-15.784 Y-4.663 E.08201
G1 X-14.448 Y-4.698 E.06428
G1 X-12.998 Y-4.773 E.06983
G1 X-9.097 Y-4.75 E.18763
G1 X-8.105 Y-4.726 E.04773
G1 X-6.929 Y-4.779 E.05662
G1 X-5.985 Y-4.794 E.04541
G1 X-1.413 Y-5.097 E.22038
G1 X3.034 Y-4.923 E.21405
G1 X4.422 Y-4.81 E.06698
G1 X5.772 Y-4.811 E.06493
G1 X6.896 Y-4.742 E.05416
G1 X8.62 Y-4.773 E.08293
G1 X9.363 Y-4.752 E.03575
G1 X11.577 Y-4.764 E.10649
G1 X12.077 Y-4.748 E.02406
G1 X14.805 Y-4.498 E.13176
G1 X16.609 Y-4.407 E.08688
G1 X20.613 Y-4.644 E.19292
G1 X22.176 Y-4.772 E.07543
G1 X22.586 Y-3.544 E.06227
G1 X22.873 Y-2.495 E.05231
G1 X23.205 Y-.643 E.09049
G1 X23.319 Y.101 E.0362
G1 X23.064 Y1.773 E.08135
G1 X22.964 Y2.702 E.04494
G1 X22.625 Y4.081 E.0683
G1 X22.49 Y4.951 E.04234
G1 X22.09 Y4.969 F7800
G1 X21.537 Y3.772
;TYPE:Solid infill
;WIDTH:0.632883
G1 F1200
G1 X21.797 Y2.626 E.08332
;WIDTH:0.648024
G1 X21.917 Y1.6 E.0752
;WIDTH:0.675219
G1 X21.996 Y.996 E.04641
;WIDTH:0.680064
G1 X22.127 Y.122 E.06787
G1 X22.04 Y-.511 E.04907
;WIDTH:0.672843
G1 X21.886 Y-1.433 E.07094
;WIDTH:0.647821
G1 X21.741 Y-2.239 E.05959
G1 X21.483 Y-3.209 E.07304
;WIDTH:0.633791
G1 X21.377 Y-3.561 E.02611
G1 E-2 F2400
G1 X21.49 Y1.034 F7800
G1 E2 F2400
;TYPE:Internal infill
;WIDTH:0.45
G1 F4800
G1 X21.331 Y2.53 E.07236
G1 X21.143 Y3.317 E.03892
G1 X19.726 Y3.697 E.07056
G1 X20.083 Y3.723 E.01722
G1 X12.738 Y-3.623 E.49963
G1 X12.942 Y-3.604 E.00985
G1 X10.952 Y3.825 E.36991
G1 X12.017 Y3.837 E.05123
G1 X4.43 Y-3.75 E.51606
G1 X3.196 Y-3.85 E.05955
G1 X-21.52 Y2.772 E1.23068
G1 X-21.388 Y3.152 E.01935
G1 X-20.988 Y3.552 E.02721
G1 X-18.884 Y3.429 E.10137
G1 X-17.002 Y-3.596 E.34979
G1 X-19.682 Y-3.709 E.12901
G1 X-21.577 Y-3.201 E.09436
G1 X-21.815 Y-2.533 E.03411
G1 X-21.923 Y-.932 E.07718
G1 E-2 F2400
G1 X-20.091 Y-3.731 F7800
G1 E2 F2400
G1 F4800
G1 X-12.752 Y3.608 E.49919
G1 X-12.942 Y3.604 E.00914
G1 X-11.088 Y-3.317 E.34461
G1 X-11.5 Y-3.319 E.01982
G1 X-4.773 Y3.408 E.45756
G1 X-6.871 Y3.295 E.10105
G1 X-5.075 Y-3.408 E.33376
G1 X-3.514 Y-3.514 E.07525
G1 X3.809 Y3.809 E.4981
G1 X4.98 Y3.765 E.05636
G1 X6.975 Y-3.683 E.37085
G1 X9.288 Y-3.694 E.11125
G1 E-2 F2400
G1 X.953 Y-3.557 F7800
G1 E2 F2400
G1 F4800
G1 X-.963 Y3.592 E.35598
G1 X-.173 Y3.568 E.03801
G1 X-.275 Y3.957 E.01934
G1 X.847 Y3.922 E.05399
G1 E-2 F2400
G1 X-4.44 Y3.432 F7800
G1 E2 F2400
G1 F4800
G1 X-2.13 Y3.565 E.11129
G1 X21.136 Y-2.669 E1.15849
G1 X20.881 Y-3.602 E.04652
G1 X18.898 Y-3.482 E.09555
G1 X17.018 Y3.534 E.34935
G1 X14.708 Y3.631 E.1112
G1 E-2 F2400
G1 X-9.3 Y3.605 F7800
G1 E2 F2400
;TYPE:Solid infill
;WIDTH:0.430159
G1 F1200
G1 X-8.265 Y3.608 E.04722
;WIDTH:0.437731
G1 X-6.809 Y3.674 E.06787
;WIDTH:0.440293
G1 X-6.164 Y3.697 E.03026
;WIDTH:0.449915
G1 X-4.271 Y3.831 E.09125
;WIDTH:0.448875
G1 X-3.616 Y3.856 E.03143
;WIDTH:0.448275
G1 X-3.292 Y3.873 E.01553
;WIDTH:0.440105
G1 X-1.376 Y3.995 E.08997
;WIDTH:0.447465
G1 X-.676 Y3.97 E.03347
G1 E-2 F2400
G1 X-11.679 Y-3.692 F7800
G1 E2 F2400
;WIDTH:0.421815
G1 F1200
G1 X-9.303 Y-3.68 E.10593
;WIDTH:0.426579
G1 X-8.296 Y-3.658 E.0455
;WIDTH:0.437553
G1 X-8.131 Y-3.659 E.00768
;WIDTH:0.438673
G1 X-6.821 Y-3.717 E.06122
;WIDTH:0.440391
G1 X-6.155 Y-3.727 E.03124
;WIDTH:0.449769
G1 X-1.408 Y-4.038 E.22867
;WIDTH:0.450037
G1 X-.456 Y-3.998 E.04583
G1 E-2 F2400
G1 X-21.753 Y3.524 F7800
G1 E2 F2400
;WIDTH:0.616889
G1 F1200
G1 X-22.148 Y2.39 E.08275
;WIDTH:0.652735
G1 X-22.195 Y2.204 E.01408
;WIDTH:0.658061
G1 X-22.474 Y-.108 E.17244
;WIDTH:0.663709
G1 X-22.478 Y-.167 E.00442
;WIDTH:0.666603
G1 X-22.303 Y-2.489 E.17491
;WIDTH:0.648641
G1 X-22.265 Y-2.651 E.01213
;WIDTH:0.612019
G1 X-21.871 Y-3.761 E.08045
M106 S219.3
;LAYER_CHANGE
;Z:19.25
;HEIGHT:0.299999
G1 E-2 F2400
G1 Z19.25 F7800
G1 Z19.25
G1 X22.055 Y4.151
G1 E2 F2400
;TYPE:Perimeter
;WIDTH:0.45
G1 F3600
G1 X21.13 Y4.059 E.04471
G1 X18.502 Y3.869 E.12673
G1 X17.038 Y3.793 E.07051
G1 X14.697 Y3.923 E.11277
G1 X12.279 Y4.107 E.11663
G1 X9.459 Y4.056 E.13565
G1 X8.598 Y4.06 E.04141
G1 X7.016 Y3.998 E.07615
G1 X5.888 Y4.055 E.05432
G1 X4.457 Y4.05 E.06883
G1 X2.873 Y4.156 E.07636
G1 X-1.372 Y4.29 E.20427
G1 X-3.633 Y4.146 E.10897
G1 X-4.274 Y4.121 E.03085
G1 X-6.206 Y3.979 E.09317
G1 X-8.243 Y3.889 E.09807
G1 X-13.288 Y3.862 E.24265
G1 X-13.86 Y3.832 E.02755
G1 X-15.649 Y3.658 E.08645
G1 X-17.625 Y3.592 E.09509
G1 X-19.834 Y3.779 E.10663
G1 X-21.419 Y3.833 E.07628
G1 X-22.256 Y3.897 E.04037
G1 X-22.822 Y2.284 E.08222
G1 X-23.077 Y-.167 E.11852
G1 X-22.909 Y-2.623 E.1184
G1 X-22.373 Y-4.138 E.07729
G1 X-21.572 Y-4.077 E.03864
G1 X-17.839 Y-3.881 E.17979
G1 X-15.812 Y-3.893 E.09749
G1 X-14.25 Y-3.934 E.07515
G1 X-13.463 Y-3.974 E.0379
G1 X-9.268 Y-3.959 E.20177
G1 X-8.253 Y-3.936 E.04883
G1 X-6.856 Y-3.999 E.06726
G1 X-6.167 Y-4.011 E.03314
G1 X-1.402 Y-4.332 E.2297
G1 X2.749 Y-4.166 E.19981
G1 X4.284 Y-4.033 E.0741
G1 X5.524 Y-4.031 E.05964
G1 X6.686 Y-3.944 E.05604
G1 X8.185 Y-3.963 E.0721
G1 X9.178 Y-3.936 E.04778
G1 X12.293 Y-3.949 E.14982
G1 X14.608 Y-3.739 E.1118
G1 X16.933 Y-3.622 E.11197
G1 X20.953 Y-3.862 E.19369
G1 X21.868 Y-3.935 E.04415
G1 X22.222 Y-2.879 E.05357
G1 X22.378 Y-2.305 E.02861
G1 X22.805 Y.118 E.11833
G1 X22.712 Y.725 E.02954
G1 X22.517 Y2.005 E.06227
G1 X22.457 Y2.555 E.02661
G1 X22.075 Y4.1 E.07655
G1 X22.38 Y4.571 F7800
G1 F3600
G1 X21.102 Y4.443 E.06177
G1 X18.481 Y4.254 E.12639
G1 X17.124 Y4.178 E.06537
G1 X14.725 Y4.308 E.11555
G1 X12.29 Y4.493 E.11745
G1 X9.452 Y4.442 E.13652
G1 X8.591 Y4.446 E.04141
G1 X7.032 Y4.384 E.07504
G1 X5.896 Y4.441 E.05471
G1 X4.483 Y4.435 E.06796
G1 X2.892 Y4.541 E.07669
G1 X-1.378 Y4.676 E.20547
G1 X-3.657 Y4.53 E.10984
G1 X-4.295 Y4.506 E.03071
G1 X-6.223 Y4.364 E.09298
G1 X-8.26 Y4.274 E.09807
G1 X-13.29 Y4.248 E.24193
G1 X-13.891 Y4.217 E.02894
G1 X-15.661 Y4.043 E.08554
G1 X-17.638 Y3.978 E.09514
G1 X-19.811 Y4.164 E.1049
G1 X-21.389 Y4.217 E.07594
G1 X-22.521 Y4.304 E.05461
G1 X-23.201 Y2.369 E.09865
G1 X-23.464 Y-.16 E.12229
G1 X-23.29 Y-2.702 E.12255
G1 X-22.638 Y-4.545 E.09403
G1 X-21.552 Y-4.462 E.05239
G1 X-17.841 Y-4.267 E.17873
G1 X-15.822 Y-4.278 E.09711
G1 X-14.26 Y-4.319 E.07515
G1 X-13.472 Y-4.36 E.03795
G1 X-9.266 Y-4.344 E.2023
G1 X-8.268 Y-4.321 E.04801
G1 X-6.873 Y-4.385 E.06717
G1 X-6.193 Y-4.396 E.03271
G1 X-1.407 Y-4.718 E.23071
G1 X2.773 Y-4.551 E.2012
G1 X4.318 Y-4.417 E.07459
G1 X5.538 Y-4.416 E.05868
G1 X6.123 Y-4.373 E.02821
G1 X7.181 Y-4.335 E.05092
G1 X8.196 Y-4.349 E.04882
G1 X9.177 Y-4.322 E.0472
G1 X12.309 Y-4.334 E.15064
G1 X14.629 Y-4.124 E.11204
G1 X16.952 Y-4.007 E.11187
G1 X20.922 Y-4.246 E.19129
G1 X22.138 Y-4.344 E.05868
G1 X22.591 Y-2.991 E.06863
G1 X22.755 Y-2.389 E.03001
G1 X23.196 Y.114 E.12224
G1 X23.093 Y.783 E.03256
G1 X22.898 Y2.063 E.06227
G1 X22.837 Y2.622 E.02705
G1 X22.396 Y4.516 E.09353
G1 X22.708 Y4.992 F7800
;TYPE:External perimeter
G1 F1800
G1 X21.074 Y4.828 E.07898
G1 X18.463 Y4.639 E.12591
G1 X17.103 Y4.563 E.06551
G1 X14.753 Y4.693 E.1132
G1 X12.301 Y4.879 E.11827
G1 X9.446 Y4.828 E.13734
G1 X8.584 Y4.832 E.04146
G1 X7.048 Y4.769 E.07394
G1 X5.905 Y4.826 E.05504
G1 X4.508 Y4.819 E.06719
G1 X2.911 Y4.926 E.07698
G1 X-1.384 Y5.062 E.20668
G1 X-3.682 Y4.915 E.11075
G1 X-4.317 Y4.891 E.03056
G1 X-6.24 Y4.749 E.09274
G1 X-8.277 Y4.659 E.09807
G1 X-13.292 Y4.633 E.24121
G1 X-13.922 Y4.601 E.03034
G1 X-15.674 Y4.429 E.08467
G1 X-17.651 Y4.363 E.09514
G1 X-19.787 Y4.549 E.10312
G1 X-21.36 Y4.602 E.0757
G1 X-22.787 Y4.711 E.06883
G1 X-23.58 Y2.454 E.11506
G1 X-23.851 Y-.153 E.12606
G1 X-23.671 Y-2.781 E.12669
G1 X-22.913 Y-4.953 E.11064
G1 X-21.531 Y-4.847 E.06666
G1 X-17.843 Y-4.652 E.17763
G1 X-15.832 Y-4.664 E.09672
G1 X-14.27 Y-4.705 E.07515
G1 X-13.481 Y-4.745 E.038
G1 X-9.265 Y-4.73 E.20278
G1 X-8.283 Y-4.707 E.04724
G1 X-6.891 Y-4.77 E.06702
G1 X-6.219 Y-4.781 E.03233
G1 X-1.412 Y-5.105 E.23172
G1 X2.797 Y-4.936 E.2026
G1 X4.351 Y-4.802 E.07502
G1 X5.552 Y-4.802 E.05776
G1 X6.151 Y-4.757 E.02889
G1 X7.174 Y-4.721 E.04923
G1 X8.206 Y-4.734 E.04964
G1 X9.175 Y-4.707 E.04662
G1 X12.326 Y-4.72 E.15155
G1 X14.649 Y-4.509 E.11219
G1 X16.972 Y-4.392 E.11187
G1 X20.891 Y-4.631 E.18884
G1 X22.408 Y-4.753 E.0732
G1 X22.96 Y-3.103 E.08368
G1 X23.132 Y-2.474 E.03136
G1 X23.586 Y.109 E.12614
G1 X23.474 Y.842 E.03566
G1 X23.279 Y2.121 E.06223
G1 X23.218 Y2.689 E.02748
G1 X22.805 Y4.364 E.08297
G1 X22.717 Y4.932 E.02764
G1 X22.317 Y4.951 F7800
G1 E-2 F2400
G1 X21.764 Y.966 F7800
G1 E2 F2400
;TYPE:Internal infill
;WIDTH:0.45
G1 F4800
G1 X21.584 Y2.517 E.0751
G1 X21.404 Y3.247 E.03616
G1 X19.814 Y3.673 E.07917
G1 X20.051 Y3.691 E.01143
G1 X12.743 Y-3.618 E.49712
G1 X12.941 Y-3.6 E.00956
G1 X10.96 Y3.794 E.36817
G1 X11.993 Y3.813 E.04969
G1 X4.825 Y-3.356 E.48759
G1 X6.864 Y-3.269 E.09816
G1 X5.084 Y3.376 E.33087
G1 X3.442 Y3.442 E.07904
G1 X.484 Y.484 E.2012
G1 X.409 Y-.146 E.03051
G1 X.117 Y-.438 E.01986
G1 X.747 Y-2.788 E.11702
G1 X1.309 Y-2.938 E.02798
G1 X1.309 Y-3.345 E.01958
G1 X1.979 Y-3.524 E.03335
G1 X4.286 Y-3.357 E.11125
G1 E-2 F2400
G1 X1.215 Y-3.94 F7800
G1 E2 F2400
;TYPE:Solid infill
;WIDTH:0.449239
G1 F1200
G1 X2.734 Y-3.87 E.07299
;WIDTH:0.436569
G1 X4.201 Y-3.744 E.06835
;WIDTH:0.441053
G1 X5.519 Y-3.722 E.06193
;WIDTH:0.411559
G1 X6.528 Y-3.649 E.04381
;WIDTH:0.423961
G1 X8.087 Y-3.652 E.06992
;WIDTH:0.404381
G1 X8.471 Y-3.641 E.01629
G1 E-2 F2400
G1 X14.716 Y3.633 F7800
G1 E2 F2400
;TYPE:Internal infill
;WIDTH:0.45
G1 F4800
G1 X17.026 Y3.505 E.11127
G1 X18.889 Y-3.448 E.34621
G1 X20.968 Y-3.573 E.10017
G1 X21.204 Y-3.337 E.01605
G1 X21.37 Y-2.732 E.03017
G1 X-.203 Y3.049 E1.0742
G1 X-.455 Y3.367 E.01951
G1 X-.166 Y3.541 E.01622
G1 X-.178 Y3.585 E.00219
G1 X1.337 Y3.537 E.0729
G1 X-.283 Y3.97 F7800
;TYPE:Solid infill
;WIDTH:0.442995
G1 F1200
G1 X2.503 Y3.881 E.13163
;WIDTH:0.449455
G1 X4.446 Y3.759 E.0935
;WIDTH:0.446627
G1 X5.528 Y3.762 E.05159
;WIDTH:0.446197
G1 X5.886 Y3.754 E.01705
;WIDTH:0.427029
G1 X6.958 Y3.701 E.04855
;WIDTH:0.433011
G1 X8.214 Y3.747 E.05779
;WIDTH:0.432613
G1 X9.359 Y3.75 E.05259
;WIDTH:0.419267
G1 X9.979 Y3.761 E.02745
G1 E-2 F2400
G1 X21.617 Y-3.554 F7800
G1 E2 F2400
;WIDTH:0.634751
G1 F1200
G1 X21.856 Y-2.768 E.05844
;WIDTH:0.647563
G1 X21.999 Y-2.22 E.0412
G1 X22.214 Y-1.019 E.08875
;WIDTH:0.642061
G1 X22.215 Y-1.012 E.00051
;WIDTH:0.666039
G1 X22.387 Y.037 E.07977
;WIDTH:0.680049
G1 X22.394 Y.128 E.00701
G1 X22.21 Y1.353 E.09512
;WIDTH:0.675189
G1 X22.133 Y1.944 E.0454
;WIDTH:0.648311
G1 X22.074 Y2.488 E.03985
;WIDTH:0.646911
G1 X22.051 Y2.613 E.00923
;WIDTH:0.632223
G1 X21.806 Y3.606 E.07244
;WIDTH:0.631489
G1 X21.777 Y3.747 E.01018
G1 E-2 F2400
G1 X-6.665 Y3.84 F7800
G1 E2 F2400
;TYPE:Bridge infill
;WIDTH:0.407126
;HEIGHT:0.4
M106 S255
G1 F3600
G1 X-12.75 Y2.209 E.34096
G1 X-12.632 Y1.768 E.02471
G1 X-5.348 Y3.72 E.40814
G1 X-4.256 Y3.8 E.05926
G1 X-3.056 Y3.86 E.06503
G1 X-12.513 Y1.326 E.5299
G1 X-12.395 Y.885 E.02471
G1 X-.939 Y3.954 E.6419
G1 X-.704 Y3.947 E.01272
G1 X-.65 Y3.738 E.01168
G1 X-1.126 Y3.451 E.03008
G1 X-1.11 Y3.435 E.00122
G1 X-12.277 Y.443 E.62571
G1 X-12.273 Y.429 E.00079
G1 X-11.764 Y.184 E.03057
G1 X-11.621 Y.146 E.00801
G1 X-.74 Y3.061 E.60968
G1 X-.602 Y2.922 E.0106
G1 X-.527 Y2.645 E.01553
G1 X-10.738 Y-.091 E.57214
G1 X-9.855 Y-.328 E.04948
G1 X-.409 Y2.203 E.52928
G1 X-.291 Y1.762 E.02471
G1 X-10.595 Y-.999 E.57736
G1 X-11.327 Y-1.376 E.04456
G1 X-11.268 Y-1.653 E.01533
G1 X-.173 Y1.32 E.62168
G1 X-.054 Y.879 E.02472
G1 X-10.203 Y-1.841 E.56868
G1 X-10.659 Y-2.436 E.04057
G1 X.064 Y.437 E.60083
G1 X.016 Y.051 E.02105
G1 X-.121 Y-.086 E.01049
G1 X-11.115 Y-3.032 E.61602
G1 X-11.571 Y-3.627 E.04057
G1 X-.768 Y-.732 E.60532
G1 X-1.414 Y-1.379 E.04948
G1 X-9.85 Y-3.639 E.47268
G1 X-8.289 Y-3.614 E.0845
G1 X-8.032 Y-3.625 E.01392
G1 X-2.061 Y-2.025 E.33457
G1 X-2.41 Y-2.374 E.02671
G1 X-2.004 Y-2.483 E.02275
G1 X-6.49 Y-3.685 E.25136
G1 X-6.148 Y-3.69 E.01851
G1 X-5.025 Y-3.766 E.06092
G1 X-1.12 Y-2.72 E.2188
G1 X-.237 Y-2.956 E.04947
G1 X-3.614 Y-3.861 E.18922
G1 X-2.202 Y-3.956 E.07659
G1 X.646 Y-3.193 E.15958
G1 X.891 Y-3.259 E.01373
G1 X.891 Y-3.601 E.01851
G1 X-1.395 Y-4.213 E.12808
M106 S219.3
G1 E-2 F2400
G1 X-13.054 Y-3.683 F7800
G1 E2 F2400
;TYPE:Internal infill
;WIDTH:0.45
;HEIGHT:0.3
G1 F4800
G1 X-12.138 Y-3.68 E.04406
G1 X-11.288 Y-2.57 E.06724
G1 X-11.408 Y-2.122 E.02231
G1 X-11.598 Y-2.111 E.00915
G1 X-11.802 Y-1.15 E.04725
G1 X-11.685 Y-1.09 E.00632
G1 X-11.922 Y-.204 E.04411
G1 X-12.627 Y.136 E.03765
G1 X-12.7 Y.409 E.01359
G1 X-21.747 Y2.833 E.45048
G1 X-21.768 Y2.773 E.00306
G1 X-21.012 Y3.529 E.05142
G1 X-18.878 Y3.406 E.10281
G1 X-17.001 Y-3.597 E.34871
G1 X-14.688 Y-3.633 E.11126
G1 E-2 F2400
G1 X-22.12 Y-3.75 F7800
G1 E2 F2400
;TYPE:Solid infill
;WIDTH:0.607415
G1 F1200
G1 X-22.513 Y-2.639 E.07982
;WIDTH:0.623037
G1 X-22.538 Y-2.546 E.00671
G1 X-22.708 Y-.173 E.16577
;WIDTH:0.607157
G1 X-22.705 Y-.115 E.00393
;WIDTH:0.641173
G1 X-22.444 Y2.199 E.16753
G1 X-22.401 Y2.37 E.01268
;WIDTH:0.609181
G1 X-22.002 Y3.509 E.08201
G1 E-2 F2400
G1 X-22.192 Y-.857 F7800
G1 E2 F2400
;TYPE:Internal infill
;WIDTH:0.45
G1 F4800
G1 X-22.066 Y-2.519 E.08017
G1 X-21.849 Y-3.128 E.03109
G1 X-19.745 Y-3.692 E.10477
G1 X-20.069 Y-3.709 E.0156
G1 X-12.785 Y3.575 E.49545
G1 X-12.935 Y3.575 E.00721
G1 X-12.768 Y2.952 E.03102
G1 X-10.533 Y3.551 E.11129
M106 S191.25
;LAYER_CHANGE
;Z:19.55
;HEIGHT:0.299999
G1 E-2 F2400
G1 Z19.55 F7800
G1 Z19.55
G1 X22.296 Y4.136
G1 E2 F2400
;TYPE:Perimeter
;WIDTH:0.45
G1 F3600
G1 X21.402 Y4.049 E.0432
G1 X17.404 Y3.778 E.19273
G1 X14.545 Y3.937 E.13772
G1 X12.782 Y4.071 E.08504
G1 X11.288 Y4.062 E.07186
G1 X9.356 Y4.022 E.09294
G1 X8.117 Y4.024 E.05959
G1 X6.94 Y3.979 E.05665
G1 X5.535 Y4.049 E.06766
G1 X4.433 Y4.046 E.053
G1 X2.52 Y4.174 E.09221
G1 X-1.379 Y4.299 E.18762
G1 X-4.249 Y4.124 E.13829
G1 X-6.408 Y3.965 E.10412
G1 X-8.439 Y3.868 E.0978
G1 X-13.886 Y3.827 E.26199
G1 X-15.637 Y3.655 E.08462
G1 X-17.386 Y3.595 E.08417
G1 X-18.065 Y3.598 E.03266
G1 X-19.841 Y3.755 E.08575
G1 X-21.685 Y3.818 E.08874
G1 X-22.483 Y3.878 E.03849
G1 X-23 Y2.275 E.08101
G1 X-23.256 Y-.167 E.1181
G1 X-23.207 Y-.636 E.02268
G1 X-23.087 Y-2.553 E.09238
G1 X-23.044 Y-2.866 E.0152
G1 X-22.614 Y-4.125 E.06399
G1 X-21.84 Y-4.069 E.03732
G1 X-18.133 Y-3.877 E.17853
G1 X-15.883 Y-3.893 E.10822
G1 X-13.959 Y-3.947 E.09257
G1 X-8.429 Y-3.917 E.26598
G1 X-6.399 Y-3.998 E.09771
G1 X-1.401 Y-4.34 E.24095
G1 X2.396 Y-4.183 E.18278
G1 X4.229 Y-4.025 E.08849
G1 X5.125 Y-4.022 E.04309
G1 X6.64 Y-3.914 E.07305
G1 X7.568 Y-3.93 E.04464
G1 X8.986 Y-3.891 E.06823
G1 X12.782 Y-3.901 E.18258
G1 X14.444 Y-3.751 E.08026
G1 X17.296 Y-3.607 E.13735
G1 X21.23 Y-3.848 E.18957
G1 X22.097 Y-3.917 E.04183
G1 X22.642 Y-2.256 E.08408
G1 X23.073 Y.128 E.11652
G1 X22.982 Y.732 E.02938
G1 X22.715 Y2.522 E.08705
G1 X22.326 Y4.099 E.07812
G1 X22.608 Y4.554 F7800
G1 F3600
G1 X21.376 Y4.433 E.05954
G1 X17.426 Y4.163 E.19042
G1 X14.567 Y4.322 E.13772
G1 X12.796 Y4.456 E.08542
G1 X11.283 Y4.448 E.07277
G1 X9.348 Y4.408 E.09309
G1 X8.101 Y4.409 E.05998
G1 X6.977 Y4.363 E.05411
G1 X5.422 Y4.434 E.07487
G1 X4.459 Y4.431 E.04632
G1 X2.539 Y4.559 E.09255
G1 X-1.384 Y4.685 E.18878
G1 X-4.275 Y4.509 E.1393
G1 X-6.437 Y4.349 E.10427
G1 X-8.457 Y4.253 E.09726
G1 X-13.907 Y4.212 E.26213
G1 X-15.674 Y4.039 E.08539
G1 X-17.399 Y3.981 E.08301
G1 X-18.032 Y3.982 E.03045
G1 X-19.818 Y4.14 E.08624
G1 X-21.656 Y4.202 E.08845
G1 X-22.757 Y4.286 E.05311
G1 X-23.379 Y2.355 E.09757
G1 X-23.643 Y-.167 E.12196
G1 X-23.592 Y-.66 E.02384
G1 X-23.472 Y-2.578 E.09243
G1 X-23.419 Y-2.961 E.0186
G1 X-22.883 Y-4.531 E.07979
G1 X-21.819 Y-4.454 E.05131
G1 X-18.136 Y-4.263 E.17738
G1 X-15.886 Y-4.279 E.10822
G1 X-13.963 Y-4.332 E.09252
G1 X-8.444 Y-4.302 E.26545
G1 X-6.425 Y-4.383 E.09719
G1 X-1.407 Y-4.726 E.24191
G1 X2.42 Y-4.568 E.18422
G1 X4.263 Y-4.409 E.08897
G1 X5.139 Y-4.407 E.04213
G1 X6.633 Y-4.299 E.07204
G1 X7.569 Y-4.316 E.04503
G1 X8.985 Y-4.277 E.06813
G1 X12.799 Y-4.287 E.18344
G1 X14.465 Y-4.136 E.08046
G1 X17.315 Y-3.992 E.13725
G1 X21.199 Y-4.233 E.18717
G1 X22.368 Y-4.325 E.0564
G1 X23.017 Y-2.351 E.09994
G1 X23.463 Y.122 E.12086
G1 X23.364 Y.789 E.03243
G1 X23.094 Y2.597 E.08792
G1 X22.625 Y4.499 E.09422
G1 X22.935 Y4.973 F7800
;TYPE:External perimeter
G1 F1800
G1 X21.349 Y4.818 E.07664
G1 X17.447 Y4.548 E.18812
G1 X14.585 Y4.707 E.13786
G1 X12.809 Y4.842 E.08567
G1 X11.278 Y4.833 E.07364
G1 X9.34 Y4.793 E.09323
G1 X8.195 Y4.799 E.05507
G1 X6.996 Y4.749 E.05772
G1 X5.42 Y4.82 E.07588
G1 X4.484 Y4.816 E.04502
G1 X2.558 Y4.944 E.09284
G1 X-1.39 Y5.071 E.18998
G1 X-4.301 Y4.894 E.14027
G1 X-6.465 Y4.734 E.10436
G1 X-8.476 Y4.638 E.09683
G1 X-13.927 Y4.598 E.26218
G1 X-15.712 Y4.423 E.08626
G1 X-17.411 Y4.366 E.08176
G1 X-17.999 Y4.366 E.02828
G1 X-19.794 Y4.525 E.08667
G1 X-21.627 Y4.587 E.08821
G1 X-23.031 Y4.693 E.06772
G1 X-23.759 Y2.435 E.11411
G1 X-24.031 Y-.167 E.12583
G1 X-23.977 Y-.684 E.025
G1 X-23.857 Y-2.602 E.09243
G1 X-23.794 Y-3.055 E.022
G1 X-23.152 Y-4.937 E.09564
G1 X-21.799 Y-4.84 E.06524
G1 X-18.139 Y-4.649 E.17627
G1 X-15.889 Y-4.665 E.10822
G1 X-13.967 Y-4.718 E.09248
G1 X-8.46 Y-4.687 E.26487
G1 X-6.451 Y-4.768 E.0967
G1 X-1.412 Y-5.112 E.24292
G1 X2.445 Y-4.953 E.18567
G1 X4.296 Y-4.793 E.08936
G1 X5.153 Y-4.793 E.04122
G1 X6.626 Y-4.685 E.07104
G1 X7.571 Y-4.702 E.04546
G1 X8.984 Y-4.662 E.06799
G1 X12.816 Y-4.672 E.18431
G1 X14.486 Y-4.521 E.08065
G1 X17.334 Y-4.377 E.13715
G1 X21.166 Y-4.617 E.18467
G1 X22.64 Y-4.733 E.07111
G1 X23.392 Y-2.446 E.11579
G1 X23.854 Y.116 E.12521
G1 X23.745 Y.846 E.0355
G1 X23.473 Y2.672 E.08879
G1 X22.989 Y4.631 E.09705
G1 X22.944 Y4.914 E.01378
G1 X22.545 Y4.934 F7800
G1 X22.028 Y3.73
;TYPE:Solid infill
;WIDTH:0.632193
G1 F1200
G1 X22.305 Y2.599 E.08247
;WIDTH:0.657404
G1 X22.369 Y2.129 E.03508
;WIDTH:0.682615
G1 X22.662 Y.134 E.15548
;WIDTH:0.680879
G1 X22.548 Y-.592 E.05651
;WIDTH:0.647463
G1 X22.547 Y-.6 E.00059
;WIDTH:0.647807
G1 X22.265 Y-2.161 E.11543
G1 X22.214 Y-2.362 E.01509
;WIDTH:0.620061
G1 X22.067 Y-2.849 E.03526
;WIDTH:0.594148
G1 X21.921 Y-3.337 E.03366
;WIDTH:0.568969
G1 X21.85 Y-3.549 E.01407
G1 E-2 F2400
G1 X22.043 Y.894 F7800
G1 E2 F2400
;TYPE:Internal infill
;WIDTH:0.45
G1 F4800
G1 X21.838 Y2.504 E.07806
G1 X21.675 Y3.175 E.03321
G1 X19.885 Y3.654 E.08912
G1 X20.025 Y3.664 E.00675
G1 X12.749 Y-3.612 E.49491
G1 X12.94 Y-3.596 E.00922
G1 X10.967 Y3.766 E.36658
G1 X11.957 Y3.777 E.04762
G1 X9.784 Y1.604 E.1478
G1 X9.63 Y1.028 E.02868
G1 X10.064 Y.911 E.02162
G1 X9.911 Y.339 E.02848
G1 X21.607 Y-2.796 E.5824
G1 X21.556 Y-2.985 E.00942
G1 X20.987 Y-3.553 E.03867
G1 X18.881 Y-3.418 E.1015
G1 X17.024 Y3.511 E.34502
G1 X14.714 Y3.638 E.11127
G1 E-2 F2400
G1 X-1.61 Y-4.206 F7800
G1 E2 F2400
;TYPE:Bridge infill
;WIDTH:0.403945
;HEIGHT:0.4
M106 S255
G1 F3600
G1 X-1.499 Y-3.789 E.02299
G1 X-1.024 Y-3.77 E.02533
G1 X-1.087 Y-4.005 E.01296
G1 X-.611 Y-3.985 E.02538
G1 X-.49 Y-3.532 E.02498
M106 S191.25
G1 E-2 F2400
G1 X-2.632 Y-2.757 F7800
G1 E2 F2400
M106 S255
G1 F3600
G1 X-2.457 Y-2.103 E.03607
G1 X-1.815 Y-1.461 E.04837
G1 X-2.141 Y-2.679 E.06718
G1 X-1.703 Y-2.797 E.02417
G1 X-1.068 Y-.428 E.13068
M106 S191.25
G1 E-2 F2400
G1 X-2.372 Y3.475 F7800
G1 E2 F2400
M106 S255
G1 F3600
G1 X-2.252 Y3.924 E.02476
G1 X-1.774 Y3.953 E.02551
G1 X-1.838 Y3.712 E.01329
G1 X-1.71 Y3.721 E.00684
G1 X-1.439 Y3.448 E.0205
G1 X-1.298 Y3.975 E.02907
G1 X-.832 Y3.96 E.02484
G1 X-1.069 Y3.074 E.04887
G1 X-.804 Y2.806 E.02008
G1 X-.738 Y2.559 E.01362
G1 X-.366 Y3.945 E.07646
G1 X.1 Y3.93 E.02484
G1 X-.607 Y1.291 E.14557
M106 S191.25
G1 E-2 F2400
G1 X.619 Y4.116 F7800
G1 E2 F2400
M106 S255
G1 F3600
G1 X-.268 Y.805 E.18263
G1 X-.16 Y.403 E.02218
G1 X-.196 Y.158 E.01319
G1 X-.531 Y-.177 E.02524
G1 X-1.264 Y-2.914 E.15097
G1 X-.826 Y-3.032 E.02417
G1 X1.032 Y3.9 E.38238
G1 X1.498 Y3.885 E.02484
G1 X-.44 Y-3.345 E.39882
M106 S191.25
G1 X-.191 Y-4.171 F7800
M106 S255
G1 F3600
G1 X1.963 Y3.87 E.44353
G1 X2.429 Y3.855 E.02484
G1 X.339 Y-3.946 E.4303
G1 X.814 Y-3.926 E.02533
G1 X2.892 Y3.827 E.42766
G1 X3.354 Y3.796 E.02467
G1 X1.29 Y-3.907 E.4249
G1 X1.765 Y-3.887 E.02533
G1 X3.815 Y3.766 E.42213
G1 X4.277 Y3.735 E.02467
G1 X2.24 Y-3.867 E.41933
G1 X2.719 Y-3.832 E.02559
G1 X4.744 Y3.725 E.41685
G1 X5.215 Y3.727 E.0251
G1 X3.201 Y-3.791 E.41469
G1 X3.682 Y-3.749 E.02573
G1 X5.683 Y3.72 E.41199
G1 X6.147 Y3.697 E.02475
G1 X4.163 Y-3.708 E.40846
G1 X4.634 Y-3.702 E.0251
G1 X6.611 Y3.674 E.40687
G1 X7.077 Y3.661 E.02484
G1 X5.105 Y-3.7 E.40603
G1 X5.584 Y-3.665 E.02559
G1 X7.552 Y3.68 E.40515
G1 X8.027 Y3.699 E.02533
G1 X6.063 Y-3.63 E.40427
G1 X6.543 Y-3.595 E.02564
G1 X8.499 Y3.705 E.40267
G1 X8.968 Y3.703 E.02499
G1 X7.011 Y-3.601 E.40289
G1 X7.479 Y-3.608 E.02494
G1 X9.438 Y3.702 E.40322
G1 X9.91 Y3.712 E.02515
G1 X7.952 Y-3.598 E.40321
G1 X8.425 Y-3.585 E.02521
G1 X9.603 Y.812 E.24254
M106 S191.25
G1 E-2 F2400
G1 X-4.923 Y-.836 F7800
G1 E2 F2400
;TYPE:Top solid infill
;WIDTH:0.401765
;HEIGHT:0.3
G1 F900
G1 X-5.47 Y-1.383 E.03255
G1 X-5.62 Y-1.5 E.00801
G1 X-5.9 Y-1.658 E.01353
G1 X-6.21 Y-1.777 E.01397
G1 X-6.384 Y-1.82 E.00754
G1 X-4.919 Y-.355 E.08718
G1 X-4.891 Y-.101 E.01075
G1 X-4.896 Y.146 E.0104
G1 X-6.889 Y-1.848 E.11863
G1 X-7.281 Y-1.762 E.01689
G1 X-4.974 Y.544 E.13726
G1 X-5.122 Y.873 E.01518
G1 X-7.62 Y-1.624 E.14863
G1 X-7.912 Y-1.439 E.01455
G1 X-5.309 Y1.163 E.15488
G1 X-5.538 Y1.412 E.01424
G1 X-8.145 Y-1.195 E.15514
G1 X-8.327 Y-.9 E.01459
G1 X-5.824 Y1.602 E.14893
G1 X-6.17 Y1.734 E.01558
G1 X-8.473 Y-.569 E.13705
G1 X-8.527 Y-.369 E.00872
G1 X-8.553 Y-.172 E.00836
G1 X-6.563 Y1.818 E.11843
G1 X-6.811 Y1.828 E.01044
G1 X-7.06 Y1.798 E.01055
G1 X-8.527 Y.331 E.0873
G1 X-8.384 Y.776 E.01967
G1 X-8.216 Y1.088 E.01491
G1 X-8.102 Y1.233 E.00776
G1 X-7.535 Y1.8 E.03374
G1 E-2 F2400
G1 X-10.076 Y3.093 F7800
G1 E2 F2400
;TYPE:Solid infill
;WIDTH:0.45
G1 F1200
G1 X-9.599 Y3.57 E.03244
G1 X-9.912 Y3.632 E.01535
;WIDTH:0.404381
G1 X-9.931 Y3.703 E.00312
G1 X-9.86 Y3.684 E.00312
G1 X-9.871 Y3.643 E.0018
G1 X-10.275 Y2.939 F7800
G1 F1200
G1 X-10.377 Y2.485 E.01973
;WIDTH:0.45
G1 X-10.247 Y2.377 E.00813
G1 X-9.049 Y3.574 E.08145
G1 X-8.5 Y3.578 E.02641
G1 X-10.226 Y1.852 E.1174
G1 X-10.195 Y1.338 E.02477
G1 X-7.93 Y3.602 E.15403
G1 X-7.357 Y3.63 E.02759
G1 X-10.171 Y.816 E.1914
G1 X-10.393 Y.049 F7800
G1 F1200
G1 X-6.785 Y3.657 E.24541
G1 X-6.207 Y3.69 E.02785
G1 X-10.41 Y-.513 E.28588
G1 X-10.184 Y-.833 E.01884
G1 X-8.857 Y.495 E.09029
G1 X-8.919 Y-.08 E.02782
G1 X-8.832 Y-.625 E.02654
G1 X-8.622 Y-1.117 E.02573
G1 X-8.315 Y-1.553 E.02565
G1 X-7.909 Y-1.875 E.02492
G1 X-7.422 Y-2.094 E.02568
G1 X-6.883 Y-2.209 E.02651
G1 X-6.297 Y-2.169 E.02825
G1 X-5.956 Y-2.058 E.01725
G1 X-7.445 Y-3.547 E.10128
G1 X-7.445 Y-3.667 E.00577
G1 X-8.456 Y-3.627 E.04866
G1 X-9.626 Y-3.64 E.05628
G1 X-9.99 Y-2.868 E.04105
G1 X-10.074 Y-2.518 E.01731
G1 X-10.121 Y-2.003 E.02487
G1 X-10.34 Y-.922 E.05305
G1 X-9.909 Y-1.104 E.0225
G1 X-9.743 Y-1.927 E.04038
G1 X-9.69 Y-2.484 E.02691
G1 X-9.63 Y-2.728 E.01209
G1 X-9.381 Y-3.256 E.02808
G1 X-8.441 Y-3.242 E.04522
G1 X-7.714 Y-3.271 E.03499
G1 X-7.018 Y-2.575 E.04734
G1 X-7.577 Y-2.447 E.02758
G1 X-8.109 Y-2.205 E.02811
G1 X-8.532 Y-1.883 E.02557
G1 X-8.916 Y-1.376 E.03059
G1 X-9.171 Y-.824 E.02925
G1 X-9.253 Y-.447 E.01856
G1 X-9.773 Y-.967 E.03537
G1 X-9.491 Y-1.23 E.01855
G1 X-9.365 Y-1.85 E.03043
G1 X-9.306 Y-2.45 E.029
G1 X-9.136 Y-2.872 E.02188
G1 X-8.425 Y-2.856 E.03421
G1 X-7.867 Y-2.879 E.02686
G1 X-7.772 Y-2.783 E.0065
G1 X-8.378 Y-2.487 E.03244
G1 X-8.781 Y-2.177 E.02445
G1 X-9.23 Y-1.6 E.03516
G1 X-9.386 Y-1.283 E.01699
G1 E-2 F2400
G1 X-7.234 Y2.117 F7800
G1 E2 F2400
G1 F1200
G1 X-7.003 Y2.171 E.01141
G1 X-6.455 Y2.168 E.02636
G1 X-5.903 Y2.029 E.02738
G1 X-5.398 Y1.763 E.02745
G1 X-5.039 Y1.402 E.02449
G1 X-4.742 Y.926 E.02698
G1 X-4.573 Y.415 E.02589
G1 X-1.785 Y3.203 E.18964
G1 X-1.873 Y3.291 E.00599
G1 X-2.851 Y3.229 E.04713
G1 X-3.024 Y3.315 E.00929
G1 X-3.087 Y3.905 E.02854
G1 X-5.798 Y3.72 E.13069
G1 X-5.798 Y3.553 E.00803
G1 X-7.098 Y2.253 E.08842
G1 X-6.283 Y2.523 F7800
G1 F1200
G1 X-5.729 Y2.373 E.0276
G1 X-5.128 Y2.038 E.03309
G1 X-4.712 Y1.606 E.02885
G1 X-4.411 Y1.122 E.02741
G1 X-2.68 Y2.854 E.11777
G1 X-2.826 Y2.844 E.00704
G1 X-3.345 Y3.101 E.02785
G1 X-3.448 Y3.497 E.01968
G1 X-5.525 Y3.353 E.10014
G1 X-5.525 Y3.281 E.00346
G1 X-6.146 Y2.66 E.04224
G1 X-5.547 Y2.713 E.02892
G1 X-5.097 Y2.485 E.02426
G1 X-4.683 Y2.142 E.02586
G1 X-4.34 Y1.739 E.02545
G1 X-3.349 Y2.731 E.06744
G1 X-3.666 Y2.888 E.01701
G1 X-3.735 Y3.093 E.0104
G1 X-5.275 Y2.985 E.07425
G1 X-5.411 Y2.849 E.00925
G1 X-4.729 Y2.662 E.03401
;WIDTH:0.404272
G1 X-4.309 Y2.283 E.02398
G1 X-3.926 Y2.666 E.02296
G1 X-3.978 Y2.715 E.00303
G1 X-4.537 Y2.676 E.02376
G1 E-2 F2400
G1 X-4.529 Y-.086 F7800
G1 E2 F2400
;WIDTH:0.45
G1 F1200
G1 X-1.514 Y2.929 E.20508
G1 X-1.242 Y2.655 E.01857
G1 X-4.663 Y-.765 E.23266
G1 X-4.859 Y-1.038 E.01616
;WIDTH:0.404381
G1 X-5.342 Y-1.602 E.03149
G1 E-2 F2400
G1 X-7.036 Y-3.684 F7800
G1 E2 F2400
;WIDTH:0.45
G1 F1200
G1 X-1.09 Y2.262 E.40444
G1 X-.975 Y1.832 E.02141
G1 X-6.512 Y-3.705 E.37662
G1 X-5.998 Y-3.736 E.02477
G1 X-.978 Y1.284 E.34145
G1 X-.777 Y1.466 E.01304
;WIDTH:0.404381
G1 X-.796 Y1.537 E.00312
G1 X-.725 Y1.518 E.00312
G1 X-.736 Y1.477 E.0018
G1 X-1.116 Y.641 F7800
G1 F1200
G1 X-1.105 Y.682 E.0018
G1 X-1.176 Y.701 E.00312
G1 X-1.157 Y.63 E.00312
;WIDTH:0.45
G1 X-1.316 Y.4 E.01345
G1 X-5.487 Y-3.771 E.28371
G1 X-4.977 Y-3.806 E.02459
G1 X-1.366 Y-.195 E.24562
G1 X-1.13 Y-.345 E.01345
;WIDTH:0.404381
G1 X-3.287 Y-2.502 E.12936
;WIDTH:0.45
G1 X-3.4 Y-2.774 E.01417
G1 X-4.466 Y-3.841 E.07254
G1 X-3.956 Y-3.875 E.02458
G1 X-2.97 Y-2.89 E.06703
G1 X-3.309 Y-3.774 F7800
G1 F1200
G1 X-2.561 Y-3.026 E.05088
G1 X-2.561 Y-2.999 E.0013
G1 X-1.215 Y-3.36 E.06703
G1 X-2.11 Y-3.396 E.04308
G1 X-2.253 Y-3.468 E.0077
G1 X-2.295 Y-3.597 E.00653
G1 X-2.279 Y-3.99 E.01892
G1 X-3.445 Y-3.91 E.05621
G1 E-2 F2400
G1 X-14.688 Y-3.637 F7800
G1 E2 F2400
;TYPE:Internal infill
;WIDTH:0.45
G1 F4800
G1 X-17.001 Y-3.596 E.11126
G1 X-18.871 Y3.38 E.34737
G1 X-21.035 Y3.506 E.10426
G1 X-22.151 Y2.389 E.07594
G1 X-22.215 Y2.208 E.00923
G1 X-22.504 Y-.165 E.11498
G1 X-22.321 Y-2.493 E.11231
G1 X-22.121 Y-3.055 E.02869
G1 X-19.794 Y-3.679 E.11587
G1 X-20.053 Y-3.693 E.01248
G1 X-12.815 Y3.545 E.49232
G1 X-12.926 Y3.545 E.00534
G1 X-11.002 Y-3.638 E.35766
G1 X-11.823 Y-3.643 E.03949
G1 X-10.498 Y-2.318 E.09012
G1 X-10.503 Y-2.055 E.01265
G1 X-10.79 Y-.642 E.06935
G1 X-10.803 Y-.1 E.02608
G1 X-21.974 Y2.894 E.55625
G1 X-22.233 Y3.506 F7800
;TYPE:Solid infill
;WIDTH:0.575535
G1 F1200
G1 X-22.626 Y2.34 E.07845
;WIDTH:0.563827
G1 X-22.66 Y2.203 E.00879
G1 X-22.924 Y-.129 E.1462
;WIDTH:0.522417
G1 X-22.886 Y-.618 E.02802
;WIDTH:0.543675
G1 X-22.751 Y-2.541 E.11524
;WIDTH:0.584011
G1 X-22.697 Y-2.779 E.01582
;WIDTH:0.595711
G1 X-22.361 Y-3.746 E.06784
M106 S150.45
;LAYER_CHANGE
;Z:19.85
;HEIGHT:0.300001
G1 E-2 F2400
G1 Z19.85 F7800
G1 Z19.85
G1 X-6.771 Y-1.054
G1 E2 F2400
;TYPE:Perimeter
;WIDTH:0.45
G1 F900
G1 X-6.6 Y-1.064 E.00824
G1 X-6.285 Y-.995 E.01551
G1 X-6.028 Y-.841 E.01441
G1 X-5.849 Y-.644 E.0128
G1 X-5.693 Y-.25 E.02038
G1 X-5.701 Y.217 E.02246
G1 X-5.771 Y.467 E.01249
G1 X-5.868 Y.639 E.0095
G1 X-6.035 Y.82 E.01184
G1 X-6.389 Y1.009 E.0193
G1 X-6.757 Y1.041 E.01777
G1 X-7.19 Y.951 E.02127
G1 X-7.448 Y.788 E.01468
G1 X-7.64 Y.555 E.01452
G1 X-7.747 Y.291 E.0137
G1 X-7.762 Y-.155 E.02146
G1 X-7.729 Y-.359 E.00994
G1 X-7.633 Y-.586 E.01185
G1 X-7.417 Y-.841 E.01607
G1 X-7.009 Y-1.042 E.02188
G1 X-6.831 Y-1.051 E.00857
G1 X-6.77 Y-.672 F7800
G1 F900
G1 X-6.618 Y-.678 E.00732
G1 X-6.429 Y-.637 E.0093
G1 X-6.168 Y-.427 E.01611
G1 X-6.074 Y-.191 E.01222
G1 X-6.096 Y.229 E.02023
G1 X-6.183 Y.416 E.00992
G1 X-6.434 Y.617 E.01547
G1 X-6.716 Y.657 E.0137
G1 X-7.038 Y.597 E.01575
G1 X-7.192 Y.499 E.00878
G1 X-7.368 Y.217 E.01599
G1 X-7.377 Y-.133 E.01684
G1 X-7.3 Y-.392 E.013
G1 X-7.17 Y-.545 E.00966
G1 X-6.925 Y-.665 E.01312
G1 X-6.83 Y-.669 E.00457
G1 X-6.77 Y-.29 F7800
;TYPE:External perimeter
G1 F900
G1 X-6.636 Y-.293 E.00645
G1 X-6.486 Y-.209 E.00827
G1 X-6.453 Y-.09 E.00594
G1 X-6.498 Y.193 E.01378
G1 X-6.645 Y.274 E.00807
G1 X-6.886 Y.243 E.01169
G1 X-6.997 Y.111 E.0083
G1 X-6.967 Y-.198 E.01493
G1 X-6.842 Y-.289 E.00744
G1 X-6.83 Y-.289 E.00058
G1 X-6.467 Y-.121 F7800
G1 E-2 F2400
G1 X22.536 Y4.12 F7800
G1 E2 F2400
;TYPE:Perimeter
G1 F3600
G1 X21.679 Y4.039 E.0414
G1 X17.709 Y3.765 E.1914
G1 X14.377 Y3.951 E.16051
G1 X13.292 Y4.034 E.05234
G1 X10.785 Y4.02 E.12058
G1 X9.229 Y3.988 E.07485
G1 X7.728 Y3.991 E.07219
G1 X6.871 Y3.959 E.04125
G1 X5.293 Y4.038 E.07599
G1 X4.409 Y4.042 E.04252
G1 X2.167 Y4.192 E.10807
G1 X-1.383 Y4.309 E.17084
G1 X-3.401 Y4.18 E.09726
G1 X-3.683 Y3.707 E.02649
G1 X-3.825 Y3.592 E.00879
G1 X-4.042 Y3.485 E.01164
G1 X-4.382 Y3.431 E.01656
G1 X-4.625 Y3.468 E.01182
G1 X-4.876 Y3.581 E.01324
G1 X-5.579 Y4.027 E.04004
G1 X-6.66 Y3.948 E.05213
G1 X-8.638 Y3.847 E.09526
G1 X-10.494 Y3.813 E.08928
G1 X-11.319 Y3.821 E.03968
G1 X-14.261 Y3.79 E.14151
G1 X-15.748 Y3.645 E.07186
G1 X-17.178 Y3.598 E.06882
G1 X-18.363 Y3.599 E.05699
G1 X-19.848 Y3.731 E.0717
G1 X-21.953 Y3.802 E.1013
G1 X-22.668 Y3.856 E.03449
G1 X-23.179 Y2.253 E.08092
G1 X-23.436 Y-.186 E.11796
G1 X-23.356 Y-.958 E.03733
G1 X-23.252 Y-2.616 E.0799
G1 X-23.163 Y-3.15 E.02604
G1 X-22.835 Y-4.113 E.04893
G1 X-18.424 Y-3.874 E.21246
G1 X-15.935 Y-3.894 E.11972
G1 X-14.502 Y-3.931 E.06895
G1 X-8.6 Y-3.898 E.28387
G1 X-6.631 Y-3.986 E.0948
G1 X-1.401 Y-4.347 E.25214
G1 X2.043 Y-4.2 E.1658
G1 X4.174 Y-4.016 E.10288
G1 X4.725 Y-4.013 E.0265
G1 X6.416 Y-3.887 E.08156
G1 X7.043 Y-3.895 E.03016
G1 X8.795 Y-3.846 E.0843
G1 X13.091 Y-3.853 E.20662
G1 X14.279 Y-3.763 E.0573
G1 X17.62 Y-3.593 E.1609
G1 X22.333 Y-3.899 E.22716
G1 X22.86 Y-2.257 E.08294
G1 X23.222 Y.001 E.10999
G1 X23.232 Y.293 E.01405
G1 X22.932 Y2.53 E.10856
G1 X22.75 Y3.396 E.04256
G1 X22.576 Y4.098 E.03479
G1 X22.848 Y4.538 F7800
G1 F3600
G1 X21.652 Y4.424 E.05778
G1 X17.731 Y4.15 E.18905
G1 X14.398 Y4.336 E.16056
G1 X13.306 Y4.419 E.05267
G1 X10.78 Y4.405 E.12149
G1 X9.229 Y4.373 E.07461
G1 X7.713 Y4.376 E.07291
G1 X6.891 Y4.344 E.03957
G1 X5.312 Y4.423 E.07604
G1 X4.435 Y4.427 E.04218
G1 X2.187 Y4.577 E.10836
G1 X-1.389 Y4.695 E.17209
G1 X-3.661 Y4.55 E.1095
G1 X-3.829 Y4.164 E.02025
G1 X-3.954 Y3.982 E.01062
G1 X-4.107 Y3.874 E.00901
G1 X-4.373 Y3.817 E.01308
G1 X-4.669 Y3.906 E.01487
G1 X-5.48 Y4.421 E.04621
G1 X-6.68 Y4.333 E.05787
G1 X-8.645 Y4.232 E.09463
G1 X-10.49 Y4.199 E.08875
G1 X-11.319 Y4.207 E.03987
G1 X-14.282 Y4.176 E.14252
G1 X-15.761 Y4.03 E.07148
G1 X-17.179 Y3.983 E.06824
G1 X-18.331 Y3.984 E.05541
G1 X-19.824 Y4.116 E.07209
G1 X-21.924 Y4.187 E.10106
G1 X-22.942 Y4.264 E.0491
G1 X-23.558 Y2.333 E.09749
G1 X-23.824 Y-.186 E.12183
G1 X-23.74 Y-.982 E.0385
G1 X-23.636 Y-2.66 E.08086
G1 X-23.539 Y-3.244 E.02847
G1 X-23.104 Y-4.518 E.06475
G1 X-22.067 Y-4.445 E.05
G1 X-18.427 Y-4.259 E.1753
G1 X-15.938 Y-4.28 E.11972
G1 X-14.512 Y-4.317 E.06861
G1 X-8.618 Y-4.283 E.28349
G1 X-6.658 Y-4.37 E.09436
G1 X-1.406 Y-4.733 E.25321
G1 X2.067 Y-4.585 E.16719
G1 X4.208 Y-4.4 E.10336
G1 X4.739 Y-4.398 E.02554
G1 X6.444 Y-4.272 E.08223
G1 X7.045 Y-4.281 E.02891
G1 X8.794 Y-4.232 E.08415
G1 X13.09 Y-4.239 E.20662
G1 X14.301 Y-4.148 E.05841
G1 X17.639 Y-3.978 E.16075
G1 X21.477 Y-4.219 E.18496
G1 X22.603 Y-4.306 E.05432
G1 X23.004 Y-3.106 E.06085
G1 X23.236 Y-2.344 E.03831
G1 X23.603 Y-.06 E.11126
G1 X23.616 Y.326 E.01858
G1 X23.313 Y2.596 E.11015
G1 X23.126 Y3.482 E.04355
G1 X22.875 Y4.497 E.05029
G1 X23.162 Y4.955 F7800
;TYPE:External perimeter
G1 F1800
G1 X21.625 Y4.808 E.07426
G1 X17.752 Y4.535 E.18674
G1 X14.417 Y4.722 E.16065
G1 X13.319 Y4.805 E.05296
G1 X10.775 Y4.791 E.12236
G1 X9.23 Y4.759 E.07433
G1 X7.697 Y4.761 E.07373
G1 X6.91 Y4.73 E.03788
G1 X5.331 Y4.809 E.07604
G1 X4.46 Y4.812 E.04189
G1 X2.206 Y4.962 E.10865
G1 X-1.395 Y5.081 E.17329
G1 X-3.845 Y4.925 E.11808
G1 X-3.955 Y4.84 E.00669
G1 X-4.182 Y4.318 E.02738
G1 X-4.296 Y4.213 E.00745
G1 X-4.463 Y4.232 E.00808
G1 X-5.381 Y4.815 E.0523
G1 X-6.699 Y4.718 E.06356
G1 X-8.652 Y4.618 E.09406
G1 X-10.487 Y4.584 E.08827
G1 X-11.319 Y4.592 E.04002
G1 X-14.304 Y4.561 E.14358
G1 X-15.774 Y4.415 E.07105
G1 X-17.179 Y4.369 E.06761
G1 X-18.299 Y4.368 E.05387
G1 X-19.801 Y4.501 E.07252
G1 X-21.895 Y4.571 E.10077
G1 X-23.23 Y4.672 E.06439
G1 X-23.938 Y2.412 E.11391
G1 X-24.212 Y-.186 E.12565
G1 X-24.125 Y-1.006 E.03966
G1 X-24.019 Y-2.704 E.08183
G1 X-23.914 Y-3.339 E.03096
G1 X-23.373 Y-4.924 E.08055
G1 X-22.047 Y-4.83 E.06394
G1 X-18.43 Y-4.645 E.17419
G1 X-15.941 Y-4.665 E.11972
G1 X-14.522 Y-4.702 E.06827
G1 X-8.635 Y-4.668 E.28315
G1 X-6.684 Y-4.755 E.09393
G1 X-1.411 Y-5.12 E.25422
G1 X2.092 Y-4.969 E.16864
G1 X4.241 Y-4.784 E.10374
G1 X4.754 Y-4.784 E.02467
G1 X6.473 Y-4.657 E.0829
G1 X7.047 Y-4.666 E.02761
G1 X8.793 Y-4.617 E.08401
G1 X13.089 Y-4.624 E.20662
G1 X14.322 Y-4.533 E.05946
G1 X17.659 Y-4.363 E.16071
G1 X21.444 Y-4.603 E.18241
G1 X22.874 Y-4.714 E.06898
G1 X23.372 Y-3.223 E.07561
G1 X23.613 Y-2.431 E.03982
G1 X24.022 Y.118 E.12417
G1 X24.001 Y.36 E.01168
G1 X23.693 Y2.662 E.1117
G1 X23.502 Y3.568 E.04453
G1 X23.176 Y4.897 E.06582
G1 X22.777 Y4.916 F7800
G1 E-2 F2400
G1 X22.322 Y.825 F7800
G1 E2 F2400
;TYPE:Internal infill
;WIDTH:0.45
G1 F4800
G1 X22.091 Y2.491 E.0809
G1 X21.94 Y3.104 E.03036
G1 X19.978 Y3.63 E.0977
G1 X12.797 Y-3.564 E.48889
G1 X12.932 Y-3.564 E.00649
G1 X10.977 Y3.731 E.36325
G1 X11.917 Y3.737 E.04521
G1 X10.021 Y1.841 E.12896
G1 X10.035 Y.305 E.07388
G1 X21.838 Y-2.857 E.5877
G1 X21.904 Y-2.637 E.01105
G1 X21.019 Y-3.522 E.0602
G1 X18.872 Y-3.383 E.10348
G1 X17.023 Y3.514 E.34344
G1 X14.713 Y3.643 E.11128
G1 E-2 F2400
G1 X22.085 Y-3.529 F7800
G1 E2 F2400
;TYPE:Solid infill
;WIDTH:0.572659
G1 F1200
G1 X22.289 Y-2.905 E.04162
;WIDTH:0.588977
G1 X22.457 Y-2.339 E.03863
;WIDTH:0.611006
G1 X22.499 Y-2.172 E.01174
G1 X22.875 Y.062 E.15445
;WIDTH:0.591552
G1 X22.882 Y.155 E.00613
;WIDTH:0.626182
G1 X22.552 Y2.549 E.16934
;WIDTH:0.606629
G1 X22.545 Y2.584 E.00241
;WIDTH:0.628293
G1 X22.278 Y3.716 E.0818
G1 E-2 F2400
G1 X.62 Y-3.94 F7800
G1 E2 F2400
;WIDTH:0.548107
G1 F1200
G1 X.578 Y-3.983 E.00363
G1 X.519 Y-3.967 E.00369
G1 X.504 Y-3.909 E.00361
G1 X.546 Y-3.866 E.00363
G1 X.605 Y-3.882 E.00369
;WIDTH:0.45
G1 X1.198 Y-3.946 E.02869
G1 X-.279 Y-2.449 E.10115
;WIDTH:0.422185
G1 X-.702 Y-1.994 E.02772
;WIDTH:0.45
G1 X-.65 Y-1.552 E.02141
G1 X1.721 Y-3.924 E.16131
G1 X2.236 Y-3.893 E.02481
G1 X-.728 Y-.929 E.20161
G1 X-.865 Y-.247 E.03346
G1 X2.738 Y-3.849 E.24504
G1 X3.24 Y-3.806 E.02423
G1 X-.989 Y.422 E.28762
G1 X-1.055 Y1.034 E.02961
G1 X3.742 Y-3.763 E.32629
G1 X4.251 Y-3.727 E.02454
G1 X-1.062 Y1.586 E.36138
G1 X-.969 Y2.039 E.02224
G1 X4.788 Y-3.718 E.39158
G1 X5.295 Y-3.68 E.02445
G1 X-.78 Y2.395 E.41321
G1 X-.488 Y2.649 E.01861
G1 X5.803 Y-3.643 E.42794
G1 X6.311 Y-3.605 E.0245
G1 X-.253 Y2.959 E.44648
G1 X-.068 Y3.319 E.01947
G1 X6.855 Y-3.604 E.47089
G1 X7.392 Y-3.596 E.02583
G1 X.055 Y3.741 E.49905
G1 X.03 Y4.046 E.01472
;WIDTH:0.404381
G1 X-.041 Y4.027 E.00312
G1 X-.022 Y4.098 E.00312
G1 X.019 Y4.087 E.0018
;WIDTH:0.45
G1 X.38 Y3.961 E.01839
G1 X7.923 Y-3.581 E.51303
G1 X8.453 Y-3.566 E.0255
G1 X.944 Y3.943 E.51075
G1 X1.508 Y3.924 E.02714
G1 X8.99 Y-3.557 E.50888
G1 X9.288 Y-3.656 E.0151
;WIDTH:0.404381
G1 X9.246 Y-3.645 E.00184
G1 X9.227 Y-3.716 E.00312
G1 X9.299 Y-3.697 E.00316
;WIDTH:0.45
G1 X9.324 Y-3.346 E.01692
G1 X2.072 Y3.906 E.49327
G1 X2.653 Y3.87 E.028
G1 X9.498 Y-2.975 E.46559
G1 X9.613 Y-2.545 E.02141
G1 X3.238 Y3.831 E.43365
G1 X3.822 Y3.792 E.02815
G1 X9.647 Y-2.033 E.39621
G1 X9.655 Y-1.496 E.02583
G1 X4.406 Y3.753 E.35703
G1 X4.951 Y3.754 E.02621
G1 X9.663 Y-.958 E.3205
G1 X9.801 Y-.764 E.01145
;WIDTH:0.404381
G1 X9.749 Y-.438 E.014
;WIDTH:0.45
G1 X9.553 Y-.303 E.01145
G1 X5.512 Y3.738 E.27486
G1 X6.086 Y3.709 E.02764
G1 X9.616 Y.179 E.24011
G1 X9.665 Y.676 E.02402
G1 X6.66 Y3.681 E.2044
G1 X7.205 Y3.681 E.02621
G1 X9.651 Y1.235 E.16637
G1 X9.637 Y1.795 E.02694
G1 X7.73 Y3.701 E.12968
G1 E-2 F2400
G1 X9.498 Y2.463 F7800
G1 E2 F2400
;WIDTH:0.427918
G1 F1200
G1 X9.167 Y2.794 E.02122
;WIDTH:0.44519
G1 X8.268 Y3.705 E.06079
G1 X8.81 Y3.703 E.02574
G1 X9.318 Y3.187 E.03439
;WIDTH:0.442197
G1 X9.463 Y2.993 E.01141
;WIDTH:0.427918
G1 X9.628 Y2.585 E.01996
G1 X9.634 Y2.327 E.0117
G1 E-2 F2400
G1 X-.863 Y4.178 F7800
G1 E2 F2400
;TYPE:Top solid infill
;WIDTH:0.408243
G1 F900
G1 X-.343 Y3.658 E.03154
G1 X-.47 Y3.3 E.01629
G1 X-1.209 Y4.039 E.04482
G1 X-1.682 Y4.025 E.0203
G1 X-.66 Y3.003 E.06199
G1 X-.9 Y2.757 E.01474
G1 X-2.139 Y3.996 E.07515
G1 X-2.596 Y3.967 E.01964
G1 X-1.157 Y2.527 E.08731
G1 X-1.304 Y2.189 E.01581
G1 X-3.053 Y3.938 E.10608
G1 X-3.231 Y3.926 E.00765
G1 X-3.348 Y3.746 E.00921
G1 X-1.389 Y1.787 E.11882
G1 X-1.461 Y1.433 E.01549
G1 X-1.454 Y1.365 E.00293
G1 X-3.558 Y3.47 E.12764
G1 X-3.679 Y3.371 E.00671
G1 X-3.857 Y3.283 E.00852
G1 X-1.395 Y.82 E.14936
G1 X-1.335 Y.274 E.02356
G1 X-4.239 Y3.178 E.17614
G1 X-4.389 Y3.166 E.00645
G1 X-4.698 Y3.214 E.01341
G1 X-4.812 Y3.265 E.00536
G1 X-1.215 Y-.332 E.21817
G1 X-1.094 Y-.94 E.02659
G1 X-5.781 Y3.747 E.28428
G1 X-6.234 Y3.714 E.01948
G1 X-1.011 Y-1.509 E.31679
G1 X-1.025 Y-1.981 E.02025
G1 X-6.688 Y3.682 E.34348
G1 X-7.151 Y3.658 E.01988
G1 X.075 Y-3.567 E.43825
G1 X.129 Y-3.751 E.00822
G1 X.166 Y-4.016 E.01148
G1 X.042 Y-4.021 E.00532
G1 X-7.613 Y3.635 E.46433
G1 X-8.076 Y3.611 E.01988
G1 X-.424 Y-4.041 E.46412
G1 X-.89 Y-4.061 E.02
G1 X-8.539 Y3.587 E.46391
G1 X-9.013 Y3.576 E.02033
G1 X-6.734 Y1.296 E.13826
G1 X-6.942 Y1.287 E.00893
G1 X-7.155 Y1.231 E.00945
G1 X-9.491 Y3.567 E.14169
G1 X-9.968 Y3.558 E.02046
G1 X-7.487 Y1.077 E.15048
G1 X-7.594 Y1.012 E.00537
G1 X-7.739 Y.842 E.00958
G1 X-10.446 Y3.55 E.16422
G1 X-10.752 Y3.552 E.01312
G1 X-10.812 Y3.429 E.00587
G1 X-7.929 Y.546 E.17486
G1 X-7.995 Y.387 E.00738
G1 X-8.031 Y.162 E.00977
G1 X-11.057 Y3.188 E.18354
G1 E-2 F2400
G1 X-5.592 Y.154 F7800
G1 E2 F2400
G1 F900
G1 X-1.357 Y-4.081 E.25687
G1 X-1.874 Y-4.05 E.02221
G1 X-5.474 Y-.45 E.21835
G1 X-5.495 Y-.533 E.00367
G1 X-5.626 Y-.784 E.01214
G1 X-2.397 Y-4.013 E.19585
G1 X-2.919 Y-3.977 E.02244
G1 X-5.855 Y-1.041 E.17808
G1 X-6.159 Y-1.224 E.01522
G1 X-3.442 Y-3.941 E.1648
G1 X-3.964 Y-3.905 E.02244
G1 X-6.692 Y-1.177 E.16546
G1 E-2 F2400
G1 X-4.324 Y-4.032 F7800
G1 E2 F2400
G1 F900
G1 X-7.054 Y-1.301 E.16561
G1 X-7.234 Y-1.25 E.00802
G1 X-7.63 Y-1.007 E.01993
G1 X-7.861 Y-.72 E.0158
G1 X-7.984 Y-.43 E.01351
G1 X-7.995 Y-.36 E.00304
G1 X-11.037 Y2.682 E.18451
G1 X-11.06 Y2.431 E.01081
G1 X-11.054 Y2.213 E.00935
G1 X-5.009 Y-3.833 E.36668
G1 X-5.531 Y-3.797 E.02244
G1 X-11.023 Y1.695 E.33311
G1 X-10.992 Y1.178 E.02221
G1 X-6.054 Y-3.761 E.29954
G1 X-6.576 Y-3.725 E.02244
G1 X-10.961 Y.66 E.26596
G1 X-10.937 Y.261 E.01714
G1 X-10.949 Y.162 E.00428
G1 X-7.086 Y-3.701 E.2343
G1 X-7.594 Y-3.679 E.02181
G1 X-10.953 Y-.32 E.20373
G1 X-10.945 Y-.815 E.02123
G1 X-8.103 Y-3.656 E.17235
G1 X-8.612 Y-3.634 E.02185
G1 X-10.936 Y-1.31 E.14096
G1 X-10.927 Y-1.805 E.02123
G1 X-9.098 Y-3.634 E.11093
G1 X-9.582 Y-3.636 E.02076
G1 X-10.918 Y-2.3 E.08103
G1 X-10.904 Y-2.552 E.01082
G1 X-10.844 Y-2.86 E.01346
G1 X-9.916 Y-3.788 E.05629
G1 X-10.789 Y-3.705 F7800
;TYPE:Solid infill
;WIDTH:0.404381
G1 F1200
G1 X-11.139 Y-2.748 E.04321
G1 X-11.209 Y-2.372 E.01622
;WIDTH:0.446893
G1 X-11.245 Y-2.042 E.01584
;WIDTH:0.489406
G1 X-11.28 Y-1.712 E.01759
;WIDTH:0.531919
G1 X-11.316 Y-1.382 E.01936
;WIDTH:0.574432
G1 X-11.352 Y-1.051 E.02118
;WIDTH:0.616945
G1 X-11.387 Y-.721 E.02287
;WIDTH:0.626543
G1 X-11.403 Y-.058 E.0465
G1 X-11.371 Y.273 E.02332
;WIDTH:0.593833
G1 X-11.341 Y.534 E.01735
;WIDTH:0.54647
G1 X-11.311 Y.796 E.01586
;WIDTH:0.499107
G1 X-11.281 Y1.058 E.0143
;WIDTH:0.451744
G1 X-11.251 Y1.32 E.01274
;WIDTH:0.404381
G1 X-11.302 Y2.265 E.04013
G1 X-11.247 Y2.747 E.02057
G1 E-2 F2400
G1 X-11.859 Y.183 F7800
G1 E2 F2400
;TYPE:Internal infill
;WIDTH:0.45
G1 F4800
G1 X-22.195 Y2.953 E.51467
G1 X-22.473 Y2.068 E.04462
G1 X-21.059 Y3.482 E.09618
G1 X-18.864 Y3.355 E.10575
G1 X-17.001 Y-3.596 E.34612
G1 X-14.369 Y-3.646 E.12661
G1 X-11.8 Y-3.619 E.12357
G1 X-11.31 Y-3.129 E.03333
G1 X-11.475 Y-2.663 E.02378
G1 X-11.853 Y-.783 E.09223
G1 X-11.867 Y-.41 E.01795
G1 X-12.919 Y3.515 E.19544
G1 X-12.845 Y3.516 E.00356
G1 X-20.031 Y-3.67 E.48878
G1 X-19.859 Y-3.661 E.00828
G1 X-22.389 Y-2.983 E.12598
G1 X-22.543 Y-2.548 E.02219
G1 X-22.669 Y-.701 E.08904
G1 E-2 F2400
G1 X-22.591 Y-3.748 F7800
G1 E2 F2400
;TYPE:Solid infill
;WIDTH:0.569767
G1 F1200
G1 X-22.827 Y-3.065 E.04555
;WIDTH:0.563219
G1 X-22.886 Y-2.823 E.0155
;WIDTH:0.52515
G1 X-22.946 Y-2.582 E.01427
;WIDTH:0.487081
G1 X-23.053 Y-.94 E.08675
;WIDTH:0.505123
G1 X-23.115 Y-.14 E.04411
;WIDTH:0.500547
G1 X-22.87 Y2.188 E.12734
;WIDTH:0.498995
G1 X-22.839 Y2.322 E.00746
;WIDTH:0.513485
G1 X-22.439 Y3.517 E.07059
M106 S165.75
;LAYER_CHANGE
;Z:20.15
;HEIGHT:0.299999
G1 E-2 F2400
G1 Z20.15 F7800
G1 Z20.15
G1 X22.762 Y4.104
G1 E2 F2400
;TYPE:Perimeter
;WIDTH:0.45
G1 F3600
G1 X21.956 Y4.029 E.03893
G1 X18.188 Y3.773 E.18165
G1 X17.457 Y3.767 E.03516
G1 X13.809 Y3.997 E.1758
G1 X10.282 Y3.977 E.16964
G1 X9.124 Y3.953 E.05571
G1 X7.34 Y3.958 E.0858
G1 X6.803 Y3.94 E.02584
G1 X4.939 Y4.033 E.08976
G1 X4.385 Y4.039 E.02665
G1 X1.815 Y4.21 E.12388
G1 X-.056 Y4.273 E.09004
G1 X-.249 Y4.108 E.01221
G1 X-.888 Y3.761 E.03497
G1 X-1.778 Y3.08 E.0539
G1 X-2.067 Y2.418 E.03474
G1 X-2.26 Y1.47 E.04653
G1 X-2.115 Y.137 E.06449
G1 X-1.926 Y-.807 E.0463
G1 X-1.801 Y-1.561 E.03676
G1 X-1.829 Y-2.391 E.03994
G1 X-.78 Y-3.61 E.07735
G1 X.361 Y-4.275 E.06352
G1 X1.554 Y-4.221 E.05744
G1 X4.121 Y-4.007 E.12389
G1 X6.328 Y-3.857 E.10639
G1 X8.603 Y-3.801 E.10945
G1 X13.778 Y-3.806 E.2489
G1 X17.373 Y-3.594 E.17321
G1 X18.071 Y-3.597 E.03357
G1 X20.29 Y-3.724 E.1069
G1 X22.54 Y-3.883 E.10849
G1 X22.987 Y-2.409 E.07408
G1 X23.408 Y.144 E.12445
G1 X23.371 Y.568 E.02047
G1 X23.113 Y2.512 E.09432
G1 X22.787 Y4.062 E.07618
G1 X23.062 Y4.519 F7800
G1 F3600
G1 X21.928 Y4.414 E.05477
G1 X20.566 Y4.315 E.06568
G1 X18.163 Y4.157 E.11583
G1 X17.481 Y4.152 E.0328
G1 X13.82 Y4.382 E.17643
G1 X10.276 Y4.363 E.17046
G1 X9.124 Y4.339 E.05542
G1 X7.324 Y4.343 E.08657
G1 X6.822 Y4.325 E.02416
G1 X4.959 Y4.418 E.08972
G1 X4.411 Y4.423 E.02636
G1 X1.834 Y4.595 E.12422
G1 X-.192 Y4.663 E.0975
G1 X-.621 Y4.321 E.02639
G1 X-1.092 Y4.091 E.02521
G1 X-2.092 Y3.325 E.06059
G1 X-2.436 Y2.535 E.04144
G1 X-2.65 Y1.489 E.05135
G1 X-2.497 Y.079 E.06821
G1 X-2.187 Y-1.548 E.07966
G1 X-2.22 Y-2.528 E.04716
G1 X-1.03 Y-3.911 E.08775
G1 X.265 Y-4.665 E.07207
G1 X1.579 Y-4.606 E.06326
G1 X4.153 Y-4.391 E.12423
G1 X6.337 Y-4.242 E.10529
G1 X8.603 Y-4.187 E.10902
G1 X13.789 Y-4.191 E.24943
G1 X17.396 Y-3.979 E.17378
G1 X18.049 Y-3.982 E.03141
G1 X20.263 Y-4.109 E.10666
G1 X22.82 Y-4.289 E.12329
G1 X23.412 Y-2.336 E.09815
G1 X23.478 Y-1.826 E.02473
G1 X23.797 Y.13 E.09532
G1 X23.755 Y.601 E.02274
G1 X23.494 Y2.577 E.09586
G1 X23.092 Y4.485 E.09378
G1 X23.36 Y4.934 F7800
;TYPE:External perimeter
G1 F1800
G1 X21.904 Y4.799 E.07033
G1 X20.538 Y4.7 E.06587
G1 X18.138 Y4.542 E.11568
G1 X17.506 Y4.536 E.0304
G1 X13.831 Y4.768 E.17711
G1 X10.271 Y4.748 E.17123
G1 X9.124 Y4.724 E.05518
G1 X7.415 Y4.733 E.0822
G1 X6.842 Y4.71 E.02758
G1 X4.978 Y4.803 E.08976
G1 X4.436 Y4.808 E.02607
G1 X1.853 Y4.98 E.12451
G1 X-.329 Y5.054 E.10501
G1 X-.79 Y4.668 E.02892
G1 X-1.296 Y4.42 E.0271
G1 X-2.406 Y3.57 E.06724
G1 X-2.806 Y2.652 E.04816
G1 X-3.04 Y1.507 E.05621
G1 X-2.878 Y.02 E.07194
G1 X-2.572 Y-1.535 E.07622
G1 X-2.61 Y-2.666 E.05443
G1 X-1.28 Y-4.211 E.09805
G1 X.169 Y-5.055 E.08065
G1 X1.604 Y-4.991 E.06909
G1 X4.185 Y-4.775 E.12457
G1 X6.346 Y-4.628 E.10418
G1 X8.603 Y-4.572 E.10859
G1 X13.801 Y-4.577 E.25001
G1 X17.419 Y-4.364 E.17431
G1 X18.027 Y-4.367 E.02924
G1 X20.234 Y-4.493 E.10632
G1 X23.099 Y-4.695 E.13814
G1 X23.79 Y-2.418 E.11445
G1 X23.859 Y-1.888 E.02571
G1 X24.185 Y.116 E.09765
G1 X24.14 Y.635 E.02506
G1 X23.874 Y2.643 E.09742
G1 X23.397 Y4.909 E.11138
G1 X22.997 Y4.898 F7800
G1 X22.498 Y3.728
;TYPE:Solid infill
;WIDTH:0.575411
G1 F1200
G1 X22.769 Y2.54 E.07767
;WIDTH:0.537567
G1 X23.045 Y.611 E.11501
;WIDTH:0.514231
G1 X23.093 Y.086 E.02958
;WIDTH:0.502838
G1 X22.902 Y-1.049 E.06294
;WIDTH:0.530351
G1 X22.685 Y-2.289 E.07316
;WIDTH:0.549837
G1 X22.294 Y-3.525 E.07849
G1 X22.038 Y-2.911 F7800
;TYPE:Internal infill
;WIDTH:0.45
G1 F4800
G1 X10.949 Y.06 E.55215
G1 X11.038 Y-1.148 E.05826
G1 X11.023 Y-2.25 E.05301
G1 E-2 F2400
G1 X9.544 Y-3.689 F7800
G1 E2 F2400
;TYPE:Top solid infill
;WIDTH:0.402864
G1 F900
G1 X10.359 Y-2.874 E.04866
G1 X10.425 Y-2.605 E.01169
G1 X10.45 Y-2.304 E.01275
G1 X9.216 Y-3.537 E.07365
G1 X8.738 Y-3.537 E.02018
G1 X10.456 Y-1.819 E.10257
G1 X10.463 Y-1.333 E.02052
G1 X8.251 Y-3.545 E.13207
G1 X7.76 Y-3.557 E.02073
G1 X10.47 Y-.848 E.16177
G1 X10.435 Y-.404 E.0188
G1 X7.27 Y-3.569 E.18896
G1 X6.779 Y-3.581 E.02073
G1 X10.419 Y.059 E.21732
G1 X10.465 Y.359 E.01281
G1 X10.473 Y.591 E.0098
G1 X6.287 Y-3.595 E.24992
G1 X5.773 Y-3.63 E.02175
G1 X10.46 Y1.057 E.27984
G1 X10.447 Y1.523 E.01968
G1 X5.26 Y-3.665 E.30972
G1 X4.746 Y-3.699 E.02175
G1 X10.434 Y1.989 E.3396
G1 X10.438 Y2.471 E.02035
G1 X4.233 Y-3.734 E.37047
G1 X3.714 Y-3.774 E.02198
G1 X10.38 Y2.892 E.39799
G1 X10.244 Y3.234 E.01554
G1 X3.195 Y-3.815 E.42086
G1 X2.675 Y-3.856 E.02202
G1 X10.062 Y3.531 E.44104
G1 X9.935 Y3.706 E.00913
G1 X9.754 Y3.702 E.00764
G1 X2.155 Y-3.897 E.45369
G1 X1.636 Y-3.938 E.02198
G1 X9.265 Y3.692 E.45552
G1 X8.785 Y3.691 E.02026
G1 X1.119 Y-3.976 E.45772
G1 X.618 Y-3.999 E.02117
G1 X8.309 Y3.693 E.45922
G1 X7.833 Y3.695 E.0201
G1 X.24 Y-3.898 E.45334
G1 X-.063 Y-3.722 E.01479
G1 X7.353 Y3.694 E.44277
G1 X6.858 Y3.678 E.02091
G1 X3.338 Y.158 E.21016
G1 X3.503 Y.013 E.00927
G1 X3.198 Y-.349 E.01998
G1 X2.896 Y-.512 E.01449
G1 X2.65 Y-.693 E.01289
G1 X1.852 Y-1.557 E.04965
G1 X1.701 Y-1.479 E.00718
G1 X-.366 Y-3.546 E.12341
G1 X-.609 Y-3.404 E.01188
G1 X-.652 Y-3.354 E.00278
G1 X1.444 Y-1.257 E.12517
G1 X1.268 Y-.954 E.01479
G1 X-.874 Y-3.096 E.12789
G1 X-1.095 Y-2.839 E.01431
G1 X1.093 Y-.651 E.13063
G1 X.917 Y-.349 E.01476
G1 X-1.316 Y-2.582 E.13332
G1 X-1.538 Y-2.324 E.01437
G1 X.741 Y-.046 E.13604
G1 X.611 Y.178 E.01093
G1 X.688 Y.38 E.00913
G1 X-1.708 Y-2.016 E.14305
G1 E-2 F2400
G1 X2.976 Y.274 F7800
G1 E2 F2400
G1 F900
G1 X6.397 Y3.695 E.20425
G1 X5.941 Y3.718 E.01928
G1 X2.843 Y.621 E.18493
G1 X2.607 Y.863 E.01427
G1 X5.485 Y3.741 E.17183
G1 X5.029 Y3.764 E.01928
G1 X2.371 Y1.105 E.15872
G1 X2.112 Y1.325 E.01435
G1 X4.213 Y3.426 E.12544
G1 X4.04 Y3.732 E.01484
G1 X1.736 Y1.428 E.13756
G1 E-2 F2400
G1 X3.794 Y3.965 F7800
G1 E2 F2400
G1 F900
G1 X-1.547 Y-1.376 E.31888
G1 X-1.626 Y-.976 E.01721
G1 X3.203 Y3.853 E.28831
G1 X2.755 Y3.883 E.01896
G1 X-1.705 Y-.577 E.26628
G1 X-1.784 Y-.177 E.01721
G1 X2.306 Y3.913 E.24419
G1 X1.857 Y3.942 E.019
G1 X-1.859 Y.226 E.22186
G1 X-1.906 Y.658 E.01835
G1 X1.396 Y3.96 E.19714
G1 X.932 Y3.975 E.0196
G1 X-1.953 Y1.09 E.17225
G1 X-1.993 Y1.458 E.01563
G1 X-1.975 Y1.547 E.00383
G1 X.469 Y3.991 E.14592
G1 X.038 Y4.005 E.01821
G1 X-.126 Y3.874 E.00886
G1 X-2.046 Y1.955 E.1146
G1 E-2 F2400
G1 X1.009 Y.21 F7800
G1 E2 F2400
;TYPE:Solid infill
;WIDTH:0.45
G1 F1200
G1 X1.773 Y-1.106 E.07319
G1 X2.336 Y-.494 E.04
G1 X3.001 Y-.024 E.03917
G1 X2.738 Y.213 E.01703
G1 X2.06 Y.908 E.0467
G1 X1.631 Y1.243 E.02618
G1 X1.353 Y1.107 E.01489
G1 X1.078 Y.39 E.03693
G1 X1.503 Y.25 E.02152
;WIDTH:0.572578
G1 X1.854 Y-.354 E.04428
G1 X1.979 Y-.216 E.0118
G1 X2.29 Y.031 E.02517
G1 X1.658 Y.655 E.0563
G1 X1.572 Y.43 E.01527
G1 E-2 F2400
G1 X10.662 Y-.174 F7800
G1 E2 F2400
;WIDTH:0.404381
G1 F1200
G1 X10.691 Y.448 E.02641
G1 X10.67 Y1.283 E.03542
G1 X10.713 Y2.188 E.03842
G1 X10.702 Y2.635 E.01896
G1 X10.713 Y2.188 E.01896
G1 X10.67 Y1.276 E.03872
G1 X10.691 Y.439 E.03551
G1 X10.662 Y-.174 E.02602
G1 X10.738 Y-1.161 E.04198
G1 X10.723 Y-2.263 E.04674
G1 X10.707 Y-2.411 E.00631
G1 X10.588 Y-2.905 E.02155
G1 X10.723 Y-2.263 E.02782
G1 X10.738 Y-1.161 E.04674
G1 X10.723 Y-.685 E.0202
G1 X10.685 Y-.366 E.01362
G1 E-2 F2400
G1 X10.97 Y2.79 F7800
G1 E2 F2400
;TYPE:Internal infill
;WIDTH:0.45
G1 F4800
G1 X11.877 Y3.697 E.06169
G1 X10.987 Y3.692 E.04281
G1 X12.919 Y-3.516 E.35892
G1 X12.845 Y-3.516 E.00356
G1 X19.96 Y3.599 E.48395
G1 X22.208 Y3.032 E.11151
G1 X22.352 Y2.45 E.02884
G1 X22.697 Y.133 E.11267
G1 X22.237 Y-2.304 E.11928
G1 X21.053 Y-3.488 E.08053
G1 X18.863 Y-3.353 E.10553
G1 X17.026 Y3.506 E.34152
G1 X14.716 Y3.65 E.11132
G1 E-2 F2400
G1 X-9.532 Y-3.866 F7800
G1 E2 F2400
;TYPE:Perimeter
;WIDTH:0.45
G1 F3600
G1 X-10.01 Y-2.861 E.05353
G1 X-10.127 Y-2.356 E.02493
G1 X-10.165 Y-.178 E.10477
G1 X-10.141 Y.194 E.01793
G1 X-10.27 Y2.334 E.10311
G1 X-10.231 Y2.668 E.01617
G1 X-10.068 Y3.155 E.0247
G1 X-9.73 Y3.806 E.03528
G1 X-14.071 Y3.768 E.2088
G1 X-14.605 Y3.754 E.02569
G1 X-16.077 Y3.629 E.07105
G1 X-16.958 Y3.601 E.04239
G1 X-18.669 Y3.602 E.08229
G1 X-19.854 Y3.707 E.05722
G1 X-22.051 Y3.778 E.10572
G1 X-22.848 Y3.836 E.03843
G1 X-23.358 Y2.23 E.08104
G1 X-23.617 Y-.204 E.11773
G1 X-23.504 Y-1.279 E.05199
G1 X-23.422 Y-2.598 E.06356
G1 X-23.283 Y-3.433 E.04071
G1 X-23.055 Y-4.1 E.0339
G1 X-22.175 Y-4.039 E.04243
G1 X-18.715 Y-3.87 E.16661
G1 X-14.596 Y-3.922 E.19813
G1 X-13.789 Y-3.886 E.03885
G1 X-9.579 Y-3.874 E.20249
G1 X-8.91 Y-4.262 F7800
G1 F3600
G1 X-9.61 Y-2.827 E.07679
G1 X-9.742 Y-2.349 E.02385
G1 X-9.78 Y-.172 E.10472
G1 X-9.753 Y.171 E.01655
G1 X-9.885 Y2.357 E.10533
G1 X-9.862 Y2.558 E.00973
G1 X-9.726 Y2.978 E.02123
G1 X-9.088 Y4.206 E.06656
G1 X-10.59 Y4.172 E.07226
G1 X-14.077 Y4.154 E.16771
G1 X-14.629 Y4.139 E.02656
G1 X-16.09 Y4.014 E.07053
G1 X-16.951 Y3.986 E.04143
G1 X-18.629 Y3.986 E.08071
G1 X-19.831 Y4.092 E.05804
G1 X-22.023 Y4.163 E.10548
G1 X-23.141 Y4.244 E.05391
G1 X-23.229 Y3.903 E.01694
G1 X-23.737 Y2.31 E.08042
G1 X-24.005 Y-.204 E.1216
G1 X-23.889 Y-1.303 E.05315
G1 X-23.805 Y-2.642 E.06453
G1 X-23.658 Y-3.528 E.0432
G1 X-23.324 Y-4.506 E.04971
G1 X-22.156 Y-4.424 E.05632
G1 X-18.718 Y-4.256 E.16555
G1 X-14.579 Y-4.307 E.19909
G1 X-13.786 Y-4.272 E.03818
G1 X-8.97 Y-4.263 E.23163
G1 X-8.281 Y-4.673 F7800
;TYPE:External perimeter
G1 F1800
G1 X-9.263 Y-2.658 E.10781
G1 X-9.356 Y-2.342 E.01584
G1 X-9.394 Y-.165 E.10472
G1 X-9.364 Y.127 E.01412
G1 X-9.5 Y2.38 E.10856
G1 X-9.383 Y2.8 E.02097
G1 X-8.613 Y4.299 E.08105
G1 X-8.534 Y4.613 E.01557
G1 X-10.589 Y4.557 E.09888
G1 X-14.083 Y4.54 E.16805
G1 X-14.654 Y4.525 E.02747
G1 X-16.102 Y4.399 E.06991
G1 X-16.945 Y4.372 E.04057
G1 X-17.845 Y4.384 E.04329
G1 X-18.599 Y4.37 E.03627
G1 X-19.807 Y4.477 E.05833
G1 X-21.995 Y4.547 E.10529
G1 X-23.436 Y4.652 E.06949
G1 X-23.597 Y4.02 E.03137
G1 X-24.117 Y2.39 E.08229
G1 X-24.392 Y-.204 E.12546
G1 X-24.274 Y-1.327 E.05431
G1 X-24.189 Y-2.685 E.06544
G1 X-24.033 Y-3.622 E.04569
G1 X-23.594 Y-4.911 E.06549
G1 X-22.138 Y-4.809 E.0702
G1 X-18.722 Y-4.641 E.1645
G1 X-14.562 Y-4.692 E.2001
G1 X-13.784 Y-4.657 E.03746
G1 X-10.73 Y-4.641 E.14689
G1 X-8.819 Y-4.648 E.09191
G1 X-8.341 Y-4.67 E.02301
G1 X-8.464 Y-4.289 F7800
G1 E-2 F2400
G1 X-10.456 Y-3.762 F7800
G1 E2 F2400
;TYPE:Top solid infill
;WIDTH:0.408925
G1 F900
G1 X-10.063 Y-3.369 E.02388
G1 X-10.219 Y-3.038 E.01572
G1 X-10.763 Y-3.582 E.03306
G1 X-10.956 Y-3.492 E.00915
G1 X-11.079 Y-3.411 E.00633
G1 X-10.341 Y-2.673 E.04485
G1 X-10.391 Y-2.365 E.01341
G1 X-10.393 Y-2.238 E.00546
G1 X-11.361 Y-3.205 E.0588
G1 X-11.617 Y-2.974 E.01482
G1 X-10.402 Y-1.759 E.07384
G1 X-10.41 Y-1.28 E.02059
G1 X-11.816 Y-2.686 E.08545
G1 X-11.89 Y-2.55 E.00665
G1 X-11.965 Y-2.348 E.00926
G1 X-10.419 Y-.801 E.09399
G1 X-10.427 Y-.322 E.02059
G1 X-12.049 Y-1.944 E.09857
G1 X-12.131 Y-1.539 E.01776
G1 X-10.409 Y.183 E.10465
G1 X-10.433 Y.646 E.01992
G1 X-12.186 Y-1.107 E.10654
G1 X-12.233 Y-.666 E.01906
G1 X-10.461 Y1.106 E.10769
G1 X-10.488 Y1.565 E.01976
G1 X-12.279 Y-.225 E.10882
G1 X-12.296 Y-.058 E.00721
G1 X-12.273 Y.268 E.01404
G1 X-10.516 Y2.025 E.10678
G1 X-10.534 Y2.324 E.01287
G1 X-10.521 Y2.439 E.00497
G1 X-10.594 Y2.434 E.00314
G1 X-12.09 Y.938 E.09092
G1 X-11.968 Y1.35 E.01846
G1 X-11.823 Y1.635 E.01374
G1 X-11.657 Y1.858 E.01195
G1 X-11.009 Y2.506 E.03938
G1 X-12.152 Y1.779 F7800
;TYPE:Solid infill
;WIDTH:0.45
G1 F1200
G1 X-12.107 Y1.856 E.00429
G1 X-11.731 Y2.291 E.02765
G1 X-11.251 Y2.625 E.02813
G1 X-10.827 Y2.775 E.02163
G1 X-10.479 Y2.802 E.01679
G1 X-10.417 Y3.056 E.01258
G1 X-10.203 Y3.508 E.02405
G1 X-11.731 Y3.497 E.07349
G1 X-12.006 Y2.804 E.03586
G1 X-12.115 Y2.352 E.02236
G1 X-12.139 Y1.971 E.01836
G1 X-11.423 Y3.046 F7800
;WIDTH:0.583573
G1 F1200
G1 X-11.267 Y3.071 E.01023
;WIDTH:0.537311
G1 X-11.111 Y3.095 E.00931
;WIDTH:0.491049
G1 X-10.955 Y3.119 E.0084
;WIDTH:0.444787
G1 X-10.799 Y3.144 E.0075
;WIDTH:0.398525
G1 X-10.765 Y3.145 E.00142
G1 E-2 F2400
G1 X-12.162 Y-2.424 F7800
G1 E2 F2400
;WIDTH:0.404381
G1 F1200
G1 X-11.954 Y-3.041 E.02761
;WIDTH:0.450526
G1 X-11.88 Y-3.161 E.00679
;WIDTH:0.496672
G1 X-11.805 Y-3.281 E.00763
;WIDTH:0.542817
G1 X-11.73 Y-3.401 E.00844
;WIDTH:0.588963
G1 X-11.656 Y-3.52 E.00917
G1 E-2 F2400
G1 X-14.688 Y-3.636 F7800
G1 E2 F2400
;TYPE:Internal infill
;WIDTH:0.45
G1 F4800
G1 X-17.001 Y-3.596 E.11126
G1 X-18.858 Y3.331 E.34493
G1 X-21.084 Y3.457 E.10723
G1 X-22.67 Y1.871 E.10788
G1 X-22.636 Y2.198 E.01581
G1 X-22.377 Y3.002 E.04063
G1 X-12.629 Y.39 E.48538
G1 X-12.522 Y2.034 E.07924
G1 X-12.911 Y3.488 E.07239
G1 X-12.872 Y3.488 E.00188
G1 X-20.006 Y-3.645 E.48521
G1 X-19.933 Y-3.642 E.00351
G1 X-22.635 Y-2.917 E.13455
G1 X-22.714 Y-2.593 E.01604
G1 X-22.837 Y-.618 E.09517
G1 E-2 F2400
G1 X-22.63 Y3.517 F7800
G1 E2 F2400
;TYPE:Solid infill
;WIDTH:0.476755
G1 F1200
G1 X-23.018 Y2.308 E.06531
;WIDTH:0.498433
G1 X-23.05 Y2.165 E.00793
;WIDTH:0.500431
G1 X-23.293 Y-.136 E.12584
;WIDTH:0.507717
G1 X-23.2 Y-1.253 E.06198
;WIDTH:0.481991
G1 X-23.199 Y-1.262 E.00047
;WIDTH:0.481863
G1 X-23.118 Y-2.563 E.06788
;WIDTH:0.518603
G1 X-23.034 Y-2.956 E.02277
;WIDTH:0.555343
G1 X-22.95 Y-3.349 E.02461
G1 X-22.817 Y-3.741 E.02535
M106 S201.45
;LAYER_CHANGE
;Z:20.45
;HEIGHT:0.300001
G1 E-2 F2400
G1 Z20.45 F7800
G1 Z20.45
G1 X-10.664 Y-3.844
G1 E2 F2400
;TYPE:Perimeter
;WIDTH:0.45
G1 F900
G1 X-10.656 Y-3.844 E.00038
G1 X-11.111 Y-2.591 E.06412
G1 X-11.493 Y-.684 E.09354
G1 X-11.505 Y-.166 E.02492
G1 X-11.468 Y.252 E.02018
G1 X-11.15 Y1.337 E.05438
G1 X-11.207 Y2.293 E.04606
G1 X-11.141 Y2.708 E.02021
G1 X-10.744 Y3.759 E.05404
G1 X-14.151 Y3.739 E.16387
G1 X-15.075 Y3.706 E.04447
G1 X-15.848 Y3.631 E.03735
G1 X-16.717 Y3.603 E.04182
G1 X-17.794 Y3.621 E.05181
G1 X-18.866 Y3.6 E.05157
G1 X-19.86 Y3.683 E.04797
G1 X-22.144 Y3.753 E.1099
G1 X-23.053 Y3.817 E.04383
G1 X-23.176 Y3.341 E.02365
G1 X-23.537 Y2.207 E.05724
G1 X-23.797 Y-.223 E.11754
G1 X-23.653 Y-1.6 E.06659
G1 X-23.591 Y-2.579 E.04718
G1 X-23.409 Y-3.679 E.05363
G1 X-23.276 Y-4.087 E.02064
G1 X-22.264 Y-4.017 E.04879
G1 X-19.002 Y-3.866 E.15706
G1 X-14.976 Y-3.912 E.19365
G1 X-13.634 Y-3.856 E.0646
G1 X-10.724 Y-3.844 E.13996
G1 X-10.102 Y-4.233 F7800
G1 F3600
G1 X-10.099 Y-4.233 E.00014
G1 X-10.733 Y-2.514 E.08812
G1 X-11.111 Y-.605 E.0936
G1 X-11.098 Y.143 E.03598
G1 X-10.761 Y1.293 E.05764
G1 X-10.822 Y2.317 E.04934
G1 X-10.783 Y2.565 E.01207
G1 X-10.429 Y3.454 E.04602
G1 X-10.231 Y4.156 E.03508
G1 X-14.161 Y4.124 E.18903
G1 X-15.114 Y4.09 E.04587
G1 X-15.86 Y4.017 E.03605
G1 X-16.712 Y3.989 E.041
G1 X-17.795 Y4.007 E.0521
G1 X-18.873 Y3.986 E.05186
G1 X-19.837 Y4.068 E.04653
G1 X-22.117 Y4.138 E.10971
G1 X-23.347 Y4.225 E.05931
G1 X-23.543 Y3.458 E.03808
G1 X-23.916 Y2.287 E.05911
G1 X-24.185 Y-.222 E.12137
G1 X-24.037 Y-1.624 E.06781
G1 X-23.975 Y-2.623 E.04814
G1 X-23.778 Y-3.811 E.05792
G1 X-23.545 Y-4.493 E.03466
G1 X-22.246 Y-4.402 E.06263
G1 X-19.007 Y-4.252 E.15595
G1 X-15.468 Y-4.301 E.17023
G1 X-14.953 Y-4.297 E.02477
G1 X-13.632 Y-4.241 E.06359
G1 X-10.162 Y-4.234 E.1669
G1 X-9.533 Y-4.623 F7800
;TYPE:External perimeter
G1 F1800
G1 X-9.654 Y-4.323 E.01556
G1 X-10.356 Y-2.437 E.09679
G1 X-10.726 Y-.598 E.09022
G1 X-10.728 Y.035 E.03045
G1 X-10.372 Y1.249 E.06085
G1 X-10.424 Y2.423 E.05652
G1 X-10.063 Y3.331 E.047
G1 X-9.718 Y4.555 E.06116
G1 X-10.7 Y4.53 E.04725
G1 X-14.171 Y4.51 E.16695
G1 X-15.152 Y4.473 E.04722
G1 X-15.873 Y4.402 E.03485
G1 X-16.706 Y4.375 E.04009
G1 X-17.795 Y4.393 E.05238
G1 X-18.881 Y4.372 E.05224
G1 X-19.814 Y4.453 E.04504
G1 X-22.09 Y4.523 E.10952
G1 X-23.641 Y4.632 E.07478
G1 X-23.91 Y3.575 E.05246
G1 X-24.296 Y2.367 E.06099
G1 X-24.573 Y-.222 E.12523
G1 X-24.422 Y-1.648 E.06897
G1 X-24.359 Y-2.667 E.0491
G1 X-24.153 Y-3.905 E.06036
G1 X-23.814 Y-4.898 E.05047
G1 X-22.228 Y-4.788 E.07646
G1 X-19.013 Y-4.637 E.1548
G1 X-15.473 Y-4.687 E.17028
G1 X-14.931 Y-4.682 E.02607
G1 X-13.634 Y-4.627 E.06244
G1 X-9.593 Y-4.623 E.19436
G1 X-9.685 Y-4.234 F7800
G1 X-11.264 Y-3.555
;TYPE:Solid infill
G1 F1200
G1 X-12.33 Y-3.56 E.05127
G1 X-12.537 Y-2.455 E.05407
G1 X-12.783 Y-.069 E.11537
G1 X-12.632 Y2.33 E.11561
G1 X-12.342 Y3.461 E.05616
G1 X-11.15 Y3.467 E.05733
G1 X-11.406 Y2.824 E.03329
G1 X-11.493 Y2.308 E.02517
G1 X-11.448 Y1.478 E.03998
G1 X-11.472 Y1.266 E.01026
G1 X-11.744 Y.337 E.04656
G1 X-11.796 Y-.046 E.01859
G1 X-11.773 Y-.773 E.03498
G1 X-11.396 Y-2.641 E.09166
G1 X-11.071 Y-3.554 E.04661
G1 X-11.605 Y-3.18 E.03136
;WIDTH:0.431671
G1 X-11.693 Y-2.936 E.01188
G1 X-11.831 Y-2.342 E.02794
;WIDTH:0.412695
G1 X-11.964 Y-1.59 E.03318
;WIDTH:0.375906
G1 X-12.097 Y-.838 E.02967
;WIDTH:0.339118
G1 X-12.106 Y-.75 E.00303
;WIDTH:0.364401
G1 X-12.139 Y-.056 E.026
;WIDTH:0.383497
G1 X-12.083 Y.437 E.01975
;WIDTH:0.419563
G1 X-12.006 Y.776 E.0154
;WIDTH:0.45563
G1 X-11.93 Y1.115 E.01695
;WIDTH:0.491697
G1 X-11.854 Y1.454 E.01852
G1 X-11.865 Y1.86 E.02165
;WIDTH:0.466566
G1 X-11.877 Y2.266 E.02037
;WIDTH:0.441435
G1 X-11.778 Y2.842 E.02749
;WIDTH:0.409589
G1 X-11.688 Y3.1 E.01176
;WIDTH:0.407486
G1 X-12.065 Y3.098 E.01613
;WIDTH:0.409589
G1 X-12.114 Y2.915 E.00816
;WIDTH:0.443071
G1 X-12.255 Y2.243 E.03243
;WIDTH:0.491697
G1 X-12.28 Y1.454 E.04207
G1 X-12.32 Y1.122 E.01782
;WIDTH:0.454488
G1 X-12.359 Y.79 E.01626
;WIDTH:0.41728
G1 X-12.399 Y.457 E.01476
;WIDTH:0.380072
G1 X-12.438 Y-.076 E.02104
;WIDTH:0.364401
G1 X-12.368 Y-.879 E.03016
;WIDTH:0.375906
G1 X-12.271 Y-1.637 E.02969
;WIDTH:0.412695
G1 X-12.173 Y-2.409 E.03381
;WIDTH:0.431671
G1 X-12.018 Y-3.182 E.03612
G1 X-11.798 Y-3.181 E.01008
G1 E-2 F2400
G1 X-14.686 Y-3.606 F7800
G1 E2 F2400
;TYPE:Internal infill
;WIDTH:0.45
G1 F4800
G1 X-16.999 Y-3.606 E.11125
G1 X-18.852 Y3.312 E.34446
G1 X-21.109 Y3.432 E.10871
G1 X-22.868 Y1.673 E.11965
G1 X-22.815 Y2.177 E.02437
G1 X-22.538 Y3.045 E.04382
G1 X-13.133 Y.525 E.4683
G1 X-13.016 Y2.37 E.08892
G1 X-12.825 Y3.165 E.03932
G1 X-12.903 Y3.458 E.01458
G1 X-19.985 Y-3.624 E.48171
G1 X-22.836 Y-2.864 E.14191
G1 X-23.025 Y-.559 E.11123
G1 E-2 F2400
G1 X-23.037 Y-3.729 F7800
G1 E2 F2400
;TYPE:Solid infill
;WIDTH:0.555003
G1 F1200
G1 X-23.112 Y-3.448 E.0178
;WIDTH:0.515947
G1 X-23.187 Y-3.166 E.01643
;WIDTH:0.476891
G1 X-23.278 Y-2.626 E.02818
;WIDTH:0.481873
G1 X-23.288 Y-2.545 E.00425
;WIDTH:0.482871
G1 X-23.352 Y-1.534 E.05288
;WIDTH:0.507249
G1 X-23.399 Y-.963 E.03165
;WIDTH:0.509989
G1 X-23.474 Y-.154 E.04516
;WIDTH:0.500369
G1 X-23.229 Y2.142 E.12556
;WIDTH:0.498301
G1 X-23.196 Y2.286 E.008
;WIDTH:0.472577
G1 X-22.89 Y3.247 E.05135
;WIDTH:0.486073
G1 X-22.819 Y3.493 E.01347
G1 E-2 F2400
G1 X4.653 Y.057 F7800
G1 E2 F2400
;TYPE:Perimeter
;WIDTH:0.45
G1 F900
G1 X3.562 Y1.016 E.06986
G1 X2.83 Y1.766 E.05041
G1 X1.706 Y2.647 E.06869
G1 X1.361 Y2.393 E.02061
G1 X.489 Y1.966 E.0467
G1 X.318 Y1.623 E.01843
G1 X-.262 Y.108 E.07802
G1 X.948 Y-1.977 E.11594
G1 X1.904 Y-2.476 E.05187
G1 X2.103 Y-2.472 E.00957
G1 X3.155 Y-1.3 E.07575
G1 X3.702 Y-.977 E.03055
G1 X4.36 Y-.195 E.04915
G1 X4.607 Y.018 E.01569
G1 X5.262 Y.036 F7800
G1 F900
G1 X3.838 Y1.285 E.0911
G1 X3.088 Y2.054 E.05166
G1 X1.695 Y3.145 E.0851
G1 X1.192 Y2.739 E.03109
G1 X.202 Y2.255 E.053
G1 X-.036 Y1.778 E.02564
G1 X-.691 Y.066 E.08816
G1 X.67 Y-2.267 E.12991
G1 X1.814 Y-2.864 E.06206
G1 X2.279 Y-2.853 E.02237
G1 X3.5 Y-1.519 E.08698
G1 X3.948 Y-1.284 E.02433
G1 X4.748 Y-.355 E.05897
G1 X5.215 Y0 E.02821
G1 X5.872 Y.015 F7800
;TYPE:External perimeter
G1 F900
G1 X4.114 Y1.555 E.11241
G1 X3.346 Y2.342 E.05289
G1 X1.684 Y3.643 E.10151
G1 X1.023 Y3.085 E.04161
G1 X-.085 Y2.544 E.0593
G1 X-.389 Y1.933 E.03282
G1 X-1.124 Y.013 E.09888
G1 X-.969 Y-.209 E.01302
G1 X.393 Y-2.557 E.13055
G1 X1.724 Y-3.252 E.07222
G1 X2.456 Y-3.234 E.03522
G1 X3.717 Y-1.839 E.09044
G1 X4.194 Y-1.59 E.02588
G1 X4.981 Y-.662 E.05852
G1 X5.824 Y-.021 E.05094
G1 X5.566 Y.284 F7800
G1 X4.122 Y-.303
;TYPE:Top solid infill
;WIDTH:0.414663
G1 F900
G1 X1.589 Y2.23 E.1565
G1 X1.27 Y2.054 E.01592
G1 X3.788 Y-.465 E.15561
G1 X3.562 Y-.734 E.01535
G1 X.937 Y1.891 E.16219
G1 X.685 Y1.768 E.01225
G1 X.645 Y1.688 E.00391
G1 X3.251 Y-.918 E.16101
G1 X3.155 Y-.969 E.00475
G1 X2.96 Y-1.123 E.01086
G1 X.494 Y1.344 E.15239
G1 X.357 Y.985 E.01679
G1 X2.725 Y-1.383 E.14631
G1 X2.491 Y-1.644 E.01531
G1 X.22 Y.627 E.14032
G1 X.082 Y.269 E.01676
G1 X2.256 Y-1.905 E.13432
G1 X2.022 Y-2.166 E.01531
G1 X.453 Y-.597 E.09694
G1 X1.137 Y-1.777 E.05959
G1 X1.482 Y-2.122 E.02132
G1 E-2 F2400
G1 X3.923 Y4.807 F7800
G1 E2 F2400
;TYPE:External perimeter
;WIDTH:0.521742
G1 F900
G1 X4.319 Y4.108 E.04583
;WIDTH:0.526579
G1 X4.641 Y4.632 E.03546
;WIDTH:0.540041
G1 X4.85 Y4.748 E.01418
G1 X4.569 Y4.77 E.01672
;WIDTH:0.526579
G1 X3.983 Y4.804 E.03384
G1 X4.131 Y4.432 F7800
G1 E-2 F2400
G1 X22.946 Y4.086 F7800
G1 E2 F2400
;TYPE:Perimeter
;WIDTH:0.45
G1 F3600
G1 X22.153 Y4.015 E.03829
G1 X18.441 Y3.777 E.1789
G1 X17.211 Y3.769 E.05916
G1 X14.263 Y3.96 E.14209
G1 X8.3 Y3.927 E.2868
G1 X8.666 Y3.731 E.01997
G1 X9.118 Y3.411 E.02664
G1 X9.477 Y2.988 E.02668
G1 X9.634 Y2.629 E.01885
G1 X9.683 Y.557 E.09968
G1 X9.67 Y.371 E.00897
G1 X9.547 Y-.225 E.02927
G1 X9.611 Y-.387 E.00838
G1 X9.681 Y-.761 E.0183
G1 X9.658 Y-2.375 E.07764
G1 X9.503 Y-3.014 E.03162
G1 X9.389 Y-3.272 E.01357
G1 X9.084 Y-3.754 E.02743
G1 X14.214 Y-3.764 E.24674
G1 X17.137 Y-3.596 E.14082
G1 X18.331 Y-3.599 E.05743
G1 X22.72 Y-3.857 E.21146
G1 X23.233 Y-2.078 E.08905
G1 X23.324 Y-1.377 E.034
G1 X23.572 Y.142 E.07403
G1 X23.533 Y.588 E.02153
G1 X23.499 Y.973 E.01859
G1 X23.294 Y2.494 E.07382
G1 X22.972 Y4.044 E.07614
G1 X23.26 Y4.501 F7800
G1 F3600
G1 X22.128 Y4.4 E.05466
G1 X18.437 Y4.163 E.17789
G1 X17.236 Y4.153 E.05777
G1 X14.274 Y4.345 E.14276
G1 X6.785 Y4.304 E.3602
G1 X8.554 Y3.347 E.09674
G1 X9.019 Y2.968 E.02885
G1 X9.257 Y2.55 E.02313
G1 X9.29 Y.435 E.10174
G1 X9.19 Y-.08 E.02523
G1 X9.064 Y-.194 E.00817
G1 X9.253 Y-.531 E.01858
G1 X9.295 Y-.756 E.01101
G1 X9.273 Y-2.33 E.07571
G1 X9.252 Y-2.477 E.00714
G1 X9.063 Y-3.066 E.02975
G1 X8.389 Y-4.13 E.06058
G1 X8.41 Y-4.142 E.00116
G1 X14.224 Y-4.15 E.27963
G1 X17.159 Y-3.981 E.1414
G1 X18.329 Y-3.985 E.05627
G1 X21.976 Y-4.19 E.17568
G1 X23 Y-4.264 E.04938
G1 X23.535 Y-2.504 E.08847
G1 X23.616 Y-2.127 E.01855
G1 X23.705 Y-1.439 E.03337
G1 X23.96 Y.127 E.07631
G1 X23.917 Y.622 E.0239
G1 X23.882 Y1.016 E.01902
G1 X23.675 Y2.559 E.07488
G1 X23.281 Y4.453 E.09304
G1 X23.574 Y4.916 F7800
;TYPE:External perimeter
G1 F1800
G1 X22.103 Y4.785 E.07103
G1 X18.434 Y4.549 E.17683
G1 X17.261 Y4.538 E.05642
G1 X14.286 Y4.731 E.14339
G1 X6.772 Y4.69 E.3614
;WIDTH:0.49158
G1 X5.854 Y4.719 E.04894
;WIDTH:0.533161
G1 X4.936 Y4.747 E.0537
;WIDTH:0.543645
G1 X4.891 Y4.744 E.0027
G1 X4.931 Y4.726 E.00262
;WIDTH:0.533161
G1 X5.765 Y4.34 E.05373
;WIDTH:0.49158
G1 X6.598 Y3.955 E.0489
;WIDTH:0.45
G1 X8.303 Y3.051 E.09282
G1 X8.661 Y2.79 E.02131
G1 X8.879 Y2.471 E.01858
G1 X8.865 Y2.269 E.00974
G1 X8.912 Y.535 E.08343
G1 X8.844 Y.108 E.0208
G1 X8.71 Y-.045 E.00978
G1 X8.557 Y-.092 E.0077
G1 X8.91 Y-.75 E.03591
G1 X8.881 Y-2.374 E.07812
G1 X8.737 Y-2.859 E.02433
G1 X7.99 Y-4.039 E.06717
G1 X7.839 Y-4.543 E.02531
G1 X10.964 Y-4.519 E.15031
G1 X14.234 Y-4.536 E.15728
G1 X17.181 Y-4.366 E.14198
G1 X18.328 Y-4.371 E.05517
G1 X21.945 Y-4.574 E.17424
G1 X23.298 Y-4.672 E.06525
G1 X23.363 Y-4.394 E.01373
G1 X23.904 Y-2.616 E.08939
G1 X23.998 Y-2.177 E.02159
G1 X24.086 Y-1.501 E.03279
G1 X24.348 Y.113 E.07864
G1 X24.301 Y.656 E.02621
G1 X24.266 Y1.059 E.01946
G1 X24.055 Y2.624 E.07595
G1 X23.59 Y4.861 E.10989
G1 X23.19 Y4.88 F7800
G1 E-2 F2400
G1 X22.803 Y.68 F7800
G1 E2 F2400
;TYPE:Internal infill
;WIDTH:0.45
G1 F4800
G1 X22.455 Y2.966 E.11122
G1 X20.108 Y3.595 E.11687
G1 X19.945 Y3.584 E.00786
G1 X12.889 Y-3.472 E.47994
G1 X11.841 Y.507 E.1979
G1 X11.936 Y1.291 E.03798
G1 X11.948 Y2.399 E.05329
G1 X11.803 Y3.04 E.03161
G1 X11.604 Y3.424 E.0208
G1 X11.837 Y3.657 E.01585
G1 X14.254 Y3.67 E.11625
G1 X17.03 Y3.491 E.13379
G1 X18.86 Y-3.341 E.34018
G1 X21.071 Y-3.469 E.10652
G1 X22.523 Y-2.018 E.09873
G1 X22.244 Y-2.966 E.04753
G1 X11.853 Y-.182 E.5174
G1 E-2 F2400
G1 X9.587 Y-3.464 F7800
G1 E2 F2400
;TYPE:Solid infill
;WIDTH:0.45
G1 F1200
G1 X11.168 Y-3.468 E.07604
G1 X11.431 Y-2.832 E.0331
G1 X11.561 Y-2.202 E.03094
G1 X11.556 Y-1.423 E.03747
G1 X11.433 Y.349 E.08543
G1 X11.55 Y1.312 E.04666
G1 X11.563 Y2.357 E.05026
G1 X11.439 Y2.908 E.02716
G1 X11.265 Y3.237 E.0179
G1 X10.972 Y3.652 E.02443
G1 X9.292 Y3.643 E.0808
G1 X9.555 Y3.375 E.01806
G1 X9.727 Y3.129 E.01444
G1 X9.92 Y2.652 E.02475
G1 X9.97 Y.533 E.10194
G1 X9.846 Y-.223 E.03685
G1 X9.911 Y-.413 E.00966
G1 X9.97 Y-.77 E.0174
G1 X9.941 Y-2.421 E.07942
G1 X9.786 Y-3.077 E.03242
G1 X9.675 Y-3.292 E.01164
G1 X10.182 Y-3.08 E.02643
G1 X10.911 Y-3.081 E.03506
G1 X11.061 Y-2.719 E.01885
G1 X11.175 Y-2.164 E.02725
G1 X11.17 Y-1.438 E.03492
G1 X11.05 Y.395 E.08835
G1 X11.165 Y1.337 E.04564
G1 X11.176 Y2.266 E.04468
G1 X11.084 Y2.73 E.02275
G1 X10.949 Y3.015 E.01517
G1 X10.773 Y3.266 E.01474
G1 X10.09 Y3.262 E.03285
G1 X10.257 Y2.878 E.02014
G1 X10.305 Y2.661 E.01069
G1 X10.338 Y1.354 E.06288
G1 X10.35 Y.47 E.04252
G1 X10.242 Y-.189 E.03212
G1 X10.31 Y-.388 E.01011
G1 X10.356 Y-.775 E.01874
G1 X10.346 Y-1.448 E.03237
G1 X10.317 Y-2.51 E.0511
G1 X10.226 Y-2.892 E.01889
G1 X10.659 Y-2.703 E.02272
;WIDTH:0.47584
G1 X10.707 Y-2.413 E.01509
;WIDTH:0.517767
G1 X10.756 Y-2.123 E.01663
G1 X10.758 Y-1.454 E.03783
;WIDTH:0.503275
G1 X10.749 Y-1.117 E.01845
;WIDTH:0.474416
G1 X10.739 Y-.781 E.01719
;WIDTH:0.475333
G1 X10.687 Y-.259 E.02689
G1 X10.686 Y0 E.01328
;WIDTH:0.441076
G1 X10.684 Y.258 E.01212
;WIDTH:0.456393
G1 X10.718 Y.812 E.02714
;WIDTH:0.505967
G1 X10.752 Y1.365 E.03052
;WIDTH:0.539973
G1 X10.746 Y2.271 E.05374
G1 E-2 F2400
G1 X22.494 Y-3.529 F7800
G1 E2 F2400
;WIDTH:0.496175
G1 F1200
G1 X22.882 Y-2.283 E.07028
;WIDTH:0.477641
G1 X23.031 Y-1.335 E.04946
;WIDTH:0.465741
G1 X23.032 Y-1.328 E.00035
;WIDTH:0.468199
G1 X23.264 Y.109 E.07331
;WIDTH:0.506003
G1 X23.184 Y.938 E.04587
G1 X22.985 Y2.441 E.08351
;WIDTH:0.499461
G1 X22.967 Y2.544 E.00567
;WIDTH:0.512547
G1 X22.707 Y3.742 E.06852
M106 S226.95
;LAYER_CHANGE
;Z:20.75
;HEIGHT:0.299999
G1 Z20.75 F7800
G1 Z20.75
G1 X23.14 Y4.082
;TYPE:Perimeter
;WIDTH:0.45
G1 F3600
G1 X22.222 Y3.994 E.04436
G1 X21.531 Y3.966 E.03326
G1 X18.748 Y3.784 E.13414
G1 X16.967 Y3.77 E.08566
G1 X14.626 Y3.922 E.11283
G1 X9.837 Y3.893 E.23034
G1 X10.495 Y2.962 E.05483
G1 X10.576 Y2.826 E.00761
G1 X10.665 Y2.527 E.015
G1 X10.665 Y2.289 E.01145
G1 X10.567 Y1.484 E.039
G1 X10.547 Y1.073 E.01979
G1 X10.598 Y-.199 E.06123
G1 X10.668 Y-1.159 E.0463
G1 X10.652 Y-2.285 E.05416
G1 X10.57 Y-2.662 E.01856
G1 X10.198 Y-3.502 E.04419
G1 X10.145 Y-3.704 E.01004
G1 X12.398 Y-3.703 E.10836
G1 X14.579 Y-3.731 E.10491
G1 X16.899 Y-3.597 E.11177
G1 X18.642 Y-3.603 E.08383
G1 X22.108 Y-3.786 E.16693
G1 X22.903 Y-3.85 E.03836
G1 X23.391 Y-2.221 E.08179
G1 X23.547 Y-1.022 E.05815
G1 X23.735 Y.139 E.05657
G1 X23.696 Y.586 E.02158
G1 X23.633 Y1.3 E.03447
G1 X23.475 Y2.476 E.05707
G1 X23.156 Y4.029 E.07625
G1 X23.453 Y4.498 F7800
G1 F3600
G1 X23.453 Y4.5 E.0001
G1 X22.239 Y4.382 E.05866
G1 X21.511 Y4.351 E.03505
G1 X18.744 Y4.17 E.13337
G1 X16.992 Y4.155 E.08427
G1 X14.637 Y4.308 E.11351
G1 X9.06 Y4.278 E.26824
G1 X9.177 Y4.16 E.00799
G1 X10.18 Y2.74 E.08362
G1 X10.229 Y2.658 E.00459
G1 X10.282 Y2.336 E.0157
G1 X10.184 Y1.531 E.039
G1 X10.162 Y1.062 E.02258
G1 X10.213 Y-.229 E.06214
G1 X10.282 Y-1.154 E.04461
G1 X10.267 Y-2.28 E.05416
G1 X10.217 Y-2.506 E.01113
G1 X9.827 Y-3.388 E.04638
G1 X9.653 Y-4.09 E.03479
G1 X12.393 Y-4.088 E.13178
G1 X14.588 Y-4.116 E.10558
G1 X16.922 Y-3.982 E.11244
G1 X18.641 Y-3.989 E.08268
G1 X22.077 Y-4.17 E.16549
G1 X23.203 Y-4.261 E.05433
G1 X23.305 Y-3.83 E.0213
G1 X23.77 Y-2.302 E.07682
G1 X23.929 Y-1.071 E.0597
G1 X24.123 Y.125 E.05828
G1 X24.08 Y.619 E.02385
G1 X24.017 Y1.343 E.03495
G1 X23.855 Y2.541 E.05814
G1 X23.465 Y4.439 E.09319
G1 X23.764 Y4.902 F7800
;TYPE:External perimeter
G1 F1800
G1 X23.428 Y4.885 E.01618
G1 X22.19 Y4.765 E.05982
G1 X21.49 Y4.736 E.0337
G1 X18.741 Y4.556 E.1325
G1 X17.017 Y4.54 E.08292
G1 X14.648 Y4.693 E.11418
G1 X11.246 Y4.664 E.16363
G1 X7.89 Y4.664 E.16141
G1 X8.862 Y3.937 E.05838
G1 X9.866 Y2.517 E.08364
G1 X9.899 Y2.382 E.00668
G1 X9.801 Y1.578 E.03896
G1 X9.776 Y1.052 E.02533
G1 X9.829 Y-.259 E.06311
G1 X9.897 Y-1.148 E.04288
G1 X9.865 Y-2.35 E.05783
G1 X9.46 Y-3.263 E.04804
G1 X9.16 Y-4.476 E.0601
G1 X12.386 Y-4.474 E.15516
G1 X14.596 Y-4.502 E.1063
G1 X16.944 Y-4.367 E.11312
G1 X18.639 Y-4.374 E.08152
G1 X22.046 Y-4.555 E.1641
G1 X23.506 Y-4.658 E.0704
G1 X23.674 Y-3.942 E.03537
G1 X24.148 Y-2.384 E.07833
G1 X24.311 Y-1.121 E.06125
G1 X24.512 Y.11 E.05999
G1 X24.464 Y.653 E.02622
G1 X24.4 Y1.385 E.03534
G1 X24.236 Y2.606 E.05925
G1 X23.776 Y4.843 E.10984
G1 X23.377 Y4.878 F7800
G1 X22.895 Y3.744
;TYPE:Solid infill
;WIDTH:0.498523
G1 F1200
G1 X23.149 Y2.522 E.06758
;WIDTH:0.499107
G1 X23.389 Y.652 E.10223
;WIDTH:0.472787
G1 X23.428 Y.11 E.02768
;WIDTH:0.468537
G1 X23.254 Y-.98 E.05564
;WIDTH:0.462579
G1 X23.253 Y-.985 E.00025
;WIDTH:0.493897
G1 X23.056 Y-2.283 E.07033
;WIDTH:0.477527
G1 X22.678 Y-3.528 E.06705
G1 E-2 F2400
G1 X22.994 Y.626 F7800
G1 E2 F2400
;TYPE:Internal infill
;WIDTH:0.45
G1 F4800
G1 X22.651 Y2.913 E.11123
G1 X20.142 Y3.586 E.12494
G1 X19.932 Y3.572 E.01012
G1 X12.893 Y-3.42 E.47719
G1 X12.453 Y-1.779 E.08171
G1 X12.448 Y-.341 E.06916
G1 X22.417 Y-3.012 E.49639
G1 X22.671 Y-2.175 E.04207
G1 X22.728 Y-1.813 E.01763
G1 X21.098 Y-3.443 E.11087
G1 X18.856 Y-3.325 E.10798
G1 X17.033 Y3.479 E.33879
G1 X14.724 Y3.626 E.11128
G1 E-2 F2400
G1 X10.857 Y.322 F7800
G1 E2 F2400
;TYPE:Solid infill
;WIDTH:0.45
G1 F1200
G1 X10.831 Y1.266 E.04542
G1 X10.951 Y2.248 E.04758
G1 X10.944 Y2.592 E.01655
G1 X10.826 Y2.969 E.019
G1 X10.395 Y3.605 E.03695
G1 X11.719 Y3.614 E.06368
G1 X12.027 Y2.672 E.04767
G1 X12.085 Y2.195 E.02311
G1 X12.09 Y1.225 E.04665
G1 X12.062 Y-.372 E.07682
G1 X12.069 Y-2.165 E.08624
G1 X11.999 Y-2.575 E.02
G1 X11.776 Y-3.414 E.04175
G1 X10.553 Y-3.415 E.05882
G1 X10.83 Y-2.788 E.03297
G1 X10.941 Y-2.293 E.0244
G1 X10.957 Y-1.167 E.05416
G1 X10.862 Y.129 E.0625
G1 X11.261 Y.154 E.01923
;WIDTH:0.476212
G1 X11.288 Y-.393 E.02813
;WIDTH:0.45184
G1 X11.331 Y-1.173 E.03775
;WIDTH:0.425635
G1 X11.298 Y-2.397 E.05517
;WIDTH:0.41794
G1 X11.113 Y-3.05 E.02993
;WIDTH:0.407835
G1 X11.495 Y-3.05 E.01636
;WIDTH:0.41794
G1 X11.642 Y-2.48 E.02596
;WIDTH:0.434305
G1 X11.691 Y-2.13 E.01631
G1 X11.691 Y-1.109 E.04711
;WIDTH:0.452506
G1 X11.675 Y-.366 E.03598
;WIDTH:0.476212
G1 X11.672 Y.156 E.02681
;WIDTH:0.500332
G1 X11.692 Y1.708 E.0844
;WIDTH:0.4706
G1 X11.705 Y2.184 E.02413
;WIDTH:0.440869
G1 X11.639 Y2.693 E.0241
;WIDTH:0.404128
G1 X11.46 Y3.254 E.02495
;WIDTH:0.393724
G1 X11.075 Y3.252 E.01582
G1 X11.134 Y3.151 E.0048
;WIDTH:0.398818
G1 X11.289 Y2.694 E.02013
;WIDTH:0.4367
G1 X11.332 Y2.272 E.0197
;WIDTH:0.474222
G1 X11.292 Y1.76 E.02625
;WIDTH:0.500332
G1 X11.243 Y1.23 E.02894
G1 X11.258 Y.347 E.04802
G1 E-2 F2400
G1 X-11.626 Y-3.819 F7800
G1 E2 F2400
;TYPE:Perimeter
;WIDTH:0.45
G1 F900
G1 X-11.947 Y-2.977 E.04334
G1 X-12.038 Y-2.473 E.02463
G1 X-12.286 Y.033 E.12112
G1 X-12.129 Y2.375 E.11289
G1 X-12.033 Y2.779 E.01997
G1 X-11.653 Y3.733 E.04939
G1 X-14.137 Y3.712 E.11948
G1 X-15.309 Y3.681 E.05639
G1 X-15.897 Y3.624 E.02841
G1 X-16.478 Y3.606 E.02796
G1 X-17.826 Y3.629 E.06484
G1 X-19.167 Y3.603 E.06451
G1 X-19.866 Y3.659 E.03373
G1 X-22.237 Y3.729 E.11409
G1 X-23.258 Y3.799 E.04922
G1 X-23.489 Y2.895 E.04488
G1 X-23.716 Y2.184 E.0359
G1 X-23.978 Y-.241 E.11731
G1 X-23.805 Y-1.881 E.07932
G1 X-23.761 Y-2.561 E.03277
G1 X-23.497 Y-4.074 E.07387
G1 X-22.353 Y-3.996 E.05515
G1 X-19.294 Y-3.862 E.14727
G1 X-15.475 Y-3.913 E.1837
G1 X-14.231 Y-3.841 E.05993
G1 X-11.681 Y-3.824 E.12265
G1 X-11.054 Y-4.206 F7800
G1 F3600
G1 X-11.535 Y-3.017 E.06169
G1 X-11.654 Y-2.433 E.02867
G1 X-11.901 Y.007 E.11796
G1 X-11.744 Y2.349 E.11289
G1 X-11.675 Y2.636 E.0142
G1 X-11.083 Y4.124 E.07702
G1 X-14.144 Y4.097 E.14723
G1 X-15.333 Y4.066 E.05721
G1 X-15.91 Y4.01 E.02788
G1 X-16.473 Y3.992 E.02709
G1 X-17.827 Y4.014 E.06513
G1 X-19.174 Y3.988 E.0648
G1 X-19.843 Y4.044 E.03229
G1 X-22.211 Y4.114 E.11394
G1 X-23.553 Y4.205 E.06469
G1 X-23.847 Y3.045 E.05756
G1 X-24.095 Y2.264 E.03941
G1 X-24.366 Y-.241 E.12118
G1 X-24.188 Y-1.921 E.08125
G1 X-24.145 Y-2.604 E.03291
G1 X-23.904 Y-4.055 E.07074
G1 X-23.766 Y-4.48 E.02149
G1 X-22.336 Y-4.381 E.06894
G1 X-19.299 Y-4.248 E.14621
G1 X-15.467 Y-4.299 E.18432
G1 X-14.223 Y-4.226 E.05994
G1 X-11.11 Y-4.208 E.14973
G1 X-10.481 Y-4.593 F7800
;TYPE:External perimeter
G1 F1800
G1 X-11.178 Y-2.873 E.08926
G1 X-11.27 Y-2.393 E.02351
G1 X-11.516 Y-.019 E.11479
G1 X-11.359 Y2.323 E.11289
G1 X-11.317 Y2.494 E.00847
G1 X-10.652 Y4.168 E.08663
G1 X-10.555 Y4.514 E.01728
G1 X-14.151 Y4.483 E.17296
G1 X-15.357 Y4.451 E.05802
G1 X-15.923 Y4.395 E.02736
G1 X-16.468 Y4.377 E.02623
G1 X-17.827 Y4.4 E.06537
G1 X-19.182 Y4.374 E.06518
G1 X-19.82 Y4.429 E.0308
G1 X-22.185 Y4.498 E.1138
G1 X-23.847 Y4.612 E.08012
G1 X-24.221 Y3.14 E.07305
G1 X-24.475 Y2.344 E.04019
G1 X-24.753 Y-.24 E.125
G1 X-24.572 Y-1.962 E.08328
G1 X-24.528 Y-2.648 E.03306
G1 X-24.273 Y-4.189 E.07512
G1 X-24.035 Y-4.885 E.03538
G1 X-22.319 Y-4.766 E.08273
G1 X-19.304 Y-4.634 E.14515
G1 X-15.458 Y-4.685 E.185
G1 X-14.222 Y-4.612 E.05955
G1 X-13.477 Y-4.596 E.03584
G1 X-10.541 Y-4.593 E.14121
G1 X-10.635 Y-4.204 F7800
G1 E-2 F2400
G1 X-14.687 Y-3.577 F7800
G1 E2 F2400
;TYPE:Internal infill
;WIDTH:0.45
G1 F4800
G1 X-16.999 Y-3.604 E.11121
G1 X-18.855 Y3.32 E.34478
G1 X-21.134 Y3.407 E.10969
G1 X-23.066 Y1.475 E.13141
G1 X-22.994 Y2.154 E.03284
G1 X-22.696 Y3.087 E.04711
G1 X-13.636 Y.66 E.45112
G1 X-13.52 Y2.464 E.08695
G1 X-13.377 Y2.984 E.02594
G1 X-19.961 Y-3.601 E.44787
G1 X-23.01 Y-2.817 E.15142
G1 X-23.212 Y-.513 E.11124
G1 E-2 F2400
G1 X-23.014 Y3.461 F7800
G1 E2 F2400
;TYPE:Solid infill
;WIDTH:0.511557
G1 F1200
G1 X-23.201 Y2.812 E.03767
;WIDTH:0.472931
G1 X-23.375 Y2.263 E.02935
;WIDTH:0.498249
G1 X-23.408 Y2.119 E.00799
;WIDTH:0.500327
G1 X-23.654 Y-.172 E.12529
;WIDTH:0.510051
G1 X-23.548 Y-1.284 E.06209
;WIDTH:0.507267
G1 X-23.501 Y-1.846 E.03115
;WIDTH:0.483087
G1 X-23.458 Y-2.526 E.03558
;WIDTH:0.481889
G1 X-23.314 Y-3.417 E.047
;WIDTH:0.523671
G1 X-23.236 Y-3.73 E.01848
G1 E-2 F2400
G1 X-13.296 Y-.075 F7800
G1 E2 F2400
;WIDTH:0.45
G1 F1200
G1 X-13.053 Y-2.442 E.11444
G1 X-12.85 Y-3.541 E.05375
G1 X-12.067 Y-3.535 E.03766
G1 X-12.162 Y-3.267 E.01368
G1 X-12.312 Y-2.592 E.03326
G1 X-12.576 Y-.045 E.12316
G1 X-12.418 Y2.389 E.11731
G1 X-12.3 Y2.889 E.02471
G1 X-12.081 Y3.441 E.02856
G1 X-12.848 Y3.434 E.03689
G1 X-13.137 Y2.409 E.05122
G1 X-13.284 Y.118 E.11042
G1 E-2 F2400
G1 X-12.588 Y3.094 F7800
G1 E2 F2400
;WIDTH:0.372655
G1 F1200
G1 X-12.751 Y2.5 E.02368
;WIDTH:0.397775
G1 X-12.78 Y2.348 E.00643
G1 X-12.934 Y-.022 E.09876
;WIDTH:0.395355
G1 X-12.932 Y-.115 E.00384
;WIDTH:0.399699
G1 X-12.696 Y-2.39 E.09566
G1 X-12.551 Y-3.18 E.03359
M106 S216.75
;LAYER_CHANGE
;Z:21.05
;HEIGHT:0.299999
G1 E-2 F2400
G1 Z21.05 F7800
G1 Z21.05
G1 X23.329 Y4.07
G1 E2 F2400
;TYPE:Perimeter
;WIDTH:0.45
G1 F900
G1 X23.328 Y4.072 E.00011
G1 X22.314 Y3.975 E.04899
G1 X21.116 Y3.925 E.05767
G1 X19.055 Y3.791 E.09934
G1 X16.794 Y3.77 E.10875
G1 X14.987 Y3.885 E.08709
G1 X10.845 Y3.86 E.19922
G1 X11.323 Y3.181 E.03994
G1 X11.451 Y2.927 E.01368
G1 X11.58 Y2.371 E.02745
G1 X11.567 Y1.315 E.05079
G1 X11.484 Y.64 E.03271
G1 X11.451 Y.125 E.02482
G1 X11.575 Y-1.503 E.07853
G1 X11.545 Y-2.467 E.04639
G1 X11.393 Y-2.994 E.02638
G1 X11.102 Y-3.65 E.03452
G1 X14.94 Y-3.697 E.18461
G1 X16.722 Y-3.596 E.08585
G1 X18.954 Y-3.607 E.10735
G1 X21.037 Y-3.725 E.10035
G1 X22.204 Y-3.766 E.05616
G1 X23.111 Y-3.839 E.04376
G1 X23.247 Y-3.267 E.02828
G1 X23.57 Y-2.204 E.05343
G1 X23.793 Y-.51 E.08218
G1 X23.898 Y.136 E.03148
G1 X23.768 Y1.627 E.07198
G1 X23.656 Y2.459 E.04038
G1 X23.341 Y4.011 E.07617
G1 X23.64 Y4.476 F7800
G1 F3600
G1 X23.639 Y4.479 E.00015
G1 X22.298 Y4.36 E.06475
G1 X21.096 Y4.31 E.05786
G1 X19.051 Y4.177 E.09857
G1 X16.79 Y4.156 E.10875
G1 X14.998 Y4.27 E.08636
G1 X10.105 Y4.242 E.23534
G1 X11.007 Y2.959 E.07543
G1 X11.084 Y2.807 E.0082
G1 X11.195 Y2.374 E.0215
G1 X11.184 Y1.362 E.04868
G1 X11.101 Y.687 E.03271
G1 X11.066 Y.104 E.02809
G1 X11.189 Y-1.505 E.07761
G1 X11.192 Y-2.217 E.03425
G1 X11.04 Y-2.838 E.03075
G1 X10.51 Y-4.036 E.06301
G1 X14.949 Y-4.083 E.21351
G1 X16.72 Y-3.982 E.08532
G1 X18.952 Y-3.993 E.10735
G1 X23.413 Y-4.239 E.21488
G1 X23.616 Y-3.379 E.0425
G1 X23.948 Y-2.286 E.05494
G1 X24.174 Y-.572 E.08315
G1 X24.286 Y.122 E.03381
G1 X24.151 Y1.669 E.07469
G1 X24.036 Y2.523 E.04145
G1 X23.652 Y4.417 E.09295
G1 X23.951 Y4.881 F7800
;TYPE:External perimeter
G1 F1800
G1 X23.376 Y4.852 E.02769
G1 X22.282 Y4.745 E.05287
G1 X21.075 Y4.695 E.0581
G1 X19.047 Y4.563 E.09775
G1 X16.787 Y4.541 E.1087
G1 X15.01 Y4.656 E.08565
G1 X9.365 Y4.623 E.27151
G1 X10.692 Y2.737 E.11091
G1 X10.809 Y2.376 E.01825
G1 X10.801 Y1.409 E.04651
G1 X10.719 Y.734 E.0327
G1 X10.681 Y.084 E.03132
G1 X10.804 Y-1.506 E.0767
G1 X10.806 Y-2.218 E.03424
G1 X10.688 Y-2.681 E.02298
G1 X10.082 Y-4.048 E.07192
G1 X9.986 Y-4.422 E.01857
G1 X14.957 Y-4.469 E.2391
G1 X16.718 Y-4.367 E.08484
G1 X18.95 Y-4.378 E.10735
G1 X21.001 Y-4.495 E.09881
G1 X22.143 Y-4.535 E.05496
G1 X23.155 Y-4.616 E.04883
G1 X23.717 Y-4.636 E.02705
G1 X23.985 Y-3.491 E.05656
G1 X24.327 Y-2.367 E.05651
G1 X24.554 Y-.634 E.08406
G1 X24.675 Y.108 E.03616
G1 X24.535 Y1.712 E.07744
G1 X24.417 Y2.587 E.04247
G1 X23.963 Y4.822 E.10969
G1 X23.565 Y4.859 F7800
G1 E-2 F2400
G1 X23.162 Y.573 F7800
G1 E2 F2400
;TYPE:Internal infill
;WIDTH:0.45
G1 F4800
G1 X22.839 Y2.863 E.11123
G1 X20.182 Y3.575 E.1323
G1 X19.918 Y3.558 E.01272
G1 X12.977 Y-3.383 E.47212
G1 X12.883 Y-3.382 E.00452
G1 X12.782 Y-3.005 E.01877
G1 X12.96 Y-2.18 E.04059
G1 X12.981 Y-.484 E.08158
G1 X22.577 Y-3.055 E.47781
G1 X22.849 Y-2.16 E.04499
G1 X22.92 Y-1.621 E.02615
G1 X21.103 Y-3.438 E.12359
G1 X18.854 Y-3.317 E.10833
G1 X17.032 Y3.483 E.33859
G1 X14.722 Y3.594 E.11123
G1 E-2 F2400
G1 X11.643 Y-3.298 F7800
G1 E2 F2400
;TYPE:Solid infill
;WIDTH:0.586551
G1 F1200
G1 X12.23 Y-3.305 E.03823
;WIDTH:0.592751
G1 X12.354 Y-2.835 E.03203
G1 X12.411 Y-2.713 E.00887
;WIDTH:0.545167
G1 X12.469 Y-2.59 E.00815
;WIDTH:0.497583
G1 X12.527 Y-2.468 E.0073
;WIDTH:0.45
G1 X12.576 Y-2.112 E.01728
G1 X12.572 Y-1.025 E.05228
G1 X12.618 Y.073 E.05286
G1 X12.63 Y1.142 E.05142
G1 X12.598 Y2.323 E.05682
G1 X12.537 Y2.673 E.01709
G1 X12.239 Y3.579 E.04587
G1 X11.4 Y3.574 E.04035
G1 X11.575 Y3.318 E.01491
G1 X11.799 Y2.79 E.02759
G1 X11.869 Y2.36 E.02095
G1 X11.855 Y1.296 E.05118
G1 X11.736 Y.315 E.04753
G1 X11.861 Y-1.42 E.08366
G1 X11.867 Y-2.207 E.03785
;WIDTH:0.497583
G1 X11.858 Y-2.376 E.00914
;WIDTH:0.545167
G1 X11.849 Y-2.545 E.01015
;WIDTH:0.592751
G1 X11.84 Y-2.713 E.01109
G1 X11.793 Y-2.923 E.01418
;WIDTH:0.58645
G1 X11.715 Y-3.119 E.01374
G1 X12.191 Y-2.378 F7800
;WIDTH:0.389011
G1 F1200
G1 X12.221 Y-2.114 E.01076
;WIDTH:0.391769
G1 X12.217 Y-1.417 E.02846
;WIDTH:0.418961
G1 X12.202 Y-1.01 E.01801
;WIDTH:0.460561
G1 X12.197 Y-.645 E.01804
;WIDTH:0.502161
G1 X12.191 Y-.28 E.01993
;WIDTH:0.543761
G1 X12.186 Y.085 E.02183
G1 X12.21 Y.612 E.03154
;WIDTH:0.506606
G1 X12.235 Y1.139 E.0291
;WIDTH:0.469451
G1 X12.24 Y1.291 E.00768
;WIDTH:0.450249
G1 X12.233 Y2.313 E.04919
;WIDTH:0.408439
G1 X12.177 Y2.596 E.01238
;WIDTH:0.375541
G1 X12.12 Y2.879 E.0112
;WIDTH:0.372497
G1 X11.989 Y3.231 E.01443
G1 E-2 F2400
G1 X22.868 Y-3.506 F7800
G1 E2 F2400
;WIDTH:0.497051
G1 F1200
G1 X22.937 Y-3.249 E.01436
;WIDTH:0.480075
G1 X23.235 Y-2.267 E.05321
;WIDTH:0.494983
G1 X23.477 Y-.598 E.09057
;WIDTH:0.469269
G1 X23.591 Y.106 E.03602
;WIDTH:0.470249
G1 X23.525 Y.969 E.04381
;WIDTH:0.499179
G1 X23.329 Y2.505 E.08397
;WIDTH:0.498845
G1 X23.077 Y3.733 E.06793
G1 E-2 F2400
G1 X-12.301 Y-3.795 F7800
G1 E2 F2400
;TYPE:Perimeter
;WIDTH:0.45
G1 F900
G1 X-12.553 Y-2.46 E.06534
G1 X-12.798 Y.024 E.12005
G1 X-12.663 Y2.098 E.09996
G1 X-12.61 Y2.555 E.02213
G1 X-12.449 Y3.106 E.02761
G1 X-12.299 Y3.695 E.02923
G1 X-14.173 Y3.683 E.09013
G1 X-15.62 Y3.645 E.06962
G1 X-16.243 Y3.609 E.03001
G1 X-17.858 Y3.636 E.07769
G1 X-19.468 Y3.605 E.07745
G1 X-19.872 Y3.635 E.01948
G1 X-22.331 Y3.704 E.11832
G1 X-23.463 Y3.78 E.05457
G1 X-23.743 Y2.68 E.05459
G1 X-23.895 Y2.161 E.02601
G1 X-24.158 Y-.26 E.11713
G1 X-23.931 Y-2.542 E.1103
G1 X-23.679 Y-4.059 E.07396
G1 X-22.441 Y-3.974 E.05968
G1 X-19.587 Y-3.859 E.13738
G1 X-15.841 Y-3.906 E.18018
G1 X-14.258 Y-3.814 E.07627
G1 X-12.357 Y-3.799 E.09143
G1 X-11.835 Y-4.178 F7800
G1 F3600
G1 X-12.169 Y-2.42 E.08607
G1 X-12.414 Y-.001 E.11694
G1 X-12.24 Y2.447 E.11804
G1 X-12.076 Y3.01 E.0282
G1 X-11.801 Y4.084 E.05332
G1 X-14.179 Y4.069 E.11438
G1 X-15.695 Y4.029 E.07294
G1 X-16.236 Y3.995 E.02607
G1 X-17.859 Y4.022 E.07807
G1 X-19.475 Y3.99 E.07774
G1 X-19.849 Y4.02 E.01805
G1 X-22.306 Y4.089 E.11822
G1 X-23.758 Y4.186 E.06999
G1 X-24.117 Y2.775 E.07003
G1 X-24.274 Y2.242 E.02672
G1 X-24.546 Y-.259 E.121
G1 X-24.315 Y-2.586 E.11247
G1 X-24.018 Y-4.369 E.08694
G1 X-23.987 Y-4.467 E.00494
G1 X-22.425 Y-4.36 E.0753
G1 X-19.592 Y-4.244 E.13637
G1 X-15.832 Y-4.291 E.18086
G1 X-14.255 Y-4.199 E.07598
G1 X-11.892 Y-4.181 E.11366
G1 X-11.368 Y-4.562 F7800
;TYPE:External perimeter
G1 F1800
G1 X-11.786 Y-2.38 E.10685
G1 X-12.029 Y-.027 E.11377
G1 X-11.87 Y2.339 E.11405
G1 X-11.702 Y2.915 E.02886
G1 X-11.304 Y4.473 E.07734
G1 X-14.185 Y4.455 E.13857
G1 X-15.713 Y4.414 E.07352
G1 X-16.23 Y4.38 E.02492
G1 X-17.859 Y4.407 E.07836
G1 X-19.483 Y4.376 E.07812
G1 X-19.827 Y4.405 E.0166
G1 X-22.28 Y4.474 E.11803
G1 X-24.053 Y4.592 E.08546
G1 X-24.49 Y2.87 E.08545
G1 X-24.653 Y2.322 E.0275
G1 X-24.934 Y-.258 E.12482
G1 X-24.72 Y-2.283 E.09794
G1 X-24.698 Y-2.63 E.01672
G1 X-24.399 Y-4.432 E.08785
G1 X-24.256 Y-4.872 E.02225
G1 X-22.409 Y-4.745 E.08904
G1 X-19.596 Y-4.63 E.13541
G1 X-15.823 Y-4.677 E.18148
G1 X-14.252 Y-4.585 E.07569
G1 X-11.428 Y-4.562 E.13583
G1 X-11.444 Y-4.163 F7800
G1 E-2 F2400
G1 X-14.792 Y-3.169 F7800
G1 E2 F2400
;TYPE:Internal infill
;WIDTH:0.45
G1 F4800
G1 X-15.856 Y-3.231 E.05126
G1 X-17.103 Y-3.215 E.05998
G1 X-18.756 Y2.951 E.30704
G1 X-16.443 Y2.942 E.11125
G1 E-2 F2400
G1 X-13.596 Y3.382 F7800
G1 E2 F2400
;TYPE:Solid infill
;WIDTH:0.424111
G1 F1200
G1 X-13.627 Y3.383 E.00139
;WIDTH:0.422585
G1 X-15.659 Y3.341 E.0908
;WIDTH:0.449359
G1 X-16.159 Y3.323 E.02402
G1 X-17.858 Y3.35 E.08159
;WIDTH:0.443351
G1 X-17.894 Y3.35 E.0017
;WIDTH:0.442657
G1 X-19.493 Y3.319 E.07546
G1 X-19.894 Y3.336 E.01894
;WIDTH:0.428869
G1 X-21.942 Y3.389 E.09314
G1 E-2 F2400
G1 X-22.148 Y-3.611 F7800
G1 E2 F2400
;WIDTH:0.428641
G1 F1200
G1 X-21.454 Y-3.634 E.03155
;WIDTH:0.434279
G1 X-19.939 Y-3.574 E.06995
;WIDTH:0.449403
G1 X-16.213 Y-3.61 E.17894
;WIDTH:0.447087
G1 X-15.842 Y-3.602 E.01771
;WIDTH:0.421227
G1 X-14.364 Y-3.515 E.0659
;WIDTH:0.422137
G1 X-13.595 Y-3.505 E.03432
;WIDTH:0.433057
G1 X-13.532 Y-3.499 E.00291
;WIDTH:0.437848
G1 X-13.421 Y-3.524 E.0053
;WIDTH:0.45
G1 X-12.649 Y-3.512 E.03714
G1 X-12.841 Y-2.486 E.0502
G1 X-13.089 Y-.05 E.11777
G1 X-12.945 Y2.21 E.10892
;WIDTH:0.498069
G1 X-12.943 Y2.379 E.00914
;WIDTH:0.546138
G1 X-12.942 Y2.548 E.01015
;WIDTH:0.594207
G1 X-12.94 Y2.718 E.01123
G1 X-12.768 Y3.332 E.04214
;WIDTH:0.592483
G1 X-13.293 Y3.341 E.03459
;WIDTH:0.550478
G1 X-13.469 Y3.353 E.0107
G1 X-13.42 Y3.244 E.00725
;WIDTH:0.592483
G1 X-13.371 Y3.135 E.00787
;WIDTH:0.594207
G1 X-13.449 Y2.863 E.0187
G1 X-13.503 Y2.755 E.00798
;WIDTH:0.552046
G1 X-13.556 Y2.647 E.00732
;WIDTH:0.509886
G1 X-13.609 Y2.539 E.00668
;WIDTH:0.467726
G1 X-13.668 Y2.275 E.01361
;WIDTH:0.45
G1 X-13.773 Y.589 E.08125
G1 X-13.782 Y-.037 E.03011
G1 X-13.736 Y-.816 E.03753
G1 X-13.568 Y-2.428 E.07795
G1 X-13.419 Y-3.227 E.03909
G1 X-13.439 Y-3.349 E.00595
G1 X-13.073 Y-3.163 E.01975
;WIDTH:0.383255
G1 X-13.184 Y-2.566 E.02415
;WIDTH:0.396297
G1 X-13.213 Y-2.376 E.00796
;WIDTH:0.398643
G1 X-13.431 Y-.117 E.09462
;WIDTH:0.402189
G1 X-13.411 Y.575 E.02917
;WIDTH:0.404455
G1 X-13.29 Y2.384 E.0769
G1 E-2 F2400
G1 X-21.534 Y3.006 F7800
G1 E2 F2400
;TYPE:Internal infill
;WIDTH:0.45
G1 F4800
G1 X-23.147 Y1.394 E.10968
G1 X-23.136 Y1.849 E.02189
G1 X-23.048 Y1.982 E.00767
G1 X-23.065 Y2.468 E.02339
G1 X-22.854 Y3.13 E.03342
G1 X-14.147 Y.796 E.43356
G1 X-14.052 Y2.308 E.07287
G1 X-19.546 Y-3.186 E.3737
G1 X-21.374 Y-3.255 E.08798
G1 X-23.16 Y-2.777 E.08892
G1 X-23.138 Y-2.258 E.02498
G1 X-23.231 Y-2.111 E.00837
G1 X-23.192 Y-.491 E.07794
G1 E-2 F2400
G1 X-23.416 Y-3.727 F7800
G1 E2 F2400
;TYPE:Solid infill
;WIDTH:0.498799
G1 F1200
G1 X-23.564 Y-2.909 E.04504
;WIDTH:0.508961
G1 X-23.574 Y-2.729 E.01
;WIDTH:0.543628
G1 X-23.583 Y-2.549 E.01077
;WIDTH:0.578295
G1 X-23.593 Y-2.369 E.01156
G1 X-23.621 Y-2.251 E.00777
;WIDTH:0.545994
G1 X-23.649 Y-2.134 E.00723
;WIDTH:0.559853
G1 X-23.663 Y-1.759 E.02319
;WIDTH:0.606013
G1 X-23.677 Y-1.385 E.02528
;WIDTH:0.652173
G1 X-23.691 Y-1.01 E.02751
;WIDTH:0.698333
G1 X-23.705 Y-.636 E.02959
;WIDTH:0.744493
G1 X-23.719 Y-.261 E.03183
G1 X-23.684 Y.277 E.04573
;WIDTH:0.698988
G1 X-23.648 Y.815 E.04268
;WIDTH:0.653484
G1 X-23.613 Y1.353 E.03961
;WIDTH:0.607979
G1 X-23.577 Y1.891 E.03656
;WIDTH:0.562475
G1 X-23.479 Y2.416 E.03318
;WIDTH:0.532201
G1 X-23.231 Y3.354 E.05661
;WIDTH:0.532685
G1 X-23.211 Y3.432 E.0047
M106 S214.2
;LAYER_CHANGE
;Z:21.35
;HEIGHT:0.300001
G1 E-2 F2400
G1 Z21.35 F7800
G1 Z21.35
G1 X23.514 Y4.049
G1 E2 F2400
;TYPE:Perimeter
;WIDTH:0.45
G1 F900
G1 X23.513 Y4.056 E.00034
G1 X22.406 Y3.955 E.05346
G1 X20.701 Y3.885 E.08207
G1 X19.361 Y3.798 E.06459
G1 X16.55 Y3.772 E.13521
G1 X15.35 Y3.847 E.05783
G1 X11.667 Y3.82 E.17714
G1 X12.049 Y2.656 E.05892
G1 X12.097 Y2.381 E.01343
G1 X12.114 Y1.689 E.03329
G1 X12.077 Y-.375 E.09929
G1 X12.085 Y-2.186 E.0871
G1 X12.052 Y-2.438 E.01222
G1 X11.737 Y-3.618 E.05874
G1 X15.19 Y-3.662 E.16609
G1 X16.484 Y-3.597 E.06232
G1 X19.265 Y-3.611 E.13376
G1 X20.639 Y-3.688 E.06619
G1 X22.345 Y-3.75 E.08211
G1 X23.32 Y-3.821 E.04702
G1 X23.558 Y-2.816 E.04967
G1 X23.749 Y-2.187 E.03162
G1 X24.061 Y.134 E.11264
G1 X23.907 Y1.902 E.08536
G1 X23.837 Y2.441 E.02614
G1 X23.526 Y3.991 E.07604
G1 X23.826 Y4.453 F7800
G1 F3600
G1 X23.826 Y4.457 E.00019
G1 X23.34 Y4.433 E.0234
G1 X22.39 Y4.341 E.04591
G1 X20.68 Y4.27 E.08232
G1 X19.358 Y4.184 E.06372
G1 X16.546 Y4.158 E.13525
G1 X15.361 Y4.233 E.05711
G1 X11.05 Y4.202 E.20735
G1 X11.239 Y3.889 E.01759
G1 X11.683 Y2.535 E.06853
G1 X11.711 Y2.371 E.008
G1 X11.729 Y1.696 E.03248
G1 X11.692 Y-.372 E.09948
G1 X11.699 Y-2.187 E.0873
G1 X11.68 Y-2.339 E.00737
G1 X11.237 Y-3.997 E.08254
G1 X15.185 Y-4.048 E.1899
G1 X16.483 Y-3.983 E.06251
G1 X19.263 Y-3.996 E.13371
G1 X20.621 Y-4.073 E.06542
G1 X22.314 Y-4.134 E.08148
G1 X23.624 Y-4.218 E.06314
G1 X23.927 Y-2.928 E.06373
G1 X24.127 Y-2.269 E.03312
G1 X24.45 Y.119 E.1159
G1 X24.286 Y1.996 E.09062
G1 X24.217 Y2.505 E.02471
G1 X23.838 Y4.395 E.09271
G1 X24.138 Y4.859 F7800
;TYPE:External perimeter
G1 F1800
G1 X23.302 Y4.816 E.04026
G1 X22.374 Y4.726 E.04484
G1 X20.66 Y4.655 E.08251
G1 X19.354 Y4.569 E.06295
G1 X16.542 Y4.543 E.13525
G1 X15.372 Y4.618 E.05639
G1 X10.31 Y4.582 E.24347
G1 X10.872 Y3.769 E.04754
G1 X11.326 Y2.36 E.0712
G1 X11.343 Y1.703 E.03161
G1 X11.306 Y-.369 E.09967
G1 X11.314 Y-2.189 E.08754
G1 X10.737 Y-4.377 E.10883
G1 X15.18 Y-4.434 E.21371
G1 X16.481 Y-4.369 E.06265
G1 X19.261 Y-4.382 E.13371
G1 X20.603 Y-4.459 E.06465
G1 X22.239 Y-4.515 E.07873
G1 X23.12 Y-4.586 E.04251
G1 X23.927 Y-4.614 E.03884
G1 X24.296 Y-3.04 E.07776
G1 X24.505 Y-2.35 E.03468
G1 X24.838 Y.105 E.11916
G1 X24.669 Y2.038 E.09333
G1 X24.598 Y2.568 E.02572
G1 X24.15 Y4.8 E.10949
G1 X23.752 Y4.837 F7800
G1 X23.26 Y3.722
;TYPE:Solid infill
;WIDTH:0.499129
G1 F1200
G1 X23.511 Y2.486 E.06839
G1 X23.658 Y1.306 E.06448
;WIDTH:0.470449
G1 X23.659 Y1.296 E.00051
;WIDTH:0.472711
G1 X23.755 Y.103 E.06095
;WIDTH:0.501021
G1 X23.442 Y-2.121 E.12231
;WIDTH:0.496639
G1 X23.248 Y-2.798 E.03797
;WIDTH:0.525777
G1 X23.064 Y-3.48 E.04065
G1 E-2 F2400
G1 X23.33 Y.52 F7800
G1 E2 F2400
;TYPE:Internal infill
;WIDTH:0.45
G1 F4800
G1 X23.028 Y2.812 E.11119
G1 X20.222 Y3.564 E.13972
G1 X19.904 Y3.544 E.01532
G1 X13.251 Y-3.11 E.45256
G1 X13.468 Y-2.151 E.04729
G1 X13.513 Y-.627 E.07333
G1 X22.738 Y-3.098 E.45933
G1 X23.028 Y-2.143 E.048
G1 X23.122 Y-1.419 E.03511
G1 X21.125 Y-3.415 E.1358
G1 X18.855 Y-3.32 E.10927
G1 X17.031 Y3.487 E.33894
G1 X14.719 Y3.553 E.11124
G1 E-2 F2400
G1 X12.463 Y-.38 F7800
G1 E2 F2400
;TYPE:Solid infill
;WIDTH:0.642294
G1 F1200
G1 X12.453 Y-1.657 E.09205
;WIDTH:0.612464
G1 X12.448 Y-2.178 E.03562
;WIDTH:0.598146
G1 X12.396 Y-2.537 E.02415
;WIDTH:0.585932
G1 X12.2 Y-3.267 E.04917
;WIDTH:0.584859
G1 X12.736 Y-3.274 E.0348
;WIDTH:0.585932
G1 X12.899 Y-2.673 E.04051
;WIDTH:0.598146
G1 X12.982 Y-2.19 E.03263
;WIDTH:0.612464
G1 X13.001 Y-1.669 E.03564
;WIDTH:0.642294
G1 X13.04 Y-.391 E.09216
;WIDTH:0.647697
G1 X13.063 Y.596 E.07183
;WIDTH:0.646267
G1 X13.045 Y1.735 E.08267
;WIDTH:0.620863
G1 X13.045 Y1.76 E.00174
;WIDTH:0.620586
G1 X13.011 Y2.44 E.04723
;WIDTH:0.612845
G1 X12.884 Y2.938 E.03516
;WIDTH:0.58809
G1 X12.707 Y3.47 E.03662
;WIDTH:0.587034
G1 X12.16 Y3.466 E.03566
;WIDTH:0.58809
G1 X12.387 Y2.774 E.04757
;WIDTH:0.620537
G1 X12.474 Y2.283 E.03459
;WIDTH:0.620863
G1 X12.489 Y1.732 E.03826
;WIDTH:0.646267
G1 X12.466 Y-.188 E.13936
G1 E-2 F2400
G1 X-19.298 Y-.131 F7800
G1 E2 F2400
;TYPE:Perimeter
;WIDTH:0.45
G1 F3600
G1 X-19.295 Y-.198 E.00323
G1 X-19.389 Y-.545 E.01729
G1 X-19.57 Y-.801 E.01508
G1 X-21.818 Y-3.073 E.15372
;WIDTH:0.487503
G1 X-21.976 Y-3.18 E.01007
;WIDTH:0.525006
G1 X-22.133 Y-3.287 E.01092
;WIDTH:0.56251
G1 X-22.29 Y-3.393 E.01177
G1 X-22.595 Y-3.419 E.01902
;WIDTH:0.551019
G1 X-23.659 Y-3.49 E.06472
;WIDTH:0.550554
G1 X-23.695 Y-3.982 E.02991
G1 X-23.415 Y-3.963 E.01702
;WIDTH:0.56251
G1 X-22.228 Y-3.885 E.07391
G1 X-21.969 Y-3.895 E.0161
;WIDTH:0.525006
G1 X-21.709 Y-3.904 E.01495
;WIDTH:0.487503
G1 X-21.45 Y-3.913 E.01368
;WIDTH:0.45
G1 X-19.879 Y-3.855 E.07561
G1 X-16.206 Y-3.898 E.17667
G1 X-14.346 Y-3.789 E.08961
G1 X-12.822 Y-3.772 E.0733
G1 X-13.068 Y-2.447 E.06482
G1 X-13.311 Y.015 E.11899
G1 X-13.165 Y2.32 E.11108
G1 X-13.128 Y2.529 E.01021
G1 X-12.812 Y3.611 E.05421
G1 X-12.799 Y3.663 E.00258
G1 X-14.207 Y3.655 E.06772
G1 X-15.968 Y3.609 E.08473
G1 X-17.891 Y3.643 E.0925
G1 X-19.813 Y3.607 E.09246
G1 X-22.465 Y3.683 E.1276
;WIDTH:0.449424
G1 X-23.673 Y3.766 E.05815
;WIDTH:0.429603
G1 X-23.641 Y3.409 E.01633
G1 X-23.493 Y3.393 E.00678
;WIDTH:0.452963
G1 X-22.429 Y3.291 E.0518
G1 X-21.899 Y3.005 E.02919
;WIDTH:0.45
G1 X-19.557 Y.541 E.1635
G1 X-19.365 Y.245 E.01697
G1 X-19.307 Y.046 E.00997
G1 X-19.301 Y-.071 E.00563
G1 X-19.69 Y-.13 F7800
G1 F3600
G1 X-19.735 Y-.376 E.01203
G1 X-19.845 Y-.53 E.0091
G1 X-22.092 Y-2.802 E.15369
G1 X-22.464 Y-2.972 E.01967
G1 X-24.062 Y-3.069 E.077
G1 X-24.109 Y-3.67 E.02899
G1 X-24.182 Y-4.275 E.02931
G1 X-24.171 Y-4.451 E.00848
G1 X-22.514 Y-4.338 E.07988
G1 X-19.912 Y-4.241 E.12523
G1 X-16.197 Y-4.284 E.17869
G1 X-14.295 Y-4.173 E.09164
G1 X-12.358 Y-4.153 E.09317
G1 X-12.685 Y-2.407 E.08544
G1 X-12.926 Y-.01 E.11587
G1 X-12.78 Y2.296 E.11113
G1 X-12.758 Y2.421 E.0061
G1 X-12.439 Y3.515 E.05481
G1 X-12.301 Y4.051 E.02662
G1 X-14.213 Y4.041 E.09196
G1 X-15.978 Y3.994 E.08492
G1 X-17.891 Y4.029 E.09202
G1 X-19.802 Y3.993 E.09193
G1 X-22.4 Y4.065 E.125
G1 X-23.964 Y4.166 E.07538
G1 X-24.041 Y3.86 E.01518
G1 X-24.047 Y3.696 E.00789
G1 X-23.983 Y3.065 E.0305
G1 X-22.538 Y2.916 E.06987
G1 X-22.179 Y2.739 E.01925
G1 X-19.836 Y.275 E.16353
G1 X-19.721 Y.098 E.01015
G1 X-19.68 Y-.071 E.00836
G1 X-20.073 Y-.129 F7800
;TYPE:External perimeter
G1 F1800
G1 X-20.119 Y-.259 E.00663
G1 X-22.367 Y-2.531 E.15372
G1 X-22.463 Y-2.584 E.00527
G1 X-23.636 Y-2.667 E.05656
G1 X-24.406 Y-2.696 E.03706
G1 X-24.539 Y-4.129 E.06922
G1 X-24.608 Y-4.176 E.00402
G1 X-24.477 Y-4.858 E.0334
G1 X-22.5 Y-4.724 E.0953
G1 X-19.898 Y-4.626 E.12524
G1 X-16.188 Y-4.67 E.17845
G1 X-14.291 Y-4.559 E.0914
G1 X-11.893 Y-4.534 E.11534
G1 X-12.301 Y-2.367 E.10606
G1 X-12.542 Y-.034 E.11281
G1 X-12.395 Y2.271 E.11109
G1 X-12.065 Y3.419 E.05745
G1 X-11.804 Y4.439 E.05064
G1 X-14.219 Y4.426 E.11615
G1 X-15.988 Y4.38 E.08511
G1 X-17.891 Y4.415 E.09154
G1 X-19.792 Y4.378 E.09145
G1 X-22.375 Y4.45 E.12428
G1 X-24.258 Y4.571 E.09075
G1 X-24.479 Y3.705 E.04299
G1 X-24.431 Y3.657 E.00326
G1 X-24.334 Y2.704 E.04607
G1 X-22.578 Y2.532 E.08486
G1 X-22.458 Y2.473 E.00643
G1 X-20.116 Y.01 E.16347
G1 X-20.078 Y-.073 E.00439
G1 X-20.285 Y-.415 F7800
G1 E-2 F2400
G1 X-21.704 Y-3.127 F7800
G1 E2 F2400
;TYPE:Bridge infill
;WIDTH:0.415393
;HEIGHT:0.4
M106 S255
G1 F3600
G1 X-21.818 Y-3.552 E.02479
G1 X-21.346 Y-3.587 E.02667
G1 X-21.149 Y-2.854 E.04277
G1 X-20.489 Y-2.186 E.05291
G1 X-20.859 Y-3.569 E.08066
G1 X-20.372 Y-3.551 E.02746
G1 X-19.722 Y-1.124 E.14156
M106 S214.2
G1 E-2 F2400
G1 X-21.557 Y2.817 F7800
G1 E2 F2400
M106 S255
G1 F3600
G1 X-21.42 Y3.329 E.02986
G1 X-20.942 Y3.316 E.02694
G1 X-21.12 Y2.651 E.03879
G1 X-20.744 Y2.256 E.03073
G1 X-20.463 Y3.304 E.06113
G1 X-19.985 Y3.291 E.02694
G1 X-20.368 Y1.86 E.08347
G1 X-19.992 Y1.465 E.03073
G1 X-19.503 Y3.291 E.10651
G1 X-19.019 Y3.3 E.02727
G1 X-19.616 Y1.07 E.13007
G1 X-19.243 Y.666 E.03098
G1 X-18.534 Y3.309 E.15418
G1 X-18.05 Y3.319 E.02728
G1 X-19.886 Y-3.535 E.39979
G1 X-19.406 Y-3.54 E.02705
G1 X-17.569 Y3.316 E.39992
G1 X-17.089 Y3.307 E.02705
G1 X-18.926 Y-3.546 E.39975
G1 X-18.445 Y-3.551 E.0271
G1 X-16.61 Y3.299 E.39956
G1 X-16.13 Y3.29 E.02705
G1 X-17.965 Y-3.557 E.3994
G1 X-17.485 Y-3.562 E.02705
G1 X-15.647 Y3.296 E.40004
G1 X-15.162 Y3.308 E.02733
G1 X-17.004 Y-3.568 E.40108
G1 X-16.524 Y-3.573 E.02705
G1 X-14.677 Y3.321 E.40213
G1 X-14.191 Y3.334 E.02739
G1 X-16.04 Y-3.567 E.40254
G1 X-15.551 Y-3.538 E.0276
G1 X-13.709 Y3.336 E.40097
G1 X-13.226 Y3.339 E.02721
G1 X-15.061 Y-3.509 E.39945
G1 X-14.572 Y-3.48 E.0276
G1 X-13.627 Y.045 E.20562
G1 X-13.635 Y-.072 E.00661
G1 X-13.508 Y-1.308 E.07001
G1 X-14.086 Y-3.465 E.12582
G1 X-13.603 Y-3.459 E.02722
G1 X-13.227 Y-2.059 E.08168
M106 S214.2
G1 E-10 F2400
T1
G1 X-21.688 Y-.109 F7800
G1 Z21.35
G1 E10 F2400
;TYPE:Perimeter
;WIDTH:0.45
;HEIGHT:0.3
G1 F900
G1 X-23.082 Y1.357 E.0973
G1 X-24.013 Y1.455 E.04503
G1 X-24.084 Y-1.462 E.14034
G1 X-22.962 Y-1.396 E.05406
G1 X-22.759 Y-1.192 E.01384
G1 X-21.73 Y-.152 E.07037
G1 X-21.151 Y-.114 F7800
G1 F900
G1 X-22.901 Y1.726 E.12213
G1 X-24.389 Y1.87 E.0719
G1 X-24.48 Y-1.863 E.1796
G1 X-23.678 Y-1.832 E.0386
G1 X-22.79 Y-1.771 E.04281
G1 X-22.485 Y-1.463 E.02085
G1 X-21.193 Y-.157 E.08836
G1 X-20.614 Y-.12 F7800
;TYPE:External perimeter
G1 F900
G1 X-22.719 Y2.095 E.14697
G1 X-23.972 Y2.226 E.06059
;WIDTH:0.450363
G1 X-24.582 Y2.271 E.02945
;WIDTH:0.460056
G1 X-24.692 Y2.309 E.00574
;WIDTH:0.467731
G1 X-24.768 Y2.443 E.00775
G1 X-24.769 Y2.101 E.01721
;WIDTH:0.450363
G1 X-24.784 Y1.501 E.02889
;WIDTH:0.45
G1 X-24.846 Y-1.063 E.12336
;WIDTH:0.477118
G1 X-24.849 Y-1.734 E.03454
;WIDTH:0.504237
G1 X-24.852 Y-2.404 E.03676
G1 X-24.747 Y-2.33 E.00705
;WIDTH:0.477118
G1 X-24.643 Y-2.255 E.0066
;WIDTH:0.45
G1 X-23.657 Y-2.217 E.04746
G1 X-22.618 Y-2.146 E.05009
G1 X-22.211 Y-1.734 E.02785
G1 X-20.656 Y-.162 E.10635
G1 X-20.886 Y.165 F7800
G1 E-2 F2400
G1 X-23.783 Y-.964 F7800
G1 E2 F2400
;TYPE:Solid infill
G1 F1200
G1 X-23.732 Y1.135 E.10098
G1 X-23.218 Y1.081 E.02486
G1 X-22.091 Y-.105 E.07869
G1 X-23.09 Y-1.115 E.06833
G1 X-23.788 Y-1.157 E.03363
G1 X-23.33 Y-.683 E.0317
;WIDTH:0.569621
G1 X-23.279 Y-.672 E.00329
G1 X-22.712 Y-.099 E.0508
G1 X-23.301 Y.521 E.05389
G1 X-23.326 Y-.49 E.06373
M106 S181.05
;LAYER_CHANGE
;Z:21.65
;HEIGHT:0.299999
G1 E-2 F2400
G1 Z21.65 F7800
G1 Z21.65
G1 X-24.497 Y4.387
G1 E2 F2400
;TYPE:External perimeter
;WIDTH:0.466299
G1 F900
G1 X-24.485 Y4.263 E.00625
G1 E-2 F2400
G1 X-24.574 Y-4.814 F7800
G1 E2 F2400
;WIDTH:0.465617
G1 F900
G1 X-24.55 Y-4.519 E.01481
G1 E-2 F2400
G1 X-21.224 Y-.107 F7800
G1 E2 F2400
;TYPE:Perimeter
;WIDTH:0.45
G1 F900
G1 X-22.932 Y1.646 E.11772
G1 X-23.52 Y2.211 E.03922
G1 X-23.506 Y1.566 E.03103
G1 X-23.611 Y-2.472 E.19428
G1 X-23.036 Y-1.933 E.03791
G1 X-21.267 Y-.149 E.12084
G1 X-20.679 Y-.114 F7800
G1 F900
G1 X-22.66 Y1.92 E.13656
G1 X-23.997 Y3.205 E.08919
G1 X-23.908 Y2.314 E.04307
G1 X-23.891 Y1.576 E.0355
G1 X-24.005 Y-2.669 E.20424
G1 X-24.096 Y-3.494 E.03992
G1 X-23.399 Y-2.802 E.04724
G1 X-22.767 Y-2.209 E.04168
G1 X-20.722 Y-.156 E.13937
G1 X-20.134 Y-.12 F7800
;TYPE:External perimeter
G1 F900
G1 X-22.388 Y2.194 E.15537
G1 X-23.117 Y2.894 E.04861
;WIDTH:0.460059
G1 X-24.422 Y4.141 E.08908
;WIDTH:0.466091
G1 X-24.485 Y4.263 E.00688
G1 X-24.473 Y4.116 E.00739
;WIDTH:0.460059
G1 X-24.295 Y2.32 E.08907
;WIDTH:0.45
G1 X-24.277 Y1.586 E.03531
G1 X-24.385 Y-2.594 E.20111
G1 X-24.454 Y-3.107 E.0249
;WIDTH:0.461046
G1 X-24.544 Y-4.405 E.06437
;WIDTH:0.465617
G1 X-24.55 Y-4.519 E.00571
G1 X-24.496 Y-4.427 E.00534
;WIDTH:0.461046
G1 X-23.569 Y-3.514 E.06437
;WIDTH:0.45
G1 X-22.498 Y-2.485 E.07143
G1 X-20.177 Y-.163 E.15791
G1 X-20.41 Y.162 F7800
G1 E-2 F2400
G1 X-23.304 Y-1.788 F7800
G1 E2 F2400
;TYPE:Solid infill
G1 F1200
G1 X-21.632 Y-.104 E.11414
G1 X-23.225 Y1.518 E.10934
G1 X-23.299 Y-1.595 E.14977
G1 X-22.842 Y-.707 F7800
;WIDTH:0.550147
G1 F1200
G1 X-22.244 Y-.102 E.05154
G1 X-22.814 Y.478 E.04927
G1 X-22.838 Y-.514 E.06012
G1 E-10 F2400
T0
G1 X23.698 Y4.025 F7800
G1 Z21.65
G1 E10 F2400
;TYPE:Perimeter
;WIDTH:0.45
G1 F900
G1 X23.696 Y4.034 E.00044
G1 X22.502 Y3.936 E.05762
G1 X19.668 Y3.805 E.13645
G1 X16.305 Y3.774 E.16176
G1 X15.71 Y3.81 E.02867
G1 X12.188 Y3.786 E.1694
G1 X12.548 Y2.687 E.05562
G1 X12.614 Y2.359 E.01609
G1 X12.646 Y1.181 E.05668
G1 X12.633 Y.038 E.05498
G1 X12.587 Y-1.032 E.05151
G1 X12.592 Y-2.156 E.05406
G1 X12.559 Y-2.412 E.01241
G1 X12.242 Y-3.586 E.05849
G1 X15.662 Y-3.63 E.1645
G1 X16.246 Y-3.599 E.02813
G1 X19.576 Y-3.615 E.16016
G1 X22.398 Y-3.727 E.13584
G1 X23.531 Y-3.799 E.0546
G1 X23.911 Y-2.224 E.07793
G1 X23.853 Y-1.891 E.01626
G1 X23.891 Y.113 E.0964
G1 X23.898 Y2.489 E.11428
G1 X23.903 Y2.583 E.00453
G1 X23.962 Y2.668 E.00498
G1 X23.709 Y3.966 E.0636
G1 X24.012 Y4.43 F7800
G1 F3600
G1 X24.011 Y4.436 E.00029
G1 X23.282 Y4.399 E.03511
G1 X22.484 Y4.321 E.03856
G1 X19.664 Y4.191 E.13578
G1 X16.302 Y4.159 E.16171
G1 X15.722 Y4.195 E.02795
G1 X11.658 Y4.164 E.19547
G1 X12.182 Y2.567 E.08084
G1 X12.228 Y2.348 E.01076
G1 X12.26 Y1.17 E.05668
G1 X12.248 Y.054 E.05368
G1 X12.202 Y-1.024 E.0519
G1 X12.206 Y-2.158 E.05454
G1 X12.186 Y-2.311 E.00742
G1 X11.74 Y-3.965 E.08239
G1 X15.671 Y-4.016 E.18908
G1 X16.244 Y-3.984 E.0276
G1 X19.574 Y-4 E.16016
G1 X22.367 Y-4.111 E.13444
G1 X23.106 Y-4.171 E.03566
G1 X23.834 Y-4.196 E.03503
G1 X24.307 Y-2.24 E.09679
G1 X24.238 Y-1.898 E.01678
G1 X24.276 Y.108 E.0965
G1 X24.284 Y2.488 E.11447
G1 X24.362 Y2.631 E.00783
G1 X24.023 Y4.371 E.08526
G1 X24.326 Y4.835 F7800
;TYPE:External perimeter
G1 F1800
G1 X24.325 Y4.837 E.00011
G1 X23.301 Y4.786 E.04931
G1 X22.466 Y4.707 E.04034
G1 X19.663 Y4.576 E.13496
G1 X16.298 Y4.545 E.16185
G1 X15.733 Y4.581 E.02723
G1 X13.342 Y4.574 E.115
G1 X11.129 Y4.542 E.10645
G1 X11.843 Y2.338 E.11143
G1 X11.875 Y1.16 E.05668
G1 X11.862 Y.071 E.05238
G1 X11.816 Y-1.017 E.05238
G1 X11.821 Y-2.16 E.05497
G1 X11.238 Y-4.344 E.10872
G1 X15.68 Y-4.402 E.21366
G1 X16.243 Y-4.37 E.02712
G1 X19.576 Y-4.386 E.16031
G1 X22.336 Y-4.496 E.13285
G1 X23.084 Y-4.556 E.03609
G1 X24.137 Y-4.592 E.05068
G1 X24.69 Y-2.289 E.11391
G1 X24.721 Y-2.045 E.01183
G1 X24.642 Y-1.992 E.00458
G1 X24.624 Y-1.905 E.00427
G1 X24.662 Y.104 E.09664
G1 X24.669 Y2.486 E.11457
G1 X24.762 Y2.594 E.00685
G1 X24.337 Y4.776 E.10692
G1 X23.939 Y4.816 F7800
G1 E-2 F2400
G1 X23.042 Y.544 F7800
G1 E2 F2400
;TYPE:Internal infill
;WIDTH:0.45
G1 F4800
G1 X23.042 Y2.061 E.07296
G1 X22.943 Y2.211 E.00864
G1 X22.974 Y2.827 E.02966
G1 X21.524 Y3.215 E.07219
G1 X19.492 Y3.132 E.09781
G1 X13.886 Y-2.475 E.38135
G1 X14.017 Y-.762 E.08263
G1 X22.9 Y-3.142 E.44231
G1 X22.897 Y-2.025 E.05372
G1 X22.994 Y-1.887 E.00811
G1 X23.003 Y-1.538 E.01679
G1 X21.525 Y-3.016 E.10053
G1 X23.269 Y-3.451 F7800
;TYPE:Solid infill
;WIDTH:0.546017
G1 F1200
G1 X23.371 Y-3.019 E.02666
G1 X23.347 Y-2.828 E.01156
;WIDTH:0.515628
G1 X23.309 Y-2.523 E.0173
;WIDTH:0.467182
G1 X23.271 Y-2.218 E.01544
;WIDTH:0.418737
G1 X23.3 Y-2.047 E.00767
;WIDTH:0.38373
G1 X23.33 Y-1.876 E.00692
;WIDTH:0.348723
G1 X23.375 Y.123 E.07091
;WIDTH:0.347331
G1 X23.376 Y2.094 E.06956
;WIDTH:0.396287
G1 X23.304 Y2.489 E.01662
;WIDTH:0.445553
G1 X23.385 Y2.997 E.02446
;WIDTH:0.49482
G1 X23.467 Y3.505 E.02763
;WIDTH:0.502289
G1 X23.472 Y3.535 E.00166
G1 X23.571 Y3.156 E.02139
;WIDTH:0.453649
G1 X23.669 Y2.778 E.01896
;WIDTH:0.40501
G1 X23.65 Y2.242 E.02279
;WIDTH:0.366969
G1 X23.659 Y2.094 E.0056
;WIDTH:0.347331
G1 X23.654 Y.119 E.0697
;WIDTH:0.34385
G1 X23.654 Y.114 E.00017
;WIDTH:0.348723
G1 X23.614 Y-1.882 E.0708
;WIDTH:0.38373
G1 X23.617 Y-2.067 E.00737
;WIDTH:0.418737
G1 X23.62 Y-2.251 E.00813
;WIDTH:0.461163
G1 X23.537 Y-2.507 E.01332
;WIDTH:0.50359
G1 X23.454 Y-2.763 E.01474
;WIDTH:0.546017
G1 X23.371 Y-3.019 E.01617
G1 E-2 F2400
G1 X23.472 Y3.535 F7800
G1 E2 F2400
;WIDTH:0.502289
G1 F1200
G1 X23.441 Y3.704 E.00938
G1 E-2 F2400
G1 X14.819 Y3.129 F7800
G1 E2 F2400
;TYPE:Internal infill
;WIDTH:0.45
G1 F4800
G1 X17.131 Y3.112 E.1112
G1 X18.752 Y-2.938 E.30125
G1 X16.438 Y-2.927 E.1113
G1 E-2 F2400
G1 X13.207 Y-3.271 F7800
G1 E2 F2400
;TYPE:Solid infill
;WIDTH:0.552911
G1 F1200
G1 X13.121 Y-3.256 E.00532
;WIDTH:0.579609
G1 X12.702 Y-3.238 E.02695
G1 X12.895 Y-2.509 E.04846
;WIDTH:0.592103
G1 X12.952 Y-2.119 E.02594
;WIDTH:0.625449
G1 X12.965 Y-1.032 E.07607
;WIDTH:0.63407
G1 X13.015 Y.057 E.07746
G1 X13.013 Y1.138 E.07681
;WIDTH:0.606862
G1 X13.013 Y1.148 E.00068
;WIDTH:0.606444
G1 X12.977 Y2.276 E.0763
;WIDTH:0.593836
G1 X12.879 Y2.819 E.03644
;WIDTH:0.582359
G1 X12.677 Y3.435 E.04188
G1 X12.977 Y3.455 E.01942
;WIDTH:0.547019
G1 X13.277 Y3.475 E.0181
;WIDTH:0.511679
G1 X13.367 Y3.45 E.00521
;WIDTH:0.546842
G1 X13.327 Y3.342 E.00693
;WIDTH:0.582006
G1 X13.288 Y3.234 E.00741
G1 X13.474 Y2.496 E.04914
;WIDTH:0.593836
G1 X13.506 Y2.296 E.01338
;WIDTH:0.606444
G1 X13.555 Y1.169 E.07627
;WIDTH:0.636375
G1 X13.584 Y.028 E.08143
;WIDTH:0.63407
G1 X13.525 Y-1.061 E.07749
;WIDTH:0.625449
G1 X13.479 Y-2.133 E.07509
;WIDTH:0.592103
G1 X13.388 Y-2.634 E.03352
;WIDTH:0.579609
G1 X13.284 Y-3.061 E.02824
G1 X13.34 Y-3.166 E.00765
;WIDTH:0.534964
G1 X13.396 Y-3.271 E.00698
;WIDTH:0.49032
G1 X13.449 Y-3.282 E.00288
;WIDTH:0.452683
G1 X13.502 Y-3.293 E.00262
;WIDTH:0.415047
G1 X13.532 Y-3.294 E.00131
;WIDTH:0.412407
G1 X15.65 Y-3.321 E.09195
;WIDTH:0.411307
G1 X15.662 Y-3.321 E.00052
;WIDTH:0.447201
G1 X16.251 Y-3.311 E.02813
;WIDTH:0.449821
G1 X19.929 Y-3.334 E.17682
;WIDTH:0.440011
G1 X21.73 Y-3.4 E.08443
G1 E-2 F2400
G1 X21.795 Y3.604 F7800
G1 E2 F2400
;WIDTH:0.439297
G1 F1200
G1 X20.049 Y3.528 E.08172
;WIDTH:0.449627
G1 X16.307 Y3.487 E.17981
;WIDTH:0.450037
G1 X15.695 Y3.503 E.02945
;WIDTH:0.414477
G1 X13.533 Y3.487 E.09441
;WIDTH:0.412043
G1 X13.502 Y3.485 E.00135
G1 E-2 F2400
G1 X-18.816 Y-.14 F7800
G1 E2 F2400
;TYPE:Perimeter
;WIDTH:0.45
G1 F900
G1 X-18.876 Y-.484 E.01679
G1 X-19.097 Y-.815 E.01914
G1 X-19.932 Y-1.63 E.05612
G1 X-21.633 Y-3.348 E.11628
G1 X-22.241 Y-3.919 E.04012
G1 X-20.032 Y-3.844 E.10631
G1 X-16.51 Y-3.896 E.16941
G1 X-14.342 Y-3.761 E.10448
G1 X-13.337 Y-3.747 E.04834
G1 X-13.583 Y-2.434 E.06425
G1 X-13.756 Y-.769 E.08051
G1 X-13.797 Y-.04 E.03512
G1 X-13.789 Y.587 E.03016
G1 X-13.646 Y2.503 E.09241
G1 X-13.317 Y3.631 E.05651
G1 X-15.845 Y3.588 E.12161
G1 X-16.429 Y3.626 E.02815
G1 X-17.921 Y3.65 E.07177
G1 X-20.341 Y3.598 E.11642
G1 X-22.136 Y3.645 E.08636
G1 X-21.516 Y3.049 E.04136
G1 X-19.08 Y.548 E.16792
G1 X-18.871 Y.221 E.01867
G1 X-18.81 Y-.081 E.01482
G1 X-19.212 Y-.132 F7800
G1 F900
G1 X-19.214 Y-.28 E.00712
G1 X-19.367 Y-.539 E.01447
G1 X-20.204 Y-1.356 E.05626
G1 X-21.907 Y-3.077 E.11645
G1 X-22.557 Y-3.686 E.04284
G1 X-23.234 Y-4.359 E.04591
G1 X-22.603 Y-4.317 E.03042
G1 X-20.066 Y-4.23 E.12209
G1 X-16.501 Y-4.282 E.17148
G1 X-14.337 Y-4.146 E.10429
G1 X-12.872 Y-4.127 E.07047
G1 X-13.2 Y-2.394 E.08483
G1 X-13.371 Y-.746 E.07969
G1 X-13.412 Y-.045 E.03377
G1 X-13.404 Y.563 E.02925
G1 X-13.276 Y2.395 E.08833
G1 X-12.802 Y4.018 E.08132
G1 X-14.248 Y4.012 E.06955
G1 X-15.821 Y3.973 E.07568
G1 X-16.413 Y4.011 E.02853
G1 X-17.922 Y4.036 E.07259
G1 X-20.378 Y3.983 E.11815
G1 X-22.474 Y4.039 E.10085
G1 X-23.147 Y4.081 E.03243
G1 X-21.793 Y2.78 E.09031
G1 X-19.356 Y.279 E.16795
G1 X-19.21 Y.018 E.01438
G1 X-19.211 Y-.072 E.00433
G1 X-19.584 Y-.133 F7800
;TYPE:External perimeter
G1 F1800
G1 X-19.636 Y-.263 E.00673
G1 X-20.475 Y-1.082 E.05639
G1 X-22.181 Y-2.805 E.11662
G1 X-22.824 Y-3.409 E.04243
G1 X-24.085 Y-4.661 E.08547
G1 X-24.116 Y-4.806 E.00713
G1 X-22.59 Y-4.702 E.07357
G1 X-20.053 Y-4.616 E.12209
G1 X-16.492 Y-4.668 E.17129
G1 X-14.331 Y-4.532 E.10414
G1 X-12.408 Y-4.506 E.0925
G1 X-12.816 Y-2.354 E.10535
G1 X-12.986 Y-.723 E.07887
G1 X-13.026 Y-.049 E.03247
G1 X-13.019 Y.539 E.02828
G1 X-12.905 Y2.287 E.08425
G1 X-12.428 Y3.924 E.08201
G1 X-12.304 Y4.406 E.02394
G1 X-14.253 Y4.398 E.09374
G1 X-15.796 Y4.358 E.07424
G1 X-16.398 Y4.397 E.02901
G1 X-17.923 Y4.422 E.07336
G1 X-20.367 Y4.369 E.11758
G1 X-22.464 Y4.425 E.10089
G1 X-24.051 Y4.525 E.07648
G1 X-24.039 Y4.403 E.0059
G1 X-22.069 Y2.511 E.13137
G1 X-19.633 Y.009 E.16795
G1 X-19.596 Y-.077 E.0045
G1 X-19.806 Y-.418 F7800
G1 E-2 F2400
G1 X-20.026 Y-3.555 F7800
G1 E2 F2400
;TYPE:Solid infill
G1 F1200
G1 X-16.525 Y-3.607 E.1684
G1 X-16.05 Y-3.578 E.02289
G1 X-18.776 Y-.852 E.18542
G1 X-18.898 Y-1.025 E.01018
G1 X-21.493 Y-3.604 E.17597
G1 X-20.218 Y-3.561 E.06136
G1 X-20.213 Y-3.176 E.01852
G1 X-20.525 Y-3.186 E.01501
G1 X-18.751 Y-1.422 E.12033
G1 X-16.958 Y-3.215 E.12196
G1 X-20.02 Y-3.17 E.14729
G1 X-18.095 Y-2.812 F7800
G1 F1200
G1 X-19.581 Y-2.79 E.07148
G1 X-18.752 Y-1.966 E.05622
G1 X-17.903 Y-2.815 E.05775
G1 E-2 F2400
G1 X-18.579 Y-.502 F7800
G1 E2 F2400
G1 F1200
G1 X-15.537 Y-3.545 E.20695
G1 X-15.024 Y-3.513 E.02472
G1 X-18.527 Y-.01 E.23827
G1 X-18.634 Y.252 E.01361
;WIDTH:0.404381
G1 X-18.705 Y.233 E.00312
G1 X-18.686 Y.304 E.00312
G1 X-18.645 Y.293 E.0018
G1 E-2 F2400
G1 X-21.606 Y3.466 F7800
G1 E2 F2400
G1 F1200
G1 X-21.647 Y3.477 E.0018
G1 X-21.666 Y3.406 E.00312
G1 X-21.595 Y3.425 E.00312
;WIDTH:0.45
G1 X-21.325 Y3.334 E.0137
G1 X-14.511 Y-3.481 E.46351
G1 X-13.978 Y-3.467 E.02564
G1 X-20.765 Y3.32 E.46164
G1 X-20.212 Y3.311 E.0266
G1 X-13.742 Y-3.159 E.44008
G1 X-13.583 Y-3.492 E.01775
;WIDTH:0.404381
G1 X-13.624 Y-3.481 E.0018
G1 X-13.643 Y-3.552 E.00312
G1 X-13.572 Y-3.533 E.00312
G1 X-13.867 Y-2.488 F7800
;WIDTH:0.45
G1 F1200
G1 X-19.678 Y3.323 E.39526
G1 X-19.144 Y3.335 E.02569
G1 X-13.932 Y-1.878 E.35455
G1 X-13.995 Y-1.269 E.02945
G1 X-18.611 Y3.346 E.31394
G1 X-18.077 Y3.358 E.02569
G1 X-14.05 Y-.669 E.27391
G1 X-14.084 Y-.09 E.0279
G1 X-17.528 Y3.355 E.23429
G1 X-16.974 Y3.346 E.02665
G1 X-14.08 Y.451 E.19688
G1 X-14.055 Y.971 E.02504
G1 X-16.419 Y3.336 E.16083
G1 X-15.84 Y3.302 E.0279
G1 X-14.023 Y1.485 E.12359
G1 X-13.991 Y1.998 E.02472
G1 X-13.922 Y2.59 E.02867
G1 X-13.703 Y3.338 E.03749
G1 X-15.299 Y3.306 E.07678
G1 X-14.127 Y2.135 E.07968
G1 X-14.223 Y2.881 E.03618
;WIDTH:0.538963
G1 X-14.265 Y2.839 E.00352
G1 X-14.322 Y2.854 E.00349
G1 X-14.338 Y2.912 E.00356
G1 X-14.296 Y2.954 E.00352
G1 X-14.238 Y2.938 E.00356
M106 S178.5
;LAYER_CHANGE
;Z:21.95
;HEIGHT:0.300001
G1 E-2 F2400
G1 Z21.95 F7800
G1 Z21.95
G1 X19.166 Y.091
G1 E2 F2400
;TYPE:Perimeter
;WIDTH:0.45
G1 F900
G1 X19.163 Y.106 E.00074
G1 X19.254 Y.505 E.01968
G1 X19.432 Y.764 E.01512
G1 X21.835 Y3.259 E.16661
G1 X22.501 Y3.913 E.04489
G1 X20.042 Y3.811 E.11837
G1 X12.703 Y3.748 E.35299
G1 X13.081 Y2.616 E.0574
G1 X13.131 Y2.336 E.01368
G1 X13.177 Y.592 E.08391
G1 X13.17 Y.04 E.02655
G1 X13.065 Y-2.385 E.11674
G1 X12.746 Y-3.554 E.05828
G1 X16.053 Y-3.601 E.15907
G1 X19.924 Y-3.618 E.18618
G1 X22.424 Y-3.704 E.12031
G1 X21.773 Y-3.046 E.04452
G1 X19.426 Y-.568 E.16416
G1 X19.252 Y-.311 E.01493
G1 X19.178 Y.033 E.01692
G1 X19.555 Y.098 F7800
G1 F3600
G1 X19.603 Y.341 E.01191
G1 X19.71 Y.496 E.00906
G1 X22.113 Y2.991 E.16661
G1 X23.008 Y3.87 E.06034
G1 X23.299 Y4.014 E.01562
;WIDTH:0.430935
G1 X23.392 Y4.023 E.00427
;WIDTH:0.429391
G1 X23.988 Y4.046 E.02715
G1 X24.031 Y4.416 E.01696
G1 X23.815 Y4.405 E.00985
;WIDTH:0.430935
G1 X23.244 Y4.376 E.02614
;WIDTH:0.45
G1 X22.573 Y4.302 E.03247
G1 X20.038 Y4.197 E.12203
G1 X12.169 Y4.13 E.37849
G1 X12.716 Y2.493 E.08301
G1 X12.745 Y2.326 E.00815
G1 X12.792 Y.597 E.08319
G1 X12.693 Y-2.283 E.1386
G1 X12.242 Y-3.932 E.08222
G1 X16.049 Y-3.986 E.18312
G1 X19.922 Y-4.003 E.18628
G1 X22.505 Y-4.095 E.12431
;WIDTH:0.488435
G1 X23.857 Y-4.154 E.07158
;WIDTH:0.47682
G1 X23.828 Y-3.749 E.02089
G1 X23.651 Y-3.735 E.00913
;WIDTH:0.495455
G1 X23.036 Y-3.686 E.03317
G1 X22.716 Y-3.451 E.02135
;WIDTH:0.45
G1 X22.053 Y-2.781 E.04534
G1 X19.707 Y-.303 E.16412
G1 X19.602 Y-.149 E.00896
G1 X19.556 Y.039 E.00931
G1 X19.939 Y.1 F7800
;TYPE:External perimeter
G1 F1800
G1 X19.988 Y.229 E.00664
G1 X22.39 Y2.724 E.16657
G1 X23.278 Y3.594 E.05979
G1 X23.403 Y3.649 E.00657
G1 X24.323 Y3.683 E.04428
G1 X24.479 Y4.814 E.05491
G1 X23.207 Y4.75 E.06126
G1 X22.557 Y4.687 E.03141
G1 X20.035 Y4.583 E.1214
G1 X11.635 Y4.511 E.40403
G1 X12.35 Y2.371 E.10852
G1 X12.406 Y.601 E.08517
G1 X12.321 Y-2.182 E.13392
G1 X11.739 Y-4.311 E.10615
G1 X16.046 Y-4.372 E.20717
G1 X19.92 Y-4.389 E.18633
G1 X22.432 Y-4.476 E.12089
G1 X23.048 Y-4.525 E.02972
G1 X24.285 Y-4.558 E.05952
G1 X24.202 Y-3.378 E.05689
G1 X23.172 Y-3.296 E.0497
G1 X22.99 Y-3.179 E.01041
G1 X22.333 Y-2.515 E.04493
G1 X19.987 Y-.038 E.16409
G1 X19.952 Y.045 E.00433
G1 X20.153 Y.39 F7800
G1 E-2 F2400
G1 X15.571 Y3.654 F7800
G1 E2 F2400
;TYPE:Bridge infill
;WIDTH:0.421233
;HEIGHT:0.4
M106 S255
G1 F3600
G1 X13.278 Y3.04 E.13753
G1 X13.389 Y2.708 E.02028
G1 X13.411 Y2.587 E.00713
G1 X16.671 Y3.461 E.19555
G1 X18.552 Y3.477 E.10899
G1 X13.458 Y2.112 E.30555
G1 X13.471 Y1.628 E.02805
G1 X20.488 Y3.508 E.42089
G1 X21.692 Y3.558 E.06982
G1 X21.411 Y3.267 E.02344
G1 X13.484 Y1.144 E.47547
G1 X13.497 Y.659 E.02811
G1 X20.772 Y2.609 E.43638
G1 X20.134 Y1.95 E.05314
G1 X13.493 Y.17 E.39835
G1 X13.477 Y-.322 E.02852
G1 X19.495 Y1.291 E.36098
G1 X19.193 Y.979 E.02516
G1 X18.976 Y.664 E.02216
G1 X13.456 Y-.815 E.3311
G1 X13.435 Y-1.309 E.02865
G1 X18.844 Y.14 E.32444
G1 X18.858 Y-.121 E.01514
G1 X18.922 Y-.326 E.01244
G1 X13.419 Y-1.801 E.33009
G1 X13.421 Y-2.134 E.01929
G1 X13.399 Y-2.294 E.00936
G1 X19.164 Y-.749 E.3458
G1 X19.526 Y-1.14 E.03087
G1 X13.281 Y-2.814 E.3746
G1 X13.165 Y-3.238 E.02547
G1 X13.499 Y-3.243 E.01935
G1 X19.895 Y-1.529 E.38365
G1 X20.263 Y-1.919 E.03107
G1 X15.229 Y-3.268 E.30195
G1 X16.991 Y-3.283 E.10209
G1 X20.632 Y-2.308 E.21839
G1 X21 Y-2.697 E.03103
G1 X18.782 Y-3.291 E.13304
G1 X20.509 Y-3.316 E.10007
G1 X21.591 Y-3.026 E.0649
M106 S178.5
G1 E-2 F2400
G1 X-18.286 Y-.125 F7800
G1 E2 F2400
;TYPE:Perimeter
;WIDTH:0.45
;HEIGHT:0.3
G1 F900
G1 X-18.283 Y-.153 E.00135
G1 X-18.387 Y-.557 E.02006
G1 X-18.587 Y-.823 E.01601
G1 X-19.577 Y-1.752 E.0653
G1 X-21.159 Y-3.328 E.1074
G1 X-21.756 Y-3.879 E.03907
G1 X-20.158 Y-3.834 E.07689
G1 X-19.328 Y-3.866 E.03995
G1 X-16.812 Y-3.895 E.12102
G1 X-14.386 Y-3.734 E.11694
G1 X-13.842 Y-3.724 E.02617
G1 X-14.038 Y-2.369 E.06585
G1 X-14.171 Y-.036 E.11239
G1 X-14.155 Y1.339 E.06614
G1 X-14.118 Y2.436 E.05279
G1 X-13.834 Y3.599 E.05758
G1 X-15.635 Y3.566 E.08664
G1 X-16.747 Y3.638 E.0536
G1 X-17.954 Y3.658 E.05806
G1 X-19.248 Y3.633 E.06225
G1 X-20.11 Y3.589 E.04151
G1 X-21.669 Y3.605 E.07499
G1 X-21.051 Y3.017 E.04103
G1 X-18.464 Y.444 E.17549
G1 X-18.315 Y.129 E.01676
G1 X-18.293 Y-.065 E.00939
G1 X-18.675 Y-.13 F7800
G1 F900
G1 X-18.731 Y-.382 E.01242
G1 X-18.851 Y-.542 E.00962
G1 X-19.846 Y-1.475 E.0656
G1 X-21.42 Y-3.045 E.10693
G1 X-22.775 Y-4.31 E.08916
G1 X-21.127 Y-4.237 E.07934
G1 X-20.173 Y-4.219 E.04589
G1 X-19.338 Y-4.251 E.04019
G1 X-16.801 Y-4.281 E.12203
G1 X-14.379 Y-4.12 E.11675
G1 X-13.386 Y-4.102 E.04777
G1 X-13.429 Y-3.879 E.01092
G1 X-13.653 Y-2.347 E.07447
G1 X-13.785 Y-.04 E.11114
G1 X-13.77 Y1.335 E.06614
G1 X-13.743 Y2.344 E.04855
G1 X-13.324 Y3.986 E.08151
G1 X-15.611 Y3.951 E.11001
G1 X-16.731 Y4.023 E.05398
G1 X-17.954 Y4.043 E.05883
G1 X-19.256 Y4.018 E.06263
G1 X-20.111 Y3.975 E.04117
G1 X-20.99 Y3.973 E.04228
G1 X-22.665 Y4.021 E.08059
G1 X-21.322 Y2.743 E.08917
G1 X-19.304 Y.749 E.13645
G1 X-18.734 Y.148 E.03984
G1 X-18.676 Y-.072 E.01094
G1 X-19.06 Y-.127 F7800
;TYPE:External perimeter
G1 F1800
G1 X-19.115 Y-.261 E.00697
G1 X-20.114 Y-1.198 E.06588
G1 X-21.681 Y-2.761 E.10645
G1 X-22.817 Y-3.807 E.07427
G1 X-23.617 Y-4.602 E.05425
G1 X-23.647 Y-4.747 E.00712
G1 X-21.11 Y-4.623 E.12217
G1 X-20.187 Y-4.605 E.0444
G1 X-19.347 Y-4.637 E.04043
G1 X-16.791 Y-4.667 E.12294
G1 X-14.372 Y-4.505 E.11661
G1 X-12.922 Y-4.479 E.06975
G1 X-13.05 Y-3.806 E.03295
G1 X-13.268 Y-2.325 E.072
G1 X-13.4 Y-.045 E.10984
G1 X-13.368 Y2.253 E.11054
G1 X-13.08 Y3.436 E.05856
G1 X-12.813 Y4.373 E.04686
G1 X-14.288 Y4.369 E.07094
G1 X-15.586 Y4.336 E.06245
G1 X-16.716 Y4.409 E.05446
G1 X-17.955 Y4.429 E.0596
G1 X-19.263 Y4.404 E.06292
G1 X-20.112 Y4.36 E.04089
G1 X-20.98 Y4.358 E.04175
G1 X-22.559 Y4.4 E.07597
G1 X-23.575 Y4.464 E.04896
G1 X-23.563 Y4.343 E.00585
G1 X-21.596 Y2.471 E.1306
G1 X-19.111 Y.017 E.16798
G1 X-19.072 Y-.072 E.00467
G1 X-19.285 Y-.41 F7800
G1 E-2 F2400
G1 X-20.937 Y3.302 F7800
G1 E2 F2400
;TYPE:Solid infill
G1 F1200
G1 X-18.369 Y.775 E.17328
G1 X-18.204 Y.556 E.01319
G1 X-15.482 Y3.277 E.18511
G1 X-16.758 Y3.349 E.06147
G1 X-17.954 Y3.369 E.05753
G1 X-19.243 Y3.344 E.06201
G1 X-20.112 Y3.3 E.04185
G1 X-20.744 Y3.301 E.0304
G1 X-19.998 Y2.919 F7800
G1 F1200
G1 X-18.177 Y1.127 E.12288
G1 X-16.366 Y2.939 E.12322
G1 X-16.773 Y2.963 E.01961
G1 X-17.953 Y2.983 E.05676
G1 X-19.241 Y2.958 E.06196
G1 X-19.806 Y2.929 E.02721
G1 X-19.099 Y2.575 F7800
G1 F1200
G1 X-18.18 Y1.67 E.06203
G1 X-17.264 Y2.586 E.06231
G1 X-17.952 Y2.597 E.03309
G1 X-18.906 Y2.579 E.04589
G1 E-2 F2400
G1 X-18.032 Y.181 F7800
G1 E2 F2400
G1 F1200
G1 X-14.924 Y3.29 E.21144
G1 X-14.077 Y3.354 F7800
;WIDTH:0.404381
G1 F1200
G1 X-14.066 Y3.395 E.0018
G1 X-14.137 Y3.414 E.00312
G1 X-14.118 Y3.343 E.00312
;WIDTH:0.45
G1 X-14.366 Y3.303 E.01208
G1 X-18.021 Y-.353 E.24864
G1 X-18.197 Y-.625 E.01558
;WIDTH:0.404381
G1 X-18.468 Y-.956 E.01814
G1 X-21.028 Y-3.476 E.15233
G1 X-21.096 Y-3.603 E.00611
;WIDTH:0.45
G1 X-20.678 Y-3.554 E.02024
G1 X-14.328 Y2.795 E.43189
G1 X-14.435 Y2.143 E.03178
G1 X-20.125 Y-3.548 E.38706
G1 X-19.599 Y-3.567 E.02532
G1 X-14.442 Y1.591 E.35081
G1 X-14.448 Y1.039 E.02655
G1 X-19.066 Y-3.579 E.31411
G1 X-18.526 Y-3.584 E.02597
G1 X-14.454 Y.488 E.27697
G1 X-14.459 Y-.062 E.02645
G1 X-17.986 Y-3.589 E.2399
G1 X-17.446 Y-3.595 E.02597
G1 X-14.429 Y-.578 E.20521
G1 X-14.4 Y-1.094 E.02486
G1 X-16.905 Y-3.6 E.17042
G1 X-16.334 Y-3.574 E.02749
G1 X-14.371 Y-1.61 E.13355
G1 E-2 F2400
G1 X-15.613 Y-3.398 F7800
G1 E2 F2400
G1 F1200
G1 X-14.341 Y-2.126 E.08652
G1 X-14.175 Y-3.442 E.0638
G1 X-15.749 Y-3.534 E.07583
G1 X-14.673 Y-3.095 F7800
;WIDTH:0.521239
G1 F1200
G1 X-14.714 Y-3.054 E.0033
G1 X-14.699 Y-2.999 E.00325
G1 X-14.644 Y-2.984 E.00325
G1 X-14.604 Y-3.025 E.00326
G1 X-14.618 Y-3.08 E.00323
G1 E-10 F2400
T1
G1 X21.551 Y.091 F7800
G1 Z21.95
G1 E10 F2400
;TYPE:Perimeter
;WIDTH:0.45
G1 F900
G1 X21.549 Y.089 E.00014
G1 X23.649 Y-2.109 E.14621
G1 X23.845 Y-2.125 E.00946
G1 X23.891 Y.113 E.10766
G1 X23.898 Y2.446 E.11221
G1 X23.849 Y2.444 E.00236
G1 X23.26 Y1.866 E.03969
G1 X21.592 Y.134 E.11565
G1 X21.017 Y.093 F7800
G1 F900
G1 X21.015 Y.091 E.00014
G1 X22.935 Y-1.936 E.13428
G1 X23.476 Y-2.482 E.03697
G1 X24.238 Y-2.543 E.03677
G1 X24.227 Y-2.34 E.00978
G1 X24.276 Y.109 E.11781
G1 X24.281 Y1.602 E.07181
G1 X24.315 Y2.847 E.0599
G1 X23.685 Y2.824 E.03032
G1 X22.986 Y2.137 E.04714
G1 X21.058 Y.136 E.13365
G1 X20.482 Y.094 F7800
;TYPE:External perimeter
G1 F900
G1 X22.658 Y-2.204 E.15221
G1 X23.302 Y-2.855 E.04404
G1 X23.638 Y-2.882 E.01621
;WIDTH:0.453704
G1 X24.459 Y-2.946 E.03999
;WIDTH:0.483719
G1 X24.647 Y-3.089 E.01235
G1 X24.612 Y-2.347 E.03885
;WIDTH:0.45
G1 X24.662 Y.104 E.11791
G1 X24.67 Y2.556 E.11793
;WIDTH:0.45109
G1 X24.727 Y3.06 E.02446
;WIDTH:0.474969
G1 X24.757 Y3.41 E.01799
G1 X24.56 Y3.241 E.01329
;WIDTH:0.45109
G1 X24.075 Y3.224 E.02341
;WIDTH:0.45
G1 X23.522 Y3.203 E.02662
G1 X22.712 Y2.409 E.05455
G1 X20.524 Y.137 E.15171
G1 X20.753 Y-.191 F7800
G1 X21.949 Y.087
;TYPE:Solid infill
G1 F1200
G1 X23.566 Y-1.608 E.11267
G1 X23.601 Y.117 E.08298
G1 X23.607 Y1.793 E.08061
G1 X22.083 Y.226 E.10513
G1 X22.563 Y.084 E.02408
;WIDTH:0.563124
G1 X23.146 Y-.527 E.05253
G1 X23.161 Y.7 E.07633
G1 X22.697 Y.223 E.0414
G1 E-2 F2400
G1 X-24.036 Y4.467 F7800
G1 E2 F2400
;TYPE:External perimeter
;WIDTH:0.466979
G1 F900
G1 X-24.009 Y4.202 E.01338
G1 E-2 F2400
G1 X-24.106 Y-4.755 F7800
G1 E2 F2400
;WIDTH:0.465633
G1 F900
G1 X-24.082 Y-4.46 E.01481
G1 E-2 F2400
G1 X-20.733 Y-.105 F7800
G1 E2 F2400
;TYPE:Perimeter
;WIDTH:0.45
G1 F900
G1 X-20.73 Y-.101 E.00024
G1 X-23.047 Y2.166 E.15591
G1 X-23.017 Y.873 E.06221
G1 X-23.11 Y-2.417 E.1583
G1 X-22.524 Y-1.877 E.03833
G1 X-20.776 Y-.147 E.11829
G1 X-20.176 Y-.11 F7800
G1 F900
G1 X-20.174 Y-.108 E.00014
G1 X-22.176 Y1.869 E.13533
G1 X-23.523 Y3.152 E.08947
G1 X-23.435 Y2.269 E.04268
G1 X-23.403 Y.884 E.06663
G1 X-23.505 Y-2.618 E.16851
G1 X-23.617 Y-3.425 E.03919
G1 X-22.257 Y-2.155 E.0895
G1 X-20.688 Y-.591 E.10655
G1 X-20.22 Y-.151 E.0309
G1 X-19.617 Y-.115 F7800
;TYPE:External perimeter
G1 F900
G1 X-21.908 Y2.146 E.15481
G1 X-22.647 Y2.85 E.04909
;WIDTH:0.460358
G1 X-23.946 Y4.079 E.08832
;WIDTH:0.466665
G1 X-24.009 Y4.202 E.00693
G1 X-23.997 Y4.054 E.00745
;WIDTH:0.460358
G1 X-23.822 Y2.274 E.08834
;WIDTH:0.45
G1 X-23.788 Y.895 E.06635
G1 X-23.886 Y-2.544 E.16547
G1 X-24.022 Y-3.544 E.04854
;WIDTH:0.465633
G1 X-24.082 Y-4.46 E.04594
G1 X-24.027 Y-4.368 E.00536
;WIDTH:0.461058
G1 X-23.125 Y-3.479 E.06266
;WIDTH:0.45
G1 X-21.99 Y-2.434 E.0742
G1 X-20.424 Y-.872 E.10638
G1 X-19.661 Y-.156 E.05033
G1 X-19.901 Y.164 F7800
G1 E-2 F2400
G1 X-22.728 Y.863 F7800
G1 E2 F2400
;TYPE:Solid infill
G1 F1200
G1 X-22.802 Y-1.74 E.12525
G1 X-21.145 Y-.098 E.1122
G1 X-22.742 Y1.471 E.10768
G1 X-22.733 Y1.055 E.02001
G1 X-22.338 Y-.492 F7800
;WIDTH:0.536406
G1 F1200
G1 X-22.311 Y.447 E.05531
G1 X-21.755 Y-.1 E.04592
G1 X-22.343 Y-.685 E.04883
M106 S160.65
;LAYER_CHANGE
;Z:22.25
;HEIGHT:0.299999
G1 E-2 F2400
G1 Z22.25 F7800
G1 Z22.25
G1 X24.289 Y-4.521
G1 E2 F2400
;TYPE:External perimeter
;WIDTH:0.464427
G1 F900
G1 X24.262 Y-4.237 E.01423
G1 E-2 F2400
G1 X24.435 Y4.75 F7800
G1 E2 F2400
;WIDTH:0.474693
G1 F900
G1 X24.403 Y4.478 E.01402
G1 E-2 F2400
G1 X21.09 Y.1 F7800
G1 E2 F2400
;TYPE:Perimeter
;WIDTH:0.45
G1 F900
G1 X22.853 Y-1.753 E.12302
G1 X23.356 Y-2.245 E.03384
G1 X23.413 Y.136 E.11455
G1 X23.412 Y2.427 E.11019
G1 X22.755 Y1.804 E.04355
G1 X21.132 Y.143 E.11169
G1 X20.55 Y.1 F7800
G1 F900
G1 X22.578 Y-2.024 E.14124
G1 X23.808 Y-3.224 E.08265
G1 X23.741 Y-2.284 E.04533
G1 X23.798 Y.136 E.11643
G1 X23.801 Y2.57 E.11707
G1 X23.902 Y3.423 E.04131
G1 X22.485 Y2.079 E.09393
G1 X20.592 Y.142 E.13026
G1 X20.01 Y.099 F7800
;TYPE:External perimeter
G1 F900
G1 X20.759 Y-.663 E.05139
G1 X22.303 Y-2.295 E.10806
G1 X22.904 Y-2.881 E.04037
;WIDTH:0.46014
G1 X24.206 Y-4.145 E.08957
;WIDTH:0.464427
G1 X24.262 Y-4.237 E.00537
G1 X24.256 Y-4.122 E.00575
;WIDTH:0.46014
G1 X24.127 Y-2.312 E.08957
;WIDTH:0.45
G1 X24.184 Y.136 E.11777
G1 X24.184 Y2.524 E.11485
;WIDTH:0.465169
G1 X24.39 Y4.33 E.09086
;WIDTH:0.474343
G1 X24.403 Y4.478 E.0076
G1 X24.337 Y4.357 E.00705
;WIDTH:0.465169
G1 X23.013 Y3.112 E.09085
;WIDTH:0.45
G1 X22.214 Y2.354 E.05297
G1 X20.052 Y.142 E.14877
G1 X20.287 Y-.182 F7800
G1 E-2 F2400
G1 X23.083 Y-1.563 F7800
G1 E2 F2400
;TYPE:Solid infill
G1 F1200
G1 X23.124 Y.127 E.08131
G1 X23.123 Y1.754 E.07825
G1 X21.494 Y.1 E.11166
G1 X22.95 Y-1.423 E.10134
G1 X22.671 Y-.499 F7800
;WIDTH:0.552758
G1 F1200
G1 X22.686 Y.695 E.07274
G1 X22.102 Y.097 E.05091
G1 X22.538 Y-.36 E.03847
G1 E-2 F2400
G1 X-23.56 Y4.406 F7800
G1 E2 F2400
;TYPE:External perimeter
;WIDTH:0.467149
G1 F900
G1 X-23.534 Y4.141 E.01338
G1 E-2 F2400
G1 X-23.637 Y-4.696 F7800
G1 E2 F2400
;WIDTH:0.465627
G1 F900
G1 X-23.614 Y-4.4 E.01486
G1 E-2 F2400
G1 X-20.237 Y-.104 F7800
G1 E2 F2400
;TYPE:Perimeter
;WIDTH:0.45
G1 F900
G1 X-22.575 Y2.127 E.15543
G1 X-22.529 Y.179 E.09372
G1 X-22.61 Y-2.372 E.12276
G1 X-22.004 Y-1.822 E.03936
G1 X-20.895 Y-.731 E.07482
G1 X-20.266 Y-.145 E.04135
G1 X-19.67 Y-.107 F7800
G1 F900
G1 X-23.05 Y3.102 E.22416
G1 X-22.963 Y2.223 E.04248
G1 X-22.915 Y.191 E.09776
G1 X-23.006 Y-2.568 E.13277
G1 X-23.114 Y-3.35 E.03797
G1 X-21.739 Y-2.102 E.08931
G1 X-20.632 Y-1.013 E.07469
G1 X-19.705 Y-.148 E.06098
G1 X-19.103 Y-.111 F7800
;TYPE:External perimeter
G1 F900
G1 X-22.174 Y2.809 E.20381
;WIDTH:0.46048
G1 X-23.469 Y4.017 E.08749
;WIDTH:0.466997
G1 X-23.534 Y4.141 E.00703
G1 X-23.522 Y3.991 E.00756
;WIDTH:0.46048
G1 X-23.349 Y2.229 E.08747
;WIDTH:0.45
G1 X-23.3 Y.204 E.09742
G1 X-23.388 Y-2.515 E.13084
G1 X-23.523 Y-3.49 E.04734
;WIDTH:0.465627
G1 X-23.614 Y-4.4 E.04577
G1 X-23.558 Y-4.308 E.00539
;WIDTH:0.46099
G1 X-22.985 Y-3.754 E.03943
;WIDTH:0.45
G1 X-21.475 Y-2.382 E.09813
G1 X-20.369 Y-1.295 E.07459
G1 X-19.144 Y-.152 E.08058
G1 X-19.391 Y.162 F7800
G1 E-2 F2400
G1 X-22.3 Y-1.699 F7800
G1 E2 F2400
;TYPE:Solid infill
G1 F1200
G1 X-20.652 Y-.109 E.11014
G1 X-22.269 Y1.441 E.10773
G1 X-22.24 Y.167 E.06129
G1 X-22.294 Y-1.506 E.08051
G1 X-21.845 Y-.668 F7800
;WIDTH:0.522267
G1 F1200
G1 X-21.266 Y-.105 E.04612
G1 X-21.824 Y.43 E.04415
G1 X-21.839 Y-.475 E.05169
G1 E-10 F2400
T0
G1 X18.696 Y.101 F7800
G1 Z22.25
G1 E10 F2400
;TYPE:Perimeter
;WIDTH:0.45
G1 F900
G1 X18.73 Y.387 E.01385
G1 X18.961 Y.772 E.02159
G1 X21.37 Y3.237 E.16577
G1 X22.038 Y3.87 E.04426
G1 X20.678 Y3.815 E.06546
G1 X16.557 Y3.791 E.19821
G1 X15.838 Y3.743 E.03466
G1 X13.211 Y3.72 E.12635
G1 X13.451 Y2.997 E.03664
G1 X13.592 Y2.338 E.03241
G1 X13.698 Y.026 E.11132
G1 X13.541 Y-2.326 E.11337
G1 X13.247 Y-3.527 E.05947
G1 X15.769 Y-3.574 E.12132
G1 X16.406 Y-3.614 E.0307
G1 X19.508 Y-3.628 E.1492
G1 X20.023 Y-3.61 E.02478
G1 X21.967 Y-3.672 E.09355
G1 X21.42 Y-3.138 E.03677
G1 X19.879 Y-1.51 E.10782
G1 X18.962 Y-.578 E.06289
G1 X18.755 Y-.261 E.01821
G1 X18.688 Y.035 E.0146
G1 X18.689 Y.041 E.00029
G1 X19.078 Y.1 F7800
G1 F900
G1 X19.098 Y.272 E.00833
G1 X19.236 Y.503 E.01294
G1 X21.635 Y2.957 E.16506
G1 X23.075 Y4.321 E.0954
G1 X22.664 Y4.282 E.01986
G1 X20.676 Y4.2 E.0957
G1 X16.554 Y4.177 E.19826
G1 X15.834 Y4.129 E.03471
G1 X12.676 Y4.101 E.15189
G1 X13.062 Y2.958 E.05802
G1 X13.207 Y2.32 E.03147
G1 X13.313 Y.049 E.10935
G1 X13.165 Y-2.238 E.11023
G1 X12.957 Y-3.127 E.04391
G1 X12.743 Y-3.903 E.03872
G1 X15.745 Y-3.959 E.14441
G1 X16.393 Y-3.999 E.03123
G1 X19.492 Y-4.015 E.14905
G1 X20.018 Y-3.995 E.02532
G1 X20.571 Y-4.003 E.0266
G1 X22.954 Y-4.098 E.11471
G1 X21.7 Y-2.873 E.08432
G1 X20.156 Y-1.242 E.10802
G1 X19.237 Y-.307 E.06306
G1 X19.163 Y-.213 E.00575
G1 X19.079 Y.041 E.01287
G1 X19.464 Y.103 F7800
;TYPE:External perimeter
G1 F1800
G1 X19.512 Y.233 E.00667
G1 X21.901 Y2.677 E.16438
G1 X23.43 Y4.127 E.10135
G1 X23.958 Y4.656 E.03595
G1 X23.97 Y4.758 E.00494
G1 X23.161 Y4.717 E.03896
G1 X22.648 Y4.668 E.02479
G1 X20.674 Y4.586 E.09502
G1 X16.436 Y4.562 E.20384
G1 X15.831 Y4.514 E.02919
G1 X12.14 Y4.482 E.17753
G1 X12.697 Y2.834 E.08367
G1 X12.822 Y2.301 E.02633
G1 X12.929 Y.073 E.10728
G1 X12.79 Y-2.15 E.10713
G1 X12.586 Y-3.024 E.04317
G1 X12.24 Y-4.279 E.06261
G1 X15.722 Y-4.344 E.1675
G1 X16.38 Y-4.385 E.03171
G1 X19.499 Y-4.4 E.15001
G1 X20.013 Y-4.381 E.02474
G1 X20.556 Y-4.388 E.02612
G1 X23.835 Y-4.519 E.15783
G1 X23.823 Y-4.406 E.00547
G1 X21.98 Y-2.608 E.12384
G1 X20.434 Y-.974 E.10819
G1 X19.513 Y-.037 E.06319
G1 X19.475 Y.048 E.00448
G1 X19.678 Y.392 F7800
G1 E-2 F2400
G1 X13.714 Y-3.228 F7800
G1 E2 F2400
;TYPE:Solid infill
;WIDTH:0.512603
G1 F1200
G1 X13.674 Y-3.268 E.00316
G1 X13.62 Y-3.253 E.00313
G1 X13.606 Y-3.199 E.00312
G1 X13.645 Y-3.16 E.00308
G1 X13.699 Y-3.174 E.00312
;WIDTH:0.45
G1 X13.747 Y-2.711 E.02239
G1 X14.292 Y-3.257 E.0371
G1 X14.848 Y-3.267 E.02675
G1 X13.842 Y-2.261 E.06843
G1 X13.878 Y-1.752 E.02454
G1 X15.404 Y-3.277 E.10376
G1 X15.969 Y-3.298 E.02719
G1 X13.908 Y-1.236 E.14022
G1 X13.938 Y-.721 E.02481
G1 X16.542 Y-3.325 E.17712
G1 X17.09 Y-3.328 E.02636
G1 X13.968 Y-.206 E.21235
G1 X13.979 Y.329 E.02574
G1 X17.638 Y-3.331 E.24891
G1 X18.186 Y-3.333 E.02636
G1 X13.951 Y.902 E.28806
G1 X13.923 Y1.475 E.02759
G1 X18.734 Y-3.336 E.32724
G1 X19.283 Y-3.339 E.02641
G1 X13.896 Y2.048 E.36642
G1 X13.711 Y2.918 F7800
;WIDTH:0.404381
G1 F1200
G1 X13.64 Y2.899 E.00312
G1 X13.659 Y2.97 E.00312
G1 X13.7 Y2.959 E.0018
;WIDTH:0.45
G1 X13.83 Y2.659 E.01573
G1 X19.817 Y-3.328 E.40723
G1 X20.542 Y-3.508 E.03593
;WIDTH:0.404381
G1 X20.471 Y-3.527 E.00312
G1 X20.49 Y-3.456 E.00312
G1 X20.531 Y-3.467 E.0018
;WIDTH:0.45
G1 X20.365 Y-3.33 E.01035
G1 X13.468 Y3.562 E.46896
;WIDTH:0.404381
G1 X13.396 Y3.543 E.00316
G1 X13.415 Y3.614 E.00312
G1 X13.457 Y3.603 E.00184
;WIDTH:0.45
G1 X14.141 Y3.439 E.03383
G1 X20.927 Y-3.347 E.46158
G1 X21.336 Y-3.404 E.01986
;WIDTH:0.404381
G1 X21.273 Y-3.273 E.00616
G1 X18.701 Y-.631 E.15636
;WIDTH:0.45
G1 X18.483 Y-.358 E.0168
G1 X14.681 Y3.444 E.25861
G1 X15.222 Y3.449 E.02602
G1 X18.415 Y.255 E.21722
G1 X18.548 Y.668 E.02087
G1 X15.762 Y3.453 E.18947
G1 X15.666 Y3.606 E.00869
;WIDTH:0.404381
G1 X15.595 Y3.587 E.00312
G1 X15.614 Y3.658 E.00312
G1 X15.655 Y3.647 E.0018
;WIDTH:0.45
G1 X16.275 Y3.486 E.03081
G1 X18.77 Y.991 E.16971
G1 X21.281 Y3.55 E.17244
G1 X20.678 Y3.525 E.02903
G1 X16.803 Y3.504 E.18638
G1 X18.903 Y1.403 E.14287
G1 X19.036 Y1.815 E.02082
G1 X20.329 Y3.138 E.08897
G1 X17.729 Y3.123 E.12505
G1 X18.9 Y1.952 E.07965
G1 X19.033 Y2.339 E.01968
;WIDTH:0.414508
G1 X19.45 Y2.765 E.02603
G1 X18.612 Y2.76 E.0366
G1 X18.897 Y2.475 E.0176
G1 E-2 F2400
G1 X-17.77 Y-.129 F7800
G1 E2 F2400
;TYPE:Perimeter
;WIDTH:0.45
G1 F900
G1 X-17.819 Y-.442 E.01524
G1 X-18.068 Y-.818 E.02169
G1 X-19.526 Y-2.178 E.0959
G1 X-20.65 Y-3.283 E.07581
G1 X-21.264 Y-3.84 E.03987
G1 X-20.307 Y-3.823 E.04604
G1 X-19.045 Y-3.871 E.06074
G1 X-17.116 Y-3.894 E.09278
G1 X-15.639 Y-3.778 E.07126
G1 X-14.227 Y-3.704 E.06801
G1 X-14.424 Y-2.339 E.06633
G1 X-14.544 Y-.033 E.11106
G1 X-14.524 Y1.926 E.09423
G1 X-14.486 Y2.446 E.02508
G1 X-14.195 Y3.57 E.05584
G1 X-15.379 Y3.543 E.05696
G1 X-16.192 Y3.559 E.03911
G1 X-17.083 Y3.65 E.04308
G1 X-17.986 Y3.665 E.04344
G1 X-18.989 Y3.646 E.04825
G1 X-20.265 Y3.579 E.06146
G1 X-21.208 Y3.577 E.04536
G1 X-18.065 Y.589 E.20858
G1 X-17.822 Y.224 E.02109
G1 X-17.763 Y-.069 E.01438
G1 X-18.164 Y-.121 F7800
G1 F900
G1 X-18.182 Y-.31 E.00913
G1 X-18.331 Y-.536 E.01302
G1 X-19.792 Y-1.9 E.09613
G1 X-20.909 Y-2.997 E.0753
G1 X-22.3 Y-4.26 E.09037
G1 X-20.322 Y-4.208 E.09517
G1 X-19.055 Y-4.257 E.06098
G1 X-17.103 Y-4.28 E.09389
G1 X-15.616 Y-4.163 E.07174
G1 X-14.441 Y-4.094 E.05661
G1 X-13.782 Y-4.08 E.0317
G1 X-14.039 Y-2.319 E.0856
G1 X-14.159 Y-.037 E.10991
G1 X-14.141 Y1.693 E.08321
G1 X-14.115 Y2.342 E.03124
G1 X-13.954 Y2.919 E.02881
G1 X-13.707 Y3.956 E.05127
G1 X-15.373 Y3.928 E.08014
G1 X-16.153 Y3.943 E.03752
G1 X-17.06 Y4.036 E.04385
G1 X-17.986 Y4.051 E.04454
G1 X-19.003 Y4.031 E.04892
G1 X-20.266 Y3.965 E.06083
G1 X-22.199 Y3.978 E.09297
G1 X-18.268 Y.242 E.26083
G1 X-18.155 Y-.019 E.01368
G1 X-18.159 Y-.061 E.00203
G1 X-18.539 Y-.122 F7800
;TYPE:External perimeter
G1 F1800
G1 X-18.594 Y-.254 E.00688
G1 X-20.059 Y-1.621 E.09637
G1 X-21.168 Y-2.712 E.07482
G1 X-22.679 Y-4.083 E.09813
G1 X-23.148 Y-4.544 E.03163
G1 X-23.179 Y-4.688 E.00708
G1 X-21.719 Y-4.621 E.07029
G1 X-20.336 Y-4.594 E.06653
G1 X-19.065 Y-4.643 E.06118
G1 X-17.09 Y-4.666 E.095
G1 X-15.594 Y-4.548 E.07218
G1 X-14.419 Y-4.479 E.05661
G1 X-13.325 Y-4.457 E.05263
G1 X-13.355 Y-4.324 E.00656
G1 X-13.654 Y-2.301 E.09836
G1 X-13.773 Y-.041 E.10885
G1 X-13.755 Y1.689 E.08321
G1 X-13.743 Y2.238 E.02641
G1 X-13.58 Y2.823 E.02921
G1 X-13.219 Y4.343 E.07514
G1 X-14.311 Y4.341 E.05252
G1 X-15.367 Y4.314 E.05081
G1 X-16.114 Y4.327 E.03593
G1 X-17.037 Y4.421 E.04462
G1 X-17.987 Y4.436 E.0457
G1 X-19.017 Y4.417 E.04955
G1 X-20.267 Y4.351 E.0602
G1 X-21.592 Y4.348 E.06373
G1 X-23.099 Y4.404 E.07253
G1 X-23.087 Y4.283 E.00585
G1 X-18.593 Y.027 E.29769
G1 X-18.551 Y-.067 E.00495
G1 X-18.765 Y-.404 F7800
G1 E-2 F2400
G1 X-17.253 Y-3.598 F7800
G1 E2 F2400
;TYPE:Solid infill
G1 F1200
G1 X-19.038 Y-3.582 E.08586
G1 X-20.511 Y-3.537 E.07088
G1 X-19.326 Y-2.388 E.07939
G1 X-17.873 Y-1.032 E.09559
G1 X-17.736 Y-.839 E.01138
G1 X-15.117 Y-3.458 E.17814
G1 X-17.06 Y-3.6 E.0937
G1 X-17.074 Y-3.214 E.01858
G1 X-15.992 Y-3.129 E.0522
G1 X-17.712 Y-1.409 E.11699
G1 X-19.584 Y-3.175 E.12378
G1 X-19.029 Y-3.197 E.02671
G1 X-17.266 Y-3.212 E.0848
G1 X-17.926 Y-2.821 E.0369
G1 X-18.653 Y-2.814 E.03497
G1 X-17.721 Y-1.945 E.06129
G1 X-16.856 Y-2.81 E.05884
G1 X-17.733 Y-2.822 E.04218
G1 X-17.688 Y-2.467 E.01721
;WIDTH:0.412817
G1 X-17.761 Y-2.486 E.00328
G1 X-17.741 Y-2.413 E.00329
G1 X-17.699 Y-2.425 E.0019
G1 X-17.537 Y-.493 F7800
;WIDTH:0.45
G1 F1200
G1 X-14.602 Y-3.428 E.19964
G1 X-14.435 Y-3.294 E.0103
;WIDTH:0.404381
G1 X-14.407 Y-3.55 E.01092
;WIDTH:0.45
G1 X-14.645 Y-2.84 E.03602
G1 X-17.482 Y-.003 E.19297
G1 E-2 F2400
G1 X-14.719 Y-2.221 F7800
G1 E2 F2400
G1 F1200
G1 X-20.231 Y3.292 E.37495
G1 X-20.567 Y3.228 E.01645
;WIDTH:0.404381
G1 X-20.627 Y3.348 E.00569
G1 X-19.712 Y3.318 F7800
;WIDTH:0.45
G1 F1200
G1 X-14.749 Y-1.645 E.33758
G1 X-14.779 Y-1.07 E.02769
G1 X-19.194 Y3.345 E.3003
G1 X-18.666 Y3.363 E.02541
G1 X-14.81 Y-.494 E.26231
G1 X-14.833 Y.074 E.02734
G1 X-18.131 Y3.373 E.22436
G1 X-17.582 Y3.369 E.02641
G1 X-14.827 Y.614 E.18739
G1 X-14.821 Y1.154 E.02597
G1 X-17.021 Y3.354 E.14964
G1 E-2 F2400
G1 X-14.952 Y1.83 F7800
G1 E2 F2400
G1 F1200
G1 X-16.417 Y3.295 E.09965
G1 X-15.339 Y3.254 E.05189
G1 X-14.566 Y3.274 E.03719
G1 X-14.775 Y2.483 E.03935
G1 X-14.816 Y1.694 E.038
G1 X-15.134 Y2.492 F7800
;WIDTH:0.358725
G1 F1200
G1 X-15.011 Y2.922 E.01642
G1 X-15.558 Y2.917 E.02008
G1 X-15.27 Y2.629 E.01495
M106 S163.2
;LAYER_CHANGE
;Z:22.55
;HEIGHT:0.299999
G1 E-2 F2400
G1 Z22.55 F7800
G1 Z22.55
G1 X18.198 Y.094
G1 E2 F2400
;TYPE:Perimeter
;WIDTH:0.45
G1 F900
G1 X18.193 Y.143 E.00237
G1 X18.29 Y.52 E.01872
G1 X18.474 Y.778 E.01524
G1 X21.126 Y3.43 E.18039
G1 X21.549 Y3.827 E.0279
G1 X20.223 Y3.803 E.06379
G1 X19.233 Y3.829 E.04763
G1 X17.201 Y3.809 E.09774
G1 X16.731 Y3.8 E.02261
G1 X15.613 Y3.713 E.05393
G1 X13.666 Y3.693 E.09365
G1 X13.95 Y2.506 E.0587
G1 X13.975 Y2.332 E.00845
G1 X14.091 Y.065 E.10918
G1 X13.921 Y-2.287 E.11342
G1 X13.649 Y-3.508 E.06017
G1 X15.476 Y-3.549 E.08789
G1 X16.734 Y-3.627 E.06062
G1 X19.201 Y-3.638 E.11866
G1 X20.171 Y-3.602 E.04669
G1 X21.476 Y-3.626 E.06278
G1 X20.926 Y-3.089 E.03697
G1 X19.496 Y-1.596 E.09943
G1 X18.478 Y-.589 E.06887
G1 X18.383 Y-.479 E.00699
G1 X18.22 Y-.133 E.0184
G1 X18.204 Y.034 E.00807
G1 X18.595 Y.096 F7800
G1 F900
G1 X18.597 Y.242 E.00702
G1 X18.747 Y.505 E.01456
G1 X21.389 Y3.148 E.17974
G1 X22.57 Y4.255 E.07785
G1 X21.337 Y4.204 E.05935
G1 X20.233 Y4.188 E.0531
G1 X19.236 Y4.214 E.04797
G1 X17.197 Y4.195 E.09807
G1 X16.7 Y4.184 E.02391
G1 X15.609 Y4.099 E.05263
G1 X13.194 Y4.073 E.11616
G1 X13.182 Y4.057 E.00096
G1 X13.59 Y2.312 E.08619
G1 X13.705 Y.073 E.10783
G1 X13.544 Y-2.209 E.11003
G1 X13.163 Y-3.883 E.08257
G1 X15.452 Y-3.934 E.11012
G1 X16.722 Y-4.013 E.0612
G1 X19.216 Y-4.024 E.11995
G1 X20.166 Y-3.988 E.04572
G1 X21.199 Y-4.001 E.04969
G1 X22.464 Y-4.052 E.06089
G1 X21.205 Y-2.823 E.08462
G1 X19.771 Y-1.326 E.0997
G1 X18.75 Y-.315 E.06911
G1 X18.692 Y-.249 E.00423
G1 X18.594 Y-.041 E.01106
G1 X18.595 Y.036 E.0037
G1 X18.973 Y.1 F7800
;TYPE:External perimeter
G1 F1800
G1 X19.02 Y.232 E.00674
G1 X21.653 Y2.867 E.17916
G1 X22.99 Y4.12 E.08813
G1 X23.474 Y4.602 E.03285
G1 X23.486 Y4.703 E.00489
G1 X22.74 Y4.648 E.03598
G1 X21.321 Y4.589 E.06831
G1 X20.243 Y4.574 E.05185
G1 X19.24 Y4.6 E.04826
G1 X17.194 Y4.58 E.09841
G1 X16.67 Y4.569 E.02521
G1 X15.605 Y4.485 E.05138
G1 X12.644 Y4.453 E.14242
G1 X12.807 Y3.968 E.02461
G1 X13.2 Y2.327 E.08116
G1 X13.32 Y.096 E.10746
G1 X13.166 Y-2.131 E.10737
G1 X13.052 Y-2.686 E.02725
G1 X12.677 Y-4.258 E.07773
G1 X15.428 Y-4.319 E.13235
G1 X16.709 Y-4.398 E.06173
G1 X19.231 Y-4.409 E.1213
G1 X20.161 Y-4.373 E.04476
G1 X21.184 Y-4.387 E.04921
G1 X23.384 Y-4.474 E.1059
G1 X23.355 Y-4.359 E.0057
G1 X22.862 Y-3.902 E.03233
G1 X21.483 Y-2.556 E.09268
G1 X20.046 Y-1.055 E.09994
G1 X19.021 Y-.041 E.06935
G1 X18.979 Y.045 E.0046
G1 X19.186 Y.388 F7800
G1 E-2 F2400
G1 X14.055 Y3.324 F7800
G1 E2 F2400
;TYPE:Solid infill
;WIDTH:0.510733
G1 F1200
G1 X14.016 Y3.363 E.00307
G1 X14.03 Y3.417 E.00311
G1 X14.084 Y3.431 E.00311
G1 X14.124 Y3.392 E.00311
G1 X14.109 Y3.338 E.00312
;WIDTH:0.45
G1 X14.158 Y2.878 E.02225
G1 X14.695 Y3.414 E.03649
G1 X15.246 Y3.42 E.0265
G1 X14.253 Y2.427 E.06754
G1 X14.286 Y1.914 E.02472
G1 X15.811 Y3.439 E.10373
G1 X16.401 Y3.485 E.02846
G1 X14.312 Y1.395 E.14213
G1 X14.339 Y.876 E.025
G1 X16.98 Y3.518 E.17967
G1 X17.531 Y3.523 E.0265
G1 X14.365 Y.357 E.21535
G1 X14.363 Y-.19 E.02631
G1 X18.081 Y3.528 E.25289
G1 X18.632 Y3.534 E.0265
G1 X14.323 Y-.775 E.29309
G1 X14.283 Y-1.36 E.0282
G1 X19.182 Y3.539 E.33322
G1 X19.716 Y3.527 E.02569
G1 X14.243 Y-1.946 E.37227
G1 X14.15 Y-2.584 E.03101
G1 X20.374 Y3.638 E.42328
;WIDTH:0.404381
G1 X20.355 Y3.71 E.00316
G1 X20.426 Y3.691 E.00312
G1 X20.415 Y3.649 E.00184
;WIDTH:0.45
G1 X20.801 Y3.521 E.01956
G1 X14.052 Y-3.227 E.45902
G1 X13.852 Y-3.351 E.01132
;WIDTH:0.404381
G1 X13.918 Y-3.01 E.01473
;WIDTH:0.45
G1 X14.438 Y-3.443 E.03255
;WIDTH:0.404381
G1 X14.419 Y-3.372 E.00312
G1 X14.49 Y-3.391 E.00312
G1 X14.479 Y-3.432 E.0018
;WIDTH:0.45
G1 X14.586 Y-3.239 E.01061
G1 X17.904 Y.079 E.22569
G1 X18.035 Y.311 E.01281
;WIDTH:0.404381
G1 X18.016 Y.382 E.00312
G1 X18.087 Y.363 E.00312
G1 X18.076 Y.322 E.0018
;WIDTH:0.45
G1 X18 Y-.371 E.03353
G1 X15.119 Y-3.251 E.19593
G1 X15.645 Y-3.271 E.02532
G1 X18.206 Y-.709 E.17423
G1 X18.478 Y-.983 E.01857
G1 X16.159 Y-3.302 E.15774
G1 X16.744 Y-3.338 E.02819
G1 X18.744 Y-3.347 E.09619
G1 X19.207 Y-3.349 E.02227
G1 X20.118 Y-3.314 E.04385
G1 X20.758 Y-3.321 E.03078
G1 X18.75 Y-1.256 E.13853
G1 X16.809 Y-3.197 E.13202
G1 X17.595 Y-2.956 F7800
G1 F1200
G1 X19.186 Y-2.964 E.07652
G1 X19.853 Y-2.938 E.0321
G1 X18.75 Y-1.802 E.07616
G1 X17.732 Y-2.82 E.06924
G1 X18.729 Y-2.551 F7800
;WIDTH:0.637597
G1 F1200
G1 X18.678 Y-2.501 E.00511
G1 X18.697 Y-2.432 E.00512
G1 X18.766 Y-2.413 E.00512
G1 X18.817 Y-2.464 E.00516
G1 X18.798 Y-2.533 E.00512
G1 E-2 F2400
G1 X-17.592 Y-.685 F7800
G1 E2 F2400
;TYPE:Perimeter
;WIDTH:0.45
G1 F900
G1 X-17.809 Y-1.003 E.01852
G1 X-20.771 Y-3.818 E.19654
G1 X-20.461 Y-3.812 E.01491
G1 X-18.763 Y-3.877 E.08173
G1 X-17.411 Y-3.893 E.06503
G1 X-14.611 Y-3.691 E.13502
G1 X-14.81 Y-2.31 E.06711
G1 X-14.918 Y-.03 E.10978
G1 X-14.9 Y1.886 E.09216
G1 X-14.862 Y2.424 E.02594
G1 X-14.559 Y3.528 E.05506
G1 X-16.213 Y3.541 E.07955
G1 X-17.401 Y3.662 E.05743
G1 X-18.018 Y3.672 E.02968
G1 X-18.713 Y3.659 E.03343
G1 X-20.136 Y3.584 E.06854
G1 X-20.754 Y3.569 E.02973
G1 X-17.81 Y.786 E.19485
G1 X-17.586 Y.461 E.01898
G1 X-17.523 Y.245 E.01082
G1 X-17.508 Y-.157 E.01935
G1 X-17.574 Y-.63 E.02297
G1 X-17.945 Y-.534 F7800
G1 F900
G1 X-18.074 Y-.722 E.01097
G1 X-19.964 Y-2.51 E.12513
G1 X-20.79 Y-3.318 E.05557
G1 X-21.809 Y-4.231 E.0658
G1 X-20.474 Y-4.197 E.06423
G1 X-18.772 Y-4.263 E.08192
G1 X-17.399 Y-4.279 E.06604
G1 X-14.488 Y-4.068 E.14038
G1 X-14.143 Y-4.06 E.0166
G1 X-14.203 Y-3.8 E.01283
G1 X-14.425 Y-2.291 E.07336
G1 X-14.532 Y-.033 E.10872
G1 X-14.523 Y.986 E.04901
G1 X-14.491 Y2.32 E.06418
G1 X-14.214 Y3.313 E.04958
G1 X-14.07 Y3.919 E.02996
G1 X-15.163 Y3.906 E.05257
G1 X-16.174 Y3.925 E.04863
G1 X-17.378 Y4.048 E.05821
G1 X-18.018 Y4.058 E.03079
G1 X-18.727 Y4.044 E.03411
G1 X-20.421 Y3.955 E.08159
G1 X-21.744 Y3.952 E.06363
G1 X-20.544 Y2.855 E.0782
G1 X-18.076 Y.506 E.16387
G1 X-17.941 Y.312 E.01137
G1 X-17.895 Y-.03 E.0166
G1 X-17.932 Y-.476 E.02152
G1 X-18.309 Y-.372 F7800
;TYPE:External perimeter
G1 F900
G1 X-18.339 Y-.442 E.00366
G1 X-20.232 Y-2.232 E.12531
G1 X-21.044 Y-3.027 E.05466
G1 X-22.675 Y-4.489 E.10535
G1 X-22.71 Y-4.64 E.00746
G1 X-20.486 Y-4.583 E.107
G1 X-18.782 Y-4.648 E.08202
G1 X-17.388 Y-4.664 E.06705
G1 X-14.461 Y-4.453 E.14114
G1 X-13.659 Y-4.436 E.03858
G1 X-13.828 Y-3.713 E.03571
G1 X-14.04 Y-2.273 E.07001
G1 X-14.147 Y-.04 E.10752
G1 X-14.119 Y2.217 E.10856
G1 X-13.84 Y3.217 E.04993
G1 X-13.581 Y4.311 E.05407
G1 X-15.157 Y4.292 E.07581
G1 X-16.135 Y4.309 E.04705
G1 X-17.355 Y4.433 E.05898
G1 X-18.019 Y4.444 E.03194
G1 X-18.741 Y4.43 E.03473
G1 X-20.422 Y4.341 E.08096
G1 X-22.199 Y4.337 E.08547
G1 X-22.633 Y4.357 E.0209
G1 X-22.626 Y4.237 E.00578
G1 X-20.81 Y2.575 E.1184
G1 X-18.297 Y.162 E.16756
G1 X-18.279 Y-.301 E.02229
G1 X-18.285 Y-.317 E.00082
G1 X-18.541 Y-.624 F7800
G1 E-2 F2400
G1 X-20.165 Y-3.583 F7800
G1 E2 F2400
;TYPE:Solid infill
;WIDTH:0.404381
G1 F1200
G1 X-20.102 Y-3.473 E.00538
G1 X-17.644 Y-1.07 E.14577
G1 E-2 F2400
G1 X-19.844 Y3.309 F7800
G1 E2 F2400
;WIDTH:0.45
G1 F1200
G1 X-18.702 Y3.37 E.055
G1 X-18.017 Y3.383 E.03295
G1 X-17.418 Y3.373 E.02881
G1 X-16.198 Y3.25 E.05898
G1 X-14.936 Y3.237 E.0607
G1 X-15.139 Y2.507 E.03644
G1 X-15.187 Y2.049 E.02215
G1 X-15.193 Y1.415 E.03049
G1 X-15.334 Y1.415 E.00678
G1 X-17.258 Y-.509 E.13087
G1 X-17.219 Y-.28 E.01117
G1 X-17.236 Y.268 E.02637
G1 X-17.335 Y.601 E.01671
G1 X-17.604 Y.987 E.02263
G1 X-20.037 Y3.299 E.16143
G1 X-19.122 Y2.962 F7800
G1 F1200
G1 X-17.312 Y1.242 E.12009
G1 X-17.013 Y.812 E.02519
G1 X-16.873 Y.422 E.01993
G1 X-16.011 Y1.283 E.0586
G1 X-15.576 Y1.688 E.02859
G1 X-15.564 Y2.309 E.02987
G1 X-15.442 Y2.856 E.02696
G1 X-16.028 Y2.862 E.02819
G1 X-17.468 Y2.988 E.06952
G1 X-18.025 Y2.997 E.02679
G1 X-18.929 Y2.968 E.0435
G1 X-18.19 Y2.608 F7800
G1 F1200
G1 X-17.047 Y1.521 E.07586
G1 X-16.74 Y1.1 E.02506
G1 X-15.96 Y1.88 E.05305
G1 X-15.927 Y2.475 E.02866
G1 X-16.626 Y2.518 E.03368
G1 X-17.475 Y2.603 E.04104
G1 X-17.998 Y2.607 E.02516
G1 X-17.206 Y2.196 F7800
;WIDTH:0.436859
G1 F1200
G1 X-16.692 Y1.684 E.0337
G1 X-16.353 Y2.023 E.02227
G1 X-16.337 Y2.108 E.00402
G1 X-17.014 Y2.176 E.03161
G1 E-2 F2400
G1 X-15.197 Y1.006 F7800
G1 E2 F2400
;WIDTH:0.45
G1 F1200
G1 X-19.753 Y-3.55 E.30989
G1 X-19.228 Y-3.57 E.02527
G1 X-15.203 Y.456 E.27381
G1 X-15.204 Y-.091 E.02631
G1 X-18.701 Y-3.588 E.23786
G1 X-18.161 Y-3.593 E.02597
G1 X-15.18 Y-.612 E.20276
G1 X-15.155 Y-1.133 E.02509
G1 X-17.62 Y-3.598 E.16767
G1 X-17.054 Y-3.577 E.02724
G1 X-15.131 Y-1.654 E.1308
G1 E-2 F2400
G1 X-16.33 Y-3.398 F7800
G1 E2 F2400
G1 F1200
G1 X-15.106 Y-2.174 E.08325
G1 X-14.942 Y-3.424 E.06064
G1 X-16.466 Y-3.535 E.07349
G1 X-15.42 Y-3.102 F7800
;WIDTH:0.492241
G1 F1200
G1 X-15.458 Y-3.064 E.00287
G1 X-15.444 Y-3.012 E.00287
G1 X-15.393 Y-2.999 E.00281
G1 X-15.355 Y-3.036 E.00283
G1 X-15.369 Y-3.088 E.00287
G1 E-10 F2400
T1
G1 X23.801 Y-4.198 F7800
G1 Z22.55
G1 E10 F2400
;TYPE:External perimeter
;WIDTH:0.446345
G1 F900
G1 X23.834 Y-4.481 E.01357
G1 E-2 F2400
G1 X23.95 Y4.695 F7800
G1 E2 F2400
;WIDTH:0.474427
G1 F900
G1 X23.918 Y4.423 E.01401
G1 E-2 F2400
G1 X20.616 Y.099 F7800
G1 E2 F2400
;TYPE:Perimeter
;WIDTH:0.45
G1 F900
G1 X22.353 Y-1.699 E.12024
G1 X22.871 Y-2.204 E.03479
G1 X22.935 Y.135 E.11254
G1 X22.925 Y2.386 E.10827
G1 X22.5 Y1.987 E.02804
G1 X20.655 Y.141 E.12553
G1 X20.068 Y.099 F7800
G1 F900
G1 X20.647 Y-.475 E.03921
G1 X22.079 Y-1.97 E.09957
G1 X23.32 Y-3.181 E.0834
G1 X23.256 Y-2.229 E.04589
G1 X23.321 Y.13 E.1135
G1 X23.315 Y2.517 E.11481
G1 X23.417 Y3.375 E.04156
G1 X22.232 Y2.265 E.07809
G1 X20.11 Y.141 E.1444
G1 X19.521 Y.097 F7800
;TYPE:External perimeter
G1 F900
G1 X20.369 Y-.741 E.05734
G1 X21.805 Y-2.242 E.09991
G1 X23.439 Y-3.823 E.10936
G1 X23.801 Y-4.198 E.02507
G1 X23.74 Y-3.663 E.0259
G1 X23.641 Y-2.239 E.06865
G1 X23.706 Y.126 E.11379
G1 X23.698 Y2.471 E.11279
;WIDTH:0.464791
G1 X23.905 Y4.274 E.09064
;WIDTH:0.473833
G1 X23.918 Y4.423 E.00764
G1 X23.852 Y4.301 E.00708
;WIDTH:0.464791
G1 X22.522 Y3.065 E.09068
;WIDTH:0.45
G1 X21.964 Y2.542 E.03678
G1 X19.563 Y.14 E.16335
G1 X19.803 Y-.181 F7800
G1 X21.023 Y.1
;TYPE:Solid infill
G1 F1200
G1 X22.6 Y-1.527 E.10898
G1 X22.646 Y.138 E.08011
G1 X22.639 Y1.711 E.07566
G1 X21.16 Y.236 E.10046
G1 X21.632 Y.095 E.02369
;WIDTH:0.545788
G1 X22.195 Y-.486 E.04858
G1 X22.21 Y.671 E.06948
G1 X21.769 Y.231 E.0374
G1 E-2 F2400
G1 X-23.089 Y4.35 F7800
G1 E2 F2400
;TYPE:External perimeter
;WIDTH:0.460001
G1 F900
G1 X-23.068 Y4.098 E.01248
G1 E-2 F2400
G1 X-23.168 Y-4.636 F7800
G1 E2 F2400
;WIDTH:0.463925
G1 F900
G1 X-23.14 Y-4.329 E.01536
G1 E-2 F2400
G1 X-19.875 Y0 F7800
G1 E2 F2400
;TYPE:Perimeter
;WIDTH:0.45
G1 F900
G1 X-22.117 Y2.116 E.14827
G1 X-22.094 Y-.115 E.10731
G1 X-22.113 Y-.414 E.01441
G1 X-22.136 Y-2.366 E.09389
G1 X-19.762 Y-.107 E.15761
G1 X-19.832 Y-.042 E.00459
G1 X-19.235 Y-.076 F7800
G1 F900
G1 X-21.381 Y1.965 E.14244
G1 X-22.577 Y3.059 E.07796
G1 X-22.505 Y2.319 E.03576
G1 X-22.48 Y-.119 E.11727
G1 X-22.546 Y-2.803 E.12913
G1 X-22.617 Y-3.315 E.02486
G1 X-21.618 Y-2.42 E.06451
G1 X-20.807 Y-1.626 E.05459
G1 X-19.212 Y-.118 E.10557
G1 X-18.729 Y-.192 F7800
;TYPE:External perimeter
G1 F900
G1 X-18.73 Y-.107 E.00409
G1 X-18.731 Y-.024 E.00399
G1 X-21.118 Y2.247 E.15846
;WIDTH:0.450133
G1 X-23.007 Y3.975 E.12318
G1 X-23.068 Y4.098 E.00661
G1 X-22.891 Y2.333 E.08535
;WIDTH:0.45
G1 X-22.865 Y-.123 E.11813
G1 X-22.884 Y-.377 E.01225
G1 X-22.928 Y-2.75 E.11415
;WIDTH:0.459967
G1 X-23.126 Y-4.219 E.07314
;WIDTH:0.463917
G1 X-23.14 Y-4.329 E.00553
G1 X-23.082 Y-4.243 E.00517
;WIDTH:0.459967
G1 X-21.975 Y-3.257 E.07314
;WIDTH:0.45
G1 X-21.355 Y-2.701 E.04005
G1 X-20.545 Y-1.909 E.05449
G1 X-18.773 Y-.233 E.11731
G1 X-18.902 Y.145 F7800
G1 E-2 F2400
G1 X-21.805 Y-.113 F7800
G1 E2 F2400
;TYPE:Solid infill
G1 F1200
G1 X-21.839 Y-1.692 E.07596
G1 X-20.183 Y-.107 E.11025
G1 X-21.821 Y1.447 E.1086
G1 X-21.807 Y.08 E.06575
G1 X-21.38 Y.068 E.02055
;WIDTH:0.532659
G1 X-21.384 Y.444 E.02196
G1 X-20.803 Y-.106 E.04673
G1 X-21.4 Y-.67 E.04797
G1 X-21.378 Y-.124 E.03192
M106 S168.3
;LAYER_CHANGE
;Z:22.85
;HEIGHT:0.300001
G1 E-2 F2400
G1 Z22.85 F7800
G1 Z22.85
G1 X23.383 Y-4.436
G1 E2 F2400
;TYPE:External perimeter
;WIDTH:0.446343
G1 F900
G1 X23.35 Y-4.154 E.01353
G1 E-2 F2400
G1 X23.465 Y4.64 F7800
G1 E2 F2400
;WIDTH:0.474445
G1 F900
G1 X23.432 Y4.367 E.01406
G1 E-2 F2400
G1 X20.129 Y.089 F7800
G1 E2 F2400
;TYPE:Perimeter
;WIDTH:0.45
G1 F900
G1 X21.831 Y-1.637 E.11659
G1 X22.385 Y-2.155 E.03648
G1 X22.457 Y.164 E.11159
G1 X22.438 Y2.346 E.10495
G1 X21.728 Y1.689 E.04653
G1 X20.165 Y.132 E.10611
G1 X19.582 Y.091 F7800
G1 F900
G1 X21.561 Y-1.913 E.13546
G1 X22.845 Y-3.114 E.08456
G1 X22.77 Y-2.173 E.0454
G1 X22.843 Y.167 E.1126
G1 X22.824 Y2.39 E.10692
G1 X22.931 Y3.328 E.04541
G1 X21.461 Y1.967 E.09635
G1 X19.62 Y.133 E.12498
G1 X19.033 Y.093 F7800
;TYPE:External perimeter
G1 F900
G1 X21.291 Y-2.188 E.15437
G1 X23.298 Y-4.067 E.13223
;WIDTH:0.447347
G1 X23.35 Y-4.154 E.00484
G1 X23.338 Y-4.047 E.00514
;WIDTH:0.45
G1 X23.198 Y-2.795 E.06059
G1 X23.156 Y-2.185 E.02941
G1 X23.228 Y.17 E.11332
G1 X23.211 Y2.418 E.10812
;WIDTH:0.464823
G1 X23.419 Y4.217 E.09045
;WIDTH:0.474021
G1 X23.432 Y4.367 E.00769
G1 X23.365 Y4.244 E.00716
;WIDTH:0.464823
G1 X22.031 Y3.02 E.09042
;WIDTH:0.45
G1 X21.194 Y2.245 E.05486
G1 X19.076 Y.135 E.14379
G1 X19.312 Y-.188 F7800
G1 E-2 F2400
G1 X22.116 Y-1.497 F7800
G1 E2 F2400
;TYPE:Solid infill
G1 F1200
G1 X22.168 Y.148 E.07916
G1 X22.155 Y1.69 E.07417
G1 X20.535 Y.092 E.10944
G1 X21.98 Y-1.36 E.09853
G1 X21.714 Y-.477 F7800
;WIDTH:0.547088
G1 F1200
G1 X21.729 Y.669 E.069
G1 X21.149 Y.091 E.0493
G1 X21.578 Y-.34 E.03661
G1 E-2 F2400
G1 X-22.683 Y4.369 F7800
G1 E2 F2400
;TYPE:External perimeter
;WIDTH:0.404381
G1 F900
G1 X-22.674 Y4.179 E.00807
G1 E-2 F2400
G1 X-22.758 Y-4.652 F7800
G1 E2 F2400
G1 F900
G1 X-22.74 Y-4.427 E.00957
G1 E-2 F2400
G1 X-19.67 Y-.35 F7800
G1 E2 F2400
;TYPE:Perimeter
;WIDTH:0.45
G1 F900
G1 X-19.5 Y-.189 E.01126
G1 X-19.5 Y-.088 E.00486
G1 X-19.501 Y.017 E.00505
G1 X-21.754 Y2.116 E.1481
G1 X-21.73 Y1.589 E.02537
G1 X-21.721 Y-.214 E.08672
G1 X-21.776 Y-.868 E.03157
G1 X-21.801 Y-2.374 E.07244
G1 X-19.713 Y-.391 E.1385
G1 X-19.182 Y-.427 F7800
G1 F900
G1 X-19.115 Y-.363 E.00446
G1 X-19.115 Y-.087 E.01327
G1 X-19.115 Y.184 E.01303
G1 X-20.994 Y1.924 E.12317
G1 X-22.187 Y3.061 E.07926
G1 X-22.115 Y1.586 E.07103
G1 X-22.105 Y-.182 E.08504
G1 X-22.162 Y-.849 E.0322
G1 X-22.196 Y-2.913 E.09928
G1 X-22.224 Y-3.309 E.01909
G1 X-19.226 Y-.468 E.19865
G1 X-18.729 Y-.488 F7800
;TYPE:External perimeter
G1 F900
G1 X-18.729 Y-.087 E.01929
G1 X-18.73 Y.351 E.02107
G1 X-20.724 Y2.2 E.13079
G1 X-22.638 Y4.07 E.1287
;WIDTH:0.417975
G1 X-22.674 Y4.179 E.00506
G1 X-22.654 Y4.063 E.00519
;WIDTH:0.45
G1 X-22.501 Y1.592 E.11907
G1 X-22.489 Y-.149 E.08374
G1 X-22.547 Y-.829 E.03282
G1 X-22.582 Y-2.918 E.10049
G1 X-22.723 Y-4.34 E.06873
;WIDTH:0.414606
G1 X-22.74 Y-4.427 E.00387
G1 X-22.706 Y-4.349 E.00372
;WIDTH:0.45
G1 X-21.695 Y-3.338 E.06877
G1 X-18.737 Y-.545 E.19567
G1 X-18.73 Y-.145 F7800
G1 E-2 F2400
G1 X-21.501 Y-1.689 F7800
G1 E2 F2400
;TYPE:Solid infill
G1 F1200
G1 X-19.815 Y-.085 E.11193
G1 X-21.438 Y1.417 E.10636
G1 X-21.429 Y-.136 E.0747
G1 X-21.487 Y-.883 E.03604
G1 X-21.497 Y-1.496 E.02949
G1 X-21.045 Y-.67 F7800
;WIDTH:0.526959
G1 F1200
G1 X-20.435 Y-.09 E.04856
G1 X-21.008 Y.441 E.04507
G1 X-21.006 Y-.169 E.03519
G1 X-21.03 Y-.478 E.01788
G1 E-10 F2400
T0
G1 X17.716 Y.094 F7800
G1 Z22.85
G1 E10 F2400
;TYPE:Perimeter
;WIDTH:0.45
G1 F900
G1 X17.706 Y.145 E.0025
G1 X17.764 Y.426 E.0138
G1 X17.988 Y.776 E.01999
G1 X20.336 Y3.114 E.15937
G1 X21.085 Y3.808 E.04911
G1 X20.379 Y3.799 E.03396
G1 X18.934 Y3.837 E.06952
G1 X17.125 Y3.819 E.08701
G1 X15.388 Y3.684 E.0838
G1 X14.054 Y3.667 E.06417
G1 X14.333 Y2.496 E.0579
G1 X14.358 Y2.326 E.00826
G1 X14.478 Y-.004 E.11221
G1 X14.266 Y-2.42 E.11665
G1 X14.037 Y-3.498 E.05301
G1 X15.182 Y-3.524 E.05508
G1 X17.063 Y-3.64 E.09064
G1 X18.874 Y-3.649 E.0871
G1 X20.32 Y-3.595 E.0696
G1 X21.017 Y-3.604 E.03353
G1 X20.419 Y-3.043 E.03944
G1 X19.475 Y-2.071 E.06517
G1 X17.988 Y-.59 E.10094
G1 X17.793 Y-.311 E.01637
G1 X17.727 Y.035 E.01694
G1 X18.101 Y.098 F7800
G1 F900
G1 X18.126 Y.293 E.00946
G1 X18.26 Y.503 E.01198
G1 X20.608 Y2.841 E.15937
G1 X22.09 Y4.213 E.09713
G1 X20.413 Y4.184 E.08067
G1 X18.937 Y4.222 E.07101
G1 X17.108 Y4.205 E.08797
G1 X15.383 Y4.069 E.08322
G1 X13.567 Y4.047 E.08735
G1 X13.973 Y2.305 E.08603
G1 X14.094 Y.033 E.10943
G1 X13.889 Y-2.342 E.11465
G1 X13.551 Y-3.873 E.07541
G1 X15.159 Y-3.909 E.07736
G1 X17.05 Y-4.026 E.09112
G1 X18.881 Y-4.035 E.08807
G1 X20.315 Y-3.98 E.06902
G1 X22.012 Y-4.007 E.08163
G1 X20.696 Y-2.775 E.0867
G1 X18.201 Y-.248 E.1708
G1 X18.093 Y.036 E.01461
G1 X18.485 Y.098 F7800
;TYPE:External perimeter
G1 F1800
G1 X18.533 Y.23 E.00676
G1 X20.88 Y2.568 E.15933
G1 X22.273 Y3.857 E.09128
G1 X22.989 Y4.547 E.04783
G1 X23 Y4.646 E.00479
G1 X21.955 Y4.592 E.05033
G1 X20.407 Y4.57 E.07446
G1 X18.94 Y4.608 E.07058
G1 X17.091 Y4.59 E.08893
G1 X15.378 Y4.455 E.08264
G1 X13.08 Y4.427 E.11053
G1 X13.588 Y2.283 E.10597
G1 X13.71 Y.07 E.1066
G1 X13.511 Y-2.265 E.11271
G1 X13.341 Y-3.091 E.04056
G1 X13.065 Y-4.247 E.05716
G1 X15.135 Y-4.294 E.09959
G1 X17.037 Y-4.412 E.09166
G1 X18.887 Y-4.421 E.08898
G1 X20.31 Y-4.366 E.06849
G1 X21.807 Y-4.385 E.07201
G1 X22.933 Y-4.43 E.0542
G1 X22.922 Y-4.33 E.00484
G1 X20.973 Y-2.506 E.12839
G1 X20.023 Y-1.529 E.06554
G1 X18.533 Y-.044 E.10118
G1 X18.491 Y.043 E.00465
G1 X18.7 Y.385 F7800
G1 E-2 F2400
G1 X14.493 Y-3.197 F7800
G1 E2 F2400
;TYPE:Solid infill
;WIDTH:0.519293
G1 F1200
G1 X14.453 Y-3.238 E.00325
G1 X14.398 Y-3.223 E.00323
G1 X14.383 Y-3.168 E.00323
G1 X14.423 Y-3.128 E.00321
G1 X14.478 Y-3.142 E.00322
;WIDTH:0.45
G1 X14.506 Y-2.656 E.02341
G1 X15.082 Y-3.232 E.03918
G1 X15.658 Y-3.264 E.02775
G1 X14.595 Y-2.2 E.07234
G1 X14.632 Y-1.691 E.02455
G1 X16.24 Y-3.3 E.10941
G1 X16.821 Y-3.336 E.028
G1 X14.663 Y-1.177 E.14682
G1 X14.7 Y-.669 E.0245
G1 X17.384 Y-3.353 E.18256
G1 X17.932 Y-3.355 E.02636
G1 X14.743 Y-.166 E.21691
G1 X14.758 Y.364 E.0255
G1 X18.479 Y-3.358 E.25313
G1 X19.022 Y-3.355 E.02612
G1 X14.725 Y.942 E.29228
G1 X14.692 Y1.52 E.02785
G1 X19.551 Y-3.339 E.3305
G1 X20.08 Y-3.322 E.02546
G1 X14.66 Y2.098 E.36866
G1 E-2 F2400
G1 X17.615 Y-.422 F7800
G1 E2 F2400
;WIDTH:0.404381
G1 F1200
G1 X17.865 Y-.719 E.01646
G1 X20.408 Y-3.266 E.15263
G1 X20.46 Y-3.38 E.00531
G1 E-2 F2400
G1 X17.452 Y-.149 F7800
G1 E2 F2400
;WIDTH:0.45
G1 F1200
G1 X14.566 Y2.737 E.1963
G1 X14.35 Y3.04 E.0179
;WIDTH:0.404381
G1 X14.262 Y3.505 E.02007
;WIDTH:0.45
G1 X14.465 Y3.383 E.01139
G1 X17.459 Y.389 E.20365
G1 X17.623 Y.771 E.01999
G1 X15.003 Y3.391 E.17821
G1 X15.536 Y3.403 E.02564
G1 X17.871 Y1.068 E.15882
G1 X20.345 Y3.517 E.16743
G1 X18.931 Y3.547 E.06802
G1 X17.138 Y3.53 E.08624
G1 X16.041 Y3.443 E.05293
G1 X18.008 Y1.476 E.13379
G1 X18.145 Y1.885 E.02075
G1 X19.417 Y3.151 E.08632
G1 X18.141 Y3.154 E.06137
G1 X16.905 Y3.125 E.05946
G1 X18.009 Y2.021 E.07509
G1 X18.146 Y2.393 E.01907
;WIDTH:0.397781
G1 X18.553 Y2.799 E.02391
G1 X17.747 Y2.791 E.03352
G1 X18.009 Y2.529 E.01541
G1 E-2 F2400
G1 X-17.508 Y-.496 F7800
G1 E2 F2400
;TYPE:Perimeter
;WIDTH:0.45
G1 F900
G1 X-17.508 Y-.652 E.0075
G1 X-17.58 Y-1.019 E.01799
G1 X-17.833 Y-1.375 E.02101
G1 X-18.243 Y-1.737 E.02631
G1 X-20.418 Y-3.808 E.14445
G1 X-18.469 Y-3.883 E.09381
G1 X-17.318 Y-3.86 E.05537
G1 X-14.956 Y-3.685 E.11392
G1 X-15.066 Y-3.198 E.02401
G1 X-15.196 Y-2.28 E.04459
G1 X-15.292 Y-.026 E.10851
G1 X-15.274 Y2.107 E.10259
G1 X-15.239 Y2.402 E.01429
G1 X-14.933 Y3.499 E.05478
G1 X-16.153 Y3.518 E.05868
G1 X-18.036 Y3.68 E.0909
G1 X-20.39 Y3.568 E.11335
G1 X-17.812 Y1.164 E.16954
G1 X-17.582 Y.831 E.01947
G1 X-17.509 Y.463 E.01804
G1 X-17.508 Y-.436 E.04324
G1 X-17.894 Y-.493 F7800
G1 F900
G1 X-17.893 Y-.652 E.00765
G1 X-17.937 Y-.873 E.01084
G1 X-18.089 Y-1.086 E.01259
G1 X-18.504 Y-1.453 E.02665
G1 X-21.389 Y-4.201 E.19163
G1 X-20.619 Y-4.186 E.03704
G1 X-18.49 Y-4.268 E.10247
G1 X-17.7 Y-4.277 E.038
G1 X-14.498 Y-4.04 E.15443
G1 X-14.489 Y-3.991 E.0024
G1 X-14.684 Y-3.142 E.0419
G1 X-14.811 Y-2.263 E.04272
G1 X-14.906 Y-.034 E.1073
G1 X-14.867 Y2.299 E.11222
G1 X-14.473 Y3.711 E.07051
G1 X-14.431 Y3.89 E.00884
G1 X-16.147 Y3.904 E.08254
G1 X-18.042 Y4.065 E.09147
G1 X-20.576 Y3.946 E.12201
G1 X-21.344 Y3.945 E.03694
G1 X-20.157 Y2.813 E.07889
G1 X-19.313 Y2.048 E.05479
G1 X-18.076 Y.883 E.08173
G1 X-17.939 Y.684 E.01162
G1 X-17.894 Y.462 E.01089
G1 X-17.894 Y-.433 E.04305
G1 X-18.279 Y-.491 F7800
;TYPE:External perimeter
G1 F900
G1 X-18.279 Y-.653 E.00779
G1 X-18.344 Y-.797 E.0076
G1 X-18.764 Y-1.169 E.02698
G1 X-22.343 Y-4.577 E.23769
G1 X-22.35 Y-4.605 E.00139
G1 X-20.634 Y-4.572 E.08255
G1 X-18.5 Y-4.654 E.10271
G1 X-17.687 Y-4.663 E.0391
G1 X-14.499 Y-4.426 E.15375
G1 X-13.994 Y-4.416 E.02429
G1 X-14.303 Y-3.086 E.06567
G1 X-14.426 Y-2.247 E.04078
G1 X-14.52 Y-.034 E.10653
G1 X-14.496 Y2.195 E.10721
G1 X-14.098 Y3.622 E.07125
G1 X-13.941 Y4.282 E.03263
G1 X-14.947 Y4.27 E.04839
G1 X-16.058 Y4.288 E.05344
G1 X-18.048 Y4.451 E.09603
G1 X-20.577 Y4.331 E.12177
G1 X-22.256 Y4.33 E.08075
G1 X-22.275 Y4.301 E.00167
G1 X-20.42 Y2.531 E.12332
G1 X-19.578 Y1.767 E.05468
G1 X-18.341 Y.602 E.08173
G1 X-18.28 Y.462 E.00734
G1 X-18.279 Y-.431 E.04295
G1 X-18.393 Y-.814 F7800
G1 E-2 F2400
G1 X-17.681 Y-3.599 F7800
G1 E2 F2400
;TYPE:Solid infill
G1 F1200
G1 X-15.303 Y-3.42 E.1147
G1 X-15.478 Y-2.379 E.05077
G1 X-15.539 Y-.993 E.06673
G1 X-15.693 Y-.993 E.00741
G1 X-17.233 Y.547 E.10475
G1 X-17.219 Y.459 E.00429
G1 X-17.219 Y-.642 E.05295
G1 X-17.304 Y-1.093 E.02207
G1 X-17.57 Y-1.521 E.02424
G1 X-18.047 Y-1.95 E.03086
G1 X-19.723 Y-3.545 E.11128
G1 X-18.473 Y-3.593 E.06016
G1 X-17.874 Y-3.598 E.02881
G1 X-17.887 Y-3.212 E.01858
G1 X-18.796 Y-3.195 E.04373
G1 X-17.785 Y-2.233 E.06712
G1 X-17.312 Y-1.808 E.03058
G1 X-17.006 Y-1.368 E.02578
G1 X-16.925 Y-1.167 E.01042
G1 X-16.833 Y-.642 E.02564
G1 X-16.833 Y-.398 E.01174
G1 X-15.966 Y-1.266 E.05901
G1 X-15.913 Y-1.266 E.00255
G1 X-15.863 Y-2.396 E.0544
G1 X-15.754 Y-3.067 E.0327
G1 X-17.694 Y-3.213 E.09357
G1 X-17.708 Y-2.828 E.01853
G1 X-16.204 Y-2.715 E.07254
G1 X-16.248 Y-2.413 E.01468
G1 X-16.289 Y-1.488 E.04453
G1 X-16.545 Y-1.232 E.01741
G1 X-16.681 Y-1.576 E.01779
G1 X-17.055 Y-2.095 E.03077
G1 X-17.812 Y-2.792 E.04949
G1 X-16.622 Y-2.338 F7800
;WIDTH:0.531479
G1 F1200
G1 X-16.664 Y-2.379 E.00342
G1 X-16.72 Y-2.364 E.00338
G1 X-16.735 Y-2.308 E.00338
G1 X-16.694 Y-2.266 E.00342
G1 X-16.638 Y-2.281 E.00338
G1 E-2 F2400
G1 X-18.327 Y1.842 F7800
G1 E2 F2400
;WIDTH:0.404381
G1 F1200
G1 X-19.798 Y3.261 E.08667
G1 X-19.855 Y3.369 E.00518
;WIDTH:0.45
G1 X-19.463 Y3.322 E.01899
G1 X-15.557 Y-.584 E.26568
G1 X-15.581 Y-.015 E.02739
G1 X-18.942 Y3.347 E.22865
G1 X-18.422 Y3.372 E.02504
G1 X-15.574 Y.524 E.19372
G1 X-15.567 Y1.062 E.02588
G1 X-17.893 Y3.388 E.15821
G1 X-17.3 Y3.341 E.02861
G1 X-15.56 Y1.601 E.11835
;WIDTH:0.490739
G1 X-15.458 Y1.548 E.00611
;WIDTH:0.531479
G1 X-15.355 Y1.494 E.00678
G1 X-15.412 Y1.51 E.00345
G1 X-15.453 Y1.468 E.00342
G1 X-15.438 Y1.412 E.00338
G1 X-15.382 Y1.397 E.00338
G1 X-15.34 Y1.438 E.00342
;WIDTH:0.45
G1 X-15.554 Y2.14 E.0353
G1 X-15.545 Y2.345 E.00987
G1 X-15.311 Y3.216 E.04338
G1 X-16.693 Y3.279 E.06654
G1 X-15.69 Y2.276 E.06822
M106 S170.85
;LAYER_CHANGE
;Z:23.15
;HEIGHT:0.299999
G1 E-2 F2400
G1 Z23.15 F7800
G1 Z23.15
G1 X17.544 Y.661
G1 E2 F2400
;TYPE:Perimeter
G1 F900
G1 X17.741 Y.956 E.01706
G1 X19.913 Y3.122 E.14753
G1 X20.629 Y3.796 E.04729
G1 X18.634 Y3.845 E.09598
G1 X17.452 Y3.834 E.05685
G1 X15.161 Y3.654 E.11053
G1 X14.444 Y3.645 E.03449
G1 X14.741 Y2.32 E.06531
G1 X14.869 Y-.002 E.11185
G1 X14.734 Y-1.395 E.06731
G1 X14.672 Y-2.26 E.04171
G1 X14.419 Y-3.487 E.06026
G1 X14.889 Y-3.498 E.02261
G1 X17.392 Y-3.654 E.12062
G1 X18.569 Y-3.659 E.05661
G1 X20.577 Y-3.589 E.09664
G1 X19.975 Y-3.034 E.03938
G1 X17.694 Y-.739 E.15563
G1 X17.493 Y-.387 E.0195
G1 X17.449 Y-.109 E.01354
G1 X17.455 Y.194 E.01458
G1 X17.525 Y.606 E.0201
G1 X17.895 Y.507 F7800
G1 F900
G1 X18.013 Y.683 E.01019
G1 X20.177 Y2.841 E.14699
G1 X21.631 Y4.196 E.09559
G1 X20.546 Y4.181 E.05219
G1 X18.637 Y4.231 E.09185
G1 X17.435 Y4.219 E.05781
G1 X15.157 Y4.039 E.10991
G1 X13.959 Y4.025 E.05762
G1 X14.356 Y2.297 E.08528
G1 X14.485 Y.036 E.10892
G1 X14.35 Y-1.371 E.06798
G1 X14.294 Y-2.182 E.0391
G1 X13.939 Y-3.862 E.08259
G1 X14.865 Y-3.883 E.04455
G1 X17.379 Y-4.039 E.12115
G1 X18.575 Y-4.045 E.05752
G1 X20.463 Y-3.973 E.09087
G1 X21.579 Y-3.987 E.05368
G1 X20.248 Y-2.762 E.087
G1 X18.002 Y-.504 E.15318
G1 X17.861 Y-.27 E.01314
G1 X17.841 Y.185 E.02191
G1 X17.881 Y.449 E.01284
G1 X18.258 Y.345 F7800
;TYPE:External perimeter
G1 F900
G1 X18.285 Y.41 E.00339
G1 X20.442 Y2.56 E.14648
G1 X22.573 Y4.545 E.14007
G1 X22.577 Y4.595 E.00241
G1 X20.556 Y4.566 E.09721
G1 X18.64 Y4.616 E.09218
G1 X17.418 Y4.605 E.05878
G1 X15.152 Y4.425 E.10933
G1 X13.474 Y4.404 E.08071
G1 X13.971 Y2.274 E.1052
G1 X14.101 Y.073 E.10604
G1 X13.965 Y-1.348 E.06866
G1 X13.917 Y-2.104 E.03643
G1 X13.63 Y-3.497 E.06841
G1 X13.453 Y-4.237 E.0366
G1 X14.841 Y-4.268 E.06677
G1 X17.366 Y-4.425 E.12168
G1 X18.582 Y-4.431 E.05849
G1 X20.459 Y-4.358 E.09035
G1 X22.513 Y-4.387 E.0988
G1 X22.507 Y-4.317 E.00338
G1 X20.522 Y-2.49 E.12976
G1 X18.913 Y-.873 E.10971
G1 X18.229 Y-.154 E.04773
G1 X18.229 Y.278 E.02078
G1 X18.234 Y.29 E.00063
G1 X18.485 Y.601 F7800
G1 E-2 F2400
G1 X14.834 Y3.278 F7800
G1 E2 F2400
;TYPE:Solid infill
;WIDTH:0.514967
G1 F1200
G1 X14.794 Y3.318 E.00318
G1 X14.808 Y3.372 E.00314
G1 X14.863 Y3.387 E.0032
G1 X14.903 Y3.347 E.00318
G1 X14.888 Y3.293 E.00315
;WIDTH:0.45
G1 X14.934 Y2.827 E.02252
G1 X15.495 Y3.388 E.03816
G1 X16.087 Y3.435 E.02856
G1 X15.025 Y2.373 E.07224
G1 X15.058 Y1.86 E.02472
G1 X16.68 Y3.482 E.11033
G1 X17.272 Y3.529 E.02856
G1 X15.088 Y1.345 E.14855
G1 X15.117 Y.829 E.02486
G1 X17.836 Y3.548 E.18494
G1 X18.387 Y3.553 E.0265
G1 X15.147 Y.314 E.22035
G1 X15.133 Y-.246 E.02694
G1 X18.927 Y3.548 E.25806
G1 X19.458 Y3.534 E.02555
G1 X15.076 Y-.849 E.29809
G1 X15.021 Y-1.449 E.02898
G1 X17.33 Y.86 E.15706
G1 X17.556 Y1.133 E.01705
;WIDTH:0.404381
G1 X19.71 Y3.284 E.12909
;WIDTH:0.446013
G1 X19.922 Y3.524 E.01524
G1 E-2 F2400
G1 X17.168 Y.153 F7800
G1 E2 F2400
;WIDTH:0.45
G1 F1200
G1 X14.986 Y-2.029 E.14842
G1 X14.77 Y-3.21 E.05774
G1 X17.402 Y-3.365 E.12681
G1 X18.578 Y-3.37 E.05656
G1 X19.859 Y-3.32 E.06166
G1 X17.883 Y-1.341 E.13451
G1 X17.379 Y-.803 E.03546
G1 X17.228 Y-.499 E.01633
G1 X17.203 Y-.357 E.00693
G1 X15.103 Y-2.452 E.14267
G1 X15.379 Y-2.724 E.01864
G1 X17.072 Y-1.034 E.11505
G1 X17.61 Y-1.613 E.03801
G1 X18.959 Y-2.969 E.092
G1 X17.414 Y-2.979 E.07431
G1 X15.234 Y-2.851 E.10503
G1 X16.134 Y-2.517 F7800
G1 F1200
G1 X17.426 Y-2.593 E.06225
G1 X18.044 Y-2.596 E.02972
G1 X17.052 Y-1.599 E.06764
G1 X16.27 Y-2.381 E.05319
G1 X17.038 Y-2.219 F7800
;WIDTH:0.483087
G1 F1200
G1 X17.001 Y-2.182 E.00273
G1 X17.014 Y-2.131 E.00275
G1 X17.065 Y-2.118 E.00275
G1 X17.102 Y-2.155 E.00273
G1 X17.088 Y-2.206 E.00276
G1 E-2 F2400
G1 X-17.622 Y-1.413 F7800
G1 E2 F2400
;TYPE:Perimeter
;WIDTH:0.45
G1 F900
G1 X-17.714 Y-1.584 E.00934
G1 X-17.847 Y-1.727 E.00939
G1 X-18.345 Y-2.168 E.03199
G1 X-20.081 Y-3.814 E.11506
G1 X-17.998 Y-3.889 E.10025
G1 X-15.288 Y-3.677 E.13074
G1 X-15.523 Y-2.665 E.04997
G1 X-15.582 Y-2.251 E.02011
G1 X-15.638 Y-.794 E.07013
G1 X-15.659 Y.93 E.08292
G1 X-15.65 Y2.128 E.05762
G1 X-15.615 Y2.38 E.01224
G1 X-15.307 Y3.486 E.05522
G1 X-16.252 Y3.505 E.04546
G1 X-18.106 Y3.685 E.08959
G1 X-20.061 Y3.584 E.09415
G1 X-17.766 Y1.492 E.14936
G1 X-17.52 Y.993 E.02676
G1 X-17.498 Y-.115 E.0533
G1 X-17.516 Y-.832 E.0345
G1 X-17.577 Y-1.33 E.02413
G1 X-17.593 Y-1.36 E.00164
G1 X-17.973 Y-1.249 F7800
G1 F900
G1 X-18.102 Y-1.438 E.01101
G1 X-18.606 Y-1.884 E.03237
G1 X-21.027 Y-4.179 E.16045
G1 X-17.99 Y-4.276 E.14614
G1 X-14.81 Y-4.033 E.15339
G1 X-15.148 Y-2.578 E.07184
G1 X-15.197 Y-2.236 E.01662
G1 X-15.253 Y-.789 E.06965
G1 X-15.272 Y1.139 E.09273
G1 X-15.244 Y2.277 E.05475
G1 X-14.801 Y3.863 E.0792
G1 X-16.215 Y3.888 E.06802
G1 X-18.097 Y4.071 E.09094
G1 X-20.989 Y3.936 E.13925
G1 X-20.222 Y3.205 E.05096
G1 X-18.015 Y1.189 E.14377
G1 X-17.892 Y.839 E.01784
G1 X-17.884 Y-.105 E.0454
G1 X-17.94 Y-1.199 E.05269
G1 X-18.325 Y-1.08 F7800
;TYPE:External perimeter
G1 F900
G1 X-18.357 Y-1.15 E.0037
G1 X-18.866 Y-1.599 E.03264
G1 X-21.984 Y-4.555 E.20665
G1 X-21.99 Y-4.584 E.00142
G1 X-20.784 Y-4.561 E.05801
G1 X-17.982 Y-4.662 E.13485
G1 X-14.951 Y-4.424 E.14623
G1 X-14.328 Y-4.4 E.02999
G1 X-14.772 Y-2.49 E.09431
G1 X-14.811 Y-2.221 E.01307
G1 X-14.867 Y-.784 E.06917
G1 X-14.886 Y1.137 E.0924
G1 X-14.872 Y2.173 E.04983
G1 X-14.36 Y4.01 E.09172
G1 X-14.302 Y4.253 E.01202
G1 X-16.162 Y4.271 E.08946
G1 X-18.088 Y4.458 E.09307
G1 X-20.731 Y4.322 E.12729
G1 X-21.905 Y4.319 E.05647
G1 X-21.923 Y4.292 E.00156
G1 X-20.485 Y2.923 E.09549
G1 X-18.341 Y.976 E.13929
G1 X-18.278 Y.835 E.00743
G1 X-18.269 Y-.096 E.04478
G1 X-18.292 Y-1.01 E.04397
G1 X-18.3 Y-1.026 E.00086
G1 X-18.565 Y-1.325 F7800
G1 E-2 F2400
G1 X-19.52 Y-3.602 F7800
G1 E2 F2400
;TYPE:Solid infill
;WIDTH:0.404381
G1 F1200
G1 X-19.459 Y-3.49 E.00541
G1 X-17.659 Y-1.751 E.10614
G1 E-2 F2400
G1 X-19.164 Y3.341 F7800
G1 E2 F2400
;WIDTH:0.45
G1 F1200
G1 X-18.112 Y3.395 E.05066
G1 X-16.284 Y3.217 E.08834
G1 X-15.686 Y3.204 E.02877
G1 X-15.892 Y2.462 E.03704
G1 X-15.937 Y1.997 E.02247
G1 X-15.938 Y.037 E.09427
G1 X-16.069 Y.037 E.0063
G1 X-17.251 Y-1.145 E.0804
G1 X-17.209 Y-.085 E.05102
G1 X-17.23 Y.885 E.04666
G1 X-17.252 Y1.088 E.00982
G1 X-17.565 Y1.699 E.03302
G1 X-19.357 Y3.331 E.11658
G1 X-18.414 Y2.993 F7800
G1 F1200
G1 X-17.305 Y1.984 E.07211
G1 X-17.175 Y1.809 E.01049
;WIDTH:0.476092
G1 X-16.894 Y1.263 E.03153
;WIDTH:0.514589
G1 X-16.815 Y1.017 E.01451
G1 X-16.804 Y.423 E.03336
;WIDTH:0.510383
G1 X-16.792 Y-.095 E.02882
G1 X-16.357 Y.331 E.03387
G1 X-16.342 Y1.387 E.05875
;WIDTH:0.476092
G1 X-16.31 Y2.328 E.04835
;WIDTH:0.45
G1 X-16.19 Y2.829 E.02478
G1 X-18.112 Y3.007 E.09284
G1 X-18.221 Y3.002 E.00525
G1 X-17.386 Y2.562 F7800
;WIDTH:0.425242
G1 F1200
G1 X-16.947 Y2.145 E.02725
G1 X-16.699 Y1.685 E.02352
G1 X-16.66 Y2.491 E.03632
G1 X-17.194 Y2.543 E.02415
G1 E-2 F2400
G1 X-15.933 Y-.372 F7800
G1 E2 F2400
;WIDTH:0.45
G1 F1200
G1 X-19.119 Y-3.558 E.21671
G1 X-17.967 Y-3.597 E.05544
G1 X-15.646 Y-3.415 E.11197
G1 X-15.804 Y-2.735 E.03358
G1 X-15.871 Y-2.257 E.02321
G1 X-15.923 Y-.908 E.06493
G1 X-18.455 Y-3.44 E.17222
G1 X-17.655 Y-3.186 F7800
G1 F1200
G1 X-16.123 Y-3.065 E.07391
G1 X-16.18 Y-2.822 E.012
G1 X-16.251 Y-2.33 E.02391
G1 X-16.275 Y-1.805 E.02528
G1 X-17.519 Y-3.049 E.08462
G1 X-16.617 Y-2.751 F7800
;WIDTH:0.480525
G1 F1200
G1 X-16.654 Y-2.715 E.00268
G1 X-16.641 Y-2.664 E.00273
G1 X-16.59 Y-2.651 E.00273
G1 X-16.554 Y-2.688 E.00268
G1 X-16.567 Y-2.738 E.00268
G1 E-10 F2400
T1
G1 X22.949 Y-4.412 F7800
G1 Z23.15
G1 E10 F2400
;TYPE:External perimeter
;WIDTH:0.413695
G1 F900
G1 X22.921 Y-4.146 E.01165
G1 E-2 F2400
G1 X23.014 Y4.625 F7800
G1 E2 F2400
;WIDTH:0.417351
G1 F900
G1 X22.99 Y4.385 E.01062
G1 E-2 F2400
G1 X19.801 Y-.034 F7800
G1 E2 F2400
;TYPE:Perimeter
;WIDTH:0.45
G1 F900
G1 X21.366 Y-1.607 E.10672
G1 X21.933 Y-2.11 E.03646
G1 X22.044 Y.458 E.12363
G1 X21.995 Y2.345 E.09079
G1 X21.29 Y1.681 E.04658
G1 X19.686 Y.082 E.10893
G1 X19.759 Y.009 E.00497
G1 X19.176 Y.047 F7800
G1 F900
G1 X21.104 Y-1.891 E.13148
G1 X22.395 Y-3.078 E.08435
G1 X22.319 Y-2.126 E.04593
G1 X22.43 Y.455 E.12425
G1 X22.382 Y2.403 E.09372
G1 X22.452 Y3.292 E.04289
G1 X21.021 Y1.958 E.09409
G1 X19.148 Y.09 E.12723
G1 X18.676 Y.164 F7800
;TYPE:External perimeter
G1 F900
G1 X18.672 Y.007 E.00755
G1 X20.837 Y-2.169 E.14764
G1 X22.876 Y-4.064 E.13388
;WIDTH:0.420683
G1 X22.921 Y-4.146 E.00416
G1 X22.905 Y-4.049 E.00437
;WIDTH:0.45
G1 X22.764 Y-2.907 E.05534
G1 X22.704 Y-2.143 E.03686
G1 X22.815 Y.452 E.12492
G1 X22.766 Y2.353 E.09146
G1 X22.844 Y3.353 E.04824
G1 X22.968 Y4.259 E.04398
;WIDTH:0.420513
G1 X22.99 Y4.385 E.00568
G1 X22.94 Y4.273 E.00545
;WIDTH:0.45
G1 X20.753 Y2.235 E.14378
G1 X18.719 Y.206 E.13818
G1 X18.846 Y-.173 F7800
G1 X20.095 Y.08
;TYPE:Solid infill
G1 F1200
G1 X21.67 Y-1.495 E.10713
G1 X21.754 Y.461 E.09416
G1 X21.722 Y1.684 E.05884
G1 X20.232 Y.216 E.1006
G1 X20.713 Y.077 E.02408
;WIDTH:0.550821
G1 X21.277 Y-.489 E.04848
G1 X21.313 Y.668 E.07023
G1 X20.851 Y.213 E.03934
G1 E-2 F2400
G1 X-22.327 Y4.363 F7800
G1 E2 F2400
;TYPE:External perimeter
;WIDTH:0.404381
G1 F900
G1 X-22.318 Y4.171 E.00815
G1 E-2 F2400
G1 X-22.398 Y-4.631 F7800
G1 E2 F2400
G1 F900
G1 X-22.38 Y-4.405 E.00961
G1 E-2 F2400
G1 X-19.502 Y-.527 F7800
G1 E2 F2400
;TYPE:Perimeter
;WIDTH:0.45
G1 F900
G1 X-19.491 Y-.067 E.02213
G1 X-19.495 Y.374 E.02121
G1 X-21.398 Y2.106 E.12376
G1 X-21.349 Y1.044 E.05113
G1 X-21.341 Y-.045 E.05238
G1 X-21.439 Y-1.323 E.06165
G1 X-21.462 Y-2.378 E.05075
G1 X-19.543 Y-.57 E.12681
G1 X-19.12 Y-.706 F7800
G1 F900
G1 X-19.105 Y-.064 E.03089
G1 X-19.111 Y.546 E.02934
G1 X-21.059 Y2.316 E.12659
G1 X-21.829 Y3.049 E.05113
G1 X-21.734 Y1.041 E.09669
G1 X-21.726 Y-.048 E.05238
G1 X-21.824 Y-1.302 E.0605
G1 X-21.867 Y-3.294 E.09583
G1 X-19.162 Y-.748 E.17867
G1 X-18.739 Y-.887 F7800
;TYPE:External perimeter
G1 F900
G1 X-18.72 Y-.06 E.03979
G1 X-18.727 Y.719 E.03747
G1 X-20.793 Y2.595 E.13422
G1 X-22.284 Y4.063 E.10064
;WIDTH:0.417729
G1 X-22.318 Y4.171 E.00499
G1 X-22.298 Y4.057 E.0051
;WIDTH:0.45
G1 X-22.12 Y1.038 E.14546
G1 X-22.112 Y-.136 E.05647
G1 X-22.21 Y-1.281 E.05527
G1 X-22.254 Y-3.324 E.09828
G1 X-22.364 Y-4.319 E.04815
;WIDTH:0.414648
G1 X-22.38 Y-4.405 E.00382
G1 X-22.346 Y-4.327 E.00372
;WIDTH:0.45
G1 X-21.644 Y-3.613 E.04816
G1 X-19.168 Y-1.265 E.16412
G1 X-18.784 Y-.926 E.02464
G1 X-18.735 Y-.529 F7800
G1 E-2 F2400
G1 X-21.052 Y-.127 F7800
G1 E2 F2400
;TYPE:Solid infill
G1 F1200
G1 X-21.15 Y-1.333 E.0582
G1 X-21.158 Y-1.692 E.01727
G1 X-19.789 Y-.401 E.0905
G1 X-19.784 Y.246 E.03112
G1 X-21.077 Y1.42 E.084
G1 X-21.052 Y.066 E.06513
G1 X-20.641 Y.032 E.01984
;WIDTH:0.504515
G1 X-20.642 Y.468 E.02393
G1 X-20.198 Y.064 E.03295
G1 X-20.2 Y-.221 E.01565
;WIDTH:0.503937
G1 X-20.682 Y-.676 E.03634
G1 X-20.64 Y-.161 E.02833
M106 S178.5
;LAYER_CHANGE
;Z:23.45
;HEIGHT:0.300001
G1 E-2 F2400
G1 Z23.45 F7800
G1 Z23.45
G1 X22.561 Y-4.415
G1 E2 F2400
;TYPE:External perimeter
;WIDTH:0.404381
G1 F900
G1 X22.54 Y-4.183 E.00988
G1 E-2 F2400
G1 X22.626 Y4.633 F7800
G1 E2 F2400
G1 F900
G1 X22.611 Y4.429 E.00867
G1 E-2 F2400
G1 X19.438 Y.224 F7800
G1 E2 F2400
;TYPE:Perimeter
;WIDTH:0.45
G1 F900
G1 X19.433 Y.219 E.00034
G1 X19.425 Y-.068 E.01381
G1 X20.79 Y-1.417 E.0923
G1 X21.562 Y-2.133 E.05064
G1 X21.564 Y-1.413 E.03463
G1 X21.659 Y.906 E.11163
G1 X21.622 Y2.323 E.06818
G1 X20.785 Y1.56 E.05447
G1 X19.481 Y.266 E.08836
G1 X19.054 Y.387 F7800
G1 F900
G1 X19.051 Y.384 E.0002
G1 X19.035 Y-.225 E.0293
G1 X20.524 Y-1.696 E.10067
G1 X22.022 Y-3.087 E.09832
G1 X21.947 Y-2.142 E.04559
G1 X21.949 Y-1.429 E.03429
G1 X22.045 Y.904 E.1123
G1 X22.007 Y2.334 E.0688
G1 X22.075 Y3.027 E.03349
G1 X22.094 Y3.296 E.01297
G1 X20.519 Y1.84 E.10316
G1 X19.097 Y.429 E.09635
G1 X18.67 Y.549 F7800
;TYPE:External perimeter
G1 F900
G1 X18.645 Y-.381 E.04475
G1 X20.257 Y-1.974 E.109
G1 X22.503 Y-4.103 E.14884
;WIDTH:0.414983
G1 X22.54 Y-4.183 E.00385
G1 X22.523 Y-4.094 E.00396
;WIDTH:0.45
G1 X22.333 Y-2.143 E.09428
G1 X22.335 Y-1.444 E.03362
G1 X22.431 Y.901 E.11288
G1 X22.393 Y2.344 E.06943
G1 X22.459 Y2.998 E.03161
G1 X22.589 Y4.317 E.06375
;WIDTH:0.417616
G1 X22.611 Y4.429 E.00503
G1 X22.574 Y4.324 E.0049
;WIDTH:0.45
G1 X21.633 Y3.391 E.06373
G1 X20.253 Y2.119 E.09027
G1 X18.713 Y.591 E.10434
G1 X18.665 Y.194 F7800
G1 E-2 F2400
G1 X21.273 Y-1.471 F7800
G1 E2 F2400
;TYPE:Solid infill
G1 F1200
G1 X21.37 Y.908 E.11452
G1 X21.349 Y1.683 E.03729
G1 X20.984 Y1.35 E.02376
G1 X19.734 Y.111 E.08465
G1 X19.717 Y.05 E.00305
G1 X21.132 Y-1.34 E.0954
G1 X20.878 Y-.485 F7800
;WIDTH:0.548909
G1 F1200
G1 X20.925 Y.679 E.0704
G1 X20.313 Y.072 E.05209
G1 X20.74 Y-.35 E.03628
G1 E-2 F2400
G1 X-21.975 Y4.354 F7800
G1 E2 F2400
;TYPE:External perimeter
;WIDTH:0.404381
G1 F900
G1 X-21.966 Y4.162 E.00815
G1 E-2 F2400
G1 X-22.039 Y-4.61 F7800
G1 E2 F2400
G1 F900
G1 X-22.021 Y-4.384 E.00961
G1 E-2 F2400
G1 X-19.47 Y-.843 F7800
G1 E2 F2400
;TYPE:Perimeter
;WIDTH:0.45
G1 F900
G1 X-19.454 Y-.373 E.02262
G1 X-19.457 Y.685 E.05089
G1 X-21.045 Y2.12 E.10294
G1 X-20.969 Y.537 E.07622
G1 X-20.967 Y-.189 E.03492
G1 X-21.102 Y-1.777 E.07665
G1 X-21.118 Y-2.379 E.02896
G1 X-19.514 Y-.884 E.10546
G1 X-19.09 Y-1.022 F7800
G1 F900
G1 X-19.068 Y-.372 E.03128
G1 X-19.076 Y.861 E.0593
G1 X-21.476 Y3.04 E.15591
G1 X-21.354 Y.519 E.12139
G1 X-21.351 Y-.156 E.03247
G1 X-21.487 Y-1.755 E.07718
G1 X-21.529 Y-3.296 E.07414
G1 X-19.538 Y-1.419 E.13161
G1 X-19.135 Y-1.062 E.02589
G1 X-18.711 Y-1.201 F7800
;TYPE:External perimeter
G1 F900
G1 X-18.682 Y-.371 E.03994
G1 X-18.696 Y1.037 E.06772
G1 X-20.975 Y3.095 E.14769
G1 X-21.932 Y4.055 E.0652
;WIDTH:0.417705
G1 X-21.966 Y4.162 E.00495
G1 X-21.946 Y4.049 E.00506
;WIDTH:0.45
G1 X-21.845 Y2.697 E.06521
G1 X-21.739 Y.5 E.10579
G1 X-21.735 Y-.123 E.02996
G1 X-21.872 Y-1.734 E.07776
G1 X-21.926 Y-3.73 E.09604
G1 X-22.021 Y-4.384 E.03179
;WIDTH:0.414704
G1 X-21.986 Y-4.306 E.00374
;WIDTH:0.45
G1 X-21.595 Y-3.888 E.02753
G1 X-19.274 Y-1.7 E.15341
G1 X-18.756 Y-1.241 E.03329
G1 X-18.703 Y-.845 F7800
G1 E-2 F2400
G1 X-20.797 Y-1.68 F7800
G1 E2 F2400
;TYPE:Solid infill
G1 F1200
G1 X-19.756 Y-.711 E.0684
G1 X-19.745 Y.556 E.06094
G1 X-20.723 Y1.439 E.06337
G1 X-20.68 Y.546 E.043
G1 X-20.675 Y-.116 E.03184
G1 X-20.782 Y-1.488 E.06619
G1 X-20.229 Y-.503 F7800
;WIDTH:0.628411
G1 F1200
G1 X-20.213 Y.35 E.06002
G1 E-10 F2400
T0
G1 X17.533 Y1.034 F7800
G1 Z23.45
G1 E10 F2400
;TYPE:Perimeter
;WIDTH:0.45
G1 F900
G1 X17.736 Y1.342 E.01774
G1 X19.427 Y3.018 E.11451
G1 X20.287 Y3.802 E.05597
G1 X18.334 Y3.853 E.09396
G1 X17.779 Y3.848 E.02669
G1 X14.834 Y3.623 E.14206
G1 X15.124 Y2.314 E.06448
G1 X15.26 Y.006 E.1112
G1 X15.047 Y-2.247 E.10884
G1 X14.792 Y-3.485 E.06079
G1 X17.721 Y-3.667 E.14115
G1 X18.263 Y-3.67 E.02607
G1 X20.207 Y-3.594 E.09357
G1 X19.401 Y-2.846 E.05289
G1 X17.707 Y-1.171 E.11458
G1 X17.481 Y-.822 E.02
G1 X17.421 Y-.442 E.0185
G1 X17.451 Y.647 E.0524
G1 X17.512 Y.979 E.01624
G1 X17.886 Y.884 F7800
G1 F900
G1 X18.007 Y1.068 E.01059
G1 X19.686 Y2.733 E.11373
G1 X21.257 Y4.185 E.10289
G1 X20.703 Y4.177 E.02665
G1 X18.337 Y4.239 E.11384
G1 X17.762 Y4.233 E.02766
G1 X14.969 Y4.011 E.13476
G1 X14.351 Y4.003 E.02973
G1 X14.739 Y2.29 E.08448
G1 X14.876 Y.041 E.10837
G1 X14.67 Y-2.169 E.10675
G1 X14.323 Y-3.852 E.08265
G1 X17.708 Y-4.052 E.16309
G1 X18.27 Y-4.055 E.02703
G1 X20.582 Y-3.966 E.11128
G1 X21.181 Y-3.972 E.02881
G1 X19.672 Y-2.572 E.099
G1 X17.978 Y-.897 E.11458
G1 X17.842 Y-.688 E.01199
G1 X17.807 Y-.459 E.01114
G1 X17.836 Y.651 E.05341
G1 X17.869 Y.827 E.00861
G1 X18.251 Y.727 F7800
;TYPE:External perimeter
G1 F900
G1 X18.279 Y.795 E.00354
G1 X19.946 Y2.448 E.11291
G1 X20.864 Y3.284 E.05972
G1 X22.216 Y4.565 E.08958
G1 X22.217 Y4.584 E.00092
G1 X20.713 Y4.563 E.07234
G1 X18.341 Y4.624 E.11412
G1 X17.745 Y4.619 E.02867
G1 X14.938 Y4.396 E.13543
G1 X13.867 Y4.382 E.05152
G1 X14.354 Y2.265 E.10448
G1 X14.492 Y.076 E.10549
G1 X14.292 Y-2.091 E.10467
G1 X13.841 Y-4.227 E.105
G1 X14.548 Y-4.243 E.03401
G1 X17.695 Y-4.438 E.15165
G1 X18.276 Y-4.441 E.02794
G1 X20.597 Y-4.351 E.11172
G1 X22.129 Y-4.37 E.07369
G1 X22.147 Y-4.343 E.00156
G1 X19.948 Y-2.301 E.14433
G1 X18.249 Y-.623 E.11485
G1 X18.192 Y-.477 E.00754
G1 X18.222 Y.656 E.05451
G1 X18.229 Y.672 E.00084
G1 X18.478 Y.984 F7800
G1 E-2 F2400
G1 X15.243 Y-3.197 F7800
G1 E2 F2400
;TYPE:Solid infill
;WIDTH:0.525707
G1 F1200
G1 X15.202 Y-3.238 E.00334
G1 X15.147 Y-3.223 E.00328
G1 X15.132 Y-3.167 E.00334
G1 X15.172 Y-3.126 E.0033
G1 X15.228 Y-3.141 E.00334
;WIDTH:0.45
G1 X15.255 Y-2.651 E.0236
G1 X15.866 Y-3.262 E.04156
G1 X16.448 Y-3.298 E.02805
G1 X15.346 Y-2.196 E.07496
G1 X15.394 Y-1.699 E.02402
G1 X17.029 Y-3.334 E.11121
G1 X17.611 Y-3.37 E.02805
G1 X15.439 Y-1.199 E.1477
G1 X15.485 Y-.699 E.02415
G1 X18.165 Y-3.379 E.18229
G1 X18.694 Y-3.364 E.02545
G1 X15.53 Y-.199 E.21525
G1 X15.534 Y.342 E.02602
G1 X19.22 Y-3.343 E.25068
G1 X19.628 Y-3.38 E.0197
;WIDTH:0.404381
G1 X19.565 Y-3.27 E.00538
G1 X17.523 Y-1.246 E.12192
;WIDTH:0.45
G1 X17.183 Y-.761 E.02849
G1 X17.133 Y-.422 E.01648
G1 X17.168 Y.777 E.05769
G1 X17.241 Y1.089 E.01541
G1 X17.492 Y1.505 E.02337
G1 X19.192 Y3.194 E.11526
G1 X19.561 Y3.532 E.02407
G1 X18.332 Y3.564 E.05913
G1 X17.792 Y3.559 E.02597
G1 X15.194 Y3.352 E.12535
G1 X15.413 Y2.328 E.05036
G1 X15.509 Y.751 E.07599
G1 X15.67 Y.751 E.00774
G1 X17.046 Y-.625 E.09359
G1 X16.765 Y.202 F7800
G1 F1200
G1 X16.799 Y.91 E.03409
G1 X16.935 Y1.346 E.02197
G1 X17.22 Y1.778 E.02489
G1 X18.621 Y3.171 E.09502
G1 X17.809 Y3.173 E.03905
G1 X15.671 Y3.003 E.10315
G1 X15.798 Y2.352 E.0319
G1 X15.879 Y1.024 E.06399
G1 X15.943 Y1.024 E.00308
G1 X16.629 Y.338 E.04666
G1 X16.442 Y1.071 E.03638
G1 X16.607 Y1.548 E.02428
G1 X16.949 Y2.052 E.02929
G1 X17.677 Y2.776 E.04938
G1 X16.164 Y2.656 E.073
G1 X16.251 Y1.262 E.06718
G1 X16.305 Y1.207 E.00371
G1 X16.652 Y2.265 F7800
;WIDTH:0.498699
G1 F1200
G1 X16.613 Y2.227 E.00295
G1 X16.561 Y2.241 E.00292
G1 X16.547 Y2.293 E.00292
G1 X16.585 Y2.331 E.00291
G1 X16.638 Y2.317 E.00297
G1 E-2 F2400
G1 X-17.597 Y-1.724 F7800
G1 E2 F2400
;TYPE:Perimeter
;WIDTH:0.45
G1 F900
G1 X-17.615 Y-1.789 E.00324
G1 X-17.819 Y-2.043 E.01567
G1 X-18.448 Y-2.599 E.04038
G1 X-19.744 Y-3.821 E.08567
G1 X-18.261 Y-3.876 E.07138
G1 X-15.605 Y-3.686 E.12807
G1 X-15.877 Y-2.461 E.06035
G1 X-15.909 Y-2.22 E.01169
G1 X-15.955 Y1.486 E.17826
G1 X-15.936 Y2.327 E.04046
G1 X-15.657 Y3.474 E.05678
G1 X-16.278 Y3.487 E.02987
G1 X-18.232 Y3.673 E.09441
G1 X-19.71 Y3.599 E.07118
G1 X-17.667 Y1.728 E.13324
G1 X-17.495 Y1.333 E.02072
G1 X-17.457 Y-.082 E.06808
G1 X-17.494 Y-1.35 E.06101
G1 X-17.581 Y-1.666 E.01576
G1 X-17.941 Y-1.563 F7800
G1 F900
G1 X-17.952 Y-1.602 E.00195
G1 X-18.074 Y-1.754 E.00937
G1 X-18.708 Y-2.315 E.04072
G1 X-20.678 Y-4.173 E.13024
G1 X-18.275 Y-4.261 E.11565
G1 X-15.132 Y-4.038 E.15155
G1 X-15.524 Y-2.215 E.08968
G1 X-15.57 Y1.491 E.17826
G1 X-15.561 Y2.236 E.03583
G1 X-15.169 Y3.853 E.08002
G1 X-16.239 Y3.871 E.05147
G1 X-18.233 Y4.059 E.09633
G1 X-20.648 Y3.938 E.1163
G1 X-18.759 Y2.22 E.12281
G1 X-17.942 Y1.443 E.05423
G1 X-17.864 Y1.164 E.01393
G1 X-17.843 Y-.089 E.06027
G1 X-17.88 Y-1.338 E.0601
G1 X-17.925 Y-1.505 E.00832
G1 X-18.298 Y-1.396 F7800
;TYPE:External perimeter
G1 F900
G1 X-18.33 Y-1.465 E.00366
G1 X-18.968 Y-2.03 E.04099
G1 X-21.624 Y-4.535 E.1756
G1 X-21.613 Y-4.563 E.00145
G1 X-20.933 Y-4.55 E.03271
G1 X-18.289 Y-4.646 E.12725
G1 X-14.658 Y-4.389 E.17508
G1 X-15.138 Y-2.21 E.10731
G1 X-15.186 Y2.145 E.20947
G1 X-14.67 Y4.232 E.1034
G1 X-16.2 Y4.254 E.0736
G1 X-18.235 Y4.445 E.09831
G1 X-20.886 Y4.312 E.12766
G1 X-21.553 Y4.311 E.03208
G1 X-21.571 Y4.284 E.00156
G1 X-20.667 Y3.424 E.06001
G1 X-18.313 Y1.298 E.15256
G1 X-18.25 Y1.158 E.00738
G1 X-18.228 Y-.105 E.06076
G1 X-18.265 Y-1.326 E.05875
G1 X-18.272 Y-1.342 E.00084
G1 X-18.538 Y-1.641 F7800
G1 X-18.219 Y-3.586
;TYPE:Solid infill
G1 F1200
G1 X-15.959 Y-3.422 E.10898
G1 X-16.199 Y-2.219 E.059
G1 X-16.246 Y1.594 E.18341
G1 X-16.223 Y2.365 E.0371
G1 X-16.023 Y3.192 E.04092
G1 X-16.31 Y3.199 E.01381
G1 X-18.234 Y3.383 E.09296
G1 X-18.999 Y3.345 E.03684
G1 X-17.532 Y2.014 E.09527
G1 X-17.371 Y1.8 E.01288
G1 X-17.22 Y1.413 E.01998
G1 X-17.189 Y1.172 E.01169
G1 X-17.168 Y-.081 E.06027
G1 X-17.211 Y-1.392 E.06309
G1 X-17.349 Y-1.892 E.02495
G1 X-17.629 Y-2.261 E.02228
G1 X-18.253 Y-2.813 E.04007
G1 X-19.042 Y-3.557 E.05216
G1 X-18.412 Y-3.58 E.03032
G1 X-18.091 Y-3.19 E.02429
G1 X-16.433 Y-3.07 E.07995
G1 X-16.544 Y-2.568 E.02473
G1 X-16.586 Y-2.045 E.02524
G1 X-16.573 Y-1.785 E.01252
;WIDTH:0.41642
G1 X-16.559 Y-1.526 E.01139
;WIDTH:0.38284
G1 X-16.556 Y-.91 E.02447
;WIDTH:0.406485
G1 X-16.58 Y-.844 E.003
;WIDTH:0.45298
G1 X-16.604 Y-.778 E.0034
;WIDTH:0.499475
G1 X-16.628 Y-.711 E.00386
;WIDTH:0.54597
G1 X-16.652 Y-.645 E.00422
;WIDTH:0.592465
G1 X-16.676 Y-.579 E.00463
;WIDTH:0.638961
G1 X-16.7 Y-.512 E.0051
G1 X-16.725 Y-.578 E.00506
;WIDTH:0.592465
G1 X-16.75 Y-.644 E.00465
;WIDTH:0.54597
G1 X-16.776 Y-.71 E.00426
;WIDTH:0.499475
G1 X-16.801 Y-.776 E.00383
;WIDTH:0.45298
G1 X-16.826 Y-.842 E.00342
;WIDTH:0.406485
G1 X-16.851 Y-.908 E.00301
;WIDTH:0.38284
G1 X-16.872 Y-1.486 E.02297
;WIDTH:0.41642
G1 X-16.949 Y-1.8 E.0142
;WIDTH:0.45
G1 X-17.026 Y-2.115 E.0156
G1 X-17.374 Y-2.55 E.02679
G1 X-17.947 Y-3.062 E.03696
G1 X-16.889 Y-2.705 F7800
;WIDTH:0.509989
G1 F1200
G1 X-16.928 Y-2.744 E.00307
G1 X-16.982 Y-2.73 E.0031
G1 X-16.997 Y-2.676 E.00311
G1 X-16.957 Y-2.637 E.0031
G1 X-16.903 Y-2.651 E.0031
G1 E-2 F2400
G1 X-16.7 Y-.512 F7800
G1 E2 F2400
;WIDTH:0.638961
G1 F1200
G1 X-16.697 Y-.073 E.03146
;WIDTH:0.627389
G1 X-16.715 Y1.18 E.088
;WIDTH:0.645999
G1 X-16.727 Y1.415 E.01707
G1 X-16.773 Y1.5 E.00701
;WIDTH:0.610824
G1 X-16.819 Y1.585 E.00659
;WIDTH:0.575649
G1 X-16.874 Y1.685 E.00728
;WIDTH:0.533766
G1 X-16.929 Y1.786 E.00673
;WIDTH:0.491883
G1 X-16.984 Y1.887 E.00613
;WIDTH:0.45
G1 X-17.233 Y2.26 E.02157
G1 X-18.017 Y2.975 E.05103
G1 X-16.507 Y2.831 E.07296
G1 X-16.634 Y2.145 E.03355
;WIDTH:0.486905
G1 X-16.652 Y1.959 E.00985
;WIDTH:0.52381
G1 X-16.669 Y1.774 E.01065
;WIDTH:0.560716
G1 X-16.687 Y1.589 E.01151
;WIDTH:0.603357
G1 X-16.707 Y1.502 E.006
;WIDTH:0.645999
G1 X-16.727 Y1.415 E.00648
M106 S186.15
;LAYER_CHANGE
;Z:23.75
;HEIGHT:0.299999
G1 E-2 F2400
G1 Z23.75 F7800
G1 Z23.75
G1 X17.506 Y1.386
G1 E2 F2400
;TYPE:Perimeter
;WIDTH:0.45
G1 F900
G1 X17.709 Y1.703 E.0181
G1 X19.039 Y3.014 E.08982
G1 X19.928 Y3.812 E.05746
G1 X18.085 Y3.859 E.08867
G1 X15.219 Y3.633 E.13827
G1 X15.34 Y3.099 E.02633
G1 X15.473 Y2.32 E.03801
G1 X15.625 Y.004 E.11163
G1 X15.405 Y-2.232 E.10806
G1 X15.148 Y-3.507 E.06256
G1 X18.069 Y-3.675 E.14072
G1 X19.864 Y-3.606 E.0864
G1 X19.017 Y-2.846 E.05473
G1 X17.675 Y-1.551 E.0897
G1 X17.433 Y-1.172 E.02163
G1 X17.381 Y-.806 E.01778
G1 X17.439 Y.275 E.05207
G1 X17.422 Y.994 E.03459
G1 X17.477 Y1.334 E.01657
G1 X17.858 Y1.238 F7800
G1 F900
G1 X17.98 Y1.429 E.0109
G1 X19.297 Y2.727 E.08894
G1 X20.898 Y4.173 E.10376
G1 X18.075 Y4.245 E.13582
G1 X14.743 Y3.982 E.16076
G1 X14.961 Y3.032 E.04688
G1 X15.089 Y2.292 E.03612
G1 X15.241 Y.041 E.10851
G1 X15.027 Y-2.156 E.10617
G1 X14.683 Y-3.866 E.08389
G1 X18.066 Y-4.061 E.16298
G1 X20.818 Y-3.959 E.13245
G1 X19.285 Y-2.568 E.09956
G1 X17.943 Y-1.274 E.08966
G1 X17.797 Y-1.046 E.01302
G1 X17.766 Y-.827 E.01064
G1 X17.825 Y.27 E.05284
G1 X17.808 Y1.003 E.03526
G1 X17.837 Y1.184 E.00882
G1 X18.223 Y1.085 F7800
;TYPE:External perimeter
G1 F900
G1 X18.251 Y1.154 E.00358
G1 X19.555 Y2.44 E.08809
G1 X20.943 Y3.687 E.08974
G1 X21.857 Y4.554 E.06059
G1 X21.839 Y4.573 E.00126
G1 X20.87 Y4.559 E.04661
G1 X18.064 Y4.631 E.135
G1 X15.655 Y4.441 E.11622
G1 X14.261 Y4.36 E.06716
G1 X14.581 Y2.965 E.06884
G1 X14.704 Y2.265 E.03418
G1 X14.857 Y.078 E.10544
G1 X14.649 Y-2.08 E.10427
G1 X14.217 Y-4.226 E.10529
G1 X18.062 Y-4.448 E.18524
G1 X20.756 Y-4.344 E.12967
G1 X21.767 Y-4.357 E.04863
G1 X21.784 Y-4.331 E.00149
G1 X20.621 Y-3.249 E.0764
G1 X19.552 Y-2.291 E.06904
G1 X18.21 Y-.996 E.0897
G1 X18.152 Y-.847 E.00769
G1 X18.211 Y.264 E.05351
G1 X18.193 Y1.012 E.03599
G1 X18.2 Y1.03 E.00093
G1 X18.45 Y1.342 F7800
G1 E-2 F2400
G1 X15.903 Y.211 F7800
G1 E2 F2400
;TYPE:Solid infill
G1 F1200
G1 X15.758 Y2.376 E.10436
G1 X15.572 Y3.37 E.04864
G1 X18.092 Y3.57 E.12158
G1 X19.195 Y3.541 E.05307
G1 X18.808 Y3.193 E.02503
G1 X17.46 Y1.861 E.09115
G1 X17.2 Y1.415 E.02483
G1 X17.139 Y1.122 E.01439
G1 X17.15 Y.28 E.0405
G1 X17.093 Y-.782 E.05115
G1 X17.181 Y-1.307 E.0256
G1 X17.452 Y-1.733 E.02428
G1 X18.815 Y-3.053 E.09126
G1 X19.139 Y-3.345 E.02098
G1 X18.098 Y-3.385 E.05011
G1 X15.497 Y-3.237 E.1253
G1 X15.701 Y-2.214 E.05017
G1 X15.916 Y.018 E.10785
G1 X16.315 Y-.02 E.01928
;WIDTH:0.507011
G1 X16.245 Y-.886 E.04797
G1 X16.192 Y-1.285 E.02222
;WIDTH:0.478505
G1 X16.14 Y-1.685 E.02083
;WIDTH:0.45
G1 X16.079 Y-2.289 E.0292
G1 X15.962 Y-2.877 E.02884
G1 X18.2 Y-2.995 E.10779
G1 X17.136 Y-1.955 E.07156
G1 X16.855 Y-1.514 E.02515
G1 X16.771 Y-1.284 E.01178
;WIDTH:0.495976
G1 X16.685 Y-.76 E.02858
G1 X16.741 Y.296 E.05693
;WIDTH:0.524041
G1 X16.72 Y1.19 E.05127
G1 X16.805 Y1.429 E.01454
;WIDTH:0.48702
G1 X16.891 Y1.667 E.01334
;WIDTH:0.45
G1 X17.189 Y2.135 E.02669
G1 X18.246 Y3.18 E.07149
G1 X18.103 Y3.184 E.00688
G1 X16.03 Y3.02 E.10002
G1 X16.143 Y2.402 E.03022
G1 X16.182 Y1.836 E.02729
;WIDTH:0.484161
G1 X16.224 Y1.467 E.01944
;WIDTH:0.518322
G1 X16.266 Y1.099 E.02097
G1 X16.307 Y.172 E.05254
G1 X16.567 Y1.884 F7800
;WIDTH:0.455408
G1 F1200
G1 X16.869 Y2.36 E.02749
G1 X17.235 Y2.726 E.02524
G1 X16.492 Y2.667 E.03635
G1 X16.531 Y2.428 E.01181
G1 X16.554 Y2.076 E.0172
G1 E-2 F2400
G1 X16.529 Y-1.733 F7800
G1 E2 F2400
;WIDTH:0.463919
G1 F1200
G1 X16.435 Y-2.511 E.03905
G1 X17.176 Y-2.553 E.03699
G1 X16.815 Y-2.181 E.02583
G1 X16.633 Y-1.896 E.01685
G1 E-2 F2400
G1 X-17.559 Y-2.032 F7800
G1 E2 F2400
;TYPE:Perimeter
;WIDTH:0.45
G1 F900
G1 X-17.617 Y-2.144 E.00607
G1 X-17.786 Y-2.342 E.01252
G1 X-18.553 Y-3.029 E.04952
G1 X-19.4 Y-3.823 E.05584
G1 X-18.452 Y-3.855 E.04562
G1 X-17.775 Y-3.822 E.0326
G1 X-15.915 Y-3.676 E.08973
G1 X-16.198 Y-2.232 E.07077
G1 X-16.238 Y-.074 E.10381
G1 X-16.253 Y2.071 E.10317
G1 X-16.188 Y2.489 E.02035
G1 X-16.049 Y3.112 E.0307
G1 X-15.963 Y3.46 E.01724
G1 X-16.3 Y3.469 E.01621
G1 X-17.753 Y3.617 E.07025
G1 X-18.457 Y3.648 E.03389
G1 X-19.346 Y3.607 E.0428
G1 X-17.698 Y2.09 E.10773
G1 X-17.529 Y1.816 E.01548
G1 X-17.458 Y1.478 E.01661
G1 X-17.416 Y-.142 E.07794
G1 X-17.465 Y-1.655 E.07281
G1 X-17.533 Y-1.978 E.01588
G1 X-17.912 Y-1.868 F7800
G1 F900
G1 X-18.043 Y-2.055 E.01098
G1 X-18.814 Y-2.744 E.04973
G1 X-20.342 Y-4.177 E.10075
G1 X-18.45 Y-4.241 E.09105
G1 X-17.751 Y-4.207 E.03366
G1 X-15.448 Y-4.027 E.1111
G1 X-15.812 Y-2.225 E.08842
G1 X-15.852 Y-.071 E.10362
G1 X-15.867 Y2.074 E.10317
G1 X-15.675 Y3.019 E.04638
G1 X-15.472 Y3.837 E.04054
G1 X-16.261 Y3.852 E.03796
G1 X-17.725 Y4.002 E.07078
G1 X-18.457 Y4.034 E.03524
G1 X-20.29 Y3.951 E.08825
G1 X-18.031 Y1.879 E.14743
G1 X-17.886 Y1.671 E.0122
G1 X-17.843 Y1.468 E.00998
G1 X-17.802 Y-.129 E.07684
G1 X-17.85 Y-1.642 E.07281
G1 X-17.887 Y-1.815 E.00851
G1 X-18.268 Y-1.699 F7800
;TYPE:External perimeter
G1 F900
G1 X-18.3 Y-1.768 E.00366
G1 X-19.074 Y-2.46 E.04994
G1 X-21.268 Y-4.518 E.14468
G1 X-21.082 Y-4.539 E.009
G1 X-18.447 Y-4.627 E.12681
G1 X-17.726 Y-4.592 E.03472
G1 X-14.981 Y-4.377 E.13243
G1 X-15.427 Y-2.218 E.10603
G1 X-15.467 Y-.071 E.10328
G1 X-15.482 Y2.076 E.10327
G1 X-15.301 Y2.926 E.0418
G1 X-14.981 Y4.215 E.06388
G1 X-16.205 Y4.235 E.05888
G1 X-17.697 Y4.386 E.07213
G1 X-18.457 Y4.42 E.03659
G1 X-21.033 Y4.303 E.12402
G1 X-21.218 Y4.278 E.00898
G1 X-18.291 Y1.594 E.19101
G1 X-18.229 Y1.457 E.00723
G1 X-18.187 Y-.117 E.07573
G1 X-18.236 Y-1.63 E.07281
G1 X-18.243 Y-1.645 E.0008
G1 X-18.507 Y-1.945 F7800
G1 X-18.689 Y-3.557
;TYPE:Solid infill
G1 F1200
G1 X-18.447 Y-3.565 E.01165
G1 X-17.794 Y-3.533 E.03144
G1 X-16.265 Y-3.414 E.07376
G1 X-16.409 Y-2.72 E.03409
G1 X-16.487 Y-2.233 E.02372
;WIDTH:0.498788
G1 X-16.515 Y-2.043 E.01041
;WIDTH:0.547576
G1 X-16.543 Y-1.852 E.01163
;WIDTH:0.596364
G1 X-16.571 Y-1.662 E.01274
G1 X-16.58 Y-.159 E.09973
;WIDTH:0.558187
G1 X-16.581 Y-.078 E.00499
;WIDTH:0.572521
G1 X-16.6 Y1.584 E.10534
;WIDTH:0.57213
G1 X-16.571 Y1.836 E.01606
;WIDTH:0.53142
G1 X-16.543 Y2.088 E.01477
;WIDTH:0.49071
G1 X-16.514 Y2.34 E.01349
;WIDTH:0.45
G1 X-16.326 Y3.186 E.04168
G1 X-17.783 Y3.329 E.07041
G1 X-18.638 Y3.35 E.04113
G1 X-17.494 Y2.293 E.07491
G1 X-17.276 Y1.954 E.01939
;WIDTH:0.49084
G1 X-17.22 Y1.797 E.00887
;WIDTH:0.53168
G1 X-17.164 Y1.64 E.00972
;WIDTH:0.572521
G1 X-17.107 Y1.483 E.01059
G1 X-17.075 Y-.083 E.09927
;WIDTH:0.558187
G1 X-17.073 Y-.156 E.0045
;WIDTH:0.596364
G1 X-17.112 Y-1.704 E.10275
;WIDTH:0.589296
G1 X-17.196 Y-1.897 E.01378
;WIDTH:0.542864
G1 X-17.28 Y-2.09 E.01256
;WIDTH:0.496432
G1 X-17.364 Y-2.283 E.01134
;WIDTH:0.45
G1 X-17.597 Y-2.561 E.01745
G1 X-18.546 Y-3.427 E.06179
G1 X-17.59 Y-3.108 F7800
;WIDTH:0.495108
G1 F1200
G1 X-16.759 Y-3.043 E.04478
G1 X-16.891 Y-2.296 E.04075
G1 X-17.183 Y-2.707 E.02709
G1 X-17.453 Y-2.973 E.02036
G1 E-2 F2400
G1 X-17.407 Y2.901 F7800
G1 E2 F2400
;WIDTH:0.457363
G1 F1200
G1 X-16.802 Y2.841 E.0298
G1 X-16.928 Y2.129 E.03544
G1 X-17.23 Y2.579 E.02656
G1 X-17.598 Y2.92 E.02459
G1 E-10 F2400
T1
G1 X22.198 Y-4.401 F7800
G1 Z23.75
G1 E10 F2400
;TYPE:External perimeter
;WIDTH:0.404381
G1 F900
G1 X22.177 Y-4.171 E.00979
G1 E-2 F2400
G1 X22.267 Y4.622 F7800
G1 E2 F2400
G1 F900
G1 X22.252 Y4.418 E.00867
G1 E-2 F2400
G1 X19.425 Y.587 F7800
G1 E2 F2400
;TYPE:Perimeter
;WIDTH:0.45
G1 F900
G1 X19.431 Y.213 E.01799
G1 X19.396 Y-.443 E.0316
G1 X20.387 Y-1.399 E.06623
G1 X21.191 Y-2.12 E.05194
G1 X21.194 Y-.865 E.06036
G1 X21.244 Y.157 E.04921
G1 X21.274 Y1.347 E.05725
G1 X21.247 Y2.315 E.04658
G1 X20.388 Y1.547 E.05542
G1 X19.461 Y.632 E.06265
G1 X19.035 Y.749 F7800
G1 F900
G1 X19.046 Y.232 E.02487
G1 X19.002 Y-.599 E.04002
G1 X20.124 Y-1.681 E.07497
G1 X21.653 Y-3.068 E.09929
G1 X21.576 Y-2.134 E.04507
G1 X21.58 Y-.884 E.06012
G1 X21.631 Y.192 E.05181
G1 X21.659 Y1.369 E.05663
G1 X21.637 Y2.401 E.04965
G1 X21.729 Y3.279 E.04246
G1 X20.124 Y1.828 E.10406
G1 X19.074 Y.792 E.07095
G1 X18.646 Y.91 F7800
;TYPE:External perimeter
G1 F900
G1 X18.661 Y.253 E.03161
G1 X18.607 Y-.754 E.0485
G1 X19.861 Y-1.964 E.08381
G1 X20.926 Y-2.918 E.06877
G1 X22.14 Y-4.092 E.08123
;WIDTH:0.414842
G1 X22.177 Y-4.171 E.00381
G1 X22.159 Y-4.083 E.00393
;WIDTH:0.45
G1 X21.962 Y-2.134 E.09422
G1 X21.965 Y-.902 E.05926
G1 X22.016 Y.182 E.05219
G1 X22.045 Y1.379 E.05759
G1 X22.021 Y2.361 E.04724
G1 X22.133 Y3.438 E.05208
G1 X22.252 Y4.418 E.04748
;WIDTH:0.417616
G1 X22.215 Y4.312 E.00495
;WIDTH:0.45
G1 X21.251 Y3.358 E.06523
G1 X19.86 Y2.109 E.08991
G1 X18.687 Y.953 E.07921
G1 X18.658 Y.554 F7800
G1 X19.695 Y-.132
;TYPE:Solid infill
G1 F1200
G1 X19.713 Y.475 E.02921
G1 X20.587 Y1.337 E.05904
G1 X20.976 Y1.686 E.02514
G1 X20.978 Y1.159 E.02535
G1 X20.903 Y-1.473 E.12664
G1 X19.69 Y-.325 E.08033
G1 X20.101 Y-.157 E.02136
;WIDTH:0.49113
G1 X20.514 Y-.555 E.03053
;WIDTH:0.491869
G1 X20.557 Y.737 E.06893
G1 X20.114 Y.3 E.03318
G1 X20.107 Y.036 E.01408
G1 E-2 F2400
G1 X-21.622 Y4.346 F7800
G1 E2 F2400
;TYPE:External perimeter
;WIDTH:0.404381
G1 F900
G1 X-21.613 Y4.153 E.00819
G1 E-2 F2400
G1 X-21.68 Y-4.59 F7800
G1 E2 F2400
G1 F900
G1 X-21.664 Y-4.368 E.00944
G1 E-2 F2400
G1 X-19.442 Y-1.149 F7800
G1 E2 F2400
;TYPE:Perimeter
;WIDTH:0.45
G1 F900
G1 X-19.409 Y-.09 E.05096
G1 X-19.438 Y.989 E.05191
G1 X-20.694 Y2.14 E.08194
G1 X-20.59 Y-.175 E.11146
G1 X-20.769 Y-2.376 E.10621
G1 X-19.485 Y-1.19 E.08407
G1 X-19.062 Y-1.328 F7800
G1 F900
G1 X-19.024 Y-.08 E.06005
G1 X-19.057 Y1.163 E.05981
G1 X-21.124 Y3.058 E.13487
G1 X-20.974 Y-.143 E.15413
G1 X-21.15 Y-2.208 E.09968
G1 X-21.185 Y-3.294 E.05226
G1 X-19.643 Y-1.848 E.10167
G1 X-19.107 Y-1.368 E.03461
G1 X-18.682 Y-1.506 F7800
;TYPE:External perimeter
G1 F900
G1 X-18.638 Y-.07 E.0691
G1 X-18.676 Y1.336 E.06765
G1 X-21.577 Y4.044 E.19087
;WIDTH:0.418076
G1 X-21.613 Y4.153 E.00506
G1 X-21.593 Y4.037 E.00519
;WIDTH:0.45
G1 X-21.358 Y-.11 E.19978
G1 X-21.533 Y-2.164 E.09915
G1 X-21.615 Y-4.128 E.09454
;WIDTH:0.433919
G1 X-21.664 Y-4.368 E.01129
G1 X-21.528 Y-4.167 E.01119
;WIDTH:0.45
G1 X-19.38 Y-2.13 E.14238
G1 X-18.727 Y-1.546 E.04213
G1 X-18.675 Y-1.149 F7800
G1 X-20.245 Y-.122
;TYPE:Solid infill
;WIDTH:0.575629
G1 F1200
G1 X-20.35 Y-1.5 E.08812
G1 X-19.789 Y-.989 E.04839
G1 X-19.752 Y-.071 E.05858
;WIDTH:0.56503
G1 X-19.781 Y.833 E.05648
G1 X-20.307 Y1.315 E.04455
G1 X-20.253 Y.071 E.07775
M106 S191.25
;LAYER_CHANGE
;Z:24.05
;HEIGHT:0.299999
G1 E-2 F2400
G1 Z24.05 F7800
G1 Z24.05
G1 X21.835 Y-4.388
G1 E2 F2400
;TYPE:External perimeter
;WIDTH:0.404381
G1 F900
G1 X21.813 Y-4.157 E.00984
G1 E-2 F2400
G1 X21.907 Y4.611 F7800
G1 E2 F2400
G1 F900
G1 X21.892 Y4.407 E.00867
G1 E-2 F2400
G1 X19.369 Y.91 F7800
G1 E2 F2400
;TYPE:Perimeter
;WIDTH:0.45
G1 F900
G1 X19.383 Y.204 E.03396
G1 X19.346 Y-.755 E.04616
G1 X20.197 Y-1.578 E.05694
G1 X20.818 Y-2.124 E.03977
G1 X20.824 Y-.342 E.08571
G1 X20.889 Y1.806 E.10336
G1 X20.877 Y2.331 E.02526
G1 X20.31 Y1.833 E.0363
G1 X19.41 Y.953 E.06054
G1 X18.979 Y1.07 F7800
G1 F900
G1 X18.998 Y.223 E.04075
G1 X18.954 Y-.913 E.05468
G1 X19.935 Y-1.861 E.06561
G1 X21.283 Y-3.029 E.08579
G1 X21.205 Y-2.125 E.04364
G1 X21.209 Y-.354 E.08518
G1 X21.274 Y1.816 E.10442
G1 X21.264 Y2.392 E.02771
G1 X21.355 Y3.265 E.04222
G1 X20.048 Y2.116 E.0837
G1 X19.022 Y1.112 E.06904
G1 X18.59 Y1.229 F7800
;TYPE:External perimeter
G1 F900
G1 X18.613 Y.235 E.04782
G1 X18.562 Y-1.07 E.06281
G1 X19.673 Y-2.144 E.07432
G1 X21.013 Y-3.329 E.08604
G1 X21.777 Y-4.078 E.05146
;WIDTH:0.414813
G1 X21.813 Y-4.157 E.00379
G1 X21.795 Y-4.069 E.00393
;WIDTH:0.45
G1 X21.668 Y-3.007 E.05144
G1 X21.591 Y-2.126 E.04253
G1 X21.595 Y-.365 E.0847
G1 X21.66 Y1.826 E.10543
G1 X21.648 Y2.352 E.02531
G1 X21.807 Y3.878 E.07379
G1 X21.892 Y4.407 E.02577
;WIDTH:0.417679
G1 X21.856 Y4.301 E.00493
;WIDTH:0.45
G1 X21.572 Y3.991 E.02022
G1 X21.195 Y3.637 E.02487
G1 X19.786 Y2.399 E.09021
G1 X18.632 Y1.271 E.07761
G1 X18.602 Y.872 F7800
G1 E-2 F2400
G1 X20.532 Y-1.488 F7800
G1 E2 F2400
;TYPE:Solid infill
G1 F1200
G1 X20.535 Y-.332 E.0556
G1 X20.591 Y1.695 E.09753
G1 X19.66 Y.793 E.06235
G1 X19.673 Y.201 E.02848
G1 X19.64 Y-.637 E.04034
G1 X20.392 Y-1.355 E.05001
G1 X20.091 Y-.456 F7800
;WIDTH:0.565741
G1 F1200
G1 X20.111 Y.182 E.03992
;WIDTH:0.574987
G1 X20.113 Y.609 E.02719
G1 E-2 F2400
G1 X-21.292 Y4.359 F7800
G1 E2 F2400
;TYPE:External perimeter
;WIDTH:0.404381
G1 F900
G1 X-21.288 Y4.198 E.00683
G1 E-2 F2400
G1 X-21.349 Y-4.593 F7800
G1 E2 F2400
G1 F900
G1 X-21.343 Y-4.413 E.00764
G1 E-2 F2400
G1 X-19.45 Y-1.433 F7800
G1 E2 F2400
;TYPE:Perimeter
;WIDTH:0.45
G1 F900
G1 X-19.443 Y-1.427 E.00044
G1 X-19.414 Y.035 E.07033
G1 X-19.441 Y1.26 E.05893
G1 X-20.392 Y2.166 E.06317
G1 X-20.302 Y-.153 E.11162
G1 X-20.451 Y-2.38 E.10735
G1 X-19.493 Y-1.475 E.06339
G1 X-19.065 Y-1.6 F7800
G1 F900
G1 X-19.06 Y-1.596 E.00031
G1 X-19.028 Y.044 E.07889
G1 X-19.059 Y1.429 E.06663
G1 X-20.789 Y3.071 E.11472
G1 X-20.779 Y2.197 E.04204
G1 X-20.687 Y-.127 E.11186
G1 X-20.839 Y-2.412 E.11014
G1 X-20.847 Y-3.287 E.04209
G1 X-19.108 Y-1.641 E.11517
G1 X-18.679 Y-1.766 F7800
;TYPE:External perimeter
G1 F900
G1 X-18.678 Y-1.765 E.00007
G1 X-18.643 Y.052 E.08741
G1 X-18.677 Y1.598 E.07438
G1 X-20.769 Y3.575 E.13844
G1 X-21.263 Y4.1 E.03467
G1 X-21.178 Y3.377 E.03501
G1 X-21.165 Y2.187 E.05724
G1 X-21.071 Y-.101 E.11014
G1 X-21.225 Y-2.397 E.11068
G1 X-21.235 Y-3.54 E.05498
G1 X-21.321 Y-4.337 E.03856
G1 X-20.775 Y-3.75 E.03856
G1 X-18.723 Y-1.808 E.13588
G1 X-18.675 Y-1.411 F7800
G1 X-20.122 Y-1.681
;TYPE:Solid infill
;WIDTH:0.435006
G1 F1200
G1 X-19.722 Y-1.303 E.02544
G1 X-19.686 Y-.136 E.05397
;WIDTH:0.413681
G1 X-19.685 Y.026 E.00706
;WIDTH:0.423078
G1 X-19.714 Y1.14 E.04986
G1 X-20.089 Y1.496 E.02313
G1 X-20.034 Y.019 E.06612
;WIDTH:0.413681
G1 X-20.031 Y-.122 E.00614
;WIDTH:0.435006
G1 X-20.109 Y-1.489 E.06329
G1 E-10 F2400
T0
G1 X17.459 Y1.69 F7800
G1 Z24.05
G1 E10 F2400
;TYPE:Perimeter
;WIDTH:0.45
G1 F900
G1 X17.51 Y1.841 E.00767
G1 X17.655 Y2.024 E.01123
G1 X18.974 Y3.312 E.08867
G1 X19.555 Y3.822 E.03718
G1 X18.71 Y3.834 E.04065
G1 X17.82 Y3.814 E.04282
G1 X15.552 Y3.647 E.10938
G1 X15.788 Y2.295 E.06601
G1 X15.809 Y1.756 E.02594
G1 X15.928 Y.054 E.08206
G1 X15.901 Y-.467 E.02509
G1 X15.737 Y-2.136 E.08066
G1 X15.487 Y-3.499 E.06665
G1 X17.719 Y-3.632 E.10754
G1 X18.643 Y-3.644 E.04444
G1 X19.497 Y-3.619 E.04109
G1 X18.828 Y-3.026 E.043
G1 X17.495 Y-1.703 E.09033
G1 X17.337 Y-1.137 E.02826
G1 X17.391 Y.249 E.06671
G1 X17.37 Y1.43 E.05681
G1 X17.439 Y1.634 E.01036
G1 X17.808 Y1.549 F7800
G1 F900
G1 X17.925 Y1.748 E.0111
G1 X19.229 Y3.022 E.08768
G1 X20.549 Y4.182 E.08452
G1 X18.309 Y4.221 E.10775
G1 X17.797 Y4.199 E.02465
G1 X15.095 Y4 E.13031
G1 X15.403 Y2.28 E.08404
G1 X15.424 Y1.735 E.02623
G1 X15.543 Y.073 E.08014
G1 X15.518 Y-.429 E.02417
G1 X15.353 Y-2.098 E.08066
G1 X15.028 Y-3.858 E.08608
G1 X18.228 Y-4.038 E.15415
G1 X20.472 Y-3.967 E.10798
G1 X19.096 Y-2.749 E.08838
G1 X17.863 Y-1.553 E.08262
G1 X17.723 Y-1.152 E.02043
G1 X17.777 Y.246 E.06729
G1 X17.751 Y1.321 E.05172
G1 X17.772 Y1.487 E.00805
G1 X17.778 Y1.497 E.00056
G1 X18.166 Y1.401 F7800
;TYPE:External perimeter
G1 F900
G1 X18.195 Y1.472 E.00369
G1 X19.483 Y2.733 E.08669
G1 X20.891 Y3.969 E.09011
G1 X21.498 Y4.543 E.04018
G1 X19.147 Y4.604 E.11311
G1 X18.28 Y4.607 E.0417
G1 X17.774 Y4.584 E.02436
G1 X14.639 Y4.353 E.15119
G1 X15.018 Y2.265 E.10207
G1 X15.039 Y1.713 E.02657
G1 X15.158 Y.116 E.07702
G1 X15.134 Y-.391 E.02441
G1 X14.969 Y-2.06 E.08066
G1 X14.569 Y-4.217 E.10551
G1 X18.224 Y-4.424 E.17607
G1 X20.904 Y-4.336 E.12897
G1 X21.405 Y-4.343 E.0241
G1 X21.421 Y-4.318 E.00143
G1 X20.71 Y-3.662 E.04653
G1 X19.364 Y-2.472 E.08641
G1 X18.167 Y-1.313 E.08014
G1 X18.108 Y-1.167 E.00757
G1 X18.163 Y.243 E.06787
G1 X18.137 Y1.33 E.0523
G1 X18.143 Y1.346 E.00082
G1 X18.394 Y1.658 F7800
G1 E-2 F2400
G1 X18.053 Y-3.352 F7800
G1 E2 F2400
;TYPE:Solid infill
G1 F1200
G1 X15.831 Y-3.229 E.10703
G1 X16.023 Y-2.176 E.05148
G1 X16.189 Y-.498 E.0811
G1 X16.217 Y.046 E.0262
G1 X16.097 Y1.772 E.08321
G1 X16.078 Y2.299 E.02536
G1 X15.893 Y3.382 E.05284
G1 X17.837 Y3.526 E.09376
G1 X18.803 Y3.545 E.04647
G1 X17.38 Y2.15 E.09584
G1 X17.135 Y1.7 E.02464
G1 X17.082 Y1.438 E.01286
G1 X17.102 Y.251 E.0571
G1 X17.049 Y-1.111 E.06556
G1 X17.235 Y-1.815 E.03502
G1 X17.433 Y-2.079 E.01587
G1 X18.761 Y-3.353 E.08851
G1 X18.245 Y-3.363 E.02482
G1 X17.78 Y-2.951 E.02988
G1 X16.975 Y-2.132 E.05523
G1 X16.863 Y-1.918 E.01162
;WIDTH:0.49852
G1 X16.773 Y-1.643 E.01567
;WIDTH:0.54704
G1 X16.682 Y-1.368 E.01744
;WIDTH:0.595561
G1 X16.591 Y-1.093 E.01919
G1 X16.562 Y-1.193 E.0069
;WIDTH:0.558192
G1 X16.534 Y-1.293 E.0064
;WIDTH:0.520824
G1 X16.468 Y-1.769 E.02736
;WIDTH:0.485412
G1 X16.402 Y-2.245 E.02524
;WIDTH:0.45
G1 X16.288 Y-2.868 E.03046
G1 X17.587 Y-2.94 E.06257
G1 X16.81 Y-2.51 F7800
;WIDTH:0.473789
G1 F1200
G1 X16.774 Y-2.546 E.0026
G1 X16.724 Y-2.533 E.00264
G1 X16.711 Y-2.483 E.00264
G1 X16.747 Y-2.447 E.0026
G1 X16.797 Y-2.46 E.00264
G1 X16.591 Y-1.093 F7800
;WIDTH:0.595561
G1 F1200
G1 X16.629 Y-.541 E.03666
;WIDTH:0.562575
G1 X16.655 Y.023 E.03508
;WIDTH:0.575411
G1 X16.653 Y.256 E.01485
;WIDTH:0.60695
G1 X16.628 Y.843 E.03976
;WIDTH:0.638489
G1 X16.603 Y1.43 E.04207
;WIDTH:0.647707
G1 X16.578 Y1.591 E.01185
;WIDTH:0.611236
G1 X16.555 Y1.67 E.00561
;WIDTH:0.574766
G1 X16.532 Y1.75 E.0053
;WIDTH:0.538295
G1 X16.505 Y1.849 E.00607
;WIDTH:0.494147
G1 X16.477 Y1.948 E.00551
;WIDTH:0.45
G1 X16.418 Y2.605 E.03173
G1 X16.345 Y3.029 E.02069
G1 X17.834 Y3.139 E.07181
G1 X17.109 Y2.425 E.04894
G1 X16.793 Y1.877 E.03042
;WIDTH:0.492722
G1 X16.741 Y1.799 E.00501
;WIDTH:0.535445
G1 X16.689 Y1.721 E.00551
;WIDTH:0.578167
G1 X16.637 Y1.642 E.00606
;WIDTH:0.62089
G1 X16.584 Y1.564 E.00655
G1 X16.851 Y2.658 F7800
;WIDTH:0.460621
G1 F1200
G1 X16.768 Y2.636 E.00424
G1 X16.79 Y2.719 E.00424
G1 X16.838 Y2.706 E.00246
G1 E-2 F2400
G1 X-18.051 Y-2.853 F7800
G1 E2 F2400
;TYPE:Perimeter
;WIDTH:0.45
G1 F900
G1 X-19.076 Y-3.823 E.06787
G1 X-18.673 Y-3.833 E.01939
G1 X-17.527 Y-3.777 E.05518
G1 X-16.2 Y-3.673 E.06402
G1 X-16.486 Y-2.241 E.07023
G1 X-16.533 Y-.091 E.10343
G1 X-16.543 Y2.052 E.10307
G1 X-16.438 Y2.662 E.02977
G1 X-16.264 Y3.447 E.03867
G1 X-17.5 Y3.571 E.05975
G1 X-18.677 Y3.623 E.05666
G1 X-19.019 Y3.61 E.01646
G1 X-17.757 Y2.408 E.08382
G1 X-17.553 Y2.128 E.01666
G1 X-17.458 Y1.73 E.01968
G1 X-17.42 Y-.145 E.0902
G1 X-17.459 Y-1.899 E.08438
G1 X-17.552 Y-2.292 E.01942
G1 X-17.76 Y-2.578 E.01701
G1 X-18.007 Y-2.811 E.01633
G1 X-17.895 Y-2.103 F7800
G1 F900
G1 X-17.9 Y-2.126 E.00113
G1 X-18.025 Y-2.298 E.01023
G1 X-20.019 Y-4.184 E.13201
G1 X-18.669 Y-4.219 E.06495
G1 X-17.503 Y-4.162 E.05615
G1 X-15.734 Y-4.012 E.08539
G1 X-16.1 Y-2.233 E.08736
G1 X-16.147 Y-.088 E.10319
G1 X-16.157 Y2.054 E.10302
G1 X-15.947 Y3.124 E.05245
G1 X-15.773 Y3.824 E.03469
G1 X-16.283 Y3.834 E.02453
G1 X-17.472 Y3.955 E.05748
G1 X-18.681 Y4.009 E.05821
G1 X-19.952 Y3.961 E.06117
G1 X-18.204 Y2.301 E.11594
G1 X-17.901 Y1.961 E.0219
G1 X-17.844 Y1.722 E.01182
G1 X-17.806 Y-.136 E.08938
G1 X-17.845 Y-1.891 E.08443
G1 X-17.881 Y-2.045 E.00761
G1 X-18.259 Y-1.948 F7800
;TYPE:External perimeter
G1 F900
G1 X-18.29 Y-2.018 E.00368
G1 X-20.962 Y-4.546 E.17692
G1 X-18.664 Y-4.605 E.11056
G1 X-17.479 Y-4.547 E.05706
G1 X-15.284 Y-4.375 E.1059
G1 X-15.354 Y-3.95 E.02072
G1 X-15.715 Y-2.225 E.08476
G1 X-15.761 Y-.088 E.10281
G1 X-15.771 Y1.97 E.09898
G1 X-15.573 Y3.031 E.05191
G1 X-15.282 Y4.201 E.05799
G1 X-16.244 Y4.218 E.04628
G1 X-17.444 Y4.34 E.05801
G1 X-18.68 Y4.395 E.05951
G1 X-20.907 Y4.312 E.10719
G1 X-20.075 Y3.55 E.05426
G1 X-18.289 Y1.85 E.11859
G1 X-18.229 Y1.714 E.00715
G1 X-18.191 Y-.128 E.08861
G1 X-18.23 Y-1.882 E.08438
G1 X-18.235 Y-1.893 E.00058
G1 X-18.492 Y-2.2 F7800
G1 X-17.551 Y-3.489
;TYPE:Solid infill
G1 F1200
G1 X-16.551 Y-3.411 E.04824
G1 X-16.757 Y-2.405 E.04939
;WIDTH:0.450814
G1 X-16.783 Y-1.9 E.02437
G1 X-16.802 Y-.12 E.0858
;WIDTH:0.411992
G1 X-16.803 Y-.095 E.00108
;WIDTH:0.426305
G1 X-16.819 Y1.735 E.08261
;WIDTH:0.431022
G1 X-16.822 Y1.812 E.00352
;WIDTH:0.45
G1 X-16.805 Y2.317 E.0243
G1 X-16.622 Y3.191 E.04295
G1 X-17.521 Y3.282 E.04346
G1 X-18.293 Y3.316 E.03717
G1 X-17.487 Y2.543 E.05371
G1 X-17.286 Y2.235 E.01769
G1 X-17.181 Y1.731 E.02476
;WIDTH:0.426305
G1 X-17.15 Y-.12 E.08357
;WIDTH:0.450814
G1 X-17.169 Y-1.9 E.0858
G1 X-17.277 Y-2.375 E.02348
;WIDTH:0.45
G1 X-17.563 Y-2.79 E.02424
G1 X-18.343 Y-3.527 E.05161
G1 X-17.744 Y-3.498 E.02884
G1 X-17.054 Y-3.002 F7800
;WIDTH:0.617063
G1 F1200
G1 X-17.103 Y-3.051 E.00478
G1 X-17.17 Y-3.033 E.00478
G1 X-17.188 Y-2.967 E.00472
G1 X-17.139 Y-2.918 E.00478
G1 X-17.072 Y-2.936 E.00478
G1 E-2 F2400
G1 X-17.086 Y2.793 F7800
G1 E2 F2400
;WIDTH:0.543963
G1 F1200
G1 X-17.128 Y2.751 E.00355
G1 X-17.186 Y2.766 E.00358
G1 X-17.202 Y2.824 E.0036
G1 X-17.159 Y2.867 E.00364
G1 X-17.101 Y2.851 E.0036
M106 S198.9
;LAYER_CHANGE
;Z:24.35
;HEIGHT:0.300001
G1 E-2 F2400
G1 Z24.35 F7800
G1 Z24.35
G1 X17.315 Y1.497
G1 E2 F2400
;TYPE:Perimeter
;WIDTH:0.45
G1 F900
G1 X17.312 Y1.61 E.00544
G1 X17.402 Y2.04 E.02113
G1 X17.601 Y2.322 E.0166
G1 X18.598 Y3.299 E.06714
G1 X19.168 Y3.806 E.03669
G1 X18.512 Y3.811 E.03155
G1 X17.538 Y3.767 E.04689
G1 X15.877 Y3.643 E.08011
G1 X16.102 Y2.302 E.0654
G1 X16.136 Y1.39 E.04389
G1 X16.228 Y.058 E.06422
G1 X16.183 Y-.832 E.04286
G1 X16.131 Y-1.365 E.02576
G1 X15.992 Y-2.533 E.05657
G1 X15.824 Y-3.492 E.04683
G1 X18.445 Y-3.628 E.12623
G1 X19.121 Y-3.615 E.03252
G1 X18.445 Y-3.011 E.0436
G1 X17.582 Y-2.16 E.05829
G1 X17.419 Y-1.948 E.01286
G1 X17.295 Y-1.441 E.0251
G1 X17.348 Y.14 E.07608
G1 X17.316 Y1.437 E.0624
G1 X17.7 Y1.503 F7800
G1 F900
G1 X17.698 Y1.619 E.00558
G1 X17.751 Y1.878 E.01272
G1 X17.871 Y2.046 E.00993
G1 X18.855 Y3.011 E.06629
G1 X20.172 Y4.184 E.08482
G1 X18.504 Y4.197 E.08023
G1 X17.515 Y4.152 E.04762
G1 X15.424 Y3.996 E.10085
G1 X15.716 Y2.288 E.08334
G1 X15.751 Y1.368 E.04428
G1 X15.843 Y.077 E.06225
G1 X15.799 Y-.794 E.04195
G1 X15.612 Y-2.471 E.08116
G1 X15.362 Y-3.85 E.06741
G1 X17.383 Y-3.971 E.09738
G1 X18.441 Y-4.014 E.05093
G1 X20.111 Y-3.979 E.08034
G1 X18.716 Y-2.737 E.08983
G1 X18.164 Y-2.193 E.03728
G1 X17.755 Y-1.758 E.02872
G1 X17.68 Y-1.454 E.01506
G1 X17.734 Y.138 E.07661
G1 X17.702 Y1.443 E.06278
G1 X18.086 Y1.509 F7800
;TYPE:External perimeter
G1 F900
G1 X18.083 Y1.629 E.00577
G1 X18.141 Y1.771 E.00738
G1 X19.111 Y2.723 E.06537
G1 X21.134 Y4.534 E.13059
G1 X21.137 Y4.563 E.0014
G1 X18.497 Y4.582 E.12698
G1 X17.492 Y4.537 E.04839
G1 X14.971 Y4.349 E.12159
G1 X15.331 Y2.273 E.10134
G1 X15.366 Y1.347 E.04457
G1 X15.458 Y.096 E.06033
G1 X15.416 Y-.756 E.04103
G1 X15.231 Y-2.41 E.08005
G1 X14.9 Y-4.209 E.08798
G1 X17.363 Y-4.356 E.11867
G1 X18.437 Y-4.4 E.0517
G1 X21.043 Y-4.329 E.12539
G1 X21.059 Y-4.306 E.00135
G1 X18.986 Y-2.462 E.13344
G1 X18.123 Y-1.611 E.05829
G1 X18.066 Y-1.467 E.00745
G1 X18.119 Y.137 E.07719
G1 X18.087 Y1.449 E.06312
G1 X18.22 Y1.826 F7800
G1 E-2 F2400
G1 X16.543 Y.319 F7800
G1 E2 F2400
;TYPE:Solid infill
;WIDTH:0.558582
G1 F1200
G1 X16.455 Y1.909 E.09816
;WIDTH:0.548006
G1 X16.395 Y2.279 E.02261
;WIDTH:0.499003
G1 X16.336 Y2.65 E.02036
;WIDTH:0.45
G1 X16.216 Y3.378 E.03549
G1 X17.555 Y3.479 E.06458
G1 X18.418 Y3.511 E.04154
G1 X17.349 Y2.475 E.0716
G1 X17.131 Y2.135 E.01943
;WIDTH:0.489586
G1 X17.078 Y2.019 E.00676
;WIDTH:0.529173
G1 X17.026 Y1.903 E.00737
;WIDTH:0.56876
G1 X16.974 Y1.788 E.00794
G1 X16.973 Y1.428 E.02265
;WIDTH:0.558582
G1 X17.018 Y.148 E.07895
;WIDTH:0.533884
G1 X16.982 Y-.875 E.05994
;WIDTH:0.551244
G1 X16.956 Y-1.418 E.03301
G1 X17.01 Y-1.605 E.01182
;WIDTH:0.517496
G1 X17.065 Y-1.792 E.01102
;WIDTH:0.483748
G1 X17.119 Y-1.979 E.01018
;WIDTH:0.45
G1 X17.384 Y-2.372 E.0228
G1 X18.337 Y-3.32 E.06465
G1 X16.167 Y-3.221 E.10448
G1 X16.341 Y-2.172 E.05114
;WIDTH:0.485458
G1 X16.392 Y-1.838 E.01774
;WIDTH:0.520917
G1 X16.443 Y-1.503 E.0193
;WIDTH:0.534344
G1 X16.513 Y-.867 E.03751
G1 X16.555 Y.054 E.05404
;WIDTH:0.529713
G1 X16.554 Y.127 E.00424
G1 E-2 F2400
G1 X16.783 Y2.322 F7800
G1 E2 F2400
;WIDTH:0.455175
G1 F1200
G1 X17.043 Y2.716 E.02301
G1 X17.414 Y3.079 E.0253
G1 X16.668 Y3.023 E.03646
G1 X16.751 Y2.512 E.02523
G1 E-2 F2400
G1 X16.745 Y-2.089 F7800
G1 E2 F2400
;WIDTH:0.464341
G1 F1200
G1 X16.627 Y-2.852 E.03851
G1 X17.349 Y-2.889 E.03606
G1 X17.109 Y-2.652 E.01683
G1 X16.825 Y-2.264 E.02399
G1 E-2 F2400
G1 X-18.043 Y-3.085 F7800
G1 E2 F2400
;TYPE:Perimeter
;WIDTH:0.45
G1 F900
G1 X-18.79 Y-3.806 E.04993
G1 X-17.28 Y-3.732 E.07271
G1 X-16.494 Y-3.671 E.03792
G1 X-16.507 Y-3.594 E.00376
G1 X-16.633 Y-2.996 E.02939
;WIDTH:0.489302
G1 X-16.688 Y-2.81 E.01028
;WIDTH:0.528604
G1 X-16.743 Y-2.624 E.01123
;WIDTH:0.567906
G1 X-16.798 Y-2.439 E.01212
;WIDTH:0.607209
G1 X-16.853 Y-2.253 E.01313
G1 X-16.853 Y-2.138 E.00779
;WIDTH:0.602157
G1 X-16.88 Y-.155 E.13302
;WIDTH:0.557808
G1 X-16.881 Y-.107 E.00295
;WIDTH:0.576535
G1 X-16.896 Y1.983 E.13351
G1 X-16.871 Y2.111 E.00833
;WIDTH:0.546676
G1 X-16.845 Y2.239 E.00786
;WIDTH:0.516817
G1 X-16.767 Y2.533 E.01716
;WIDTH:0.483408
G1 X-16.689 Y2.827 E.0159
;WIDTH:0.45
G1 X-16.558 Y3.454 E.03081
G1 X-17.246 Y3.524 E.03326
G1 X-18.73 Y3.59 E.07145
G1 X-17.752 Y2.636 E.06571
;WIDTH:0.483408
G1 X-17.613 Y2.427 E.01312
;WIDTH:0.516817
G1 X-17.473 Y2.219 E.01415
;WIDTH:0.546676
G1 X-17.441 Y2.098 E.00753
;WIDTH:0.576535
G1 X-17.408 Y1.977 E.00801
G1 X-17.374 Y-.109 E.13327
;WIDTH:0.557808
G1 X-17.373 Y-.156 E.00289
;WIDTH:0.602157
G1 X-17.391 Y-2.14 E.13308
;WIDTH:0.607209
G1 X-17.394 Y-2.23 E.0061
G1 X-17.436 Y-2.317 E.00654
;WIDTH:0.558495
G1 X-17.479 Y-2.404 E.00598
;WIDTH:0.509782
G1 X-17.62 Y-2.608 E.01378
;WIDTH:0.479891
G1 X-17.761 Y-2.812 E.01285
;WIDTH:0.45
G1 X-18 Y-3.043 E.01599
G1 X-17.912 Y-2.342 F7800
G1 F900
G1 X-18.029 Y-2.535 E.01086
G1 X-19.725 Y-4.173 E.1134
G1 X-18.884 Y-4.197 E.04047
G1 X-17.255 Y-4.117 E.07844
G1 X-16.046 Y-4.023 E.05832
G1 X-16.126 Y-3.531 E.02397
G1 X-16.389 Y-2.241 E.06332
G1 X-16.442 Y-.104 E.10281
G1 X-16.447 Y1.984 E.10043
G1 X-16.435 Y2.154 E.0082
G1 X-16.075 Y3.81 E.08151
G1 X-16.304 Y3.816 E.01102
G1 X-17.218 Y3.909 E.04419
G1 X-18.903 Y3.984 E.08112
G1 X-19.671 Y3.955 E.03696
G1 X-18.026 Y2.363 E.1101
G1 X-17.878 Y2.108 E.01418
G1 X-17.857 Y1.967 E.00686
G1 X-17.813 Y-.147 E.1017
G1 X-17.852 Y-2.13 E.09539
G1 X-17.877 Y-2.285 E.00755
G1 X-17.881 Y-2.291 E.00035
G1 X-18.267 Y-2.189 F7800
;TYPE:External perimeter
G1 F900
G1 X-18.297 Y-2.257 E.00357
G1 X-20.653 Y-4.533 E.15755
G1 X-18.88 Y-4.582 E.08531
G1 X-17.231 Y-4.502 E.0794
G1 X-15.598 Y-4.375 E.07878
G1 X-15.746 Y-3.469 E.04415
G1 X-16.003 Y-2.231 E.06081
G1 X-16.056 Y-.102 E.10243
G1 X-16.062 Y1.985 E.10038
G1 X-16.058 Y2.075 E.00433
G1 X-15.793 Y3.347 E.06249
G1 X-15.584 Y4.188 E.04168
G1 X-16.265 Y4.2 E.03276
G1 X-17.19 Y4.294 E.04472
G1 X-18.902 Y4.369 E.08242
G1 X-20.599 Y4.305 E.08168
G1 X-18.749 Y2.543 E.12288
G1 X-18.299 Y2.091 E.03068
G1 X-18.243 Y1.959 E.0069
G1 X-18.198 Y-.14 E.10098
G1 X-18.238 Y-2.123 E.09539
G1 X-18.243 Y-2.134 E.00058
G1 X-18.497 Y-2.443 F7800
G1 X-17.881 Y-3.411
;TYPE:Solid infill
;WIDTH:0.571605
G1 F1200
G1 X-16.915 Y-3.352 E.06123
G1 X-16.974 Y-3.077 E.01779
G1 X-17.14 Y-2.558 E.03447
G1 X-17.438 Y-2.977 E.03253
G1 X-17.744 Y-3.276 E.02707
G1 E-2 F2400
G1 X-17.861 Y3.215 F7800
G1 E2 F2400
;WIDTH:0.544759
G1 F1200
G1 X-17.454 Y2.806 E.03457
G1 X-17.18 Y2.403 E.0292
G1 X-16.964 Y3.157 E.04699
G1 X-17.668 Y3.206 E.04228
G1 E-10 F2400
T1
G1 X21.472 Y-4.374 F7800
G1 Z24.35
G1 E10 F2400
;TYPE:External perimeter
;WIDTH:0.404381
G1 F900
G1 X21.45 Y-4.142 E.00988
G1 E-2 F2400
G1 X21.545 Y4.601 F7800
G1 E2 F2400
G1 F900
G1 X21.524 Y4.385 E.0092
G1 E-2 F2400
G1 X19.495 Y1.389 F7800
G1 E2 F2400
;TYPE:Perimeter
;WIDTH:0.45
G1 F900
G1 X19.315 Y1.212 E.01214
G1 X19.34 Y.103 E.05335
G1 X19.301 Y-1.058 E.05587
G1 X19.832 Y-1.58 E.03581
G1 X20.449 Y-2.113 E.03921
G1 X20.46 Y.125 E.10764
G1 X20.503 Y2.327 E.10593
G1 X19.942 Y1.827 E.03614
G1 X19.538 Y1.431 E.02721
G1 X19.009 Y1.453 F7800
G1 F900
G1 X18.925 Y1.37 E.00568
G1 X18.955 Y.116 E.06033
G1 X18.91 Y-1.214 E.064
G1 X19.561 Y-1.856 E.04398
G1 X20.919 Y-3.063 E.08739
G1 X20.835 Y-2.115 E.04577
G1 X20.846 Y.118 E.1074
G1 X20.891 Y2.38 E.10882
G1 X20.978 Y3.267 E.04287
G1 X19.679 Y2.109 E.0837
G1 X19.052 Y1.495 E.04221
G1 X18.536 Y1.516 F7800
;TYPE:External perimeter
G1 F900
G1 X18.569 Y.129 E.06673
G1 X18.519 Y-1.37 E.07214
G1 X19.298 Y-2.137 E.05258
G1 X21.412 Y-4.062 E.13751
;WIDTH:0.415059
G1 X21.45 Y-4.142 E.00387
G1 X21.431 Y-4.052 E.00402
;WIDTH:0.45
G1 X21.221 Y-2.136 E.0927
G1 X21.231 Y.108 E.10793
G1 X21.275 Y2.342 E.10747
G1 X21.499 Y4.274 E.09354
;WIDTH:0.417534
G1 X21.524 Y4.385 E.00501
G1 X21.485 Y4.281 E.00489
;WIDTH:0.45
G1 X19.415 Y2.391 E.13482
G1 X18.57 Y1.561 E.05697
G1 X18.548 Y1.162 F7800
G1 X19.672 Y.129
;TYPE:Solid infill
;WIDTH:0.544298
G1 F1200
G1 X19.642 Y-.922 E.06294
G1 X20.119 Y-1.385 E.03979
G1 X20.142 Y.145 E.09159
;WIDTH:0.549189
G1 X20.151 Y1.544 E.0846
G1 X19.657 Y1.072 E.04131
G1 X19.669 Y.321 E.04542
G1 E-2 F2400
G1 X-20.999 Y4.368 F7800
G1 E2 F2400
;TYPE:External perimeter
;WIDTH:0.404381
G1 F900
G1 X-20.998 Y4.228 E.00594
G1 E-2 F2400
G1 X-21.057 Y-4.602 F7800
G1 E2 F2400
G1 F900
G1 X-21.055 Y-4.446 E.00662
G1 E-2 F2400
G1 X-19.524 Y-1.648 F7800
G1 E2 F2400
;TYPE:Perimeter
;WIDTH:0.589157
G1 F900
G1 X-19.519 Y-1.644 E.00042
G1 X-19.474 Y-.172 E.09639
;WIDTH:0.557893
G1 X-19.474 Y-.13 E.00259
;WIDTH:0.557352
G1 X-19.475 Y-.024 E.00652
;WIDTH:0.573225
G1 X-19.505 Y1.23 E.07961
;WIDTH:0.574401
G1 X-19.513 Y1.492 E.01667
G1 X-20.048 Y2.008 E.04728
G1 X-20.014 Y1.215 E.05049
;WIDTH:0.573225
G1 X-19.967 Y-.039 E.07964
;WIDTH:0.557893
G1 X-19.967 Y-.151 E.00689
;WIDTH:0.589157
G1 X-20.086 Y-2.191 E.13375
G1 X-19.567 Y-1.69 E.04722
G1 X-19.071 Y-1.843 F7800
;WIDTH:0.45
G1 F900
G1 X-19.068 Y-1.841 E.00017
G1 X-19.034 Y-.122 E.08269
G1 X-19.071 Y1.682 E.08678
G1 X-20.513 Y3.07 E.09626
G1 X-20.504 Y2.195 E.04209
G1 X-20.405 Y-.059 E.10851
G1 X-20.557 Y-2.409 E.11326
G1 X-20.577 Y-3.298 E.04277
G1 X-19.114 Y-1.885 E.09783
G1 X-18.686 Y-2.008 F7800
;TYPE:External perimeter
G1 F900
G1 X-18.649 Y-.116 E.09102
G1 X-18.69 Y1.846 E.09439
G1 X-20.908 Y3.979 E.148
G1 X-20.89 Y2.184 E.08634
G1 X-20.791 Y-.097 E.10981
G1 X-20.942 Y-2.396 E.11081
G1 X-21.037 Y-4.377 E.09539
G1 X-20.07 Y-3.344 E.06806
G1 X-18.729 Y-2.049 E.08966
G1 X-18.683 Y-1.652 F7800
M106 S201.45
;LAYER_CHANGE
;Z:24.65
;HEIGHT:0.299999
G1 E-2 F2400
G1 Z24.65 F7800
G1 Z24.65
G1 X21.128 Y-4.375
G1 E2 F2400
;WIDTH:0.404381
G1 F900
G1 X21.118 Y-4.192 E.00777
G1 E-2 F2400
G1 X21.208 Y4.602 F7800
G1 E2 F2400
G1 F900
G1 X21.194 Y4.435 E.00711
G1 E-2 F2400
G1 X19.307 Y1.494 F7800
G1 E2 F2400
;TYPE:Perimeter
;WIDTH:0.45
G1 F900
G1 X19.333 Y.083 E.06788
G1 X19.285 Y-1.336 E.06829
G1 X20.128 Y-2.122 E.05544
G1 X20.181 Y2.321 E.21371
G1 X19.351 Y1.535 E.05498
G1 X18.918 Y1.649 F7800
G1 F900
G1 X18.947 Y.096 E.07471
G1 X18.894 Y-1.49 E.07632
G1 X19.245 Y-1.844 E.02398
G1 X20.586 Y-3.068 E.08732
G1 X20.518 Y-2.124 E.04552
G1 X20.531 Y.093 E.10663
G1 X20.568 Y2.358 E.10895
G1 X20.644 Y3.27 E.04402
G1 X19.301 Y2.037 E.08769
G1 X18.961 Y1.691 E.02333
G1 X18.53 Y1.804 F7800
;TYPE:External perimeter
G1 F900
G1 X18.562 Y.109 E.08154
G1 X18.503 Y-1.643 E.08431
G1 X18.978 Y-2.122 E.03245
G1 X19.66 Y-2.745 E.04443
G1 X21.089 Y-4.118 E.09531
;WIDTH:0.413763
G1 X21.118 Y-4.192 E.00346
G1 X21.1 Y-4.113 E.00353
;WIDTH:0.45
G1 X20.904 Y-2.141 E.09531
G1 X20.916 Y.091 E.10735
G1 X20.952 Y2.326 E.10751
G1 X21.167 Y4.338 E.09732
G1 X19.709 Y2.935 E.09732
G1 X19.034 Y2.315 E.04408
G1 X18.572 Y1.846 E.03166
G1 X18.541 Y1.448 F7800
G1 E-2 F2400
G1 X19.876 Y-1.541 F7800
G1 E2 F2400
;TYPE:Solid infill
;WIDTH:0.393199
G1 F1200
G1 X19.901 Y.101 E.06735
;WIDTH:0.378795
G1 X19.901 Y.117 E.00063
;WIDTH:0.396488
G1 X19.909 Y1.71 E.06599
G1 X19.572 Y1.387 E.01934
G1 X19.587 Y.116 E.05265
;WIDTH:0.378795
G1 X19.587 Y.108 E.00031
;WIDTH:0.393199
G1 X19.549 Y-1.231 E.05494
G1 X19.736 Y-1.408 E.01056
G1 E-2 F2400
G1 X-20.721 Y4.362 F7800
G1 E2 F2400
;TYPE:External perimeter
;WIDTH:0.404381
G1 F900
G1 X-20.72 Y4.222 E.00594
G1 E-2 F2400
G1 X-20.785 Y-4.594 F7800
G1 E2 F2400
G1 F900
G1 X-20.784 Y-4.438 E.00662
G1 E-2 F2400
G1 X-19.461 Y-1.92 F7800
G1 E2 F2400
;TYPE:Perimeter
;WIDTH:0.453776
G1 F900
G1 X-19.46 Y-1.849 E.00345
G1 X-19.41 Y-.155 E.08231
;WIDTH:0.413936
G1 X-19.41 Y-.024 E.00571
;WIDTH:0.434651
G1 X-19.459 Y1.771 E.08293
G1 X-19.85 Y2.172 E.02587
G1 X-19.758 Y-.036 E.10206
;WIDTH:0.413936
G1 X-19.759 Y-.141 E.00458
;WIDTH:0.453776
G1 X-19.882 Y-2.349 E.1074
G1 X-19.499 Y-1.965 E.02634
G1 X-19.076 Y-2.086 F7800
;WIDTH:0.45
G1 F900
G1 X-19.072 Y-1.856 E.01106
G1 X-19.041 Y-.112 E.08389
G1 X-19.084 Y1.928 E.09814
G1 X-19.559 Y2.416 E.03275
G1 X-20.237 Y3.064 E.04511
G1 X-20.229 Y2.192 E.04194
G1 X-20.126 Y-.117 E.11117
G1 X-20.273 Y-2.388 E.10946
G1 X-20.304 Y-3.291 E.04346
G1 X-19.116 Y-2.129 E.07993
G1 X-18.694 Y-2.25 F7800
;TYPE:External perimeter
G1 F900
G1 X-18.687 Y-1.863 E.01862
G1 X-18.656 Y-.111 E.08428
G1 X-18.702 Y2.087 E.10574
G1 X-19.287 Y2.69 E.04041
G1 X-20.631 Y3.973 E.08937
G1 X-20.615 Y2.181 E.08619
G1 X-20.51 Y-.092 E.10944
G1 X-20.659 Y-2.38 E.11028
G1 X-20.691 Y-3.331 E.04577
G1 X-20.766 Y-4.368 E.05001
G1 X-20.067 Y-3.598 E.05002
G1 X-18.735 Y-2.292 E.08972
G1 X-18.691 Y-1.895 F7800
G1 E-10 F2400
T0
G1 X17.388 Y2.26 F7800
G1 Z24.65
G1 E10 F2400
;TYPE:Perimeter
G1 F900
G1 X17.544 Y2.54 E.01542
G1 X18.203 Y3.21 E.0452
G1 X18.83 Y3.786 E.04095
G1 X17.255 Y3.72 E.07582
G1 X16.196 Y3.641 E.05108
G1 X16.402 Y2.436 E.0588
G1 X16.464 Y1.016 E.06836
G1 X16.528 Y.062 E.04599
G1 X16.468 Y-1.149 E.05832
G1 X16.365 Y-2.192 E.05041
G1 X16.154 Y-3.484 E.06296
G1 X17.091 Y-3.539 E.04514
G1 X18.787 Y-3.601 E.08163
G1 X18.117 Y-2.987 E.04371
G1 X17.578 Y-2.446 E.03673
G1 X17.342 Y-2.091 E.0205
G1 X17.278 Y-1.713 E.01844
G1 X17.34 Y.123 E.08836
G1 X17.307 Y1.889 E.08495
G1 X17.349 Y2.189 E.01457
G1 X17.359 Y2.208 E.00103
G1 X17.738 Y2.117 F7800
G1 F900
G1 X17.744 Y2.147 E.00147
G1 X17.987 Y2.443 E.01842
G1 X18.464 Y2.926 E.03265
G1 X19.816 Y4.168 E.0883
G1 X18.723 Y4.172 E.05257
G1 X17.232 Y4.105 E.07178
G1 X15.744 Y3.994 E.07177
G1 X16.022 Y2.371 E.0792
G1 X16.08 Y.987 E.06662
G1 X16.143 Y.081 E.04368
G1 X16.083 Y-1.131 E.05836
G1 X15.984 Y-2.13 E.04828
G1 X15.692 Y-3.843 E.08358
G1 X17.072 Y-3.925 E.06649
G1 X18.654 Y-3.989 E.07615
G1 X19.759 Y-3.967 E.05316
G1 X18.39 Y-2.715 E.08923
G1 X17.852 Y-2.174 E.0367
G1 X17.702 Y-1.953 E.01285
G1 X17.664 Y-1.726 E.01107
G1 X17.726 Y.12 E.08884
G1 X17.692 Y1.896 E.08544
G1 X17.726 Y2.058 E.00796
G1 X18.099 Y1.979 F7800
;TYPE:External perimeter
G1 F900
G1 X18.261 Y2.172 E.01212
G1 X18.725 Y2.642 E.03177
G1 X20.802 Y4.55 E.13565
G1 X18.715 Y4.558 E.10038
G1 X17.209 Y4.49 E.07251
G1 X15.293 Y4.347 E.09241
G1 X15.641 Y2.306 E.09958
G1 X15.695 Y.959 E.06484
G1 X15.758 Y.102 E.04133
G1 X15.698 Y-1.112 E.05846
G1 X15.604 Y-2.069 E.04625
G1 X15.41 Y-3.268 E.05842
G1 X15.23 Y-4.201 E.0457
G1 X17.053 Y-4.31 E.08784
G1 X18.65 Y-4.375 E.07687
G1 X20.732 Y-4.334 E.10016
G1 X18.664 Y-2.444 E.13475
G1 X18.105 Y-1.882 E.03812
G1 X18.049 Y-1.739 E.00739
G1 X18.112 Y.117 E.08932
G1 X18.087 Y1.924 E.08692
G1 X18.334 Y2.238 F7800
G1 E-2 F2400
G1 X17.838 Y-3.277 F7800
G1 E2 F2400
;TYPE:Solid infill
G1 F1200
G1 X16.493 Y-3.213 E.06476
G1 X16.659 Y-2.17 E.0508
G1 X16.691 Y-1.668 E.02419
;WIDTH:0.416247
G1 X16.723 Y-1.167 E.02203
;WIDTH:0.382494
G1 X16.724 Y-1.159 E.00032
;WIDTH:0.382193
G1 X16.78 Y.117 E.05063
;WIDTH:0.397877
G1 X16.726 Y1.036 E.03829
;WIDTH:0.405648
G1 X16.699 Y1.87 E.03552
;WIDTH:0.45
G1 X16.695 Y2.381 E.02458
G1 X16.534 Y3.376 E.04848
G1 X18.057 Y3.467 E.07338
G1 X17.306 Y2.701 E.05159
G1 X17.069 Y2.243 E.0248
;WIDTH:0.443607
G1 X17.04 Y1.88 E.01722
;WIDTH:0.405648
G1 X17.06 Y1.051 E.0353
;WIDTH:0.397877
G1 X17.089 Y.147 E.03762
;WIDTH:0.373986
G1 X17.089 Y.102 E.00174
;WIDTH:0.382193
G1 X17.041 Y-1.172 E.05054
;WIDTH:0.398541
G1 X17.015 Y-1.696 E.02187
;WIDTH:0.42427
G1 X17.039 Y-1.925 E.01034
;WIDTH:0.45
G1 X17.062 Y-2.155 E.01112
G1 X17.305 Y-2.576 E.02338
G1 X18.031 Y-3.287 E.04887
G1 X17.026 Y-2.837 F7800
;WIDTH:0.503509
G1 F1200
G1 X16.987 Y-2.876 E.00302
G1 X16.934 Y-2.862 E.003
G1 X16.92 Y-2.809 E.003
G1 X16.958 Y-2.77 E.00298
G1 X17.011 Y-2.784 E.003
G1 E-2 F2400
G1 X17.066 Y2.984 F7800
G1 E2 F2400
;WIDTH:0.503817
G1 F1200
G1 X17.027 Y2.946 E.00298
G1 X16.974 Y2.96 E.003
G1 X16.96 Y3.013 E.003
G1 X16.998 Y3.052 E.00298
G1 X17.052 Y3.037 E.00307
G1 E-2 F2400
G1 X-17.465 Y-1.974 F7800
G1 E2 F2400
;TYPE:Perimeter
;WIDTH:0.46227
G1 F900
G1 X-17.466 Y-2.265 E.01444
;WIDTH:0.46329
G1 X-17.473 Y-2.457 E.00956
G1 X-17.66 Y-2.929 E.02526
;WIDTH:0.45
G1 X-18.47 Y-3.758 E.05575
G1 X-16.808 Y-3.67 E.08005
G1 X-16.903 Y-3.091 E.02822
;WIDTH:0.46227
G1 X-17.069 Y-2.263 E.04191
G1 X-17.101 Y-.497 E.08766
;WIDTH:0.419449
G1 X-17.101 Y-.087 E.01816
;WIDTH:0.434994
G1 X-17.116 Y2.012 E.09703
;WIDTH:0.444531
G1 X-17.1 Y2.211 E.00947
;WIDTH:0.45
G1 X-16.842 Y3.463 E.06148
G1 X-18.411 Y3.541 E.07556
G1 X-17.695 Y2.798 E.04963
G1 X-17.487 Y2.241 E.0286
;WIDTH:0.444531
G1 X-17.486 Y2.008 E.01105
;WIDTH:0.434994
G1 X-17.452 Y-.091 E.09704
;WIDTH:0.419449
G1 X-17.456 Y-.499 E.01807
;WIDTH:0.46227
G1 X-17.464 Y-1.914 E.07022
G1 X-17.937 Y-2.575 F7800
;WIDTH:0.45
G1 F900
G1 X-18.028 Y-2.767 E.01022
G1 X-19.45 Y-4.165 E.09591
G1 X-19.101 Y-4.174 E.01679
G1 X-17.007 Y-4.073 E.10083
G1 X-16.36 Y-4.022 E.03121
G1 X-16.525 Y-3.011 E.04927
G1 X-16.677 Y-2.251 E.03728
G1 X-16.731 Y-.47 E.0857
G1 X-16.737 Y2.013 E.11942
G1 X-16.375 Y3.803 E.08784
G1 X-16.965 Y3.863 E.02852
G1 X-18.435 Y3.928 E.07077
G1 X-19.395 Y3.948 E.04618
G1 X-18.691 Y3.276 E.04681
G1 X-18.032 Y2.597 E.04551
G1 X-17.868 Y2.206 E.02039
G1 X-17.82 Y-.121 E.11194
G1 X-17.863 Y-2.418 E.1105
G1 X-17.912 Y-2.521 E.00549
G1 X-18.274 Y-2.43 F7800
;TYPE:External perimeter
G1 F900
G1 X-18.302 Y-2.495 E.0034
G1 X-18.957 Y-3.156 E.04476
G1 X-20.38 Y-4.524 E.09494
G1 X-19.097 Y-4.56 E.06173
G1 X-16.983 Y-4.458 E.10179
G1 X-15.911 Y-4.374 E.05172
G1 X-16.148 Y-2.931 E.07033
G1 X-16.292 Y-2.239 E.034
G1 X-16.346 Y-.469 E.08517
G1 X-16.352 Y2.014 E.11942
G1 X-15.989 Y3.758 E.08568
G1 X-15.886 Y4.174 E.02061
G1 X-16.287 Y4.182 E.01929
G1 X-16.937 Y4.248 E.03142
G1 X-19.124 Y4.344 E.10529
G1 X-20.321 Y4.299 E.05761
G1 X-18.968 Y3.007 E.08998
G1 X-18.308 Y2.328 E.04554
G1 X-18.254 Y2.198 E.00677
G1 X-18.205 Y-.114 E.11122
G1 X-18.246 Y-2.363 E.10819
G1 X-18.251 Y-2.375 E.00063
G1 X-18.5 Y-2.688 F7800
G1 X-17.782 Y-3.45
;TYPE:Solid infill
;WIDTH:0.419073
G1 F1200
G1 X-17.133 Y-3.418 E.02875
G1 X-17.284 Y-2.774 E.02926
G1 X-17.423 Y-3.056 E.01391
G1 X-17.652 Y-3.308 E.01506
G1 E-2 F2400
G1 X-17.355 Y2.597 F7800
G1 E2 F2400
;WIDTH:0.397014
G1 F1200
G1 X-17.286 Y2.602 E.00287
G1 X-17.16 Y3.223 E.02629
G1 X-17.764 Y3.249 E.02508
G1 X-17.509 Y2.982 E.01532
G1 X-17.427 Y2.776 E.0092
M106 S209.1
;LAYER_CHANGE
;Z:24.95
;HEIGHT:0.300001
G1 E-2 F2400
G1 Z24.95 F7800
G1 Z24.95
G1 X17.378 Y2.538
G1 E2 F2400
;TYPE:Perimeter
;WIDTH:0.512233
G1 F900
G1 X17.446 Y2.643 E.00699
;WIDTH:0.481116
G1 X17.589 Y2.863 E.01364
;WIDTH:0.45
G1 X18.49 Y3.741 E.06051
G1 X16.515 Y3.639 E.09512
G1 X16.611 Y3.063 E.02809
;WIDTH:0.481116
G1 X16.679 Y2.754 E.01645
;WIDTH:0.512233
G1 X16.746 Y2.445 E.01766
;WIDTH:0.54225
G1 X16.78 Y2.152 E.01758
G1 X16.828 Y.664 E.08873
;WIDTH:0.524682
G1 X16.857 Y.064 E.03449
;WIDTH:0.524988
G1 X16.788 Y-1.516 E.09086
;WIDTH:0.526356
G1 X16.785 Y-1.565 E.00283
;WIDTH:0.532889
G1 X16.724 Y-2.197 E.0371
G1 X16.647 Y-2.543 E.02071
;WIDTH:0.491444
G1 X16.57 Y-2.89 E.01893
;WIDTH:0.45
G1 X16.475 Y-3.475 E.02851
G1 X18.451 Y-3.562 E.09513
G1 X17.5 Y-2.631 E.06401
;WIDTH:0.48444
G1 X17.409 Y-2.464 E.00996
;WIDTH:0.51888
G1 X17.319 Y-2.298 E.0107
;WIDTH:0.553321
G1 X17.228 Y-2.131 E.0116
G1 X17.248 Y-1.534 E.03643
;WIDTH:0.524988
G1 X17.301 Y.047 E.09088
;WIDTH:0.509459
G1 X17.303 Y.137 E.005
;WIDTH:0.524682
G1 X17.288 Y.676 E.03096
;WIDTH:0.54225
G1 X17.258 Y2.164 E.08871
G1 X17.303 Y2.423 E.01567
;WIDTH:0.512233
G1 X17.345 Y2.487 E.00428
G1 X17.746 Y2.388 F7800
;WIDTH:0.45
G1 F900
G1 X17.861 Y2.589 E.01114
G1 X18.554 Y3.276 E.04693
G1 X19.5 Y4.146 E.06182
G1 X18.94 Y4.147 E.02693
G1 X16.95 Y4.058 E.09581
G1 X16.065 Y3.992 E.04268
G1 X16.342 Y2.308 E.08208
G1 X16.443 Y.084 E.10708
G1 X16.365 Y-1.495 E.07604
G1 X16.302 Y-2.129 E.03064
G1 X16.022 Y-3.835 E.08315
G1 X18.867 Y-3.965 E.13698
G1 X19.448 Y-3.953 E.02795
G1 X18.451 Y-3.038 E.06509
G1 X17.829 Y-2.419 E.04221
G1 X17.667 Y-2.114 E.01661
G1 X17.658 Y-1.992 E.00588
G1 X17.719 Y.129 E.10205
G1 X17.69 Y2.171 E.09822
G1 X17.707 Y2.32 E.00721
G1 X17.716 Y2.336 E.00088
G1 X18.103 Y2.244 F7800
;TYPE:External perimeter
G1 F900
G1 X18.132 Y2.316 E.00373
G1 X18.815 Y2.992 E.04622
G1 X20.486 Y4.528 E.10916
G1 X18.932 Y4.533 E.07474
G1 X16.927 Y4.443 E.09653
G1 X15.615 Y4.345 E.06328
G1 X15.957 Y2.29 E.1002
G1 X16.021 Y.614 E.08067
G1 X16.057 Y.103 E.02464
G1 X15.98 Y-1.477 E.07608
G1 X15.922 Y-2.067 E.02851
G1 X15.67 Y-3.625 E.07591
G1 X15.56 Y-4.194 E.02787
G1 X16.742 Y-4.264 E.05695
G1 X18.863 Y-4.35 E.1021
G1 X20.391 Y-4.32 E.07351
G1 X20.401 Y-4.305 E.00087
G1 X18.723 Y-2.764 E.10958
G1 X18.1 Y-2.145 E.04224
G1 X18.044 Y-2.003 E.00734
G1 X18.105 Y.127 E.10249
G1 X18.075 Y2.176 E.09856
G1 X18.081 Y2.189 E.00069
G1 X18.329 Y2.502 F7800
G1 X16.916 Y3.133
;TYPE:Solid infill
;WIDTH:0.495463
G1 F1200
G1 X17.056 Y2.646 E.02724
G1 X17.312 Y3.022 E.02446
G1 X17.68 Y3.391 E.02802
G1 X16.88 Y3.35 E.04307
G1 X16.884 Y3.323 E.00147
G1 E-2 F2400
G1 X16.84 Y-3.181 F7800
G1 E2 F2400
;WIDTH:0.498343
G1 F1200
G1 X17.64 Y-3.215 E.04334
G1 X17.277 Y-2.85 E.02786
G1 X17.024 Y-2.453 E.02548
G1 X16.888 Y-2.994 E.03019
G1 E-2 F2400
G1 X-18.062 Y-3.657 F7800
G1 E2 F2400
;TYPE:Perimeter
;WIDTH:0.545955
G1 F900
G1 X-17.183 Y-3.614 E.05286
G1 X-17.228 Y-3.347 E.01626
;WIDTH:0.581282
G1 X-17.403 Y-2.408 E.06158
G1 X-17.414 Y-2.606 E.01278
;WIDTH:0.563764
G1 X-17.652 Y-3.235 E.04189
;WIDTH:0.545955
G1 X-18.02 Y-3.614 E.03173
G1 E-2 F2400
G1 X-17.436 Y2.197 F7800
G1 E2 F2400
;WIDTH:0.538025
G1 F900
G1 X-17.45 Y1.963 E.01385
;WIDTH:0.524129
G1 X-17.428 Y-.043 E.11504
;WIDTH:0.475989
G1 X-17.428 Y-.163 E.00616
;WIDTH:0.521002
G1 X-17.419 Y-1.217 E.06003
;WIDTH:0.566015
G1 X-17.409 Y-2.27 E.06589
;WIDTH:0.581282
G1 X-17.403 Y-2.408 E.00891
G1 E-2 F2400
G1 X-18.031 Y3.444 F7800
G1 E2 F2400
;WIDTH:0.530561
G1 F900
G1 X-17.648 Y3.04 E.03237
;WIDTH:0.534383
G1 X-17.433 Y2.391 E.04008
;WIDTH:0.537976
G1 X-17.436 Y2.199 E.01134
G1 X-17.395 Y2.386 E.01131
;WIDTH:0.534383
G1 X-17.181 Y3.404 E.06098
;WIDTH:0.530561
G1 X-17.972 Y3.442 E.04605
G1 E-2 F2400
G1 X-17.854 Y-2.435 F7800
G1 E2 F2400
;WIDTH:0.45
G1 F900
G1 X-17.856 Y-2.6 E.00794
G1 X-18.023 Y-2.999 E.0208
G1 X-19.166 Y-4.145 E.07785
G1 X-16.676 Y-4.021 E.11991
G1 X-16.965 Y-2.256 E.08602
G1 X-17.03 Y-.151 E.10129
G1 X-17.027 Y1.962 E.10163
G1 X-17.016 Y2.11 E.00714
G1 X-16.662 Y3.806 E.08333
G1 X-19.098 Y3.921 E.11729
G1 X-18.022 Y2.822 E.07397
G1 X-17.86 Y2.403 E.02161
G1 X-17.873 Y1.964 E.02112
G1 X-17.826 Y-.073 E.098
G1 X-17.854 Y-2.375 E.11073
G1 X-18.24 Y-2.444 F7800
;TYPE:External perimeter
G1 F900
G1 X-18.242 Y-2.596 E.00731
G1 X-18.298 Y-2.729 E.00694
G1 X-19.169 Y-3.613 E.05969
G1 X-20.109 Y-4.516 E.06269
G1 X-19.314 Y-4.538 E.03825
G1 X-16.735 Y-4.413 E.12419
G1 X-16.226 Y-4.373 E.02456
G1 X-16.58 Y-2.244 E.1038
G1 X-16.645 Y-.139 E.10129
G1 X-16.642 Y1.962 E.10105
G1 X-16.185 Y4.169 E.1084
G1 X-19.346 Y4.319 E.1522
G1 X-20.044 Y4.293 E.03359
G1 X-19.188 Y3.473 E.05701
G1 X-18.3 Y2.554 E.06146
G1 X-18.246 Y2.415 E.00717
G1 X-18.259 Y1.965 E.02165
G1 X-18.212 Y-.066 E.09771
G1 X-18.24 Y-2.384 E.1115
G1 X-18.359 Y-2.766 F7800
G1 E-10 F2400
T1
G1 X20.791 Y-4.165 F7800
G1 Z24.95
G1 E10 F2400
;WIDTH:0.404381
G1 F900
G1 X20.795 Y-4.359 E.00823
G1 E-2 F2400
G1 X20.89 Y4.581 F7800
G1 E2 F2400
G1 F900
G1 X20.877 Y4.413 E.00715
G1 E-2 F2400
G1 X19.351 Y1.745 F7800
G1 E2 F2400
;TYPE:Perimeter
;WIDTH:0.533482
G1 F900
G1 X19.345 Y1.739 E.0005
G1 X19.356 Y.139 E.09362
;WIDTH:0.509831
G1 X19.355 Y.096 E.00239
;WIDTH:0.53143
G1 X19.318 Y-1.577 E.09748
G1 X19.788 Y-2.029 E.03799
G1 X19.8 Y.074 E.12251
;WIDTH:0.509831
G1 X19.801 Y.138 E.00356
;WIDTH:0.533482
G1 X19.825 Y2.205 E.12095
G1 X19.394 Y1.787 E.03513
G1 X18.918 Y1.918 F7800
;WIDTH:0.45
G1 F900
G1 X18.915 Y1.915 E.0002
G1 X18.94 Y.11 E.08682
G1 X18.887 Y-1.749 E.08945
G1 X19.303 Y-2.163 E.02823
G1 X20.275 Y-3.055 E.06345
G1 X20.214 Y-2.14 E.04411
G1 X20.216 Y.081 E.10682
G1 X20.256 Y2.342 E.10876
G1 X20.329 Y3.249 E.04376
G1 X19.389 Y2.385 E.06141
G1 X18.961 Y1.96 E.02901
G1 X18.528 Y2.074 F7800
;TYPE:External perimeter
G1 F900
G1 X18.527 Y2.073 E.00007
G1 X18.555 Y.121 E.09389
G1 X18.497 Y-1.905 E.09748
G1 X20.758 Y-4.08 E.15089
;WIDTH:0.415315
G1 X20.791 Y-4.165 E.00399
G1 X20.775 Y-4.072 E.00413
;WIDTH:0.45
G1 X20.6 Y-2.153 E.09268
G1 X20.601 Y.073 E.10706
G1 X20.64 Y2.311 E.10766
G1 X20.849 Y4.316 E.09696
G1 X18.571 Y2.116 E.15232
G1 X18.536 Y1.718 F7800
G1 E-2 F2400
G1 X-20.443 Y4.356 F7800
G1 E2 F2400
;WIDTH:0.404381
G1 F900
G1 X-20.442 Y4.215 E.00598
G1 E-2 F2400
G1 X-20.513 Y-4.586 F7800
G1 E2 F2400
G1 F900
G1 X-20.512 Y-4.429 E.00666
G1 E-2 F2400
G1 X-19.523 Y-2.14 F7800
G1 E2 F2400
;TYPE:Perimeter
;WIDTH:0.580477
G1 F900
G1 X-19.498 Y-1.472 E.04303
;WIDTH:0.545827
G1 X-19.472 Y-.805 E.04008
;WIDTH:0.511177
G1 X-19.447 Y-.137 E.03725
;WIDTH:0.476527
G1 X-19.447 Y-.027 E.00565
;WIDTH:0.5008
G1 X-19.482 Y.958 E.05365
;WIDTH:0.526143
G1 X-19.518 Y1.943 E.05677
;WIDTH:0.529347
G1 X-19.519 Y2.001 E.00336
G1 E-2 F2400
G1 X-19.15 Y-2.402 F7800
G1 E2 F2400
;WIDTH:0.45
G1 F900
G1 X-19.075 Y-2.327 E.0051
G1 X-19.072 Y-2.145 E.00875
G1 X-19.047 Y-.07 E.09981
G1 X-19.089 Y2.168 E.10766
G1 X-19.961 Y3.057 E.05989
G1 X-19.954 Y2.189 E.04175
G1 X-19.845 Y-.112 E.11079
G1 X-19.99 Y-2.372 E.10892
G1 X-20.02 Y-3.272 E.04331
G1 X-19.192 Y-2.445 E.05629
G1 X-18.69 Y-2.455 F7800
;TYPE:External perimeter
G1 F900
G1 X-18.687 Y-2.15 E.01467
G1 X-18.662 Y-.067 E.10019
G1 X-18.709 Y1.962 E.09761
G1 X-18.699 Y2.319 E.01718
G1 X-19.508 Y3.157 E.05602
G1 X-20.354 Y3.967 E.05633
G1 X-20.34 Y2.178 E.08605
G1 X-20.23 Y-.087 E.10907
G1 X-20.375 Y-2.353 E.10921
G1 X-20.42 Y-3.698 E.06473
G1 X-20.494 Y-4.36 E.03204
G1 X-20.065 Y-3.85 E.03205
G1 X-19.483 Y-3.291 E.03881
G1 X-18.711 Y-2.507 E.05292
G1 X-18.688 Y-2.107 F7800
M106 S216.75
;LAYER_CHANGE
;Z:25.25
;HEIGHT:0.299999
G1 E-2 F2400
G1 Z25.25 F7800
G1 Z25.25
G1 X20.455 Y-4.151
G1 E2 F2400
;WIDTH:0.404381
G1 F900
G1 X20.459 Y-4.345 E.00823
G1 E-2 F2400
G1 X20.573 Y4.558 F7800
G1 E2 F2400
G1 F900
G1 X20.56 Y4.39 E.00715
G1 E-2 F2400
G1 X19.266 Y2.032 F7800
G1 E2 F2400
;TYPE:Perimeter
;WIDTH:0.382228
G1 F900
G1 X19.271 Y.11 E.0762
;WIDTH:0.356064
G1 X19.271 Y.055 E.002
;WIDTH:0.382286
G1 X19.237 Y-1.856 E.07578
G1 X19.555 Y-2.157 E.01736
G1 X19.562 Y.052 E.08759
;WIDTH:0.356064
G1 X19.563 Y.109 E.00207
;WIDTH:0.382228
G1 X19.593 Y2.35 E.08885
G1 X19.309 Y2.074 E.0157
G1 X18.913 Y2.179 F7800
;WIDTH:0.45
G1 F900
G1 X18.933 Y.091 E.10043
G1 X18.881 Y-2.003 E.10075
G1 X19.969 Y-3.042 E.07236
G1 X19.909 Y-2.155 E.04276
G1 X19.901 Y.054 E.10625
G1 X19.944 Y2.326 E.10929
G1 X20.015 Y3.228 E.04352
G1 X18.956 Y2.221 E.07029
G1 X18.525 Y2.341 F7800
;TYPE:External perimeter
G1 F900
G1 X18.547 Y.098 E.10789
G1 X18.492 Y-2.164 E.10883
G1 X20.052 Y-3.654 E.10376
G1 X20.424 Y-4.069 E.02681
;WIDTH:0.414933
G1 X20.455 Y-4.151 E.00383
G1 X20.44 Y-4.062 E.00395
;WIDTH:0.45
G1 X20.296 Y-2.166 E.09145
G1 X20.286 Y.059 E.10702
G1 X20.321 Y1.949 E.09092
G1 X20.355 Y2.632 E.03289
G1 X20.533 Y4.293 E.08035
G1 X18.568 Y2.383 E.1318
G1 X18.533 Y1.984 F7800
G1 E-2 F2400
G1 X-20.165 Y4.349 F7800
G1 E2 F2400
;WIDTH:0.404381
G1 F900
G1 X-20.164 Y4.209 E.00594
G1 E-2 F2400
G1 X-20.241 Y-4.577 F7800
G1 E2 F2400
G1 F900
G1 X-20.24 Y-4.421 E.00662
G1 E-2 F2400
G1 X-19.139 Y-2.546 F7800
G1 E2 F2400
;TYPE:Perimeter
;WIDTH:0.574123
G1 F900
G1 X-19.134 Y-2.541 E.00045
G1 X-19.137 Y-2.431 E.007
G1 X-19.14 Y-2.134 E.01888
;WIDTH:0.560876
G1 X-19.087 Y-.126 E.12439
;WIDTH:0.519695
G1 X-19.086 Y.201 E.01857
;WIDTH:0.541569
G1 X-19.144 Y1.967 E.10516
;WIDTH:0.554535
G1 X-19.132 Y2.377 E.02508
G1 X-19.632 Y2.896 E.04406
G1 X-19.621 Y1.948 E.05796
;WIDTH:0.541569
G1 X-19.541 Y.187 E.10492
;WIDTH:0.519695
G1 X-19.534 Y-.109 E.01681
;WIDTH:0.560876
G1 X-19.636 Y-2.115 E.12438
;WIDTH:0.574123
G1 X-19.669 Y-3.084 E.06164
G1 X-19.181 Y-2.589 E.04419
G1 X-18.682 Y-2.72 F7800
;TYPE:External perimeter
;WIDTH:0.45
G1 F900
G1 X-18.68 Y-2.718 E.00014
G1 X-18.69 Y-2.417 E.01449
G1 X-18.666 Y.203 E.12602
G1 X-18.713 Y1.978 E.0854
G1 X-18.686 Y2.545 E.0273
G1 X-19.725 Y3.625 E.07208
G1 X-20.077 Y3.961 E.0234
G1 X-20.065 Y2.175 E.0859
G1 X-19.95 Y-.083 E.10874
G1 X-20.092 Y-2.337 E.10862
G1 X-20.154 Y-4.063 E.08307
;WIDTH:0.448072
G1 X-20.222 Y-4.351 E.01416
G1 X-20.062 Y-4.105 E.01404
;WIDTH:0.45
G1 X-18.724 Y-2.762 E.09118
G1 X-18.693 Y-2.364 F7800
G1 E-10 F2400
T0
G1 X17.4 Y2.806 F7800
G1 Z25.25
G1 E10 F2400
;TYPE:Perimeter
;WIDTH:0.526601
G1 F900
G1 X17.41 Y2.856 E.00294
;WIDTH:0.570453
G1 X17.437 Y2.987 E.00844
;WIDTH:0.614305
G1 X17.463 Y3.118 E.00916
G1 X17.952 Y3.601 E.04714
G1 X16.931 Y3.555 E.0701
G1 X16.981 Y3.25 E.0212
G1 X16.987 Y3.065 E.0127
;WIDTH:0.569185
G1 X16.993 Y2.88 E.01165
;WIDTH:0.524066
G1 X16.999 Y2.696 E.01056
;WIDTH:0.478946
G1 X17.005 Y2.511 E.00957
;WIDTH:0.433827
G1 X17.011 Y2.326 E.00853
;WIDTH:0.388708
G1 X17.081 Y.152 E.08799
;WIDTH:0.355934
G1 X17.08 Y.067 E.00309
;WIDTH:0.387178
G1 X16.98 Y-2.085 E.08674
;WIDTH:0.394395
G1 X16.968 Y-2.217 E.00546
;WIDTH:0.438646
G1 X16.962 Y-2.386 E.00789
;WIDTH:0.482898
G1 X16.956 Y-2.556 E.00888
;WIDTH:0.52715
G1 X16.95 Y-2.726 E.00982
;WIDTH:0.571402
G1 X16.944 Y-2.896 E.01076
;WIDTH:0.615654
G1 X16.938 Y-3.065 E.01163
G1 X16.887 Y-3.372 E.0214
G1 X17.917 Y-3.419 E.07089
G1 X17.423 Y-2.936 E.0475
G1 X17.397 Y-2.798 E.00966
;WIDTH:0.571402
G1 X17.372 Y-2.661 E.00881
;WIDTH:0.52715
G1 X17.347 Y-2.523 E.00809
;WIDTH:0.482898
G1 X17.321 Y-2.386 E.00728
;WIDTH:0.438646
G1 X17.296 Y-2.248 E.00655
;WIDTH:0.394395
G1 X17.303 Y-2.097 E.00622
;WIDTH:0.387178
G1 X17.372 Y.055 E.08669
;WIDTH:0.355934
G1 X17.372 Y.16 E.00382
;WIDTH:0.388708
G1 X17.335 Y2.334 E.08796
;WIDTH:0.395045
G1 X17.331 Y2.464 E.00536
;WIDTH:0.438897
G1 X17.357 Y2.595 E.00624
;WIDTH:0.482749
G1 X17.384 Y2.726 E.00698
;WIDTH:0.526601
G1 X17.388 Y2.747 E.00123
G1 X17.774 Y2.654 F7800
;WIDTH:0.45
G1 F900
G1 X17.864 Y2.863 E.01094
G1 X19.183 Y4.123 E.08773
G1 X16.386 Y3.99 E.13468
G1 X16.656 Y2.312 E.08174
G1 X16.743 Y.139 E.1046
G1 X16.627 Y-2.066 E.1062
G1 X16.337 Y-3.816 E.08532
G1 X19.14 Y-3.939 E.13494
G1 X17.832 Y-2.689 E.08702
G1 X17.653 Y-2.257 E.02249
G1 X17.711 Y.106 E.11369
G1 X17.689 Y2.457 E.11308
G1 X17.75 Y2.599 E.00743
G1 X18.103 Y2.517 F7800
;TYPE:External perimeter
G1 F900
G1 X18.133 Y2.587 E.00366
G1 X19.022 Y3.451 E.05962
G1 X20.169 Y4.505 E.07492
G1 X19.15 Y4.508 E.04901
G1 X16.644 Y4.396 E.12065
G1 X15.937 Y4.343 E.0341
G1 X16.271 Y2.297 E.09971
G1 X16.357 Y.124 E.1046
G1 X16.242 Y-2.045 E.10447
G1 X15.885 Y-4.182 E.10421
G1 X19.063 Y-4.325 E.15301
G1 X20.065 Y-4.289 E.04822
G1 X18.098 Y-2.41 E.13083
G1 X18.039 Y-2.266 E.00748
G1 X18.097 Y.103 E.11397
G1 X18.074 Y2.446 E.1127
G1 X18.08 Y2.461 E.00078
G1 X18.332 Y2.772 F7800
G1 E-2 F2400
G1 X-17.977 Y-3.698 F7800
G1 E2 F2400
;TYPE:Perimeter
;WIDTH:0.38584
G1 F900
G1 X-17.392 Y-3.669 E.02348
G1 X-17.419 Y-3.493 E.00714
G1 X-17.515 Y-2.869 E.02531
G1 X-17.702 Y-3.415 E.02314
G1 X-17.935 Y-3.655 E.01341
G1 E-2 F2400
G1 X-17.947 Y3.486 F7800
G1 E2 F2400
;WIDTH:0.376856
G1 F900
G1 X-17.694 Y3.216 E.01442
G1 X-17.537 Y2.73 E.0199
G1 X-17.38 Y3.46 E.0291
G1 X-17.887 Y3.483 E.01978
G1 E-2 F2400
G1 X-17.893 Y-3.02 F7800
G1 E2 F2400
;WIDTH:0.544174
G1 F900
G1 X-17.929 Y-3.084 E.00439
;WIDTH:0.497087
G1 X-18.008 Y-3.226 E.00877
;WIDTH:0.45
G1 X-18.866 Y-4.097 E.0588
G1 X-16.983 Y-4.002 E.09068
G1 X-17.07 Y-3.439 E.0274
;WIDTH:0.497087
G1 X-17.129 Y-3.21 E.01276
;WIDTH:0.544174
G1 X-17.188 Y-2.98 E.01421
;WIDTH:0.591262
G1 X-17.247 Y-2.751 E.01554
G1 X-17.314 Y-2.074 E.04471
;WIDTH:0.558272
G1 X-17.352 Y-.167 E.1175
;WIDTH:0.515319
G1 X-17.349 Y.226 E.0221
;WIDTH:0.540947
G1 X-17.354 Y2.017 E.10646
;WIDTH:0.57347
G1 X-17.281 Y2.555 E.03447
G1 X-17.213 Y2.772 E.01444
;WIDTH:0.532313
G1 X-17.145 Y2.989 E.01327
;WIDTH:0.491156
G1 X-17.077 Y3.206 E.0121
;WIDTH:0.45
G1 X-16.951 Y3.79 E.02873
G1 X-18.805 Y3.874 E.08926
G1 X-18.007 Y3.044 E.05538
;WIDTH:0.490902
G1 X-17.933 Y2.9 E.00861
;WIDTH:0.531804
G1 X-17.859 Y2.756 E.00944
;WIDTH:0.572707
G1 X-17.785 Y2.612 E.01026
G1 X-17.831 Y1.967 E.041
;WIDTH:0.540947
G1 X-17.798 Y.221 E.1038
;WIDTH:0.515319
G1 X-17.802 Y-.171 E.02205
;WIDTH:0.558272
G1 X-17.808 Y-2.078 E.11747
;WIDTH:0.560161
G1 X-17.808 Y-2.143 E.00402
;WIDTH:0.591262
G1 X-17.771 Y-2.799 E.04318
G1 X-17.85 Y-2.941 E.01068
;WIDTH:0.544174
G1 X-17.864 Y-2.968 E.00182
G1 X-18.254 Y-2.883 F7800
;TYPE:External perimeter
;WIDTH:0.45
G1 F900
G1 X-18.282 Y-2.955 E.00372
G1 X-19.377 Y-4.066 E.07503
G1 X-19.837 Y-4.507 E.03065
G1 X-19.531 Y-4.516 E.01472
G1 X-16.537 Y-4.366 E.14418
G1 X-16.689 Y-3.381 E.04794
G1 X-16.875 Y-2.061 E.06411
G1 X-16.934 Y-.147 E.0921
G1 X-16.924 Y1.97 E.10182
G1 X-16.893 Y2.23 E.01259
G1 X-16.478 Y4.155 E.09471
G1 X-19.256 Y4.28 E.13375
G1 X-19.766 Y4.286 E.02453
G1 X-19.408 Y3.943 E.02385
G1 X-18.285 Y2.777 E.07786
G1 X-18.231 Y2.635 E.00731
G1 X-18.263 Y1.981 E.03149
G1 X-18.216 Y.204 E.0855
G1 X-18.249 Y-2.141 E.1128
G1 X-18.227 Y-2.814 E.03239
G1 X-18.232 Y-2.827 E.00067
G1 X-18.476 Y-3.143 F7800
M106 S219.3
;LAYER_CHANGE
;Z:25.55
;HEIGHT:0.299999
G1 E-2 F2400
G1 Z25.55 F7800
G1 Z25.55
G1 X17.814 Y-3.468
G1 E2 F2400
;TYPE:Perimeter
;WIDTH:0.450483
G1 F900
G1 X17.478 Y-3.13 E.02295
;WIDTH:0.452397
G1 X17.253 Y-2.492 E.03274
G1 X17.106 Y-3.438 E.04633
;WIDTH:0.450483
G1 X17.754 Y-3.465 E.03123
G1 E-2 F2400
G1 X17.854 Y3.643 F7800
G1 E2 F2400
;WIDTH:0.441837
G1 F900
G1 X17.155 Y3.61 E.03294
G1 X17.187 Y3.406 E.00972
;WIDTH:0.454673
G1 X17.287 Y2.727 E.03341
G1 X17.518 Y3.31 E.03053
;WIDTH:0.441837
G1 X17.812 Y3.601 E.01947
G1 E-2 F2400
G1 X17.253 Y-2.492 F7800
G1 E2 F2400
;WIDTH:0.452397
G1 F900
G1 X17.27 Y-2.281 E.01024
;WIDTH:0.427056
G1 X17.287 Y-2.07 E.00958
;WIDTH:0.401715
G1 X17.323 Y-.995 E.04526
;WIDTH:0.374658
G1 X17.359 Y.08 E.04163
;WIDTH:0.350893
G1 X17.36 Y.193 E.00404
;WIDTH:0.378936
G1 X17.336 Y1.259 E.04183
;WIDTH:0.406979
G1 X17.313 Y2.325 E.04556
;WIDTH:0.454673
G1 X17.287 Y2.727 E.01961
G1 X17.676 Y2.545 F7800
;WIDTH:0.45
G1 F900
G1 X17.674 Y2.713 E.00808
G1 X17.849 Y3.106 E.02069
G1 X18.844 Y4.073 E.06673
G1 X16.71 Y3.971 E.10276
G1 X16.949 Y2.312 E.08062
G1 X17.025 Y.096 E.10664
G1 X16.926 Y-2.053 E.10347
G1 X16.659 Y-3.806 E.08529
G1 X18.796 Y-3.895 E.10287
G1 X17.812 Y-2.924 E.06649
G1 X17.64 Y-2.5 E.02201
G1 X17.696 Y.191 E.12946
G1 X17.676 Y2.485 E.11034
G1 X18.061 Y2.553 F7800
;TYPE:External perimeter
G1 F900
G1 X18.06 Y2.69 E.00659
G1 X18.118 Y2.83 E.00729
G1 X19.226 Y3.906 E.07428
G1 X19.852 Y4.482 E.04091
G1 X19.367 Y4.484 E.02333
G1 X16.26 Y4.335 E.14961
G1 X16.421 Y3.34 E.04848
G1 X16.564 Y2.299 E.05054
G1 X16.64 Y.113 E.1052
G1 X16.541 Y-2.035 E.10342
G1 X16.212 Y-4.173 E.10404
G1 X19.283 Y-4.301 E.14783
G1 X19.729 Y-4.273 E.02149
G1 X18.083 Y-2.65 E.11118
G1 X18.025 Y-2.508 E.00738
G1 X18.082 Y.188 E.1297
G1 X18.061 Y2.493 E.11087
G1 X18.187 Y2.873 F7800
G1 E-2 F2400
G1 X-17.641 Y-3.649 F7800
G1 E2 F2400
;TYPE:Perimeter
;WIDTH:0.400435
G1 F900
G1 X-17.662 Y-3.612 E.00178
G1 X-17.725 Y-3.649 E.00306
G1 X-17.662 Y-3.685 E.00304
G1 E-2 F2400
G1 X-17.645 Y3.447 F7800
G1 E2 F2400
;WIDTH:0.374087
G1 F900
G1 X-17.664 Y3.48 E.00147
G1 X-17.723 Y3.447 E.00261
G1 X-17.664 Y3.413 E.00263
G1 E-2 F2400
G1 X-17.905 Y-3.233 F7800
G1 E2 F2400
;WIDTH:0.460838
G1 F900
G1 X-17.991 Y-3.452 E.01163
;WIDTH:0.45
G1 X-18.584 Y-4.051 E.04054
G1 X-17.266 Y-3.991 E.06346
G1 X-17.326 Y-3.595 E.01926
;WIDTH:0.460838
G1 X-17.51 Y-2.284 E.06546
;WIDTH:0.424764
G1 X-17.536 Y-1.772 E.02304
;WIDTH:0.403806
G1 X-17.568 Y-.179 E.06745
;WIDTH:0.370518
G1 X-17.568 Y-.143 E.00137
;WIDTH:0.386172
G1 X-17.554 Y.475 E.02481
;WIDTH:0.402343
G1 X-17.559 Y2.06 E.06681
;WIDTH:0.440062
G1 X-17.465 Y2.79 E.03449
;WIDTH:0.440956
G1 X-17.463 Y2.801 E.00053
;WIDTH:0.45
G1 X-17.257 Y3.777 E.04798
G1 X-18.53 Y3.83 E.06128
G1 X-17.992 Y3.272 E.03728
G1 X-17.835 Y2.848 E.02175
;WIDTH:0.440956
G1 X-17.859 Y2.586 E.01236
;WIDTH:0.42107
G1 X-17.901 Y1.97 E.02747
;WIDTH:0.402343
G1 X-17.875 Y.474 E.06307
;WIDTH:0.386172
G1 X-17.874 Y-.182 E.02633
;WIDTH:0.403806
G1 X-17.875 Y-1.775 E.06744
;WIDTH:0.404705
G1 X-17.875 Y-1.804 E.00123
;WIDTH:0.42777
G1 X-17.868 Y-2.365 E.02543
;WIDTH:0.460838
G1 X-17.819 Y-3.016 E.03228
G1 X-17.883 Y-3.177 E.00857
G1 X-18.237 Y-3.107 F7800
;TYPE:External perimeter
;WIDTH:0.45
G1 F900
G1 X-18.265 Y-3.181 E.00381
G1 X-19.552 Y-4.481 E.08798
G1 X-16.821 Y-4.357 E.13149
G1 X-17.137 Y-2.267 E.10166
G1 X-17.173 Y-1.761 E.0244
G1 X-17.223 Y-.169 E.07661
G1 X-17.2 Y.469 E.03071
G1 X-17.201 Y1.974 E.07239
G1 X-17.093 Y2.71 E.03578
G1 X-16.783 Y4.143 E.07052
G1 X-19.475 Y4.256 E.12959
G1 X-18.27 Y3.004 E.08358
G1 X-18.216 Y2.863 E.00726
G1 X-18.263 Y1.982 E.04243
G1 X-18.218 Y-.011 E.09588
G1 X-18.244 Y-2.346 E.11231
G1 X-18.21 Y-3.036 E.03323
G1 X-18.216 Y-3.051 E.00078
G1 X-18.46 Y-3.368 F7800
G1 E-10 F2400
T1
G1 X20.119 Y-4.138 F7800
G1 Z25.55
G1 E10 F2400
;WIDTH:0.404381
G1 F900
G1 X20.123 Y-4.332 E.00823
G1 E-2 F2400
G1 X20.257 Y4.535 F7800
G1 E2 F2400
G1 F900
G1 X20.243 Y4.367 E.00715
G1 E-2 F2400
G1 X19.237 Y-2.099 F7800
G1 E2 F2400
;TYPE:Perimeter
;WIDTH:0.413027
G1 F900
G1 X19.24 Y-1.253 E.03679
;WIDTH:0.384354
G1 X19.244 Y-.408 E.03372
;WIDTH:0.355681
G1 X19.255 Y.195 E.02191
;WIDTH:0.381717
G1 X19.26 Y1.232 E.04104
;WIDTH:0.409485
G1 X19.264 Y2.269 E.04464
G1 X18.98 Y2.502 F7800
;WIDTH:0.45
G1 F900
G1 X18.898 Y2.422 E.00551
G1 X18.917 Y.176 E.10803
G1 X18.867 Y-2.249 E.11666
G1 X19.658 Y-3.029 E.05343
G1 X19.605 Y-2.174 E.0412
G1 X19.582 Y-.385 E.08605
G1 X19.63 Y2.263 E.12738
G1 X19.7 Y3.202 E.04529
G1 X19.023 Y2.544 E.04541
G1 X18.511 Y2.562 F7800
;TYPE:External perimeter
G1 F900
G1 X18.532 Y.183 E.11443
G1 X18.478 Y-2.407 E.1246
G1 X19.318 Y-3.235 E.05673
G1 X20.089 Y-4.058 E.05424
;WIDTH:0.414624
G1 X20.119 Y-4.138 E.00373
G1 X20.104 Y-4.051 E.00386
;WIDTH:0.45
G1 X19.991 Y-2.169 E.09068
G1 X19.968 Y-.392 E.08547
G1 X20.016 Y2.281 E.12858
G1 X20.095 Y3.315 E.04988
G1 X20.216 Y4.27 E.0463
G1 X18.538 Y2.611 E.11349
G1 X18.517 Y2.212 F7800
G1 E-2 F2400
G1 X-19.889 Y4.337 F7800
G1 E2 F2400
;WIDTH:0.404381
G1 F900
G1 X-19.885 Y4.191 E.00619
G1 E-2 F2400
G1 X-19.964 Y-4.567 F7800
G1 E2 F2400
G1 F900
G1 X-19.958 Y-4.398 E.00717
G1 X-19.057 Y-2.797 F7800
;TYPE:Perimeter
;WIDTH:0.443373
G1 F900
G1 X-19.055 Y-2.795 E.00013
G1 X-19.059 Y-2.712 E.00393
G1 X-19.068 Y-2.345 E.01735
;WIDTH:0.427554
G1 X-19.042 Y-1.238 E.05016
;WIDTH:0.399105
G1 X-19.016 Y-.131 E.04623
;WIDTH:0.372092
G1 X-19.015 Y-.012 E.00457
;WIDTH:0.402767
G1 X-19.075 Y1.973 E.08382
;WIDTH:0.404669
G1 X-19.076 Y2.015 E.00178
;WIDTH:0.424445
G1 X-19.053 Y2.631 E.02768
G1 X-19.42 Y3.012 E.02376
G1 X-19.413 Y1.96 E.04725
;WIDTH:0.402767
G1 X-19.323 Y-.021 E.0837
;WIDTH:0.372092
G1 X-19.322 Y-.12 E.0038
;WIDTH:0.399105
G1 X-19.376 Y-1.226 E.04623
;WIDTH:0.427554
G1 X-19.431 Y-2.331 E.05012
;WIDTH:0.431801
G1 X-19.435 Y-2.425 E.00431
;WIDTH:0.443373
G1 X-19.453 Y-3.197 E.0365
G1 X-19.099 Y-2.84 E.02377
G1 X-18.665 Y-2.945 F7800
;TYPE:External perimeter
;WIDTH:0.45
G1 F900
G1 X-18.677 Y-2.693 E.01213
G1 X-18.694 Y-2.349 E.01657
G1 X-18.668 Y-.01 E.1125
G1 X-18.713 Y1.981 E.09578
G1 X-18.672 Y2.773 E.03814
G1 X-19.799 Y3.942 E.0781
G1 X-19.787 Y2.163 E.08557
G1 X-19.667 Y-.099 E.10895
G1 X-19.82 Y-2.704 E.12551
G1 X-19.94 Y-4.334 E.07861
G1 X-18.706 Y-2.989 E.08779
G1 X-18.687 Y-2.589 F7800
M106 S226.95
;LAYER_CHANGE
;Z:25.85
;HEIGHT:0.300001
G1 E-2 F2400
G1 Z25.85 F7800
G1 Z25.85
G1 X19.789 Y-4.32
G1 E2 F2400
;WIDTH:0.404381
G1 F900
G1 X19.785 Y-4.13 E.00806
G1 E-2 F2400
G1 X19.941 Y4.513 F7800
G1 E2 F2400
G1 F900
G1 X19.929 Y4.35 E.00693
G1 X18.896 Y2.648 F7800
;TYPE:Perimeter
;WIDTH:0.490714
G1 F900
G1 X18.89 Y2.643 E.00042
G1 X18.889 Y2.267 E.01999
;WIDTH:0.479067
G1 X18.895 Y.191 E.10738
;WIDTH:0.44583
G1 X18.892 Y.015 E.00837
;WIDTH:0.480158
G1 X18.876 Y-2.095 E.10942
;WIDTH:0.490853
G1 X18.86 Y-2.492 E.02113
G1 X19.301 Y-2.941 E.03348
G1 X19.292 Y-2.094 E.04506
;WIDTH:0.480158
G1 X19.274 Y.015 E.10937
;WIDTH:0.44583
G1 X19.277 Y.189 E.00828
;WIDTH:0.479067
G1 X19.303 Y2.265 E.10738
;WIDTH:0.490714
G1 X19.317 Y2.537 E.01448
G1 X19.359 Y3.096 E.02981
G1 X18.939 Y2.69 E.03106
G1 X18.484 Y2.815 F7800
;TYPE:External perimeter
;WIDTH:0.45
G1 F900
G1 X18.483 Y2.813 E.00011
G1 X18.512 Y.181 E.1266
G1 X18.475 Y-2.088 E.10915
G1 X18.445 Y-2.649 E.02702
G1 X19.758 Y-4.053 E.09246
;WIDTH:0.414114
G1 X19.785 Y-4.13 E.00356
G1 X19.771 Y-4.048 E.00363
;WIDTH:0.45
G1 X19.698 Y-2.399 E.07939
G1 X19.657 Y.021 E.11641
G1 X19.722 Y2.507 E.11961
G1 X19.904 Y4.257 E.08462
G1 X18.527 Y2.858 E.09441
G1 X18.491 Y2.46 F7800
G1 E-2 F2400
G1 X-19.625 Y4.315 F7800
G1 E2 F2400
;WIDTH:0.404381
G1 F900
G1 X-19.62 Y4.176 E.0059
G1 E-2 F2400
G1 X-19.683 Y-4.532 F7800
G1 E2 F2400
G1 F900
G1 X-19.676 Y-4.359 E.00734
G1 E-2 F2400
G1 X-19.089 Y2.851 F7800
G1 E2 F2400
;TYPE:Perimeter
;WIDTH:0.527631
G1 F900
G1 X-19.104 Y2.147 E.04069
;WIDTH:0.479161
G1 X-19.103 Y1.976 E.00885
;WIDTH:0.462009
G1 X-19.066 Y.959 E.05047
;WIDTH:0.427256
G1 X-19.028 Y-.059 E.04611
;WIDTH:0.398825
G1 X-19.034 Y-.665 E.02528
;WIDTH:0.399913
G1 X-19.035 Y-.692 E.00113
;WIDTH:0.436422
G1 X-19.055 Y-1.255 E.02614
;WIDTH:0.472931
G1 X-19.076 Y-1.818 E.02871
;WIDTH:0.509441
G1 X-19.097 Y-2.381 E.03127
;WIDTH:0.54012
G1 X-19.099 Y-2.692 E.01845
;WIDTH:0.570799
G1 X-19.101 Y-3.002 E.01958
G1 X-18.647 Y-3.178 F7800
;TYPE:External perimeter
;WIDTH:0.45
G1 F900
G1 X-18.655 Y-2.983 E.00939
G1 X-18.682 Y-2.383 E.02889
G1 X-18.671 Y-.056 E.11192
G1 X-18.712 Y1.984 E.09814
G1 X-18.655 Y3.013 E.04957
G1 X-19.527 Y3.914 E.06031
G1 X-19.504 Y2.134 E.08562
G1 X-19.383 Y-.12 E.10857
G1 X-19.394 Y-.667 E.02631
G1 X-19.546 Y-2.987 E.11182
G1 X-19.658 Y-4.293 E.06304
G1 X-18.687 Y-3.222 E.06953
G1 X-18.666 Y-2.822 F7800
G1 E-10 F2400
T0
G1 X17.526 Y3.568 F7800
G1 Z25.85
G1 E10 F2400
;TYPE:Perimeter
;WIDTH:0.507341
G1 F900
G1 X17.499 Y3.616 E.00304
G1 X17.443 Y3.616 E.00309
G1 X17.415 Y3.568 E.00307
G1 X17.443 Y3.52 E.00307
G1 X17.499 Y3.52 E.00309
G1 E-2 F2400
G1 X17.48 Y-3.391 F7800
G1 E2 F2400
;WIDTH:0.510301
G1 F900
G1 X17.452 Y-3.343 E.00309
G1 X17.396 Y-3.343 E.00311
G1 X17.369 Y-3.391 E.00306
G1 X17.396 Y-3.44 E.00311
G1 X17.452 Y-3.44 E.00311
G1 E-2 F2400
G1 X17.712 Y3.128 F7800
G1 E2 F2400
;WIDTH:0.511148
G1 F900
G1 X17.719 Y3.141 E.00082
;WIDTH:0.480574
G1 X17.822 Y3.337 E.01149
;WIDTH:0.45
G1 X18.538 Y4.028 E.04786
G1 X16.999 Y3.962 E.07409
G1 X17.06 Y3.512 E.02184
;WIDTH:0.479029
G1 X17.118 Y3.197 E.01656
;WIDTH:0.508058
G1 X17.175 Y2.882 E.01771
G1 X17.232 Y2.313 E.03164
;WIDTH:0.473296
G1 X17.297 Y.179 E.10889
;WIDTH:0.445901
G1 X17.297 Y.103 E.00362
;WIDTH:0.476143
G1 X17.216 Y-2.037 E.10998
;WIDTH:0.478062
G1 X17.211 Y-2.097 E.00311
;WIDTH:0.505282
G1 X17.139 Y-2.671 E.03181
G1 X17.042 Y-3.23 E.0312
;WIDTH:0.477641
G1 X16.945 Y-3.788 E.02919
;WIDTH:0.45
G1 X18.452 Y-3.849 E.07254
G1 X17.77 Y-3.153 E.04687
;WIDTH:0.477641
G1 X17.673 Y-2.934 E.01235
;WIDTH:0.505282
G1 X17.577 Y-2.716 E.0131
G1 X17.627 Y-2.062 E.03607
;WIDTH:0.476297
G1 X17.677 Y.092 E.11069
;WIDTH:0.445901
G1 X17.678 Y.186 E.00447
;WIDTH:0.473296
G1 X17.641 Y2.323 E.10901
;WIDTH:0.476213
G1 X17.638 Y2.401 E.00401
;WIDTH:0.511148
G1 X17.616 Y2.945 E.03034
G1 X17.684 Y3.075 E.00818
G1 X18.06 Y2.987 F7800
;TYPE:External perimeter
;WIDTH:0.45
G1 F900
G1 X18.09 Y3.06 E.0038
G1 X19.537 Y4.457 E.09674
G1 X16.56 Y4.33 E.14331
G1 X16.835 Y2.298 E.09862
G1 X16.914 Y.121 E.10478
G1 X16.817 Y-2.019 E.10303
G1 X16.5 Y-4.156 E.10391
G1 X19.398 Y-4.262 E.13948
G1 X18.045 Y-2.883 E.09292
G1 X17.99 Y-2.738 E.00746
G1 X18.025 Y-2.076 E.03188
G1 X18.062 Y.185 E.10876
G1 X18.031 Y2.919 E.1315
G1 X18.037 Y2.932 E.00069
G1 X18.288 Y3.243 F7800
G1 E-2 F2400
G1 X-18.254 Y3.796 F7800
G1 E2 F2400
;TYPE:Perimeter
;WIDTH:0.444327
G1 F900
G1 X-17.978 Y3.511 E.0188
;WIDTH:0.480439
G1 X-17.906 Y3.37 E.00822
;WIDTH:0.516551
G1 X-17.834 Y3.228 E.00898
;WIDTH:0.552663
G1 X-17.762 Y3.086 E.0097
G1 X-17.695 Y3.314 E.01447
;WIDTH:0.516551
G1 X-17.627 Y3.541 E.01336
;WIDTH:0.480439
G1 X-17.559 Y3.769 E.01235
;WIDTH:0.444327
G1 X-18.194 Y3.794 E.03012
G1 X-17.762 Y3.086 F7800
;WIDTH:0.552663
G1 F900
G1 X-17.814 Y2.576 E.03122
;WIDTH:0.50665
G1 X-17.866 Y2.065 E.02833
;WIDTH:0.460839
G1 X-17.858 Y.758 E.06463
;WIDTH:0.437773
G1 X-17.864 Y-.043 E.0373
;WIDTH:0.392823
G1 X-17.867 Y-.194 E.00619
;WIDTH:0.434253
G1 X-17.85 Y-1.472 E.05896
;WIDTH:0.464748
G1 X-17.836 Y-1.88 E.02039
;WIDTH:0.495243
G1 X-17.823 Y-2.287 E.02188
;WIDTH:0.529139
G1 X-17.793 Y-2.608 E.01869
;WIDTH:0.563036
G1 X-17.763 Y-2.929 E.02005
;WIDTH:0.596933
G1 X-17.733 Y-3.25 E.02141
G1 X-18.283 Y-4.007 F7800
;WIDTH:0.462403
G1 F900
G1 X-17.558 Y-3.974 E.03603
G1 X-17.59 Y-3.756 E.01094
;WIDTH:0.507246
G1 X-17.638 Y-3.587 E.0097
;WIDTH:0.552089
G1 X-17.686 Y-3.419 E.01063
;WIDTH:0.596933
G1 X-17.733 Y-3.25 E.01165
G1 X-17.802 Y-3.385 E.01007
;WIDTH:0.552089
G1 X-17.87 Y-3.521 E.00925
;WIDTH:0.507246
G1 X-17.939 Y-3.657 E.00842
;WIDTH:0.462403
G1 X-18.241 Y-3.964 E.02138
G1 X-18.219 Y-3.341 F7800
;TYPE:External perimeter
;WIDTH:0.45
G1 F900
G1 X-18.248 Y-3.414 E.00378
G1 X-19.266 Y-4.443 E.06962
G1 X-17.095 Y-4.346 E.10452
G1 X-17.161 Y-3.979 E.01793
G1 X-17.416 Y-2.258 E.08368
G1 X-17.472 Y-1.461 E.03843
G1 X-17.512 Y-.171 E.06207
G1 X-17.478 Y.752 E.04442
G1 X-17.478 Y2.015 E.06075
G1 X-17.374 Y2.816 E.03885
G1 X-17.089 Y4.133 E.06481
G1 X-19.194 Y4.217 E.10132
G1 X-18.253 Y3.245 E.06507
G1 X-18.199 Y3.103 E.00731
G1 X-18.262 Y1.983 E.05395
G1 X-18.221 Y-.055 E.09804
G1 X-18.232 Y-2.378 E.11173
G1 X-18.192 Y-3.27 E.04295
G1 X-18.198 Y-3.285 E.00078
G1 X-18.442 Y-3.602 F7800
M106 S237.15
;LAYER_CHANGE
;Z:26.15
;HEIGHT:0.299999
G1 E-2 F2400
G1 Z26.15 F7800
G1 Z26.15
G1 X17.707 Y3.354
G1 E2 F2400
;TYPE:Perimeter
;WIDTH:0.468815
G1 F900
G1 X17.736 Y3.456 E.00535
;WIDTH:0.514152
G1 X17.775 Y3.595 E.0081
G1 X18.144 Y3.953 E.02884
G1 X17.316 Y3.921 E.04648
G1 X17.348 Y3.677 E.01381
G1 X17.348 Y3.494 E.01027
;WIDTH:0.467868
G1 X17.349 Y3.311 E.00921
;WIDTH:0.421584
G1 X17.349 Y3.128 E.00815
;WIDTH:0.375301
G1 X17.43 Y2.31 E.03188
;WIDTH:0.327454
G1 X17.498 Y.178 E.06999
;WIDTH:0.299296
G1 X17.498 Y.114 E.00188
;WIDTH:0.329094
G1 X17.418 Y-2.017 E.07041
;WIDTH:0.33025
G1 X17.414 Y-2.07 E.00176
;WIDTH:0.366199
G1 X17.305 Y-2.926 E.03248
;WIDTH:0.413096
G1 X17.288 Y-3.198 E.01185
;WIDTH:0.459994
G1 X17.271 Y-3.47 E.01345
;WIDTH:0.506892
G1 X17.254 Y-3.741 E.01499
G1 X18.051 Y-3.772 E.04402
G1 X17.705 Y-3.416 E.0274
G1 X17.671 Y-3.263 E.00865
;WIDTH:0.459994
G1 X17.638 Y-3.111 E.00767
;WIDTH:0.413096
G1 X17.604 Y-2.958 E.00682
;WIDTH:0.366199
G1 X17.683 Y-2.032 E.03499
;WIDTH:0.329154
G1 X17.732 Y.107 E.07066
;WIDTH:0.299296
G1 X17.733 Y.183 E.00223
;WIDTH:0.327454
G1 X17.693 Y2.317 E.07003
;WIDTH:0.329602
G1 X17.691 Y2.376 E.00195
;WIDTH:0.378143
G1 X17.658 Y3.18 E.03149
;WIDTH:0.423479
G1 X17.691 Y3.297 E.00544
G1 X18.036 Y3.222 F7800
;TYPE:External perimeter
;WIDTH:0.45
G1 F900
G1 X18.066 Y3.295 E.0038
G1 X19.216 Y4.412 E.07711
G1 X16.842 Y4.321 E.11427
G1 X17.106 Y2.298 E.09812
G1 X17.189 Y.128 E.10445
G1 X17.092 Y-2.022 E.10351
G1 X16.777 Y-4.137 E.10285
G1 X19.071 Y-4.227 E.11042
G1 X18.002 Y-3.127 E.07377
G1 X17.947 Y-2.98 E.00755
G1 X18.008 Y-2.045 E.04507
G1 X18.043 Y.182 E.10712
G1 X18.007 Y3.154 E.14295
G1 X18.012 Y3.167 E.00067
G1 X18.264 Y3.478 F7800
G1 E-2 F2400
G1 X-17.821 Y-3.919 F7800
G1 E2 F2400
;TYPE:Perimeter
;WIDTH:0.556159
G1 F900
G1 X-17.852 Y-3.866 E.00377
G1 X-17.913 Y-3.866 E.00374
G1 X-17.944 Y-3.919 E.00377
G1 X-17.913 Y-3.972 E.00377
G1 X-17.852 Y-3.972 E.00374
G1 X-18.178 Y-3.589 F7800
;TYPE:External perimeter
;WIDTH:0.541373
G1 F900
G1 X-18.188 Y-3.6 E.00088
;WIDTH:0.495686
G1 X-18.229 Y-3.649 E.00344
;WIDTH:0.45
G1 X-18.98 Y-4.407 E.05132
G1 X-17.362 Y-4.335 E.0779
G1 X-17.451 Y-3.842 E.02409
;WIDTH:0.495686
G1 X-17.496 Y-3.712 E.0074
;WIDTH:0.541373
G1 X-17.541 Y-3.583 E.00813
;WIDTH:0.587059
G1 X-17.586 Y-3.454 E.00891
G1 X-17.655 Y-2.881 E.03762
;WIDTH:0.556017
G1 X-17.724 Y-2.307 E.03545
;WIDTH:0.524975
G1 X-17.728 Y-2.262 E.0026
;WIDTH:0.521151
G1 X-17.788 Y-1.17 E.06231
;WIDTH:0.484578
G1 X-17.788 Y-1.161 E.00047
;WIDTH:0.484183
G1 X-17.811 Y-.185 E.05112
;WIDTH:0.495843
G1 X-17.779 Y1.06 E.06702
;WIDTH:0.508456
G1 X-17.785 Y2.021 E.05323
;WIDTH:0.54657
G1 X-17.665 Y3.099 E.06523
;WIDTH:0.548877
G1 X-17.662 Y3.119 E.00122
;WIDTH:0.589176
G1 X-17.644 Y3.301 E.01197
;WIDTH:0.629475
G1 X-17.625 Y3.484 E.01297
;WIDTH:0.669775
G1 X-17.606 Y3.667 E.01389
G1 X-17.53 Y4.019 E.02719
G1 X-18.655 Y4.064 E.08501
G1 X-18.138 Y3.541 E.05553
G1 X-18.14 Y3.409 E.00997
;WIDTH:0.628706
G1 X-18.142 Y3.276 E.00936
;WIDTH:0.587638
G1 X-18.145 Y3.143 E.00868
;WIDTH:0.54657
G1 X-18.227 Y2.062 E.0652
;WIDTH:0.508581
G1 X-18.211 Y1.038 E.05674
;WIDTH:0.495843
G1 X-18.218 Y-.179 E.06549
;WIDTH:0.471378
G1 X-18.218 Y-.206 E.00137
;WIDTH:0.484578
G1 X-18.207 Y-1.185 E.05131
;WIDTH:0.521151
G1 X-18.185 Y-2.279 E.06234
;WIDTH:0.524975
G1 X-18.182 Y-2.35 E.00408
;WIDTH:0.556017
G1 X-18.144 Y-2.927 E.03546
;WIDTH:0.587059
G1 X-18.105 Y-3.503 E.03764
G1 X-18.14 Y-3.543 E.00346
G1 X-18.414 Y-3.834 F7800
G1 E-10 F2400
T1
G1 X19.477 Y-4.304 F7800
G1 Z26.15
G1 E10 F2400
;WIDTH:0.404381
G1 F900
G1 X19.47 Y-4.125 E.0076
G1 E-2 F2400
G1 X19.634 Y4.495 F7800
G1 E2 F2400
G1 F900
G1 X19.622 Y4.328 E.0071
G1 X18.949 Y2.845 F7800
;TYPE:Perimeter
;WIDTH:0.654987
G1 F900
G1 X18.933 Y2.273 E.04215
;WIDTH:0.607913
G1 X18.926 Y1.231 E.07064
;WIDTH:0.570331
G1 X18.92 Y.189 E.06576
;WIDTH:0.532749
G1 X18.918 Y.044 E.00847
;WIDTH:0.56199
G1 X18.916 Y-1.011 E.06548
;WIDTH:0.592229
G1 X18.914 Y-2.066 E.06946
;WIDTH:0.593905
G1 X18.914 Y-2.097 E.00205
;WIDTH:0.641537
G1 X18.898 Y-2.713 E.04436
G1 E-2 F2400
G1 X18.46 Y3.051 F7800
G1 E2 F2400
;TYPE:External perimeter
;WIDTH:0.45
G1 F900
G1 X18.459 Y3.049 E.00011
G1 X18.493 Y.178 E.13809
G1 X18.458 Y-2.058 E.10756
G1 X18.404 Y-2.895 E.04034
G1 X19.451 Y-4.051 E.07501
G1 X19.379 Y-2.707 E.06473
G1 X19.344 Y.049 E.13256
G1 X19.397 Y2.262 E.10647
G1 X19.436 Y2.81 E.02642
G1 X19.527 Y4.087 E.06158
G1 X18.503 Y3.093 E.06864
G1 X18.467 Y2.694 F7800
G1 E-2 F2400
G1 X-19.363 Y4.286 F7800
G1 E2 F2400
;WIDTH:0.404381
G1 F900
G1 X-19.355 Y4.145 E.00599
G1 E-2 F2400
G1 X-19.397 Y-4.496 F7800
G1 E2 F2400
G1 F900
G1 X-19.39 Y-4.323 E.00734
G1 X-18.694 Y-3.388 F7800
;WIDTH:0.576661
G1 F900
G1 X-18.692 Y-3.387 E.00014
G1 X-18.697 Y-3.276 E.0071
G1 X-18.701 Y-3.068 E.01329
;WIDTH:0.568943
G1 X-18.709 Y-2.353 E.045
;WIDTH:0.528488
G1 X-18.689 Y-1.047 E.07561
;WIDTH:0.478511
G1 X-18.689 Y-1.026 E.00108
;WIDTH:0.477971
G1 X-18.688 Y-.123 E.04658
;WIDTH:0.496715
G1 X-18.707 Y1.046 E.06304
;WIDTH:0.515765
G1 X-18.737 Y2.099 E.05931
;WIDTH:0.549512
G1 X-18.688 Y3.233 E.06868
G1 X-19.184 Y3.718 E.04198
G1 X-19.188 Y2.11 E.0973
;WIDTH:0.515765
G1 X-19.184 Y1.965 E.00817
;WIDTH:0.509002
G1 X-19.139 Y1.028 E.05202
;WIDTH:0.496715
G1 X-19.09 Y-.135 E.06277
;WIDTH:0.467319
G1 X-19.09 Y-.15 E.00075
;WIDTH:0.478511
G1 X-19.103 Y-1.033 E.04561
;WIDTH:0.528488
G1 X-19.173 Y-2.338 E.07565
;WIDTH:0.529272
G1 X-19.173 Y-2.354 E.00093
;WIDTH:0.576661
G1 X-19.231 Y-3.931 E.10083
G1 X-18.736 Y-3.431 E.04495
G1 X-18.705 Y-3.032 F7800
M106 S239.7
;LAYER_CHANGE
;Z:26.45
;HEIGHT:0.300001
G1 E-2 F2400
G1 Z26.45 F7800
G1 Z26.45
G1 X19.181 Y-4.265
G1 E2 F2400
;WIDTH:0.404381
G1 F900
G1 X19.171 Y-4.091 E.00739
G1 E-2 F2400
G1 X19.335 Y4.465 F7800
G1 E2 F2400
G1 F900
G1 X19.324 Y4.299 E.00705
G1 X18.804 Y3.14 F7800
;TYPE:Perimeter
;WIDTH:0.404547
G1 F900
G1 X18.801 Y3.002 E.00586
G1 X18.437 Y3.29 F7800
;TYPE:External perimeter
;WIDTH:0.45
G1 F900
G1 X18.442 Y3.131 E.00765
;WIDTH:0.496585
G1 X18.47 Y2.952 E.00977
;WIDTH:0.543171
G1 X18.498 Y2.774 E.01076
;WIDTH:0.589757
G1 X18.525 Y2.595 E.01186
G1 X18.522 Y2.276 E.0209
;WIDTH:0.572322
G1 X18.517 Y.18 E.13279
;WIDTH:0.537305
G1 X18.516 Y.076 E.00613
;WIDTH:0.566227
G1 X18.497 Y-2.029 E.13176
;WIDTH:0.5669
G1 X18.497 Y-2.042 E.00081
;WIDTH:0.603943
G1 X18.445 Y-3.107 E.07176
G1 X19 Y-3.671 E.05325
G1 X18.999 Y-2.03 E.11043
;WIDTH:0.566227
G1 X18.988 Y.075 E.13176
;WIDTH:0.537188
G1 X18.99 Y.165 E.00531
;WIDTH:0.572322
G1 X19.03 Y2.27 E.13338
;WIDTH:0.580545
G1 X19.076 Y2.6 E.02145
;WIDTH:0.540837
G1 X19.113 Y2.775 E.01063
;WIDTH:0.50113
G1 X19.149 Y2.95 E.00973
;WIDTH:0.461423
G1 X19.157 Y2.978 E.00144
;WIDTH:0.45
G1 X19.23 Y4.06 E.05216
G1 X18.48 Y3.331 E.0503
G1 X18.479 Y2.931 F7800
G1 E-2 F2400
G1 X-19.104 Y4.254 F7800
G1 E2 F2400
;WIDTH:0.404381
G1 F900
G1 X-19.095 Y4.113 E.00599
G1 E-2 F2400
G1 X-19.111 Y-4.461 F7800
G1 E2 F2400
G1 F900
G1 X-19.104 Y-4.288 E.00734
G1 X-18.607 Y-3.643 F7800
;WIDTH:0.452349
G1 F900
G1 X-18.605 Y-3.64 E.00017
G1 X-18.608 Y-3.555 E.00412
G1 X-18.612 Y-3.392 E.00789
;WIDTH:0.446119
G1 X-18.618 Y-2.86 E.02533
;WIDTH:0.414913
G1 X-18.625 Y-2.328 E.02326
;WIDTH:0.383708
G1 X-18.625 Y-2.323 E.0002
;WIDTH:0.383221
G1 X-18.616 Y-1.386 E.03726
;WIDTH:0.342434
G1 X-18.62 Y-.18 E.04182
;WIDTH:0.322814
G1 X-18.62 Y-.16 E.00064
;WIDTH:0.369392
G1 X-18.669 Y1.99 E.08181
;WIDTH:0.37396
G1 X-18.667 Y2.07 E.00309
;WIDTH:0.409024
G1 X-18.623 Y3.206 E.04887
;WIDTH:0.420187
G1 X-18.614 Y3.49 E.01261
G1 X-19 Y3.869 E.02401
G1 X-18.968 Y3.222 E.02875
;WIDTH:0.409772
G1 X-18.977 Y2.077 E.04933
;WIDTH:0.37396
G1 X-18.974 Y1.98 E.00375
;WIDTH:0.369392
G1 X-18.878 Y-.169 E.08184
;WIDTH:0.322814
G1 X-18.878 Y-.179 E.00032
;WIDTH:0.342434
G1 X-18.894 Y-1.385 E.04183
;WIDTH:0.342892
G1 X-18.894 Y-1.393 E.00028
;WIDTH:0.383708
G1 X-18.944 Y-2.323 E.03709
;WIDTH:0.414913
G1 X-18.968 Y-2.854 E.02324
;WIDTH:0.446119
G1 X-18.993 Y-3.385 E.02531
;WIDTH:0.452349
G1 X-18.996 Y-3.557 E.00832
G1 X-19.086 Y-4.222 E.03247
G1 X-18.645 Y-3.689 E.03348
G1 X-18.617 Y-3.29 F7800
G1 E-10 F2400
T0
G1 X17.57 Y-3.028 F7800
G1 Z26.45
G1 E10 F2400
;TYPE:Perimeter
;WIDTH:0.394471
G1 F900
G1 X17.552 Y-3.198 E.00704
;WIDTH:0.439979
G1 X17.561 Y-3.292 E.00442
;WIDTH:0.485487
G1 X17.57 Y-3.386 E.00496
;WIDTH:0.530996
G1 X17.579 Y-3.48 E.0055
;WIDTH:0.576504
G1 X17.588 Y-3.574 E.00603
;WIDTH:0.622012
G1 X17.597 Y-3.667 E.0065
G1 E-2 F2400
G1 X18.04 Y4.007 F7800
G1 E2 F2400
;WIDTH:0.361569
G1 F900
G1 X17.498 Y3.986 E.02011
;WIDTH:0.399012
G1 X17.552 Y3.701 E.01211
;WIDTH:0.436455
G1 X17.606 Y3.417 E.01342
G1 X17.663 Y3.551 E.00676
;WIDTH:0.405986
G1 X17.721 Y3.686 E.00626
;WIDTH:0.375518
G1 X17.998 Y3.965 E.01526
G1 X17.639 Y3.001 F7800
;WIDTH:0.436455
G1 F900
G1 X17.606 Y3.417 E.01937
G1 X18.014 Y3.461 F7800
;TYPE:External perimeter
;WIDTH:0.45
G1 F900
G1 X18.043 Y3.534 E.00378
G1 X18.917 Y4.382 E.05857
G1 X17.119 Y4.313 E.08654
G1 X17.288 Y2.953 E.06591
;WIDTH:0.496755
G1 X17.329 Y2.824 E.0073
;WIDTH:0.54351
G1 X17.37 Y2.695 E.00809
;WIDTH:0.590264
G1 X17.412 Y2.566 E.0089
G1 X17.439 Y2.3 E.01754
;WIDTH:0.574081
G1 X17.507 Y.172 E.13535
;WIDTH:0.537828
G1 X17.507 Y.134 E.00224
;WIDTH:0.567059
G1 X17.428 Y-1.989 E.1332
;WIDTH:0.567902
G1 X17.426 Y-2.015 E.00164
;WIDTH:0.591681
G1 X17.352 Y-2.591 E.03819
G1 X17.309 Y-2.72 E.00894
;WIDTH:0.544454
G1 X17.266 Y-2.848 E.00809
;WIDTH:0.497227
G1 X17.223 Y-2.976 E.00729
;WIDTH:0.45
G1 X17.053 Y-4.118 E.05553
G1 X18.766 Y-4.185 E.08245
G1 X17.964 Y-3.37 E.05499
G1 X17.909 Y-3.222 E.00759
;WIDTH:0.497227
G1 X17.898 Y-3.031 E.01033
;WIDTH:0.544454
G1 X17.887 Y-2.839 E.01152
;WIDTH:0.591681
G1 X17.876 Y-2.648 E.01258
G1 X17.931 Y-2.006 E.04238
;WIDTH:0.567097
G1 X17.979 Y.12 E.13334
;WIDTH:0.537828
G1 X17.98 Y.18 E.00354
;WIDTH:0.574081
G1 X17.948 Y2.312 E.13555
;WIDTH:0.580528
G1 X17.961 Y2.626 E.02023
;WIDTH:0.537019
G1 X17.978 Y2.818 E.01136
;WIDTH:0.493509
G1 X17.995 Y3.01 E.01032
;WIDTH:0.45
G1 X17.985 Y3.39 E.01828
G1 X17.991 Y3.406 E.00082
G1 X18.241 Y3.718 F7800
G1 E-2 F2400
G1 X-18.155 Y-3.809 F7800
G1 E2 F2400
;WIDTH:0.503872
G1 F900
G1 X-18.157 Y-3.822 E.00072
;WIDTH:0.546082
G1 X-18.171 Y-3.911 E.00541
G1 X-18.574 Y-4.318 E.03441
G1 X-17.686 Y-4.279 E.0534
G1 X-17.735 Y-4.008 E.01655
G1 X-17.764 Y-3.738 E.01632
;WIDTH:0.506543
G1 X-17.792 Y-3.468 E.01497
;WIDTH:0.467004
G1 X-17.82 Y-3.198 E.01363
;WIDTH:0.427466
G1 X-17.877 Y-2.728 E.02144
;WIDTH:0.402059
G1 X-17.934 Y-2.258 E.01994
;WIDTH:0.376653
G1 X-18.012 Y-.865 E.05434
;WIDTH:0.335387
G1 X-18.012 Y-.859 E.0002
;WIDTH:0.335173
G1 X-18.029 Y-.203 E.02216
;WIDTH:0.365509
G1 X-17.992 Y1.32 E.05722
;WIDTH:0.369029
G1 X-17.994 Y2.014 E.02637
;WIDTH:0.394641
G1 X-17.918 Y2.699 E.02839
;WIDTH:0.420254
G1 X-17.843 Y3.383 E.03054
;WIDTH:0.432862
G1 X-17.817 Y3.532 E.00695
;WIDTH:0.473524
G1 X-17.779 Y3.808 E.01422
;WIDTH:0.514186
G1 X-17.74 Y4.083 E.01558
G1 X-18.585 Y4.117 E.04744
G1 X-18.191 Y3.727 E.0311
G1 X-18.194 Y3.572 E.0087
;WIDTH:0.46722
G1 X-18.197 Y3.416 E.00784
;WIDTH:0.420254
G1 X-18.247 Y2.729 E.03057
;WIDTH:0.394641
G1 X-18.297 Y2.041 E.02841
;WIDTH:0.369102
G1 X-18.293 Y1.318 E.02748
;WIDTH:0.365509
G1 X-18.294 Y-.199 E.05698
;WIDTH:0.32913
G1 X-18.294 Y-.217 E.00059
;WIDTH:0.335387
G1 X-18.283 Y-.876 E.02228
;WIDTH:0.376653
G1 X-18.246 Y-2.271 E.05435
;WIDTH:0.379052
G1 X-18.244 Y-2.318 E.00185
;WIDTH:0.427466
G1 X-18.181 Y-3.232 E.04149
;WIDTH:0.461663
G1 X-18.143 Y-3.733 E.0249
;WIDTH:0.503872
G1 X-18.146 Y-3.75 E.00095
G1 X-18.359 Y-4.089 F7800
M106 S247.35
;LAYER_CHANGE
;Z:26.75
;HEIGHT:0.299999
G1 E-2 F2400
G1 Z26.75 F7800
G1 Z26.75
G1 X17.956 Y3.72
G1 E2 F2400
;WIDTH:0.545164
G1 F900
G1 X17.958 Y3.73 E.00061
;WIDTH:0.588358
G1 X17.976 Y3.826 E.00638
G1 X18.44 Y4.277 E.04229
G1 X17.479 Y4.24 E.06285
G1 X17.518 Y3.64 E.03929
;WIDTH:0.538762
G1 X17.528 Y3.318 E.01906
;WIDTH:0.489166
G1 X17.582 Y2.816 E.02675
;WIDTH:0.458777
G1 X17.636 Y2.314 E.02484
;WIDTH:0.428388
G1 X17.637 Y2.296 E.00082
;WIDTH:0.427134
G1 X17.675 Y1.228 E.04835
;WIDTH:0.413542
G1 X17.708 Y.172 E.04601
;WIDTH:0.390717
G1 X17.708 Y.145 E.0011
;WIDTH:0.419372
G1 X17.631 Y-1.969 E.09366
;WIDTH:0.419978
G1 X17.629 Y-1.988 E.00085
;WIDTH:0.449714
G1 X17.538 Y-2.702 E.03459
;WIDTH:0.479451
G1 X17.446 Y-3.417 E.03732
;WIDTH:0.522916
G1 X17.422 Y-3.73 E.01795
;WIDTH:0.566381
G1 X17.397 Y-4.044 E.01972
G1 X18.322 Y-4.08 E.05796
G1 X17.89 Y-3.654 E.03799
G1 X17.874 Y-3.558 E.00609
;WIDTH:0.522916
G1 X17.859 Y-3.461 E.00561
;WIDTH:0.479451
G1 X17.921 Y-2.743 E.03731
;WIDTH:0.449714
G1 X17.983 Y-2.025 E.03464
;WIDTH:0.419978
G1 X17.986 Y-1.986 E.00173
;WIDTH:0.419398
G1 X18.034 Y.135 E.09394
;WIDTH:0.390717
G1 X18.034 Y.177 E.00171
;WIDTH:0.413542
G1 X18.024 Y1.237 E.04616
;WIDTH:0.427134
G1 X17.999 Y2.307 E.04842
;WIDTH:0.428388
G1 X17.998 Y2.342 E.00159
;WIDTH:0.458777
G1 X17.974 Y2.846 E.02482
;WIDTH:0.489166
G1 X17.951 Y3.351 E.02678
;WIDTH:0.501971
G1 X17.94 Y3.634 E.01546
;WIDTH:0.545164
G1 X17.945 Y3.661 E.00165
G1 X18.163 Y3.996 F7800
G1 E-2 F2400
G1 X-18.138 Y4.002 F7800
G1 E2 F2400
;WIDTH:0.663879
G1 F900
G1 X-18.138 Y3.896 E.00793
;WIDTH:0.620549
G1 X-18.139 Y3.79 E.00735
;WIDTH:0.577219
G1 X-18.139 Y3.684 E.00678
;WIDTH:0.533889
G1 X-18.188 Y3.128 E.03269
;WIDTH:0.490719
G1 X-18.236 Y2.573 E.02962
;WIDTH:0.44755
G1 X-18.284 Y2.018 E.02662
;WIDTH:0.404381
G1 X-18.302 Y-.22 E.09491
G1 X-18.221 Y-2.284 E.08759
;WIDTH:0.430792
G1 X-18.195 Y-2.552 E.01231
;WIDTH:0.457203
G1 X-18.169 Y-2.82 E.01319
;WIDTH:0.495121
G1 X-18.137 Y-3.103 E.0153
;WIDTH:0.53304
G1 X-18.105 Y-3.387 E.01671
;WIDTH:0.570958
G1 X-18.074 Y-3.671 E.01805
;WIDTH:0.608877
G1 X-18.042 Y-3.954 E.01934
;WIDTH:0.648539
G1 X-18.049 Y-4.03 E.00556
;WIDTH:0.688202
G1 X-18.055 Y-4.106 E.00593
;WIDTH:0.727865
G1 X-18.062 Y-4.182 E.00632
G1 X-18.066 Y-3.782 F7800
G1 E-10 F2400
T1
G1 X18.888 Y-4.224 F7800
G1 Z26.75
G1 E10 F2400
;WIDTH:0.404381
G1 F900
G1 X18.878 Y-4.049 E.00743
G1 E-2 F2400
G1 X19.036 Y4.435 F7800
G1 E2 F2400
G1 F900
G1 X19.024 Y4.269 E.00706
G1 X18.439 Y3.522 F7800
;WIDTH:0.492812
G1 F900
G1 X18.44 Y3.308 E.01144
;WIDTH:0.487695
G1 X18.434 Y2.805 E.02656
;WIDTH:0.459553
G1 X18.429 Y2.301 E.02484
;WIDTH:0.431412
G1 X18.428 Y2.277 E.0011
;WIDTH:0.430471
G1 X18.433 Y1.241 E.04731
;WIDTH:0.406063
G1 X18.424 Y.176 E.04539
;WIDTH:0.390359
G1 X18.423 Y.113 E.00256
;WIDTH:0.41888
G1 X18.405 Y-1.998 E.09334
;WIDTH:0.419345
G1 X18.404 Y-2.007 E.0004
;WIDTH:0.468626
G1 X18.34 Y-3.371 E.06885
G1 X18.65 Y-3.727 E.0238
;WIDTH:0.442101
G1 X18.858 Y-3.982 E.0155
G1 X18.804 Y-3.636 E.0165
;WIDTH:0.468626
G1 X18.75 Y-3.289 E.01771
G1 X18.759 Y-2.017 E.06414
;WIDTH:0.419345
G1 X18.759 Y-1.999 E.0008
;WIDTH:0.41888
G1 X18.749 Y.103 E.09294
;WIDTH:0.390307
G1 X18.75 Y.166 E.00256
;WIDTH:0.405947
G1 X18.775 Y1.233 E.04547
;WIDTH:0.430471
G1 X18.794 Y2.275 E.04759
;WIDTH:0.431412
G1 X18.795 Y2.287 E.00055
;WIDTH:0.459553
G1 X18.828 Y2.789 E.0248
;WIDTH:0.487695
G1 X18.863 Y3.297 E.02688
;WIDTH:0.492812
G1 X18.906 Y3.976 E.03636
G1 X18.482 Y3.564 E.03159
G1 X18.442 Y3.166 F7800
G1 E-2 F2400
G1 X-18.825 Y-4.425 F7800
G1 E2 F2400
;WIDTH:0.404381
G1 F900
G1 X-18.8 Y-4.186 E.01019
;WIDTH:0.452011
G1 X-18.763 Y-4.099 E.00457
;WIDTH:0.499642
G1 X-18.725 Y-4.012 E.00515
;WIDTH:0.547272
G1 X-18.687 Y-3.924 E.00577
;WIDTH:0.594903
G1 X-18.65 Y-3.837 E.00626
G1 X-18.65 Y-3.721 E.00768
;WIDTH:0.585681
G1 X-18.644 Y-3.366 E.02309
;WIDTH:0.54161
G1 X-18.638 Y-3.01 E.02119
;WIDTH:0.49754
G1 X-18.632 Y-2.654 E.01924
;WIDTH:0.453469
G1 X-18.626 Y-2.298 E.01728
;WIDTH:0.409399
G1 X-18.609 Y-1.758 E.02325
;WIDTH:0.404381
G1 X-18.604 Y-.199 E.06611
G1 X-18.68 Y1.992 E.09297
;WIDTH:0.435109
G1 X-18.668 Y2.711 E.03325
;WIDTH:0.468606
G1 X-18.67 Y3.037 E.01644
;WIDTH:0.502103
G1 X-18.672 Y3.364 E.01785
;WIDTH:0.535601
G1 X-18.674 Y3.691 E.01922
G1 X-18.728 Y3.821 E.00827
;WIDTH:0.491861
G1 X-18.782 Y3.951 E.00751
;WIDTH:0.448121
G1 X-18.836 Y4.08 E.00669
;WIDTH:0.404381
G1 X-18.844 Y4.222 E.00603
G1 X-18.839 Y3.822 F7800
M106 S249.9
;LAYER_CHANGE
;Z:27.05
;HEIGHT:0.299999
G1 E-2 F2400
G1 Z27.05 F7800
G1 Z27.05
G1 X18.509 Y3.734
G1 E2 F2400
;WIDTH:0.659801
G1 F900
G1 X18.506 Y3.649 E.00632
;WIDTH:0.653283
G1 X18.487 Y3.198 E.03316
;WIDTH:0.606511
G1 X18.467 Y2.747 E.03053
;WIDTH:0.559739
G1 X18.448 Y2.297 E.02783
;WIDTH:0.512967
G1 X18.448 Y2.283 E.00078
;WIDTH:0.511963
G1 X18.434 Y1.229 E.05884
;WIDTH:0.467211
G1 X18.421 Y.175 E.05296
;WIDTH:0.422459
G1 X18.42 Y.134 E.00183
;WIDTH:0.450119
G1 X18.418 Y-.917 E.05057
;WIDTH:0.478535
G1 X18.416 Y-1.969 E.05434
;WIDTH:0.506863
G1 X18.406 Y-2.383 E.02285
;WIDTH:0.535191
G1 X18.397 Y-2.798 E.02438
;WIDTH:0.577884
G1 X18.396 Y-3.183 E.02466
;WIDTH:0.620577
G1 X18.396 Y-3.567 E.02664
G1 X18.43 Y-3.642 E.00571
;WIDTH:0.577337
G1 X18.463 Y-3.717 E.00524
;WIDTH:0.534098
G1 X18.497 Y-3.791 E.00477
;WIDTH:0.490859
G1 X18.531 Y-3.866 E.00438
;WIDTH:0.44762
G1 X18.565 Y-3.941 E.00394
;WIDTH:0.404381
G1 X18.595 Y-4.182 E.0103
G1 X18.589 Y-3.782 F7800
G1 E-2 F2400
G1 X18.736 Y4.406 F7800
G1 E2 F2400
G1 F900
G1 X18.725 Y4.239 E.0071
G1 E-2 F2400
G1 X-18.538 Y-4.388 F7800
G1 E2 F2400
G1 F900
G1 X-18.481 Y-3.583 E.03422
G1 X-18.471 Y-2.63 E.04042
G1 X-18.482 Y-3.03 F7800
G1 E-2 F2400
G1 X-18.542 Y2.55 F7800
G1 E2 F2400
G1 F900
G1 X-18.554 Y3.964 E.05997
G1 X-18.585 Y4.189 E.00963
G1 X-18.572 Y3.79 F7800
G1 E-10 F2400
T0
G1 X17.777 Y-3.512 F7800
G1 Z27.05
G1 E10 F2400
;WIDTH:0.620907
G1 F900
G1 X17.83 Y-3 E.03573
;WIDTH:0.573885
G1 X17.883 Y-2.488 E.03271
;WIDTH:0.526864
G1 X17.935 Y-1.976 E.02969
;WIDTH:0.479843
G1 X17.937 Y-1.954 E.00114
;WIDTH:0.478929
G1 X17.968 Y-.901 E.05447
;WIDTH:0.450445
G1 X17.998 Y.151 E.05068
;WIDTH:0.422643
G1 X17.998 Y.174 E.00103
;WIDTH:0.460063
G1 X17.971 Y1.236 E.05243
;WIDTH:0.497483
G1 X17.943 Y2.298 E.05739
;WIDTH:0.539588
G1 X17.919 Y2.629 E.01967
;WIDTH:0.581693
G1 X17.895 Y2.96 E.02141
;WIDTH:0.627873
G1 X17.868 Y3.429 E.03302
G1 X17.865 Y3.03 F7800
G1 X17.995 Y3.83
;WIDTH:0.397796
G1 F900
G1 X18.003 Y3.92 E.00376
;WIDTH:0.429811
G1 X18.011 Y4.01 E.00412
G1 X18.344 Y4.334 E.02118
G1 X17.674 Y4.308 E.03056
G1 X17.681 Y4.099 E.00953
;WIDTH:0.399927
G1 X17.689 Y3.89 E.00875
;WIDTH:0.413014
G1 X17.718 Y3.813 E.00358
;WIDTH:0.455986
G1 X17.748 Y3.737 E.00399
;WIDTH:0.498958
G1 X17.778 Y3.66 E.00448
;WIDTH:0.541929
G1 X17.808 Y3.583 E.00492
;WIDTH:0.584901
G1 X17.838 Y3.506 E.00537
;WIDTH:0.627873
G1 X17.868 Y3.429 E.00581
G1 X17.889 Y3.496 E.00493
;WIDTH:0.584191
G1 X17.91 Y3.563 E.00455
;WIDTH:0.540509
G1 X17.931 Y3.63 E.00417
;WIDTH:0.496827
G1 X17.953 Y3.697 E.0038
;WIDTH:0.453145
G1 X17.974 Y3.763 E.00336
;WIDTH:0.409463
G1 X17.977 Y3.773 E.00045
G1 X18.153 Y4.132 F7800
G1 E-2 F2400
G1 X17.821 Y-3.688 F7800
G1 E2 F2400
;WIDTH:0.548089
G1 F900
G1 X17.807 Y-3.63 E.0036
;WIDTH:0.584498
G1 X17.792 Y-3.571 E.00395
;WIDTH:0.620907
G1 X17.777 Y-3.512 E.00423
G1 X17.745 Y-3.587 E.00566
;WIDTH:0.576592
G1 X17.712 Y-3.661 E.00518
;WIDTH:0.532277
G1 X17.679 Y-3.736 E.00478
;WIDTH:0.487962
G1 X17.646 Y-3.81 E.00428
;WIDTH:0.443647
G1 X17.613 Y-3.885 E.00388
;WIDTH:0.411976
G1 X17.584 Y-4.099 E.00936
G1 X18.225 Y-4.123 E.02781
;WIDTH:0.461828
G1 X18.023 Y-3.906 E.0147
;WIDTH:0.511681
G1 X17.862 Y-3.732 E.01323
G1 X17.464 Y-3.686 F7800
G1 E-2 F2400
G1 X-18.378 Y2.551 F7800
G1 E2 F2400
;WIDTH:0.404381
G1 F900
G1 X-18.259 Y4.135 E.06736
G1 X-18.289 Y3.737 F7800
G1 E-2 F2400
G1 X-18.151 Y-4.313 F7800
G1 E2 F2400
;WIDTH:0.428291
G1 F900
G1 X-18.198 Y-3.577 E.03347
;WIDTH:0.404381
G1 X-18.299 Y-2.725 E.03638
G1 X-18.258 Y-3.123 F7800
M106 S255
;LAYER_CHANGE
;Z:27.35
;HEIGHT:0.300001
G1 E-2 F2400
G1 Z27.35 F7800
G1 Z27.35
G1 X17.984 Y4.278
G1 E2 F2400
;WIDTH:0.477663
G1 F600
G1 X17.973 Y4.206 E.00375
;WIDTH:0.441022
G1 X17.963 Y4.133 E.00346
;WIDTH:0.404381
G1 X18.071 Y2.29 E.07829
G1 X18.047 Y2.689 F7800
G1 E-2 F2400
G1 X17.883 Y-4.061 F7800
G1 E2 F2400
;WIDTH:0.450851
G1 F600
G1 X17.957 Y-2.962 E.05309
;WIDTH:0.404381
G1 X18.066 Y-1.93 E.04401
G1 X18.03 Y-2.328 F7800
G1 E-10 F2400
T1
G1 X18.435 Y4.377 F7800
G1 Z27.35
G1 E10 F2400
G1 F600
G1 X18.421 Y4.206 E.00728
G1 X18.359 Y4.04 E.00751
G1 X18.287 Y2.284 E.07453
G1 X18.303 Y2.684 F7800
G1 E-2 F2400
G1 X18.249 Y-1.936 F7800
G1 E2 F2400
G1 F600
G1 X18.245 Y-3.842 E.08083
G1 X18.302 Y-4.141 E.01291
G1 X18.29 Y-3.741 F7800
G1 E-2 F2400
M107
;TYPE:Custom
; objects_info = {"objects":[]}
; filament used [mm] = 1590.79, 476.68, 0.00, 0.00
; filament used [cm3] = 3.83, 1.15, 0.00, 0.00
; total filament used [g] = 0.00
; total filament cost = 0.00
; total filament used for wipe tower [g] = 0.00
; total toolchanges = 67
; estimated printing time (normal mode) = 38m 29s
; estimated first layer printing time (normal mode) = 5s

; prusaslicer_config = begin
; arc_fitting = disabled
; autoemit_temperature_commands = 1
; automatic_extrusion_widths = 0
; automatic_infill_combination = 0
; automatic_infill_combination_max_layer_height = 100%
; avoid_crossing_curled_overhangs = 0
; avoid_crossing_perimeters = 0
; avoid_crossing_perimeters_max_detour = 0
; bed_custom_model = 
; bed_custom_texture = 
; bed_shape = 49.8097x4.35779,49.2404x8.68241,48.2963x12.941,46.9846x17.101,45.3154x21.1309,43.3013x25,40.9576x28.6788,38.3022x32.1394,35.3553x35.3553,32.1394x38.3022,28.6788x40.9576,25x43.3013,21.1309x45.3154,17.101x46.9846,12.941x48.2963,8.68241x49.2404,4.35779x49.8097,3.06162e-15x50,-4.35779x49.8097,-8.68241x49.2404,-12.941x48.2963,-17.101x46.9846,-21.1309x45.3154,-25x43.3013,-28.6788x40.9576,-32.1394x38.3022,-35.3553x35.3553,-38.3022x32.1394,-40.9576x28.6788,-43.3013x25,-45.3154x21.1309,-46.9846x17.101,-48.2963x12.941,-49.2404x8.68241,-49.8097x4.35779,-50x6.12323e-15,-49.8097x-4.35779,-49.2404x-8.68241,-48.2963x-12.941,-46.9846x-17.101,-45.3154x-21.1309,-43.3013x-25,-40.9576x-28.6788,-38.3022x-32.1394,-35.3553x-35.3553,-32.1394x-38.3022,-28.6788x-40.9576,-25x-43.3013,-21.1309x-45.3154,-17.101x-46.9846,-12.941x-48.2963,-8.68241x-49.2404,-4.35779x-49.8097,-9.18485e-15x-50,4.35779x-49.8097,8.68241x-49.2404,12.941x-48.2963,17.101x-46.9846,21.1309x-45.3154,25x-43.3013,28.6788x-40.9576,32.1394x-38.3022,35.3553x-35.3553,38.3022x-32.1394,40.9576x-28.6788,43.3013x-25,45.3154x-21.1309,46.9846x-17.101,48.2963x-12.941,49.2404x-8.68241,49.8097x-4.35779,50x-1.22465e-14
; bed_temperature = 0,0,0,0
; bed_temperature_extruder = 0
; before_layer_gcode = 
; between_objects_gcode = 
; binary_gcode = 0
; bottom_fill_pattern = monotonic
; bottom_solid_layers = 3
; bottom_solid_min_thickness = 0
; bridge_acceleration = 0
; bridge_angle = 0
; bridge_fan_speed = 100,100,100,100
; bridge_flow_ratio = 1
; bridge_speed = 60
; brim_separation = 0
; brim_type = outer_only
; brim_width = 0
; chamber_minimal_temperature = 0,0,0,0
; chamber_temperature = 0,0,0,0
; color_change_gcode = M600
; colorprint_heights = 
; complete_objects = 0
; cooling = 1,1,1,1
; cooling_tube_length = 5
; cooling_tube_retraction = 91.5
; default_acceleration = 0
; default_filament_profile = 
; default_print_profile = 
; deretract_speed = 0,0,0,0
; disable_fan_first_layers = 3,3,3,3
; dont_support_bridges = 1
; draft_shield = disabled
; duplicate_distance = 6
; elefant_foot_compensation = 0
; enable_dynamic_fan_speeds = 0,0,0,0
; enable_dynamic_overhang_speeds = 0
; end_filament_gcode = ;;;
; end_gcode = 
; ensure_vertical_shell_thickness = enabled
; external_perimeter_acceleration = 0
; external_perimeter_extrusion_width = 0.45
; external_perimeter_speed = 50%
; external_perimeters_first = 0
; extra_loading_move = -2
; extra_perimeters = 1
; extra_perimeters_on_overhangs = 0
; extruder_clearance_height = 20
; extruder_clearance_radius = 20
; extruder_colour = ;#FFFF00;;
; extruder_offset = 0x0,0x0,0x0,0x0
; extrusion_axis = E
; extrusion_multiplier = 1,1,1,1
; extrusion_width = 0.45
; fan_always_on = 0,0,0,0
; fan_below_layer_time = 60,60,60,60
; filament_abrasive = 0,0,0,0
; filament_colour = #29B2B2;#29B2B2;#29B2B2;#29B2B2
; filament_cooling_final_speed = 3.4,3.4,3.4,3.4
; filament_cooling_initial_speed = 2.2,2.2,2.2,2.2
; filament_cooling_moves = 4,4,4,4
; filament_cost = 0,0,0,0
; filament_density = 0,0,0,0
; filament_deretract_speed = nil,nil,nil,nil
; filament_diameter = 1.75,1.75,1.75,1.75
; filament_infill_max_crossing_speed = 0,0,0,0
; filament_infill_max_speed = 0,0,0,0
; filament_load_time = 0,0,0,0
; filament_loading_speed = 28,28,28,28
; filament_loading_speed_start = 3,3,3,3
; filament_max_volumetric_speed = 0,0,0,0
; filament_minimal_purge_on_wipe_tower = 15,15,15,15
; filament_multitool_ramming = 0,0,0,0
; filament_multitool_ramming_flow = 10,10,10,10
; filament_multitool_ramming_volume = 10,10,10,10
; filament_notes = ;;;
; filament_purge_multiplier = 100%,100%,100%,100%
; filament_ramming_parameters = "120 100 6.6 6.8 7.2 7.6 7.9 8.2 8.7 9.4 9.9 10.0| 0.05 6.6 0.45 6.8 0.95 7.8 1.45 8.3 1.95 9.7 2.45 10 2.95 7.6 3.45 7.6 3.95 7.6 4.45 7.6 4.95 7.6";"120 100 6.6 6.8 7.2 7.6 7.9 8.2 8.7 9.4 9.9 10.0| 0.05 6.6 0.45 6.8 0.95 7.8 1.45 8.3 1.95 9.7 2.45 10 2.95 7.6 3.45 7.6 3.95 7.6 4.45 7.6 4.95 7.6";"120 100 6.6 6.8 7.2 7.6 7.9 8.2 8.7 9.4 9.9 10.0| 0.05 6.6 0.45 6.8 0.95 7.8 1.45 8.3 1.95 9.7 2.45 10 2.95 7.6 3.45 7.6 3.95 7.6 4.45 7.6 4.95 7.6";"120 100 6.6 6.8 7.2 7.6 7.9 8.2 8.7 9.4 9.9 10.0| 0.05 6.6 0.45 6.8 0.95 7.8 1.45 8.3 1.95 9.7 2.45 10 2.95 7.6 3.45 7.6 3.95 7.6 4.45 7.6 4.95 7.6"
; filament_retract_before_travel = nil,nil,nil,nil
; filament_retract_before_wipe = nil,nil,nil,nil
; filament_retract_layer_change = nil,nil,nil,nil
; filament_retract_length = nil,nil,nil,nil
; filament_retract_length_toolchange = nil,nil,nil,nil
; filament_retract_lift = nil,nil,nil,nil
; filament_retract_lift_above = nil,nil,nil,nil
; filament_retract_lift_below = nil,nil,nil,nil
; filament_retract_restart_extra = nil,nil,nil,nil
; filament_retract_restart_extra_toolchange = nil,nil,nil,nil
; filament_retract_speed = nil,nil,nil,nil
; filament_seam_gap_distance = nil,nil,nil,nil
; filament_settings_id = "S4 Slicer";"S4 Slicer";"S4 Slicer";"S4 Slicer"
; filament_shrinkage_compensation_xy = 0%,0%,0%,0%
; filament_shrinkage_compensation_z = 0%,0%,0%,0%
; filament_soluble = 0,0,0,0
; filament_spool_weight = 0,0,0,0
; filament_stamping_distance = 0,0,0,0
; filament_stamping_loading_speed = 20,20,20,20
; filament_toolchange_delay = 0,0,0,0
; filament_travel_lift_before_obstacle = nil,nil,nil,nil
; filament_travel_max_lift = nil,nil,nil,nil
; filament_travel_ramping_lift = nil,nil,nil,nil
; filament_travel_slope = nil,nil,nil,nil
; filament_type = PLA;PLA;PLA;PLA
; filament_unload_time = 0,0,0,0
; filament_unloading_speed = 90,90,90,90
; filament_unloading_speed_start = 100,100,100,100
; filament_vendor = (Unknown)
; filament_wipe = nil,nil,nil,nil
; fill_angle = 45
; fill_density = 20%
; fill_pattern = stars
; first_layer_acceleration = 0
; first_layer_acceleration_over_raft = 0
; first_layer_bed_temperature = 0,0,0,0
; first_layer_extrusion_width = 0.42
; first_layer_height = 0.35
; first_layer_infill_speed = 0
; first_layer_speed = 30
; first_layer_speed_over_raft = 30
; first_layer_temperature = 200,200,200,200
; full_fan_speed_layer = 0,0,0,0
; fuzzy_skin = none
; fuzzy_skin_point_dist = 0.8
; fuzzy_skin_thickness = 0.3
; gap_fill_enabled = 1
; gap_fill_speed = 20
; gcode_comments = 0
; gcode_flavor = reprapfirmware
; gcode_label_objects = disabled
; gcode_resolution = 0.0125
; gcode_substitutions = 
; high_current_on_filament_swap = 0
; host_type = prusalink
; idle_temperature = nil,nil,nil,nil
; infill_acceleration = 0
; infill_anchor = 600%
; infill_anchor_max = 50
; infill_every_layers = 1
; infill_extruder = 1
; infill_extrusion_width = 0.45
; infill_first = 0
; infill_overlap = 25%
; infill_speed = 80
; interface_shells = 0
; interlocking_beam = 0
; interlocking_beam_layer_count = 2
; interlocking_beam_width = 0.8
; interlocking_boundary_avoidance = 2
; interlocking_depth = 2
; interlocking_orientation = 22.5
; ironing = 0
; ironing_flowrate = 15%
; ironing_spacing = 0.1
; ironing_speed = 15
; ironing_type = top
; layer_gcode = 
; layer_height = 0.3
; machine_limits_usage = time_estimate_only
; machine_max_acceleration_e = 10000,5000
; machine_max_acceleration_extruding = 1500,1250
; machine_max_acceleration_retracting = 1500,1250
; machine_max_acceleration_travel = 1500,1250
; machine_max_acceleration_x = 9000,1000
; machine_max_acceleration_y = 9000,1000
; machine_max_acceleration_z = 500,200
; machine_max_feedrate_e = 120,120
; machine_max_feedrate_x = 500,200
; machine_max_feedrate_y = 500,200
; machine_max_feedrate_z = 12,12
; machine_max_jerk_e = 2.5,2.5
; machine_max_jerk_x = 10,10
; machine_max_jerk_y = 10,10
; machine_max_jerk_z = 0.2,0.4
; machine_min_extruding_rate = 0,0
; machine_min_travel_rate = 0,0
; max_fan_speed = 100,100,100,100
; max_layer_height = 0,0,0,0
; max_print_height = 300
; max_print_speed = 80
; max_volumetric_extrusion_rate_slope_negative = 0
; max_volumetric_extrusion_rate_slope_positive = 0
; max_volumetric_speed = 0
; min_bead_width = 85%
; min_fan_speed = 35,35,35,35
; min_feature_size = 25%
; min_layer_height = 0.07,0.07,0.07,0.07
; min_print_speed = 10,10,10,10
; min_skirt_length = 0
; mmu_segmented_region_interlocking_depth = 0
; mmu_segmented_region_max_width = 0
; multimaterial_purging = 140
; notes = 
; nozzle_diameter = 0.4,0.4,0.4,0.4
; nozzle_high_flow = 0,0,0,0
; only_one_perimeter_first_layer = 0
; only_retract_when_crossing_perimeters = 0
; ooze_prevention = 0
; output_filename_format = [input_filename_base].gcode
; over_bridge_speed = 0
; overhang_fan_speed_0 = 0,0,0,0
; overhang_fan_speed_1 = 0,0,0,0
; overhang_fan_speed_2 = 0,0,0,0
; overhang_fan_speed_3 = 0,0,0,0
; overhang_speed_0 = 15
; overhang_speed_1 = 15
; overhang_speed_2 = 20
; overhang_speed_3 = 25
; overhangs = 1
; parking_pos_retraction = 92
; pause_print_gcode = M601
; perimeter_acceleration = 0
; perimeter_extruder = 1
; perimeter_extrusion_width = 0.45
; perimeter_generator = arachne
; perimeter_speed = 60
; perimeters = 3
; physical_printer_settings_id = 
; post_process = 
; prefer_clockwise_movements = 0
; print_settings_id = S4 Slicer
; printer_model = 
; printer_notes = 
; printer_settings_id = S4 Slicer
; printer_technology = FFF
; printer_variant = 
; printer_vendor = 
; raft_contact_distance = 0.1
; raft_expansion = 1.5
; raft_first_layer_density = 90%
; raft_first_layer_expansion = 3
; raft_layers = 0
; remaining_times = 0
; resolution = 0
; retract_before_travel = 2,2,2,2
; retract_before_wipe = 0%,0%,0%,0%
; retract_layer_change = 0,0,0,0
; retract_length = 2,2,2,2
; retract_length_toolchange = 10,10,10,10
; retract_lift = 0,0,0,0
; retract_lift_above = 0,0,0,0
; retract_lift_below = 0,0,0,0
; retract_restart_extra = 0,0,0,0
; retract_restart_extra_toolchange = 0,0,0,0
; retract_speed = 40,40,40,40
; scarf_seam_entire_loop = 0
; scarf_seam_length = 20
; scarf_seam_max_segment_length = 1
; scarf_seam_on_inner_perimeters = 0
; scarf_seam_only_on_smooth = 1
; scarf_seam_placement = nowhere
; scarf_seam_start_height = 0%
; seam_gap_distance = 15%
; seam_position = aligned
; silent_mode = 1
; single_extruder_multi_material = 0
; single_extruder_multi_material_priming = 1
; skirt_distance = 6
; skirt_height = 1
; skirts = 1
; slice_closing_radius = 0.049
; slicing_mode = regular
; slowdown_below_layer_time = 5,5,5,5
; small_perimeter_speed = 15
; solid_infill_acceleration = 0
; solid_infill_below_area = 70
; solid_infill_every_layers = 0
; solid_infill_extruder = 1
; solid_infill_extrusion_width = 0.45
; solid_infill_speed = 20
; spiral_vase = 0
; staggered_inner_seams = 0
; standby_temperature_delta = -5
; start_filament_gcode = ;;;
; start_gcode = 
; support_material = 0
; support_material_angle = 0
; support_material_auto = 1
; support_material_bottom_contact_distance = 0
; support_material_bottom_interface_layers = -1
; support_material_buildplate_only = 0
; support_material_closing_radius = 2
; support_material_contact_distance = 0.2
; support_material_enforce_layers = 0
; support_material_extruder = 1
; support_material_extrusion_width = 0.35
; support_material_interface_contact_loops = 0
; support_material_interface_extruder = 1
; support_material_interface_layers = 3
; support_material_interface_pattern = rectilinear
; support_material_interface_spacing = 0
; support_material_interface_speed = 100%
; support_material_pattern = rectilinear
; support_material_spacing = 2.5
; support_material_speed = 60
; support_material_style = grid
; support_material_synchronize_layers = 0
; support_material_threshold = 0
; support_material_with_sheath = 1
; support_material_xy_spacing = 50%
; support_tree_angle = 40
; support_tree_angle_slow = 25
; support_tree_branch_diameter = 2
; support_tree_branch_diameter_angle = 5
; support_tree_branch_diameter_double_wall = 3
; support_tree_branch_distance = 1
; support_tree_tip_diameter = 0.8
; support_tree_top_rate = 15%
; temperature = 200,200,200,200
; template_custom_gcode = 
; thick_bridges = 1
; thin_walls = 1
; thumbnails = 
; thumbnails_format = PNG
; toolchange_gcode = 
; top_fill_pattern = monotonic
; top_infill_extrusion_width = 0.4
; top_one_perimeter_type = none
; top_solid_infill_acceleration = 0
; top_solid_infill_speed = 15
; top_solid_layers = 3
; top_solid_min_thickness = 0
; travel_acceleration = 0
; travel_lift_before_obstacle = 0,0,0,0
; travel_max_lift = 0,0,0,0
; travel_ramping_lift = 0,0,0,0
; travel_slope = 0,0,0,0
; travel_speed = 130
; travel_speed_z = 0
; use_firmware_retraction = 0
; use_relative_e_distances = 1
; use_volumetric_e = 0
; variable_layer_height = 1
; wall_distribution_count = 1
; wall_transition_angle = 10
; wall_transition_filter_deviation = 25%
; wall_transition_length = 100%
; wipe = 0,0,0,0
; wipe_into_infill = 0
; wipe_into_objects = 0
; wipe_tower = 0
; wipe_tower_acceleration = 0
; wipe_tower_bridging = 10
; wipe_tower_brim_width = 2
; wipe_tower_cone_angle = 0
; wipe_tower_extra_flow = 100%
; wipe_tower_extra_spacing = 100%
; wipe_tower_extruder = 0
; wipe_tower_no_sparse_layers = 0
; wipe_tower_width = 60
; wiping_volumes_matrix = 0,140,140,140,140,0,140,140,140,140,0,140,140,140,140,0
; wiping_volumes_use_custom_matrix = 0
; xy_size_compensation = 0
; z_offset = 0
; prusaslicer_config = end
