; generated by PrusaSlicer 2.9.2 on 2025-05-16 at 02:13:08 UTC

; 

; external perimeters extrusion width = 0.45mm
; perimeters extrusion width = 0.45mm
; infill extrusion width = 0.45mm
; solid infill extrusion width = 0.45mm
; top infill extrusion width = 0.40mm
; first layer extrusion width = 0.42mm

G10 S200 P0 ; set temperature
;TYPE:Custom
G10 S200 P0 ; set temperature
M116 ; wait for temperature to be reached
G21 ; set units to millimeters
G90 ; use absolute coordinates
M83 ; use relative distances for extrusion
M107
;LAYER_CHANGE
;Z:0.35
;HEIGHT:0.35
G1 E-2 F2400
G1 Z.35 F7800
G1 X-8.618 Y1.844
G1 Z.35
G1 E2 F2400
;TYPE:External perimeter
;WIDTH:0.500028
G1 F600
G1 X-9.041 Y.023 E.11559
G1 X-8.563 Y-2.215 E.1415
G1 X-8.611 Y.01 E.13761
G1 X-8.617 Y1.784 E.10969
G1 X-8.724 Y1.398 F7800
;LAYER_CHANGE
;Z:0.65
;HEIGHT:0.3
G1 Z.65 F7800
G1 Z.65
G1 X-9.367 Y2.338
;TYPE:Overhang perimeter
;WIDTH:0.4
;HEIGHT:0.4
G1 F900
G1 X-9.875 Y.034 E.12326
G1 X-9.369 Y-2.37 E.12835
G1 X-9.289 Y-2.552 E.01039
G1 X-9.332 Y-.768 E.09323
;TYPE:Perimeter
;WIDTH:0.582784
;HEIGHT:0.3
G1 F600
G1 X-9.355 Y.656 E.09209
;TYPE:Overhang perimeter
;WIDTH:0.4
;HEIGHT:0.4
G1 F900
G1 X-9.366 Y2.278 E.08474
G1 X-8.908 Y3.213 F7800
G1 F900
G1 X-8.899 Y4.011 E.04169
G1 X-9.782 Y2.553 E.08905
G1 X-10.338 Y.036 E.13467
G1 X-9.8 Y-2.514 E.13616
G1 X-9.193 Y-3.875 E.07786
G1 X-8.832 Y-4.326 E.03018
G1 X-8.832 Y-2.941 E.07236
;TYPE:Perimeter
;WIDTH:0.45
;HEIGHT:0.3
G1 F600
G1 X-8.899 Y.007 E.14183
G1 X-8.916 Y2.537 E.12169
;TYPE:Overhang perimeter
;WIDTH:0.4
;HEIGHT:0.4
G1 F900
G1 X-8.909 Y3.153 E.03218
G1 X-8.522 Y3.208 F7800
;TYPE:External perimeter
;WIDTH:0.45
;HEIGHT:0.3
G1 F600
G1 X-8.522 Y3.344 E.00654
;TYPE:Overhang perimeter
;WIDTH:0.4
;HEIGHT:0.4
G1 F900
G1 X-8.499 Y5.135 E.09358
G1 X-8.687 Y5.138 E.00982
G1 X-10.145 Y2.699 E.14846
G1 X-10.732 Y.038 E.14237
G1 X-10.169 Y-2.633 E.14261
G1 X-9.525 Y-4.078 E.08265
G1 X-8.709 Y-5.096 E.06816
G1 X-8.446 Y-5.094 E.01374
G1 X-8.446 Y-4.918 E.0092
G1 X-8.446 Y-3.499 E.07414
;TYPE:External perimeter
;WIDTH:0.45
;HEIGHT:0.3
G1 F600
G1 X-8.447 Y-2.722 E.03737
G1 X-8.513 Y.007 E.13129
G1 X-8.522 Y3.148 E.15107
G1 X-8.519 Y3.548 F7800
;LAYER_CHANGE
;Z:0.95
;HEIGHT:0.3
G1 Z.95 F7800
G1 Z.95
G1 X-9.216 Y4.352
;TYPE:Perimeter
G1 F900
G1 X-9.636 Y4.357 E.0202
;TYPE:Overhang perimeter
;WIDTH:0.4
;HEIGHT:0.4
G1 X-9.936 Y4.362 E.01568
G1 X-10.61 Y3.034 E.07781
G1 X-10.821 Y2.502 E.0299
G1 X-11.105 Y1.042 E.07771
G1 X-11.441 Y-.037 E.05904
G1 X-11.204 Y-1.179 E.06093
G1 X-10.895 Y-2.394 E.0655
G1 X-10.093 Y-4.308 E.10842
G1 X-9.886 Y-4.307 E.01081
;TYPE:Perimeter
;WIDTH:0.45
;HEIGHT:0.3
G1 X-9.151 Y-4.303 E.03535
G1 X-9.149 Y-3.74 E.02708
G1 X-9.147 Y-2.721 E.04901
G1 X-9.217 Y.001 E.13096
G1 X-9.236 Y2.687 E.12919
G1 X-9.211 Y4.297 E.07744
G1 X-8.822 Y4.732 F7800
G1 F900
G1 X-9.412 Y4.74 E.02838
;TYPE:Overhang perimeter
;WIDTH:0.4
;HEIGHT:0.4
G1 X-10.156 Y4.75 E.03887
G1 X-10.267 Y4.56 E.0115
G1 X-10.962 Y3.193 E.08012
G1 X-11.193 Y2.611 E.03271
G1 X-11.484 Y1.115 E.07962
G1 X-11.839 Y-.016 E.06193
G1 X-11.58 Y-1.266 E.06669
G1 X-11.262 Y-2.516 E.06739
G1 X-10.349 Y-4.695 E.12343
G1 X-9.578 Y-4.691 E.04028
;TYPE:Perimeter
;WIDTH:0.45
;HEIGHT:0.3
G1 X-8.766 Y-4.686 E.03906
G1 X-8.764 Y-3.741 E.04545
G1 X-8.761 Y-2.717 E.04925
G1 X-8.831 Y.004 E.13091
G1 X-8.85 Y2.681 E.12876
G1 X-8.819 Y4.675 E.09592
G1 X-8.427 Y5.112 F7800
;TYPE:External perimeter
G1 F900
G1 X-9.188 Y5.123 E.03661
;TYPE:Overhang perimeter
;WIDTH:0.4
;HEIGHT:0.4
G1 X-10.375 Y5.139 E.06202
G1 X-10.606 Y4.745 E.02386
G1 X-11.314 Y3.351 E.08168
G1 X-11.565 Y2.72 E.03548
G1 X-11.862 Y1.189 E.08148
G1 X-12.237 Y.004 E.06494
G1 X-11.956 Y-1.352 E.07235
G1 X-11.628 Y-2.639 E.06939
G1 X-10.605 Y-5.082 E.13837
G1 X-9.27 Y-5.075 E.06975
;TYPE:External perimeter
;WIDTH:0.45
;HEIGHT:0.3
G1 X-8.381 Y-5.07 E.04276
G1 X-8.378 Y-3.742 E.06387
G1 X-8.375 Y-2.712 E.04954
G1 X-8.445 Y.007 E.13082
G1 X-8.464 Y2.675 E.12832
G1 X-8.428 Y5.052 E.11434
G1 X-8.823 Y5.117 F7800
G1 E-2 F2400
G1 X-10.521 Y2.937 F7800
G1 E2 F2400
;TYPE:Bridge infill
;WIDTH:0.425046
;HEIGHT:0.4
G1 F3600
G1 X-11.105 Y-.073 E.18088
G1 X-10.852 Y-1.26 E.0716
G1 X-9.874 Y3.773 E.30246
G1 X-9.74 Y4.037 E.01747
G1 X-9.536 Y4.035 E.01204
G1 X-9.553 Y2.936 E.06484
G1 X-10.575 Y-2.326 E.31622
G1 X-10.244 Y-3.115 E.05047
G1 X-9.542 Y.503 E.21741
G1 X-9.493 Y-1.74 E.13235
G1 X-9.969 Y-4.188 E.14712
G1 E-2 F2400
G1 X9.588 Y-2.122 F7800
G1 E2 F2400
;TYPE:Overhang perimeter
;WIDTH:0.4
G1 F900
G1 X10.014 Y-.007 E.11272
G1 X10.014 Y.074 E.00423
G1 X9.871 Y.762 E.03671
G1 X9.603 Y1.764 E.05419
G1 X9.613 Y.076 E.08819
G1 X9.589 Y-2.062 E.11171
G1 X9.681 Y-1.673 F7800
M106 S239.7
;LAYER_CHANGE
;Z:1.25
;HEIGHT:0.3
G1 E-2 F2400
G1 Z1.25 F7800
G1 Z1.25
G1 X-9.147 Y4.325
G1 E2 F2400
;TYPE:Perimeter
;WIDTH:0.45
G1 F900
G1 X-11.284 Y4.347 E.10279
;TYPE:Overhang perimeter
;WIDTH:0.4
;HEIGHT:0.4
M106 S255
G1 X-11.397 Y4.349 E.0059
G1 X-11.586 Y3.977 E.0218
G1 X-12.131 Y2.605 E.07713
G1 X-12.266 Y2.088 E.02792
G1 X-12.619 Y.975 E.061
G1 X-12.836 Y-.016 E.053
G1 X-12.572 Y-1.395 E.07335
G1 X-12.313 Y-2.415 E.05498
G1 X-11.53 Y-4.303 E.10678
G1 X-11.397 Y-4.301 E.00695
M106 S239.7
;TYPE:Perimeter
;WIDTH:0.45
;HEIGHT:0.3
G1 X-9.092 Y-4.279 E.11087
G1 X-9.094 Y-3.621 E.03165
G1 X-9.076 Y-2.704 E.04411
G1 X-9.149 Y-.003 E.12996
G1 X-9.169 Y2.675 E.12881
G1 X-9.141 Y4.271 E.07677
G1 X-8.752 Y4.706 F7800
G1 F900
G1 X-11.09 Y4.731 E.11246
;TYPE:Overhang perimeter
;WIDTH:0.4
;HEIGHT:0.4
M106 S255
G1 X-11.632 Y4.737 E.02832
G1 X-11.937 Y4.136 E.03521
G1 X-12.49 Y2.748 E.07806
G1 X-12.633 Y2.205 E.02934
G1 X-12.992 Y1.075 E.06194
G1 X-13.23 Y-.011 E.05808
G1 X-12.949 Y-1.479 E.07809
G1 X-12.68 Y-2.538 E.05708
G1 X-11.786 Y-4.693 E.12189
G1 X-11.238 Y-4.684 E.02863
M106 S239.7
;TYPE:Perimeter
;WIDTH:0.45
;HEIGHT:0.3
G1 X-8.705 Y-4.663 E.12183
G1 X-8.708 Y-3.62 E.05016
G1 X-8.69 Y-2.703 E.04411
G1 X-8.763 Y-.005 E.12981
G1 X-8.783 Y2.668 E.12857
G1 X-8.749 Y4.65 E.09534
G1 X-8.356 Y5.088 F7800
;TYPE:External perimeter
G1 F900
G1 X-10.882 Y5.114 E.1215
;TYPE:Overhang perimeter
;WIDTH:0.4
;HEIGHT:0.4
M106 S255
G1 X-11.868 Y5.125 E.05152
G1 X-12.289 Y4.295 E.04862
G1 X-12.848 Y2.89 E.079
G1 X-13.001 Y2.321 E.03078
G1 X-13.365 Y1.175 E.06282
G1 X-13.624 Y-.005 E.06312
G1 X-13.326 Y-1.563 E.08287
G1 X-13.046 Y-2.66 E.05915
G1 X-12.041 Y-5.083 E.13705
G1 X-11.079 Y-5.067 E.05027
M106 S239.7
;TYPE:External perimeter
;WIDTH:0.45
;HEIGHT:0.3
G1 X-8.318 Y-5.046 E.1328
G1 X-8.323 Y-3.619 E.06863
G1 X-8.304 Y-2.701 E.04416
G1 X-8.378 Y.001 E.13001
G1 X-8.398 Y2.662 E.12799
G1 X-8.357 Y5.028 E.11381
G1 X-8.752 Y5.091 F7800
G1 E-2 F2400
G1 X-11.857 Y2.973 F7800
G1 E2 F2400
;TYPE:Bridge infill
;WIDTH:0.417347
;HEIGHT:0.4
M106 S255
G1 F3600
G1 X-12.504 Y-.042 E.17538
G1 X-12.279 Y-1.219 E.06815
G1 X-11.153 Y4.025 E.30505
G1 X-10.676 Y4.019 E.02713
G1 X-12.023 Y-2.252 E.3648
G1 X-11.711 Y-3.028 E.04757
G1 X-10.2 Y4.014 E.40963
G1 X-9.723 Y4.009 E.02713
G1 X-11.396 Y-3.787 E.45349
G1 X-11.317 Y-3.978 E.01176
G1 X-10.958 Y-3.972 E.02042
G1 X-10.399 Y-1.37 E.15136
G1 X-10.197 Y-2.162 E.04649
G1 X-10.127 Y-2.331 E.0104
G1 X-10.479 Y-3.967 E.09518
G1 X-10 Y-3.964 E.02724
G1 X-9.737 Y-2.741 E.07115
M106 S239.7
G1 X-9.37 Y-3.069 F7800
;TYPE:Solid infill
;WIDTH:0.45
;HEIGHT:0.3
G1 F1200
G1 X-9.365 Y-2.705 E.01751
G1 X-9.438 Y-.014 E.12948
G1 X-9.456 Y2.771 E.13395
G1 X-9.712 Y2.177 E.03111
G1 X-10.008 Y.684 E.07321
G1 X-10.253 Y-.098 E.03941
G1 X-10.082 Y-.92 E.04038
G1 X-9.8 Y-2.03 E.05508
G1 X-9.443 Y-2.891 E.04483
G1 E-2 F2400
G1 X-9.787 Y-.132 F7800
G1 E2 F2400
;WIDTH:0.483325
G1 F1200
G1 X-9.824 Y-.17 E.00277
G1 X-9.875 Y-.156 E.00276
G1 X-9.888 Y-.105 E.00275
G1 X-9.851 Y-.068 E.00273
G1 X-9.801 Y-.082 E.00271
G1 E-2 F2400
G1 X10.396 Y-.026 F7800
G1 E2 F2400
;TYPE:Perimeter
;WIDTH:0.555981
G1 F900
G1 X10.365 Y.027 E.00376
G1 X10.304 Y.027 E.00374
G1 X10.273 Y-.026 E.00376
G1 X10.304 Y-.079 E.00376
G1 X10.365 Y-.079 E.00374
G1 E-2 F2400
G1 X9.857 Y-3.219 F7800
G1 E2 F2400
;TYPE:Overhang perimeter
;WIDTH:0.4
;HEIGHT:0.4
M106 S255
G1 F900
G1 X10.248 Y-2.568 E.03967
G1 X10.764 Y-.116 E.13091
G1 X10.764 Y.063 E.00935
G1 X10.423 Y1.707 E.08772
G1 X10.195 Y2.561 E.04618
G1 X9.88 Y3.083 E.03185
G1 X9.88 Y2.411 E.03511
M106 S239.7
;TYPE:Perimeter
;WIDTH:0.45
;HEIGHT:0.3
G1 X9.897 Y.064 E.11289
G1 X9.861 Y-2.871 E.14117
;TYPE:Overhang perimeter
;WIDTH:0.4
;HEIGHT:0.4
M106 S255
G1 X9.858 Y-3.159 E.01505
M106 S239.7
G1 X9.47 Y-3.351 F7800
;TYPE:External perimeter
;WIDTH:0.45
;HEIGHT:0.3
G1 F900
G1 X9.468 Y-3.525 E.00837
;TYPE:Overhang perimeter
;WIDTH:0.4
;HEIGHT:0.4
M106 S255
G1 X9.454 Y-4.636 E.05805
G1 X10.612 Y-2.711 E.11737
G1 X11.176 Y-.028 E.14324
G1 X11.141 Y.141 E.00902
G1 X10.799 Y1.796 E.08829
G1 X10.553 Y2.714 E.04965
G1 X9.504 Y4.451 E.10601
G1 X9.496 Y3.324 E.05888
M106 S239.7
;TYPE:External perimeter
;WIDTH:0.45
;HEIGHT:0.3
G1 X9.511 Y.069 E.15656
G1 X9.47 Y-3.291 E.16162
G1 X9.466 Y-3.691 F7800
M106 S224.4
;LAYER_CHANGE
;Z:1.55
;HEIGHT:0.3
G1 E-2 F2400
G1 Z1.55 F7800
G1 Z1.55
G1 X10.182 Y3.836
G1 E2 F2400
;TYPE:Perimeter
G1 F900
G1 X10.19 Y.055 E.18185
G1 X10.141 Y-3.997 E.1949
G1 X10.988 Y-2.507 E.08243
G1 X11.408 Y-.431 E.10187
G1 X11.458 Y.051 E.02331
G1 X11.419 Y.33 E.01355
G1 X11.005 Y2.424 E.10266
G1 X10.212 Y3.784 E.07572
G1 X9.805 Y4.83 F7800
;TYPE:Overhang perimeter
;WIDTH:0.4
;HEIGHT:0.4
M106 S255
G1 F900
G1 X9.805 Y4.775 E.00287
M106 S224.4
;TYPE:Perimeter
;WIDTH:0.45
;HEIGHT:0.3
G1 X9.786 Y2.797 E.09514
G1 X9.805 Y.059 E.13169
G1 X9.745 Y-4.83 E.23516
G1 X9.832 Y-4.832 E.00419
;TYPE:Overhang perimeter
;WIDTH:0.4
;HEIGHT:0.4
M106 S255
G1 X10.1 Y-4.839 E.01401
G1 X11.356 Y-2.634 E.13258
G1 X11.786 Y-.507 E.11337
G1 X11.837 Y-.202 E.01616
G1 X11.84 Y.105 E.01604
G1 X11.799 Y.395 E.0153
G1 X11.371 Y2.562 E.1154
G1 X10.044 Y4.838 E.13764
G1 X9.861 Y4.835 E.00956
M106 S224.4
G1 X9.423 Y5.212 F7800
;TYPE:External perimeter
;WIDTH:0.45
;HEIGHT:0.3
G1 F900
G1 X9.401 Y2.798 E.11611
G1 X9.419 Y.064 E.1315
G1 X9.355 Y-5.206 E.25349
G1 X9.604 Y-5.212 E.01198
;TYPE:Overhang perimeter
;WIDTH:0.4
;HEIGHT:0.4
M106 S255
G1 X10.32 Y-5.23 E.03742
G1 X11.573 Y-3.058 E.131
G1 X11.724 Y-2.761 E.01741
G1 X12.169 Y-.558 E.11742
G1 X12.252 Y-.053 E.02674
G1 X12.222 Y.159 E.01119
G1 X12.179 Y.459 E.01583
G1 X11.737 Y2.7 E.11934
G1 X10.263 Y5.227 E.15284
G1 X9.538 Y5.216 E.03788
M106 S224.4
;TYPE:External perimeter
;WIDTH:0.45
;HEIGHT:0.3
G1 X9.482 Y5.215 E.00269
G1 X9.421 Y4.819 F7800
G1 E-2 F2400
G1 X10.535 Y2.913 F7800
G1 E2 F2400
;TYPE:Bridge infill
;WIDTH:0.49
;HEIGHT:0.4
M106 S255
G1 F3600
G1 X11.132 Y-.11 E.24158
G1 X11.085 Y-.35 E.01917
G1 X10.576 Y-.081 E.04514
G1 X10.303 Y1.302 E.11052
M106 S224.4
G1 X10.636 Y-.385 F7800
M106 S255
G1 F3600
G1 X10.857 Y-1.507 E.08965
G1 X10.682 Y-2.401 E.07142
G1 X10.536 Y-2.668 E.02386
G1 X10.291 Y-1.426 E.09925
M106 S224.4
G1 E-2 F2400
G1 X-9.077 Y4.299 F7800
G1 E2 F2400
;TYPE:Perimeter
;WIDTH:0.45
;HEIGHT:0.3
G1 F900
G1 X-12.732 Y4.331 E.1758
;TYPE:Overhang perimeter
;WIDTH:0.4
;HEIGHT:0.4
M106 S255
G1 X-12.758 Y4.331 E.00136
G1 X-12.91 Y3.884 E.02467
M106 S224.4
;TYPE:Perimeter
;WIDTH:0.45
;HEIGHT:0.3
G1 X-13.213 Y2.99 E.0454
G1 X-13.378 Y2.378 E.03049
G1 X-13.505 Y1.57 E.03934
G1 X-13.854 Y-.022 E.07839
G1 X-13.561 Y-1.57 E.07578
G1 X-13.457 Y-2.54 E.04692
G1 X-13.09 Y-3.663 E.05682
;TYPE:Overhang perimeter
;WIDTH:0.4
;HEIGHT:0.4
M106 S255
G1 X-12.88 Y-4.306 E.03534
G1 X-12.824 Y-4.305 E.00293
M106 S224.4
;TYPE:Perimeter
;WIDTH:0.45
;HEIGHT:0.3
G1 X-9.027 Y-4.256 E.18264
G1 X-9.028 Y-3.887 E.01775
G1 X-9.005 Y-2.695 E.05734
G1 X-9.081 Y-.006 E.12938
G1 X-9.102 Y2.663 E.12837
G1 X-9.071 Y4.246 E.07615
G1 X-8.681 Y4.681 F7800
G1 F900
G1 X-12.553 Y4.715 E.18624
;TYPE:Overhang perimeter
;WIDTH:0.4
;HEIGHT:0.4
M106 S255
G1 X-13.033 Y4.719 E.02508
G1 X-13.637 Y2.925 E.0989
G1 X-13.759 Y2.437 E.02628
G1 X-13.882 Y1.652 E.04151
G1 X-14.248 Y-.017 E.08927
G1 X-13.945 Y-1.611 E.08477
G1 X-13.837 Y-2.622 E.05312
G1 X-13.158 Y-4.696 E.11402
G1 X-12.665 Y-4.688 E.02576
M106 S224.4
;TYPE:Perimeter
;WIDTH:0.45
;HEIGHT:0.3
G1 X-8.64 Y-4.639 E.1936
G1 X-8.643 Y-3.886 E.03622
G1 X-8.619 Y-2.694 E.05734
G1 X-8.696 Y-.009 E.12919
G1 X-8.716 Y2.656 E.12818
G1 X-8.678 Y4.625 E.09472
G1 X-8.284 Y5.064 F7800
;TYPE:External perimeter
G1 F900
G1 X-12.358 Y5.099 E.19595
;TYPE:Overhang perimeter
;WIDTH:0.4
;HEIGHT:0.4
M106 S255
G1 X-13.308 Y5.107 E.04963
G1 X-14.006 Y3.038 E.11408
G1 X-14.14 Y2.496 E.02917
G1 X-14.259 Y1.735 E.04024
G1 X-14.641 Y-.012 E.09343
G1 X-14.328 Y-1.652 E.08723
G1 X-14.216 Y-2.703 E.05522
G1 X-13.435 Y-5.087 E.13107
G1 X-12.507 Y-5.071 E.04849
M106 S224.4
;TYPE:External perimeter
;WIDTH:0.45
;HEIGHT:0.3
G1 X-8.253 Y-5.022 E.20462
G1 X-8.257 Y-3.884 E.05473
G1 X-8.233 Y-2.692 E.05734
G1 X-8.31 Y-.002 E.12943
G1 X-8.331 Y2.648 E.12746
G1 X-8.286 Y5.004 E.11334
G1 X-8.681 Y5.067 F7800
G1 E-2 F2400
G1 X-10.439 Y3.911 F7800
G1 E2 F2400
;TYPE:Solid infill
;WIDTH:0.553845
G1 F1200
G1 X-10.482 Y3.954 E.00371
G1 X-10.466 Y4.013 E.00373
G1 X-10.407 Y4.029 E.00373
G1 X-10.364 Y3.986 E.00371
G1 X-10.38 Y3.926 E.00379
;WIDTH:0.45
G1 X-9.758 Y4.016 E.03023
G1 X-10.711 Y3.063 E.06482
G1 X-11.238 Y1.847 F7800
;WIDTH:0.404381
G1 F1200
G1 X-11.257 Y1.918 E.00312
G1 X-11.186 Y1.899 E.00312
G1 X-11.197 Y1.858 E.0018
;WIDTH:0.45
G1 X-11.071 Y2.158 E.01565
G1 X-9.368 Y3.86 E.1158
G1 X-9.275 Y4.07 E.01105
;WIDTH:0.404381
G1 X-9.294 Y4.141 E.00312
G1 X-9.223 Y4.122 E.00312
G1 X-9.234 Y4.081 E.0018
G1 X-9.379 Y3.305 F7800
;WIDTH:0.45
G1 F1200
G1 X-11.274 Y1.409 E.12893
G1 X-11.461 Y1.137 E.01588
;WIDTH:0.404381
G1 X-11.626 Y.918 E.01163
G1 X-12.033 Y.499 E.02477
;WIDTH:0.444813
G1 X-12.243 Y.348 E.01227
;WIDTH:0.485245
G1 X-12.452 Y.197 E.01353
;WIDTH:0.525677
G1 X-12.662 Y.046 E.01488
;WIDTH:0.566109
G1 X-12.871 Y-.106 E.01617
G1 X-12.96 Y-.101 E.00558
;WIDTH:0.52762
G1 X-13.05 Y-.097 E.00521
;WIDTH:0.489132
G1 X-13.139 Y-.092 E.00472
;WIDTH:0.450643
G1 X-13.229 Y-.088 E.00434
;WIDTH:0.414265
G1 X-13.56 Y-.112 E.01448
G1 X-12.467 Y-.33 F7800
;WIDTH:0.45
G1 F1200
G1 X-9.389 Y2.749 E.2094
G1 X-9.234 Y2.856 E.00906
;WIDTH:0.404381
G1 X-9.253 Y2.927 E.00312
G1 X-9.182 Y2.908 E.00312
G1 X-9.193 Y2.867 E.0018
G1 E-2 F2400
G1 X-12.01 Y-.418 F7800
G1 E2 F2400
;WIDTH:0.45
G1 F1200
G1 X-9.387 Y2.205 E.17841
G1 X-9.37 Y-.018 E.10692
G1 X-9.294 Y-2.697 E.1289
G1 X-9.316 Y-3.969 E.06119
G1 X-10.557 Y-3.982 E.05969
G1 X-10.632 Y-3.482 E.02432
G1 X-11.218 Y-2.05 E.07442
G1 X-11.34 Y-1.58 E.02335
G1 X-11.487 Y-1.246 E.01755
G1 X-11.8 Y-.821 E.02539
G1 X-12.146 Y-.554 E.02102
G1 X-11.564 Y-.517 E.02805
G1 X-11.489 Y-.593 E.00514
G1 X-11.176 Y-1.018 E.02539
G1 X-10.985 Y-1.43 E.02184
G1 X-10.851 Y-1.929 E.02485
G1 X-10.288 Y-3.293 E.07097
G1 X-10.223 Y-3.593 E.01476
G1 X-9.695 Y-3.587 E.0254
G1 X-9.68 Y-2.699 E.04272
G1 X-9.756 Y-.021 E.12885
G1 X-9.766 Y1.281 E.06262
G1 X-11.428 Y-.381 E.11305
G1 X-11.046 Y-.544 E.01998
G1 X-10.85 Y-.811 E.01593
G1 X-10.63 Y-1.28 E.02492
G1 X-10.484 Y-1.807 E.0263
G1 X-10.067 Y-2.816 E.05251
G1 X-10.145 Y.357 E.15266
G1 X-10.91 Y-.408 E.05203
G1 X-10.537 Y-.634 E.02098
;WIDTH:0.474003
G1 X-10.573 Y-.598 E.0026
G1 X-10.56 Y-.548 E.00264
G1 X-10.51 Y-.535 E.00264
G1 X-10.474 Y-.571 E.0026
G1 X-10.488 Y-.621 E.00265
G1 E-2 F2400
G1 X-13.493 Y-1.275 F7800
G1 E2 F2400
;TYPE:Bridge infill
;WIDTH:0.476309
;HEIGHT:0.4
M106 S255
G1 F3600
G1 X-12.608 Y-3.98 E.21084
G1 X-12.057 Y-3.97 E.04082
G1 X-13.193 Y-.501 E.27041
G1 X-13.028 Y-.535 E.01248
G1 X-12.824 Y-.61 E.0161
G1 X-12.55 Y-.773 E.02362
G1 X-11.507 Y-3.961 E.24849
G1 X-10.975 Y-3.954 E.03941
G1 X-10.978 Y-3.885 E.00512
G1 X-11.919 Y-1.008 E.22424
M106 S224.4
G1 E-2 F2400
G1 X-13.552 Y.799 F7800
G1 E2 F2400
;WIDTH:0.469921
M106 S255
G1 F3600
G1 X-12.491 Y4.007 E.24364
G1 X-11.945 Y4.003 E.03937
G1 X-13.167 Y.31 E.28049
G1 X-12.851 Y.39 E.0235
G1 X-12.537 Y.556 E.02561
G1 X-11.399 Y3.998 E.2614
G1 X-10.876 Y3.993 E.03771
G1 X-10.879 Y3.914 E.0057
G1 X-11.931 Y.733 E.24159
M106 S224.4
M106 S211.65
;LAYER_CHANGE
;Z:1.85
;HEIGHT:0.3
G1 E-2 F2400
G1 Z1.85 F7800
G1 Z1.85
G1 X10.1 Y4.418
G1 E2 F2400
;TYPE:Perimeter
;WIDTH:0.45
G1 F900
G1 X10.081 Y2.78 E.07879
G1 X10.098 Y.05 E.13131
G1 X10.043 Y-4.426 E.2153
G1 X11.065 Y-4.452 E.04917
G1 X12.042 Y-2.51 E.10456
G1 X12.268 Y-1.395 E.05472
G1 X12.488 Y-.045 E.06579
G1 X12.463 Y.134 E.00869
G1 X12.295 Y1.322 E.05771
G1 X12.072 Y2.452 E.0554
G1 X11.047 Y4.439 E.10753
G1 X10.154 Y4.425 E.04296
G1 X9.719 Y4.799 F7800
G1 F900
G1 X9.695 Y2.781 E.09707
G1 X9.712 Y.055 E.13111
G1 X9.653 Y-4.803 E.23367
G1 X11.037 Y-4.837 E.06659
;TYPE:Overhang perimeter
;WIDTH:0.4
;HEIGHT:0.4
M106 S255
G1 X11.3 Y-4.843 E.01374
G1 X12.41 Y-2.637 E.12902
G1 X12.647 Y-1.464 E.06252
G1 X12.878 Y-.049 E.07491
G1 X12.844 Y.188 E.01251
G1 X12.675 Y1.387 E.06326
G1 X12.44 Y2.58 E.06353
G1 X11.28 Y4.828 E.13216
G1 X10.995 Y4.824 E.01489
M106 S211.65
;TYPE:Perimeter
;WIDTH:0.45
;HEIGHT:0.3
G1 X9.775 Y4.804 E.05869
G1 X9.338 Y5.183 F7800
;TYPE:External perimeter
G1 F900
G1 X9.309 Y2.782 E.11549
G1 X9.327 Y.06 E.13092
G1 X9.263 Y-5.179 E.252
G1 X10.818 Y-5.217 E.07481
;TYPE:Overhang perimeter
;WIDTH:0.4
;HEIGHT:0.4
M106 S255
G1 X11.534 Y-5.235 E.03742
G1 X12.778 Y-2.764 E.14453
G1 X13.027 Y-1.533 E.06562
G1 X13.268 Y-.053 E.07834
G1 X13.226 Y.241 E.01552
G1 X13.056 Y1.451 E.06384
G1 X12.808 Y2.708 E.06694
G1 X11.505 Y5.218 E.14775
G1 X10.77 Y5.206 E.03841
M106 S211.65
;TYPE:External perimeter
;WIDTH:0.45
;HEIGHT:0.3
G1 X9.398 Y5.184 E.066
G1 X9.334 Y4.789 F7800
G1 E-2 F2400
G1 X10.336 Y-4.144 F7800
G1 E2 F2400
;TYPE:Solid infill
G1 F1200
G1 X10.889 Y-4.158 E.02661
G1 X11.766 Y-2.414 E.09389
G1 X11.983 Y-1.343 E.05256
G1 X12.195 Y-.042 E.0634
G1 X12.01 Y1.274 E.06392
G1 X11.796 Y2.356 E.05305
G1 X10.873 Y4.147 E.09691
G1 X10.386 Y4.139 E.02343
G1 X10.37 Y2.779 E.06542
G1 X10.387 Y.046 E.13145
G1 X10.338 Y-3.952 E.1923
G1 X10.728 Y-3.62 E.02463
G1 X11.399 Y-2.287 E.07178
G1 X11.604 Y-1.273 E.04976
G1 X11.805 Y-.038 E.06018
G1 X11.629 Y1.21 E.06062
G1 X11.428 Y2.228 E.04991
G1 X10.764 Y3.516 E.0697
G1 X10.773 Y.041 E.16714
G1 X10.73 Y-3.427 E.16681
G1 E-2 F2400
G1 X11.184 Y-1.197 F7800
G1 E2 F2400
;WIDTH:0.57529
G1 F1200
G1 X11.21 Y-.906 E.01862
;WIDTH:0.618897
G1 X11.235 Y-.614 E.02027
;WIDTH:0.662505
G1 X11.26 Y-.323 E.02179
;WIDTH:0.706113
G1 X11.28 Y.055 E.0303
;WIDTH:0.693045
G1 X11.254 Y.416 E.02838
;WIDTH:0.644723
G1 X11.227 Y.777 E.0262
;WIDTH:0.5964
G1 X11.201 Y1.137 E.02395
G1 E-2 F2400
G1 X-9.007 Y4.275 F7800
G1 E2 F2400
;TYPE:Perimeter
;WIDTH:0.45
G1 F900
G1 X-13.019 Y4.305 E.19297
G1 X-13.895 Y4.327 E.04215
G1 X-14.457 Y2.549 E.08969
G1 X-14.872 Y-.029 E.12559
G1 X-14.826 Y-.283 E.01242
G1 X-14.582 Y-2.562 E.11024
G1 X-14.021 Y-4.309 E.08825
G1 X-8.963 Y-4.232 E.2433
G1 X-8.963 Y-4.153 E.0038
G1 X-8.934 Y-2.687 E.07052
G1 X-9.014 Y-.01 E.12881
G1 X-9.035 Y2.623 E.12664
G1 X-9.002 Y4.221 E.07687
G1 X-8.61 Y4.657 F7800
G1 F900
G1 X-13.009 Y4.69 E.21158
G1 X-13.892 Y4.713 E.04248
;TYPE:Overhang perimeter
;WIDTH:0.4
;HEIGHT:0.4
M106 S255
G1 X-14.169 Y4.72 E.01448
G1 X-14.422 Y3.975 E.04111
G1 X-14.833 Y2.635 E.07323
G1 X-15.169 Y.47 E.11446
G1 X-15.265 Y-.024 E.02629
G1 X-15.209 Y-.326 E.01605
G1 X-14.962 Y-2.643 E.12174
G1 X-14.3 Y-4.702 E.113
G1 X-14.01 Y-4.695 E.01516
M106 S211.65
;TYPE:Perimeter
;WIDTH:0.45
;HEIGHT:0.3
G1 X-10.554 Y-4.631 E.16625
G1 X-8.576 Y-4.615 E.09514
G1 X-8.577 Y-4.152 E.02227
G1 X-8.548 Y-2.685 E.07057
G1 X-8.628 Y-.02 E.12823
G1 X-8.65 Y2.626 E.12727
G1 X-8.608 Y4.601 E.09501
G1 X-8.213 Y5.04 F7800
;TYPE:External perimeter
G1 F900
G1 X-13.762 Y5.095 E.2669
;TYPE:Overhang perimeter
;WIDTH:0.4
;HEIGHT:0.4
M106 S255
G1 X-14.443 Y5.112 E.03559
G1 X-14.789 Y4.094 E.05617
G1 X-15.21 Y2.722 E.07498
G1 X-15.558 Y.478 E.11864
G1 X-15.659 Y-.018 E.02645
G1 X-15.592 Y-.369 E.01867
G1 X-15.341 Y-2.723 E.12368
G1 X-14.578 Y-5.096 E.13023
G1 X-13.885 Y-5.077 E.03622
M106 S211.65
;TYPE:External perimeter
;WIDTH:0.45
;HEIGHT:0.3
G1 X-10.548 Y-5.016 E.16052
G1 X-8.189 Y-4.998 E.11346
G1 X-8.192 Y-4.15 E.04079
G1 X-8.162 Y-2.683 E.07057
G1 X-8.243 Y-.007 E.12877
G1 X-8.264 Y2.63 E.12683
G1 X-8.214 Y4.98 E.11305
G1 X-8.609 Y5.043 F7800
G1 E-2 F2400
G1 X-12.94 Y-4.042 F7800
G1 E2 F2400
;TYPE:Solid infill
;WIDTH:0.362422
G1 F1200
G1 X-12.299 Y-4.033 E.02383
G1 X-12.675 Y-3.657 E.01977
G1 X-12.831 Y-3.883 E.01021
;WIDTH:0.45
G1 X-12.465 Y-3.384 E.02976
G1 X-11.866 Y-3.983 E.04074
G1 X-11.328 Y-3.975 E.02588
G1 X-12.34 Y-2.963 E.06883
G1 X-12.31 Y-2.448 E.02481
G1 X-10.79 Y-3.968 E.10339
G1 X-10.252 Y-3.96 E.02588
G1 X-12.375 Y-1.837 E.1444
G1 X-12.569 Y-.951 F7800
;WIDTH:0.404381
G1 F1200
G1 X-12.64 Y-.97 E.00312
G1 X-12.621 Y-.899 E.00312
G1 X-12.58 Y-.91 E.0018
;WIDTH:0.45
G1 X-12.454 Y-1.213 E.01578
G1 X-9.715 Y-3.953 E.18634
G1 X-9.267 Y-4.089 E.02252
;WIDTH:0.404381
G1 X-9.12 Y-4.075 E.00626
;WIDTH:0.45
G1 X-9.247 Y-3.875 E.01139
G1 X-12.709 Y-.413 E.23548
G1 X-12.935 Y-.14 E.01705
;WIDTH:0.404381
G1 X-13.218 Y.136 E.01676
;WIDTH:0.45
G1 X-12.919 Y.342 E.01746
G1 X-9.236 Y-3.34 E.25048
G1 X-9.225 Y-2.806 E.02569
G1 X-12.678 Y.647 E.23487
G1 X-12.481 Y.996 E.01928
G1 X-9.236 Y-2.25 E.22075
G1 X-9.253 Y-1.687 E.02709
G1 X-12.362 Y1.422 E.21147
G1 X-12.289 Y1.893 E.02292
G1 X-9.27 Y-1.125 E.20531
G1 X-9.287 Y-.563 E.02704
G1 X-12.246 Y2.396 E.20127
G1 X-12.401 Y3.097 E.03453
G1 X-9.303 Y-.001 E.21072
G1 E-2 F2400
G1 X-12.603 Y3.369 F7800
G1 E2 F2400
;WIDTH:0.404381
G1 F1200
G1 X-13.191 Y4.077 E.03903
;WIDTH:0.45
G1 X-12.783 Y4.024 E.01979
G1 X-9.307 Y.548 E.23643
G1 X-9.312 Y1.098 E.02645
G1 X-12.232 Y4.018 E.19861
G1 X-11.681 Y4.013 E.0265
G1 X-9.316 Y1.648 E.16086
G1 X-9.321 Y2.198 E.02645
G1 X-11.13 Y4.007 E.12305
G1 E-2 F2400
G1 X-9.458 Y2.88 F7800
G1 E2 F2400
G1 F1200
G1 X-10.579 Y4.001 E.07625
G1 X-9.296 Y3.988 E.06171
G1 X-9.322 Y2.744 E.05985
G1 E-2 F2400
G1 X-14.136 Y-3.563 F7800
G1 E2 F2400
;TYPE:Bridge infill
;WIDTH:0.46654
;HEIGHT:0.4
M106 S255
G1 F3600
G1 X-14.525 Y.087 E.26088
G1 X-14.214 Y2.033 E.14006
G1 X-13.572 Y-3.976 E.42951
G1 X-13.378 Y-3.972 E.01379
G1 X-13.274 Y-3.864 E.01066
G1 X-13.091 Y-3.615 E.02196
G1 X-13.461 Y-.147 E.24788
G1 X-13.89 Y.157 E.03737
G1 X-13.52 Y.401 E.0315
G1 X-13.843 Y3.43 E.2165
G1 X-13.681 Y3.948 E.03857
G1 X-13.484 Y3.834 E.01618
G1 X-13.356 Y3.731 E.01168
G1 X-13.048 Y.846 E.20621
G1 X-12.911 Y1.059 E.018
G1 X-12.817 Y1.29 E.01773
G1 X-12.669 Y2.164 E.063
G1 X-12.797 Y3.357 E.08528
M106 S211.65
M106 S198.9
;LAYER_CHANGE
;Z:2.15
;HEIGHT:0.3
G1 E-2 F2400
G1 Z2.15 F7800
G1 Z2.15
G1 X10.013 Y4.389
G1 E2 F2400
;TYPE:Perimeter
;WIDTH:0.45
G1 F900
G1 X9.989 Y2.763 E.07821
G1 X10.006 Y.04 E.13097
G1 X9.946 Y-4.396 E.21338
G1 X12.148 Y-4.443 E.10593
G1 X13.088 Y-2.528 E.1026
G1 X13.501 Y-.043 E.12116
G1 X13.464 Y.221 E.01282
G1 X13.143 Y2.459 E.10874
G1 X12.148 Y4.432 E.10628
G1 X10.067 Y4.395 E.1001
G1 X9.633 Y4.77 F7800
G1 F900
G1 X9.604 Y2.765 E.09644
G1 X9.62 Y.047 E.13073
G1 X9.572 Y-2.712 E.13272
G1 X9.557 Y-4.773 E.09913
G1 X12.214 Y-4.83 E.12782
;TYPE:Overhang perimeter
;WIDTH:0.4
;HEIGHT:0.4
M106 S255
G1 X12.387 Y-4.834 E.00904
G1 X13.459 Y-2.649 E.12715
G1 X13.891 Y-.048 E.13775
G1 X13.846 Y.274 E.01699
G1 X13.511 Y2.585 E.122
G1 X12.383 Y4.822 E.13089
G1 X12.197 Y4.819 E.00972
M106 S198.9
;TYPE:Perimeter
;WIDTH:0.45
;HEIGHT:0.3
G1 X9.689 Y4.774 E.12065
G1 X9.252 Y5.152 F7800
;TYPE:External perimeter
G1 F900
G1 X9.218 Y2.767 E.11472
G1 X9.235 Y.054 E.13049
G1 X9.186 Y-2.707 E.13282
G1 X9.169 Y-5.15 E.1175
G1 X12.022 Y-5.212 E.13725
;TYPE:Overhang perimeter
;WIDTH:0.4
;HEIGHT:0.4
M106 S255
G1 X12.626 Y-5.225 E.03156
G1 X13.83 Y-2.77 E.14286
G1 X14.281 Y-.053 E.14389
G1 X14.228 Y.327 E.02005
G1 X13.955 Y2.28 E.10303
G1 X13.879 Y2.712 E.02292
G1 X12.619 Y5.212 E.14626
G1 X12 Y5.201 E.03234
M106 S198.9
;TYPE:External perimeter
;WIDTH:0.45
;HEIGHT:0.3
G1 X9.312 Y5.153 E.1293
G1 X9.248 Y4.759 F7800
G1 E-2 F2400
G1 X10.295 Y.038 F7800
G1 E2 F2400
;TYPE:Solid infill
G1 F1200
G1 X10.273 Y-1.534 E.07562
G1 X12.961 Y1.154 E.18283
G1 X13.039 Y1.154 E.00375
G1 X12.866 Y2.366 E.05888
G1 X11.972 Y4.14 E.09555
G1 X10.298 Y4.11 E.08053
G1 X10.279 Y2.762 E.06484
G1 X10.294 Y.231 E.12173
G1 X10.679 Y.234 E.01852
G1 X10.664 Y2.761 E.12154
G1 X10.678 Y3.731 E.04666
G1 X11.736 Y3.75 E.05089
G1 X12.493 Y2.249 E.08085
G1 X12.62 Y1.358 E.04329
G1 X10.672 Y-.59 E.1325
G1 X10.681 Y.041 E.03035
G1 X11.064 Y.348 E.02361
G1 X12.211 Y1.495 E.07802
G1 X12.12 Y2.132 E.03095
G1 X11.501 Y3.36 E.06614
G1 X11.058 Y3.352 E.02131
G1 X11.063 Y.541 E.1352
G1 X11.436 Y1.252 F7800
;WIDTH:0.431874
G1 F1200
G1 X11.811 Y1.628 E.02434
G1 X11.765 Y2.021 E.01814
;WIDTH:0.413191
G1 X11.417 Y2.71 E.03358
G1 X11.422 Y1.967 E.03233
;WIDTH:0.426835
G1 X11.432 Y1.445 E.0236
G1 X13.097 Y.745 F7800
;WIDTH:0.45
G1 F1200
G1 X10.266 Y-2.087 E.1926
G1 X10.258 Y-2.64 E.0266
G1 X13.165 Y.267 E.19773
G1 X13.17 Y-.273 E.02597
G1 X10.25 Y-3.193 E.19861
G1 X10.243 Y-3.746 E.0266
G1 X13.061 Y-.927 E.19171
G1 X12.952 Y-1.581 E.03189
G1 X10.417 Y-4.117 E.17246
G1 X10.182 Y-4.226 E.01246
;WIDTH:0.404381
G1 X10.193 Y-4.184 E.00184
G1 X10.122 Y-4.165 E.00312
G1 X10.141 Y-4.237 E.00316
G1 X10.951 Y-4.128 F7800
;WIDTH:0.45
G1 F1200
G1 X11.97 Y-4.15 E.04902
G1 X12.806 Y-2.446 E.09129
G1 X12.844 Y-2.235 E.01031
G1 X11.087 Y-3.992 E.11951
G1 E-2 F2400
G1 X-8.936 Y4.25 F7800
G1 E2 F2400
;TYPE:Perimeter
G1 F900
G1 X-12.54 Y4.272 E.17334
G1 X-15.01 Y4.335 E.11884
G1 X-15.303 Y3.401 E.04708
G1 X-15.523 Y2.593 E.04028
G1 X-15.874 Y-.033 E.12742
G1 X-15.856 Y-.659 E.03012
G1 X-15.669 Y-2.584 E.09302
G1 X-15.162 Y-4.319 E.08694
G1 X-13.467 Y-4.274 E.08155
G1 X-8.894 Y-4.213 E.21996
G1 X-8.863 Y-2.679 E.0738
G1 X-8.946 Y-.014 E.12824
G1 X-8.968 Y2.609 E.12616
G1 X-8.932 Y4.195 E.0763
G1 X-8.54 Y4.633 F7800
G1 F900
G1 X-12.53 Y4.658 E.19191
G1 X-15.025 Y4.721 E.12004
;TYPE:Overhang perimeter
;WIDTH:0.4
;HEIGHT:0.4
M106 S255
G1 X-15.29 Y4.728 E.01385
G1 X-15.673 Y3.51 E.06671
G1 X-15.902 Y2.67 E.04549
G1 X-16.26 Y-.012 E.14136
G1 X-16.241 Y-.683 E.03507
G1 X-16.049 Y-2.656 E.10357
G1 X-15.638 Y-4.092 E.07804
G1 X-15.441 Y-4.712 E.03399
G1 X-15.148 Y-4.704 E.01531
M106 S198.9
;TYPE:Perimeter
;WIDTH:0.45
;HEIGHT:0.3
G1 X-13.462 Y-4.66 E.08112
G1 X-8.511 Y-4.594 E.23815
G1 X-8.512 Y-4.417 E.00851
G1 X-8.477 Y-2.676 E.08375
G1 X-8.561 Y-.011 E.12824
G1 X-8.583 Y2.613 E.12621
G1 X-8.538 Y4.576 E.09444
G1 X-8.142 Y5.016 F7800
;TYPE:External perimeter
G1 F900
G1 X-12.52 Y5.043 E.21057
G1 X-14.895 Y5.103 E.11427
;TYPE:Overhang perimeter
;WIDTH:0.4
;HEIGHT:0.4
M106 S255
G1 X-15.571 Y5.121 E.03533
G1 X-16.043 Y3.618 E.08231
G1 X-16.281 Y2.747 E.04717
G1 X-16.647 Y.008 E.14437
G1 X-16.626 Y-.707 E.03737
G1 X-16.429 Y-2.728 E.10609
G1 X-16.008 Y-4.204 E.08019
G1 X-15.721 Y-5.105 E.0494
G1 X-15.026 Y-5.087 E.03632
M106 S198.9
;TYPE:External perimeter
;WIDTH:0.45
;HEIGHT:0.3
G1 X-13.46 Y-5.045 E.07535
G1 X-8.124 Y-4.974 E.25667
G1 X-8.126 Y-4.416 E.02684
G1 X-8.091 Y-2.674 E.0838
G1 X-8.175 Y-.008 E.12829
G1 X-8.197 Y2.616 E.12621
G1 X-8.143 Y4.956 E.11258
G1 X-8.538 Y5.018 F7800
G1 E-2 F2400
G1 X-15.069 Y3.426 F7800
G1 E2 F2400
;TYPE:Solid infill
;WIDTH:0.404381
G1 F1200
G1 X-15.088 Y3.497 E.00312
G1 X-15.017 Y3.478 E.00312
G1 X-15.028 Y3.437 E.0018
;WIDTH:0.45
G1 X-14.894 Y3.736 E.01576
G1 X-14.596 Y4.035 E.0203
G1 X-14.89 Y4.111 E.01461
;WIDTH:0.404381
G1 X-14.909 Y4.182 E.00312
G1 X-14.838 Y4.163 E.00312
G1 X-14.849 Y4.122 E.0018
G1 X-14.064 Y4.022 F7800
;WIDTH:0.45
G1 F1200
G1 X-15.123 Y2.963 E.07203
G1 X-15.276 Y2.264 E.03442
G1 X-13.532 Y4.008 E.11862
G1 X-13 Y3.995 E.02559
G1 X-15.36 Y1.635 E.16052
G1 X-15.444 Y1.006 E.03052
G1 X-12.467 Y3.983 E.20249
G1 X-11.925 Y3.979 E.02607
G1 X-15.528 Y.376 E.24507
G1 X-15.579 Y-.221 E.02882
G1 X-11.383 Y3.976 E.28544
G1 X-10.841 Y3.972 E.02607
G1 X-15.557 Y-.744 E.32078
G1 X-15.509 Y-1.241 E.02402
G1 X-10.299 Y3.969 E.35438
G1 X-9.757 Y3.966 E.02607
G1 X-15.46 Y-1.738 E.38794
G1 X-15.518 Y-2.189 E.02187
;WIDTH:0.404381
G1 X-15.537 Y-2.118 E.00312
G1 X-15.465 Y-2.137 E.00316
G1 X-15.476 Y-2.178 E.0018
;WIDTH:0.45
G1 X-15.211 Y-2.034 E.01451
G1 X-9.227 Y3.95 E.40702
G1 X-9.24 Y3.392 E.02685
G1 X-14.725 Y-2.093 E.37308
G1 X-14.33 Y-2.243 E.02032
G1 X-9.252 Y2.834 E.34537
G1 X-9.255 Y2.286 E.02636
G1 X-13.972 Y-2.431 E.32084
G1 X-13.649 Y-2.653 E.01885
G1 X-9.25 Y1.746 E.29921
G1 X-9.246 Y1.205 E.02602
G1 X-13.388 Y-2.937 E.28173
G1 X-13.168 Y-3.263 E.01892
G1 X-9.241 Y.664 E.26711
G1 X-9.236 Y.124 E.02597
G1 X-13.022 Y-3.662 E.25752
G1 X-13.098 Y-4.111 E.0219
;WIDTH:0.404381
G1 X-13.117 Y-4.04 E.00312
G1 X-13.045 Y-4.059 E.00316
G1 X-13.057 Y-4.1 E.00181
;WIDTH:0.45
G1 X-12.79 Y-3.976 E.01416
G1 X-9.223 Y-.409 E.24262
G1 X-9.207 Y-.938 E.02545
G1 X-12.238 Y-3.968 E.20613
G1 X-11.685 Y-3.961 E.0266
G1 X-9.19 Y-1.466 E.16971
G1 X-9.174 Y-1.995 E.02545
G1 X-11.132 Y-3.954 E.13321
G1 X-9.177 Y-3.928 E.09404
G1 X-9.157 Y-2.524 E.06753
G1 X-10.443 Y-3.81 E.08747
G1 X-9.592 Y-3.576 F7800
;WIDTH:0.497199
G1 F1200
G1 X-9.63 Y-3.538 E.0029
G1 X-9.616 Y-3.486 E.00291
G1 X-9.564 Y-3.472 E.00291
G1 X-9.526 Y-3.51 E.0029
G1 X-9.54 Y-3.562 E.00291
G1 E-2 F2400
G1 X-15.408 Y-2.258 F7800
G1 E2 F2400
;TYPE:Bridge infill
;WIDTH:0.438925
;HEIGHT:0.4
M106 S255
G1 F3600
G1 X-14.906 Y-3.991 E.1135
G1 X-14.401 Y-3.977 E.03178
G1 X-14.829 Y-2.498 E.09686
G1 X-14.605 Y-2.572 E.01484
G1 X-14.244 Y-2.76 E.0256
G1 X-13.896 Y-3.964 E.07884
G1 X-13.404 Y-3.952 E.03096
G1 X-13.411 Y-3.878 E.00468
G1 X-13.692 Y-2.911 E.06335
M106 S198.9
M106 S188.7
;LAYER_CHANGE
;Z:2.45
;HEIGHT:0.3
G1 E-2 F2400
G1 Z2.45 F7800
G1 Z2.45
G1 X9.918 Y4.364
G1 E2 F2400
;TYPE:Perimeter
;WIDTH:0.45
G1 F900
G1 X9.914 Y.055 E.20725
G1 X9.861 Y-2.71 E.13301
G1 X9.852 Y-4.367 E.0797
G1 X13.242 Y-4.434 E.16308
G1 X13.386 Y-4.139 E.01579
G1 X13.797 Y-3.147 E.05164
G1 X13.996 Y-2.596 E.02818
G1 X14.27 Y-.7 E.09214
G1 X14.331 Y-.039 E.03193
G1 X14.028 Y2.556 E.12566
G1 X13.491 Y3.957 E.07216
G1 X13.256 Y4.427 E.02527
G1 X9.978 Y4.366 E.15769
G1 X9.542 Y4.743 F7800
G1 F900
G1 X9.52 Y3.868 E.0421
G1 X9.528 Y.054 E.18344
G1 X9.475 Y-2.705 E.13272
G1 X9.464 Y-4.745 E.09812
G1 X13.295 Y-4.821 E.18429
;TYPE:Overhang perimeter
;WIDTH:0.4
;HEIGHT:0.4
M106 S255
G1 X13.481 Y-4.825 E.00972
G1 X13.737 Y-4.298 E.03061
G1 X14.208 Y-3.164 E.06415
G1 X14.373 Y-2.685 E.02647
G1 X14.654 Y-.736 E.10288
G1 X14.719 Y-.035 E.03678
G1 X14.406 Y2.649 E.14118
G1 X13.844 Y4.113 E.08193
G1 X13.492 Y4.817 E.04112
G1 X13.293 Y4.814 E.0104
M106 S188.7
;TYPE:Perimeter
;WIDTH:0.45
;HEIGHT:0.3
G1 X9.602 Y4.744 E.17756
G1 X9.165 Y5.122 F7800
;TYPE:External perimeter
G1 F900
G1 X9.135 Y3.872 E.06014
G1 X9.143 Y.049 E.18387
G1 X9.09 Y-2.7 E.13224
G1 X9.077 Y-5.123 E.11654
G1 X13.109 Y-5.203 E.19396
;TYPE:Overhang perimeter
;WIDTH:0.4
;HEIGHT:0.4
M106 S255
G1 X13.72 Y-5.215 E.03193
G1 X14.089 Y-4.456 E.04409
G1 X14.564 Y-3.312 E.06472
G1 X14.75 Y-2.774 E.02974
G1 X15.038 Y-.771 E.10572
G1 X15.106 Y-.03 E.03888
G1 X14.783 Y2.742 E.1458
G1 X14.198 Y4.268 E.08538
G1 X13.728 Y5.208 E.05491
G1 X13.102 Y5.196 E.03271
M106 S188.7
;TYPE:External perimeter
;WIDTH:0.45
;HEIGHT:0.3
G1 X9.225 Y5.123 E.1865
G1 X9.157 Y4.729 F7800
G1 E-2 F2400
G1 X10.249 Y-4.052 F7800
G1 E2 F2400
;TYPE:Solid infill
;WIDTH:0.545627
G1 F1200
G1 X10.206 Y-4.094 E.00361
G1 X10.148 Y-4.079 E.0036
G1 X10.133 Y-4.021 E.0036
G1 X10.175 Y-3.978 E.00361
G1 X10.233 Y-3.994 E.00361
;WIDTH:0.45
G1 X10.146 Y-3.379 E.02987
G1 X10.865 Y-4.098 E.04891
G1 X11.422 Y-4.109 E.02679
G1 X10.149 Y-2.837 E.08655
G1 X10.158 Y-2.3 E.02583
G1 X11.978 Y-4.12 E.12379
G1 X12.534 Y-4.131 E.02675
G1 X10.168 Y-1.765 E.16093
G1 X10.178 Y-1.23 E.02574
G1 X13.072 Y-4.123 E.19681
G1 X13.237 Y-3.742 E.01997
G1 X10.189 Y-.695 E.20729
G1 X10.199 Y-.16 E.02574
G1 X13.397 Y-3.357 E.21749
G1 X13.557 Y-2.972 E.02005
G1 X10.203 Y.382 E.22813
G1 X10.203 Y.927 E.02621
G1 X13.7 Y-2.57 E.23786
G1 X13.776 Y-2.101 E.02285
G1 X10.203 Y1.472 E.24303
G1 X10.203 Y2.018 E.02626
G1 X13.846 Y-1.625 E.24779
G1 X13.915 Y-1.149 E.02313
G1 X10.203 Y2.563 E.25249
G1 X10.203 Y3.109 E.02626
G1 X13.982 Y-.671 E.25708
G1 X14.028 Y-.171 E.02415
G1 X10.203 Y3.654 E.26017
G1 X10.121 Y4.22 E.02751
;WIDTH:0.404381
G1 X10.08 Y4.231 E.0018
G1 X10.061 Y4.16 E.00312
G1 X10.132 Y4.179 E.00312
;WIDTH:0.45
G1 X10.32 Y4.083 E.01015
G1 X13.987 Y.415 E.24946
G1 X13.915 Y1.033 E.02992
G1 X10.855 Y4.093 E.20814
G1 X11.39 Y4.103 E.02574
G1 X13.843 Y1.65 E.16685
G1 X13.771 Y2.268 E.02992
G1 X11.925 Y4.113 E.12553
G1 X11.819 Y4.265 E.00891
;WIDTH:0.404381
G1 X11.748 Y4.246 E.00312
G1 X11.767 Y4.317 E.00312
G1 X11.808 Y4.306 E.0018
G1 X13.371 Y3.223 F7800
;WIDTH:0.464507
G1 F1200
G1 X12.478 Y4.116 E.06303
G1 X13.074 Y4.127 E.02975
G1 X13.216 Y3.845 E.01576
G1 X13.507 Y3.087 E.04052
G1 E-2 F2400
G1 X-8.866 Y4.225 F7800
G1 E2 F2400
;TYPE:Perimeter
;WIDTH:0.45
G1 F900
G1 X-12.061 Y4.24 E.15367
G1 X-16.008 Y4.344 E.1899
G1 X-16.491 Y2.613 E.08644
G1 X-16.843 Y.018 E.12595
G1 X-16.796 Y-1.656 E.08055
G1 X-16.708 Y-2.558 E.04359
G1 X-16.201 Y-4.332 E.08874
G1 X-13.44 Y-4.253 E.13285
G1 X-8.815 Y-4.189 E.22247
G1 X-8.792 Y-2.709 E.07119
G1 X-8.879 Y-.018 E.1295
G1 X-8.901 Y2.595 E.12568
G1 X-8.862 Y4.17 E.07578
G1 X-8.469 Y4.608 F7800
G1 F900
G1 X-12.051 Y4.625 E.17228
G1 X-16.145 Y4.733 E.19698
;TYPE:Overhang perimeter
;WIDTH:0.4
;HEIGHT:0.4
M106 S255
G1 X-16.299 Y4.737 E.00805
G1 X-16.869 Y2.692 E.11091
G1 X-17.23 Y.039 E.13988
G1 X-17.181 Y-1.68 E.08985
G1 X-17.089 Y-2.63 E.04986
G1 X-16.491 Y-4.722 E.11367
G1 X-16.29 Y-4.72 E.0105
M106 S188.7
;TYPE:Perimeter
;WIDTH:0.45
;HEIGHT:0.3
G1 X-13.435 Y-4.638 E.13737
G1 X-8.435 Y-4.57 E.2405
G1 X-8.407 Y-2.715 E.08923
G1 X-8.493 Y-.014 E.12997
G1 X-8.516 Y2.599 E.12568
G1 X-8.467 Y4.552 E.09396
G1 X-8.07 Y4.992 F7800
;TYPE:External perimeter
G1 F900
G1 X-12.037 Y5.011 E.1908
G1 X-16.026 Y5.116 E.19192
;TYPE:Overhang perimeter
;WIDTH:0.4
;HEIGHT:0.4
M106 S255
G1 X-16.589 Y5.131 E.02942
G1 X-17.248 Y2.77 E.12807
G1 X-17.616 Y.06 E.14288
G1 X-17.566 Y-1.705 E.09225
G1 X-17.469 Y-2.703 E.05239
G1 X-16.781 Y-5.11 E.13079
G1 X-16.168 Y-5.103 E.03203
M106 S188.7
;TYPE:External perimeter
;WIDTH:0.45
;HEIGHT:0.3
G1 X-13.432 Y-5.024 E.13165
G1 X-8.055 Y-4.95 E.25864
G1 X-8.021 Y-2.721 E.10722
G1 X-8.107 Y-.011 E.13041
G1 X-8.13 Y2.602 E.12568
G1 X-8.072 Y4.932 E.1121
G1 X-8.467 Y4.994 F7800
G1 E-2 F2400
G1 X-15.787 Y-4.031 F7800
G1 E2 F2400
;TYPE:Solid infill
G1 F1200
G1 X-16.067 Y-3.751 E.01905
G1 X-16.038 Y-4.12 E.0178
;WIDTH:0.404381
G1 X-16.079 Y-4.109 E.0018
G1 X-16.098 Y-4.18 E.00312
G1 X-16.027 Y-4.161 E.00312
G1 X-15.257 Y-4.016 F7800
;WIDTH:0.45
G1 F1200
G1 X-16.285 Y-2.988 E.06992
G1 X-16.476 Y-2.835 E.01177
;WIDTH:0.404381
G1 X-16.577 Y-2.393 E.01923
;WIDTH:0.45
G1 X-16.444 Y-2.282 E.00833
G1 X-14.727 Y-4 E.11682
G1 X-14.196 Y-3.985 E.02555
G1 X-16.503 Y-1.678 E.15692
G1 X-16.522 Y-1.114 E.02714
G1 X-13.666 Y-3.97 E.19426
G1 X-13.132 Y-3.959 E.02569
G1 X-16.538 Y-.553 E.23167
G1 X-16.553 Y.008 E.02699
G1 X-12.594 Y-3.952 E.26932
G1 X-12.056 Y-3.944 E.02588
G1 X-16.488 Y.488 E.30146
G1 X-16.423 Y.968 E.0233
G1 X-11.518 Y-3.937 E.33363
G1 X-10.98 Y-3.93 E.02588
G1 X-16.357 Y1.448 E.36577
G1 X-16.292 Y1.928 E.0233
G1 X-10.442 Y-3.922 E.39791
G1 X-9.904 Y-3.915 E.02588
G1 X-16.227 Y2.408 E.43008
G1 X-16.124 Y2.851 E.02188
G1 X-9.366 Y-3.908 E.4597
G1 X-8.988 Y-3.956 E.01833
;WIDTH:0.404381
G1 X-9.029 Y-3.945 E.0018
G1 X-9.048 Y-4.016 E.00312
G1 X-8.977 Y-3.997 E.00312
;WIDTH:0.45
G1 X-9.096 Y-3.632 E.01846
G1 X-16.005 Y3.277 E.46994
G1 X-15.887 Y3.704 E.02131
G1 X-9.087 Y-3.095 E.46249
G1 X-9.085 Y-2.553 E.02607
G1 X-15.684 Y4.046 E.44886
G1 X-15.847 Y4.174 E.00997
;WIDTH:0.404381
G1 X-15.918 Y4.155 E.00312
G1 X-15.899 Y4.226 E.00312
G1 X-15.858 Y4.215 E.0018
;WIDTH:0.45
G1 X-15.123 Y4.031 E.03644
G1 X-9.103 Y-1.989 E.40947
G1 X-9.122 Y-1.425 E.02714
G1 X-14.563 Y4.017 E.37012
G1 X-14.003 Y4.002 E.02694
G1 X-9.14 Y-.861 E.33078
G1 X-9.159 Y-.297 E.02714
G1 X-13.443 Y3.987 E.29139
G1 X-12.883 Y3.972 E.02694
G1 X-9.17 Y.259 E.25255
G1 X-9.175 Y.809 E.02645
G1 X-12.323 Y3.957 E.21412
G1 X-11.769 Y3.949 E.02665
G1 X-9.18 Y1.36 E.1761
G1 X-9.185 Y1.91 E.02645
G1 X-11.221 Y3.947 E.13852
G1 E-2 F2400
G1 X-9.326 Y2.597 F7800
G1 E2 F2400
G1 F1200
G1 X-10.673 Y3.944 E.09162
G1 X-9.158 Y3.937 E.07287
G1 X-9.19 Y2.46 E.07106
G1 X-9.548 Y3.484 F7800
;WIDTH:0.557313
G1 F1200
G1 X-9.592 Y3.44 E.00383
G1 X-9.651 Y3.456 E.00376
G1 X-9.667 Y3.516 E.00382
G1 X-9.624 Y3.559 E.00374
G1 X-9.564 Y3.543 E.00382
M106 S198.9
;LAYER_CHANGE
;Z:2.75
;HEIGHT:0.3
G1 E-2 F2400
G1 Z2.75 F7800
G1 Z2.75
G1 X9.833 Y4.333
G1 E2 F2400
;TYPE:Perimeter
;WIDTH:0.45
G1 F900
G1 X9.812 Y3.457 E.04214
G1 X9.822 Y.051 E.16382
G1 X9.764 Y-2.703 E.13249
G1 X9.758 Y-4.338 E.07864
G1 X14.184 Y-4.42 E.21291
G1 X14.527 Y-3.591 E.04315
G1 X14.799 Y-2.771 E.04155
G1 X14.922 Y-2.176 E.02922
G1 X15.017 Y-1.497 E.03298
G1 X15.155 Y-.009 E.07187
G1 X14.864 Y2.572 E.12492
G1 X14.156 Y4.424 E.09536
G1 X9.891 Y4.336 E.20518
G1 X9.457 Y4.713 F7800
G1 F900
G1 X9.426 Y3.461 E.06024
G1 X9.436 Y.036 E.16473
G1 X9.379 Y-2.698 E.13152
G1 X9.371 Y-4.716 E.09706
G1 X14.39 Y-4.809 E.24144
;TYPE:Overhang perimeter
;WIDTH:0.4
;HEIGHT:0.4
M106 S255
G1 X14.439 Y-4.81 E.00256
G1 X14.889 Y-3.726 E.06132
G1 X15.24 Y-2.664 E.05844
G1 X15.401 Y-1.532 E.05974
G1 X15.543 Y-.005 E.08012
G1 X15.242 Y2.664 E.14033
G1 X15.209 Y2.75 E.00481
M106 S198.9
;TYPE:Perimeter
;WIDTH:0.45
;HEIGHT:0.3
G1 X14.497 Y4.62 E.09624
;TYPE:Overhang perimeter
;WIDTH:0.4
;HEIGHT:0.4
M106 S255
G1 X14.43 Y4.815 E.01077
G1 X14.4 Y4.814 E.00157
M106 S198.9
;TYPE:Perimeter
;WIDTH:0.45
;HEIGHT:0.3
G1 X9.517 Y4.714 E.2349
G1 X9.08 Y5.091 F7800
;TYPE:External perimeter
G1 F900
G1 X9.041 Y3.465 E.07823
G1 X9.051 Y.049 E.1643
G1 X8.993 Y-2.693 E.13191
G1 X8.984 Y-5.095 E.11553
G1 X14.204 Y-5.191 E.25111
;TYPE:Overhang perimeter
;WIDTH:0.4
;HEIGHT:0.4
M106 S255
G1 X14.695 Y-5.2 E.02566
G1 X15.251 Y-3.86 E.0758
G1 X15.617 Y-2.753 E.06091
G1 X15.785 Y-1.568 E.06253
G1 X15.93 Y-.001 E.08222
G1 X15.62 Y2.756 E.14495
G1 X14.896 Y4.644 E.10564
G1 X14.704 Y5.206 E.03103
G1 X14.209 Y5.196 E.02587
M106 S198.9
;TYPE:External perimeter
;WIDTH:0.45
;HEIGHT:0.3
G1 X9.14 Y5.092 E.24385
G1 X9.072 Y4.698 F7800
G1 X10.149 Y3.944
;TYPE:Solid infill
;WIDTH:0.549505
G1 F1200
G1 X10.106 Y3.987 E.00368
G1 X10.122 Y4.046 E.0037
G1 X10.18 Y4.061 E.00362
G1 X10.223 Y4.019 E.00364
G1 X10.208 Y3.96 E.00368
;WIDTH:0.45
G1 X10.102 Y3.324 E.03101
G1 X10.844 Y4.067 E.0505
G1 X11.401 Y4.078 E.02679
G1 X10.103 Y2.78 E.08829
G1 X10.105 Y2.236 E.02616
G1 X11.958 Y4.089 E.12604
G1 X12.514 Y4.101 E.02675
G1 X10.106 Y1.693 E.16379
G1 X10.108 Y1.149 E.02616
G1 X13.071 Y4.112 E.20154
G1 X13.628 Y4.124 E.0268
G1 X10.109 Y.605 E.23936
G1 X10.111 Y.061 E.02616
G1 X14.019 Y3.969 E.26582
G1 X14.022 Y4.201 E.01116
;WIDTH:0.404381
G1 X14.003 Y4.272 E.00312
G1 X14.074 Y4.253 E.00312
G1 X14.063 Y4.212 E.0018
;WIDTH:0.45
G1 X14.17 Y3.575 E.03107
G1 X10.1 Y-.495 E.27684
G1 X10.088 Y-1.052 E.0268
G1 X14.321 Y3.181 E.28792
G1 X14.472 Y2.787 E.02029
G1 X10.076 Y-1.609 E.29901
G1 X10.065 Y-2.166 E.02679
G1 X14.597 Y2.366 E.30826
G1 X14.652 Y1.875 E.02376
G1 X10.053 Y-2.723 E.31278
G1 X10.051 Y-3.27 E.02631
G1 X14.707 Y1.385 E.31666
G1 X14.762 Y.895 E.02372
G1 X10.049 Y-3.818 E.32057
G1 X9.995 Y-4.165 E.01689
;WIDTH:0.404381
G1 X10.006 Y-4.124 E.0018
G1 X9.935 Y-4.105 E.00312
G1 X9.954 Y-4.176 E.00312
;WIDTH:0.45
G1 X10.353 Y-4.059 E.02
G1 X14.817 Y.405 E.30364
G1 X14.856 Y-.102 E.02446
G1 X10.889 Y-4.069 E.26983
G1 X11.424 Y-4.079 E.02574
G1 X14.8 Y-.703 E.22963
G1 X14.745 Y-1.304 E.02903
G1 X11.959 Y-4.089 E.18947
G1 X12.336 Y-4.303 E.02085
;WIDTH:0.404381
G1 X12.317 Y-4.232 E.00312
G1 X12.388 Y-4.251 E.00312
G1 X12.377 Y-4.292 E.0018
;WIDTH:0.45
G1 X12.495 Y-4.099 E.01088
G1 X14.666 Y-1.928 E.14767
G1 E-2 F2400
G1 X13.314 Y-3.913 F7800
G1 E2 F2400
;WIDTH:0.57434
G1 F1200
G1 X14.413 Y-2.814 E.09886
G1 X14.183 Y-3.504 E.04626
G1 X13.951 Y-4.064 E.03855
G1 X13.178 Y-4.05 E.04917
G1 E-2 F2400
G1 X-8.796 Y4.199 F7800
G1 E2 F2400
;TYPE:Perimeter
;WIDTH:0.45
G1 F900
G1 X-11.583 Y4.207 E.13405
G1 X-16.961 Y4.355 E.25876
G1 X-17.459 Y2.632 E.08626
G1 X-17.734 Y.637 E.09686
G1 X-17.71 Y.11 E.02537
G1 X-17.733 Y-2.584 E.12958
G1 X-17.235 Y-4.331 E.08737
G1 X-16.272 Y-4.322 E.04632
G1 X-13.412 Y-4.231 E.13763
G1 X-8.746 Y-4.165 E.22444
G1 X-8.718 Y-2.757 E.06773
G1 X-8.812 Y-.017 E.13186
G1 X-8.832 Y2.584 E.1251
G1 X-8.792 Y4.145 E.0751
G1 X-8.398 Y4.584 F7800
G1 F900
G1 X-11.573 Y4.593 E.15271
G1 X-17.147 Y4.746 E.26819
;TYPE:Overhang perimeter
;WIDTH:0.4
;HEIGHT:0.4
M106 S255
G1 X-17.249 Y4.749 E.00533
G1 X-17.837 Y2.712 E.11077
G1 X-18.121 Y.654 E.10854
G1 X-18.095 Y.113 E.0283
G1 X-18.119 Y-2.636 E.14363
G1 X-17.525 Y-4.72 E.11321
G1 X-17.335 Y-4.718 E.00993
M106 S198.9
;TYPE:Perimeter
;WIDTH:0.45
;HEIGHT:0.3
G1 X-16.264 Y-4.708 E.05151
G1 X-13.407 Y-4.617 E.13748
G1 X-8.368 Y-4.546 E.24238
G1 X-8.332 Y-2.765 E.08568
G1 X-8.427 Y-.015 E.13234
G1 X-8.447 Y2.587 E.12515
G1 X-8.396 Y4.527 E.09334
G1 X-7.999 Y4.968 F7800
;TYPE:External perimeter
G1 F900
G1 X-11.562 Y4.978 E.17137
G1 X-17.035 Y5.129 E.26333
;TYPE:Overhang perimeter
;WIDTH:0.4
;HEIGHT:0.4
M106 S255
G1 X-17.537 Y5.143 E.02624
G1 X-18.215 Y2.792 E.12783
G1 X-18.508 Y.671 E.11186
G1 X-18.481 Y.117 E.02898
G1 X-18.505 Y-2.688 E.14655
G1 X-17.815 Y-5.108 E.13147
G1 X-17.225 Y-5.103 E.03083
M106 S198.9
;TYPE:External perimeter
;WIDTH:0.45
;HEIGHT:0.3
G1 X-16.256 Y-5.093 E.04661
G1 X-13.405 Y-5.003 E.13719
G1 X-7.99 Y-4.926 E.26047
G1 X-7.947 Y-2.772 E.10362
G1 X-8.041 Y-.012 E.13282
G1 X-8.061 Y2.59 E.12515
G1 X-8 Y4.908 E.11153
G1 X-8.396 Y4.969 F7800
G1 E-2 F2400
G1 X-9.021 Y-3.467 F7800
G1 E2 F2400
;TYPE:Internal infill
;WIDTH:0.45
G1 F4800
G1 X-9.03 Y-3.88 E.01987
G1 X-10.93 Y-3.907 E.09139
G1 X-13.037 Y3.958 E.39162
G1 X-12.419 Y3.941 E.02973
G1 X-15.363 Y.997 E.20025
G1 X-15.347 Y1.118 E.00587
G1 X-9.083 Y-.56 E.3119
G1 X-9.071 Y-.891 E.01593
G1 X-12.104 Y-3.924 E.2063
G1 X-14.417 Y-3.974 E.11127
G1 E-2 F2400
G1 X-17.42 Y.105 F7800
G1 E2 F2400
;TYPE:Solid infill
;WIDTH:0.45
G1 F1200
G1 X-17.444 Y-2.545 E.12746
G1 X-17.017 Y-4.04 E.07478
G1 X-15.259 Y-4.001 E.08457
G1 X-15.672 Y-2.612 E.0697
G1 X-15.871 Y-.664 E.09418
G1 X-15.886 Y-.01 E.03146
G1 X-15.534 Y2.614 E.12734
G1 X-15.316 Y3.41 E.03969
G1 X-15.126 Y4.016 E.03055
G1 X-16.745 Y4.06 E.0779
G1 X-17.175 Y2.572 E.0745
G1 X-17.444 Y.624 E.09458
G1 X-17.429 Y.297 E.01574
G1 X-17.043 Y.294 E.01857
G1 X-17.057 Y.607 E.01507
G1 X-16.797 Y2.491 E.09147
G1 X-16.458 Y3.666 E.05882
G1 X-15.647 Y3.644 E.03902
G1 X-15.921 Y2.64 E.05005
G1 X-16.269 Y.041 E.12612
G1 X-16.255 Y-.703 E.03579
G1 X-16.055 Y-2.653 E.09428
G1 X-15.784 Y-3.63 E.04876
G1 X-16.727 Y-3.652 E.04537
G1 X-17.057 Y-2.492 E.05801
G1 X-17.035 Y.101 E.12472
G1 E-2 F2400
G1 X-16.164 Y3.265 F7800
G1 E2 F2400
;WIDTH:0.483293
G1 F1200
G1 X-16.32 Y2.693 E.03098
;WIDTH:0.527109
G1 X-16.381 Y2.403 E.0171
;WIDTH:0.534785
G1 X-16.628 Y.587 E.10753
G1 X-16.641 Y.28 E.01803
;WIDTH:0.487813
G1 X-16.655 Y-.027 E.01623
;WIDTH:0.462961
G1 X-16.649 Y-.67 E.03197
;WIDTH:0.468301
G1 X-16.647 Y-.744 E.00373
;WIDTH:0.514847
G1 X-16.628 Y-1.164 E.02362
;WIDTH:0.561394
G1 X-16.608 Y-1.585 E.02613
;WIDTH:0.60794
G1 X-16.589 Y-2.006 E.02857
;WIDTH:0.654487
G1 X-16.569 Y-2.426 E.03095
G1 X-16.476 Y-2.809 E.02901
;WIDTH:0.622547
G1 X-16.384 Y-3.193 E.02749
M106 S201.45
;LAYER_CHANGE
;Z:3.05
;HEIGHT:0.3
G1 E-2 F2400
G1 Z3.05 F7800
G1 Z3.05
G1 X9.748 Y4.301
G1 E2 F2400
;TYPE:Perimeter
;WIDTH:0.45
G1 F900
G1 X9.718 Y3.05 E.06019
G1 X9.729 Y.022 E.14564
G1 X9.668 Y-2.696 E.13076
G1 X9.664 Y-4.311 E.07768
G1 X15.103 Y-4.408 E.26164
G1 X15.66 Y-2.768 E.0833
G1 X15.761 Y-2.332 E.02153
G1 X15.979 Y.022 E.1137
G1 X15.701 Y2.588 E.12414
G1 X15.521 Y3.057 E.02416
G1 X15.057 Y4.42 E.06925
G1 X9.807 Y4.304 E.25257
G1 X9.372 Y4.681 F7800
G1 F900
G1 X9.332 Y3.054 E.07828
G1 X9.344 Y.046 E.14468
G1 X9.282 Y-2.692 E.13172
G1 X9.278 Y-4.689 E.09605
G1 X15.323 Y-4.796 E.29079
;TYPE:Overhang perimeter
;WIDTH:0.4
;HEIGHT:0.4
M106 S255
G1 X15.36 Y-4.796 E.00193
G1 X15.536 Y-4.371 E.02403
G1 X16.053 Y-2.807 E.08606
G1 X16.145 Y-2.367 E.02348
G1 X16.366 Y.025 E.1255
G1 X16.079 Y2.679 E.13947
G1 X16.046 Y2.764 E.00476
M106 S201.45
;TYPE:Perimeter
;WIDTH:0.45
;HEIGHT:0.3
G1 X15.685 Y3.774 E.05159
;TYPE:Overhang perimeter
;WIDTH:0.4
;HEIGHT:0.4
M106 S255
G1 X15.33 Y4.814 E.05741
G1 X15.287 Y4.813 E.00225
M106 S201.45
;TYPE:Perimeter
;WIDTH:0.45
;HEIGHT:0.3
G1 X9.432 Y4.683 E.28167
G1 X8.995 Y5.06 F7800
;TYPE:External perimeter
G1 F900
G1 X8.947 Y3.057 E.09636
G1 X8.958 Y.042 E.14501
G1 X8.897 Y-2.687 E.13129
G1 X8.892 Y-5.067 E.11447
G1 X15.164 Y-5.18 E.30171
;TYPE:Overhang perimeter
;WIDTH:0.4
;HEIGHT:0.4
M106 S255
G1 X15.616 Y-5.184 E.02362
G1 X15.898 Y-4.506 E.03836
G1 X16.484 Y-2.732 E.09761
G1 X16.529 Y-2.403 E.01735
G1 X16.754 Y.028 E.12755
G1 X16.457 Y2.77 E.14409
G1 X16.253 Y3.303 E.02982
G1 X15.604 Y5.208 E.10514
G1 X15.157 Y5.195 E.02336
M106 S201.45
;TYPE:External perimeter
;WIDTH:0.45
;HEIGHT:0.3
G1 X9.055 Y5.061 E.29356
G1 X8.987 Y4.667 F7800
G1 E-2 F2400
G1 X10.061 Y-3.996 F7800
G1 E2 F2400
;TYPE:Solid infill
;WIDTH:0.546021
G1 F1200
G1 X10.018 Y-4.039 E.00365
G1 X9.96 Y-4.023 E.00361
G1 X9.944 Y-3.965 E.00361
G1 X9.987 Y-3.922 E.00365
G1 X10.045 Y-3.938 E.00361
;WIDTH:0.45
G1 X9.956 Y-3.321 E.02998
G1 X10.677 Y-4.042 E.04904
G1 X11.233 Y-4.053 E.02675
G1 X9.957 Y-2.777 E.08679
G1 X9.967 Y-2.242 E.02574
G1 X11.79 Y-4.064 E.12396
G1 X12.346 Y-4.075 E.02675
G1 X9.98 Y-1.708 E.16097
G1 X9.992 Y-1.175 E.02564
G1 X12.902 Y-4.086 E.19797
G1 X13.458 Y-4.097 E.02675
G1 X10.004 Y-.642 E.23497
G1 X10.016 Y-.108 E.02569
G1 X14.015 Y-4.108 E.27204
G1 X14.567 Y-4.114 E.02655
G1 X10.017 Y.435 E.30945
G1 X10.015 Y.983 E.02636
G1 X14.96 Y-3.962 E.33635
G1 X15.019 Y-4.199 E.01175
;WIDTH:0.404381
G1 X14.978 Y-4.188 E.0018
G1 X14.959 Y-4.259 E.00312
G1 X15.03 Y-4.24 E.00312
;WIDTH:0.45
G1 X15.096 Y-3.553 E.03319
G1 X10.013 Y1.53 E.34574
G1 X10.011 Y2.078 E.02636
G1 X15.231 Y-3.143 E.35509
G1 X15.367 Y-2.733 E.02078
G1 X10.009 Y2.625 E.36444
G1 X10.01 Y3.169 E.02616
G1 X15.467 Y-2.288 E.37118
G1 X15.515 Y-1.79 E.02406
G1 X10.023 Y3.702 E.37356
G1 X9.975 Y4.136 E.021
;WIDTH:0.404381
G1 X9.934 Y4.147 E.0018
G1 X9.915 Y4.076 E.00312
G1 X9.986 Y4.095 E.00312
;WIDTH:0.45
G1 X10.246 Y4.024 E.01296
G1 X15.562 Y-1.292 E.36159
G1 X15.61 Y-.795 E.02402
G1 X10.779 Y4.036 E.3286
G1 X11.313 Y4.048 E.02569
G1 X15.658 Y-.297 E.29554
G1 X15.664 Y.242 E.02593
G1 X11.847 Y4.059 E.25963
G1 X12.38 Y4.071 E.02564
G1 X15.598 Y.854 E.21885
G1 X15.532 Y1.465 E.02956
G1 X12.914 Y4.083 E.17807
G1 X13.448 Y4.095 E.02569
G1 X15.465 Y2.077 E.13723
G1 X15.207 Y2.945 F7800
;WIDTH:0.54063
G1 F1200
G1 X14.82 Y4.079 E.07117
G1 X14.088 Y4.063 E.04349
G1 X15.07 Y3.081 E.08249
G1 E-2 F2400
G1 X-8.722 Y4.175 F7800
G1 E2 F2400
;TYPE:Perimeter
;WIDTH:0.45
G1 F900
G1 X-11.105 Y4.175 E.11461
G1 X-17.788 Y4.364 E.32156
G1 X-17.766 Y3.048 E.0633
G1 X-17.619 Y.1 E.14196
G1 X-17.643 Y-2.398 E.12015
G1 X-17.711 Y-4.323 E.09264
G1 X-16.293 Y-4.311 E.0682
G1 X-15.104 Y-4.256 E.05725
G1 X-13.384 Y-4.21 E.08276
G1 X-8.663 Y-4.144 E.22709
G1 X-8.636 Y-2.945 E.05768
G1 X-8.66 Y-2.678 E.01289
G1 X-8.747 Y-.005 E.12863
G1 X-8.724 Y.501 E.02436
G1 X-8.749 Y2.611 E.10149
G1 X-8.711 Y4.127 E.07294
G1 X-8.322 Y4.561 F7800
G1 F900
G1 X-11.094 Y4.56 E.13332
G1 X-18.092 Y4.758 E.33671
;TYPE:Overhang perimeter
;WIDTH:0.4
;HEIGHT:0.4
M106 S255
G1 X-18.181 Y4.761 E.00465
G1 X-18.176 Y4.472 E.0151
M106 S201.45
;TYPE:Perimeter
;WIDTH:0.45
;HEIGHT:0.3
G1 X-18.152 Y3.035 E.06912
G1 X-18.004 Y.104 E.14115
G1 X-18.029 Y-2.384 E.11967
G1 X-18.111 Y-4.713 E.11209
G1 X-16.282 Y-4.697 E.08797
G1 X-15.093 Y-4.641 E.05725
G1 X-13.379 Y-4.596 E.08247
G1 X-8.288 Y-4.525 E.24488
G1 X-8.252 Y-2.909 E.07774
G1 X-8.274 Y-2.665 E.01178
G1 X-8.362 Y-.006 E.12796
G1 X-8.339 Y.495 E.02412
G1 X-8.364 Y2.601 E.1013
G1 X-8.316 Y4.508 E.09175
G1 X-7.922 Y4.946 F7800
;TYPE:External perimeter
G1 F1800
G1 X-11.083 Y4.946 E.15203
G1 X-17.981 Y5.141 E.3319
;TYPE:Overhang perimeter
;WIDTH:0.4
;HEIGHT:0.4
M106 S255
G1 F3600
G1 X-18.483 Y5.155 E.02624
G1 X-18.568 Y4.862 E.01594
G1 X-18.54 Y3.215 E.08606
M106 S201.45
;TYPE:External perimeter
;WIDTH:0.45
;HEIGHT:0.3
G1 F1800
G1 X-18.39 Y.108 E.14961
G1 X-18.414 Y-2.371 E.11924
G1 X-18.482 Y-4.317 E.09365
;TYPE:Overhang perimeter
;WIDTH:0.4
;HEIGHT:0.4
M106 S255
G1 F3600
G1 X-18.51 Y-5.102 E.04104
G1 X-18.259 Y-5.1 E.01311
M106 S201.45
;TYPE:External perimeter
;WIDTH:0.45
;HEIGHT:0.3
G1 F1800
G1 X-16.271 Y-5.082 E.09562
G1 X-15.083 Y-5.027 E.0572
G1 X-13.376 Y-4.981 E.08213
G1 X-7.913 Y-4.905 E.26278
G1 X-7.861 Y-3.104 E.08666
G1 X-7.869 Y-2.872 E.01117
G1 X-7.976 Y-.015 E.13751
G1 X-7.953 Y.488 E.02422
G1 X-7.978 Y2.592 E.1012
G1 X-7.921 Y4.889 E.11051
G1 X-8.317 Y4.945 F7800
G1 E-2 F2400
G1 X-15.823 Y3.631 F7800
G1 E2 F2400
;TYPE:Internal infill
;WIDTH:0.45
G1 F4800
G1 X-16.127 Y2.538 E.05457
G1 X-16.286 Y1.37 E.05669
G1 X-9.018 Y-.578 E.3619
G1 X-9.01 Y-.829 E.01208
G1 X-12.083 Y-3.903 E.20906
G1 X-10.935 Y-3.887 E.05522
G1 X-13.032 Y3.94 E.38973
G1 X-12.437 Y3.923 E.02863
G1 X-16.47 Y-.109 E.27429
G1 X-16.35 Y-2.418 E.1112
G1 X-16.921 Y-4.027 F7800
;TYPE:Solid infill
;WIDTH:0.45
G1 F1200
G1 X-16.306 Y-4.021 E.02958
G1 X-16.475 Y-3.43 E.02956
;WIDTH:0.497889
G1 X-16.62 Y-3.007 E.02418
;WIDTH:0.545779
G1 X-16.765 Y-2.583 E.02691
;WIDTH:0.562644
G1 X-16.8 Y-2.354 E.0144
G1 X-16.849 Y-1.649 E.04392
;WIDTH:0.524633
G1 X-16.879 Y.009 E.09519
;WIDTH:0.497391
G1 X-16.506 Y2.609 E.14186
;WIDTH:0.45
G1 X-16.113 Y4.027 E.07077
G1 X-17.494 Y4.066 E.06645
G1 X-17.457 Y2.65 E.06813
;WIDTH:0.497391
G1 X-17.309 Y.006 E.14302
;WIDTH:0.524633
G1 X-17.309 Y-1.653 E.09524
;WIDTH:0.525783
G1 X-17.309 Y-1.685 E.00184
;WIDTH:0.545779
G1 X-17.315 Y-2.65 E.05794
G1 X-17.363 Y-3.341 E.04159
;WIDTH:0.497889
G1 X-17.411 Y-4.032 E.03745
;WIDTH:0.45
G1 X-17.114 Y-4.029 E.01429
G1 X-16.859 Y-3.576 E.025
;WIDTH:0.616693
G1 X-16.908 Y-3.625 E.00477
G1 X-16.974 Y-3.607 E.00471
G1 X-16.992 Y-3.541 E.00471
G1 X-16.943 Y-3.492 E.00477
G1 X-16.877 Y-3.51 E.00471
G1 E-2 F2400
G1 X-17.018 Y1.764 F7800
G1 E2 F2400
;WIDTH:0.465903
G1 F1200
G1 X-16.88 Y2.74 E.04936
G1 X-16.627 Y3.648 E.0472
G1 X-17.094 Y3.661 E.0234
G1 X-17.084 Y3.071 E.02955
G1 X-17.028 Y1.957 E.05586
M106 S204
;LAYER_CHANGE
;Z:3.35
;HEIGHT:0.3
G1 E-2 F2400
G1 Z3.35 F7800
G1 Z3.35
G1 X9.662 Y4.272
G1 E2 F2400
;TYPE:Perimeter
;WIDTH:0.45
G1 F900
G1 X9.621 Y2.696 E.07583
G1 X9.632 Y.016 E.1289
G1 X9.568 Y-2.761 E.1336
G1 X9.569 Y-4.284 E.07325
G1 X14.142 Y-4.374 E.21999
G1 X15.972 Y-4.39 E.08802
G1 X16.528 Y-2.582 E.09098
G1 X16.548 Y-2.346 E.01139
G1 X16.752 Y.04 E.11518
G1 X16.497 Y2.636 E.12546
G1 X15.955 Y4.427 E.09
G1 X12.998 Y4.337 E.14229
G1 X9.722 Y4.273 E.15759
G1 X9.286 Y4.651 F7800
G1 F900
G1 X9.236 Y2.7 E.09387
G1 X9.246 Y.025 E.12866
G1 X9.183 Y-2.757 E.13384
G1 X9.184 Y-4.662 E.09162
G1 X14.136 Y-4.76 E.23822
G1 X16.245 Y-4.778 E.10144
;TYPE:Overhang perimeter
;WIDTH:0.4
;HEIGHT:0.4
M106 S255
G1 X16.287 Y-4.677 E.00571
M106 S204
;TYPE:Perimeter
;WIDTH:0.45
;HEIGHT:0.3
G1 X16.909 Y-2.656 E.1017
G1 X16.932 Y-2.378 E.01342
G1 X17.14 Y.042 E.11682
G1 X16.877 Y2.71 E.12894
G1 X16.68 Y3.375 E.03336
;TYPE:Overhang perimeter
;WIDTH:0.4
;HEIGHT:0.4
M106 S255
G1 X16.411 Y4.282 E.04943
G1 X16.228 Y4.819 E.02964
G1 X16.185 Y4.818 E.00225
M106 S204
;TYPE:Perimeter
;WIDTH:0.45
;HEIGHT:0.3
G1 X12.99 Y4.722 E.15374
G1 X9.346 Y4.652 E.1753
G1 X8.91 Y5.029 F7800
;TYPE:External perimeter
G1 F900
G1 X8.85 Y2.704 E.11186
G1 X8.861 Y.037 E.12827
G1 X8.797 Y-2.753 E.13422
G1 X8.799 Y-5.04 E.11
G1 X14.131 Y-5.145 E.2565
G1 X16.086 Y-5.162 E.09403
;TYPE:Overhang perimeter
;WIDTH:0.4
;HEIGHT:0.4
M106 S255
G1 X16.544 Y-5.154 E.02393
G1 X17.289 Y-2.73 E.13249
G1 X17.317 Y-2.411 E.01673
G1 X17.527 Y.045 E.12878
G1 X17.257 Y2.785 E.14384
G1 X16.779 Y4.399 E.08794
G1 X16.502 Y5.211 E.04482
G1 X16.055 Y5.201 E.02336
M106 S204
;TYPE:External perimeter
;WIDTH:0.45
;HEIGHT:0.3
G1 X12.986 Y5.108 E.14768
G1 X8.97 Y5.03 E.19319
G1 X8.901 Y4.636 F7800
G1 X9.977 Y3.881
;TYPE:Solid infill
;WIDTH:0.549779
G1 F1200
G1 X9.934 Y3.924 E.00368
G1 X9.95 Y3.982 E.00364
G1 X10.009 Y3.998 E.0037
G1 X10.051 Y3.955 E.00364
G1 X10.036 Y3.896 E.00369
;WIDTH:0.45
G1 X10.672 Y4.002 E.03101
G1 X9.925 Y3.256 E.05078
G1 X9.911 Y2.696 E.02694
G1 X11.228 Y4.013 E.08958
G1 X11.784 Y4.024 E.02675
G1 X9.913 Y2.153 E.12726
G1 X9.915 Y1.61 E.02612
G1 X12.34 Y4.035 E.16495
G1 X12.896 Y4.046 E.02675
G1 X9.917 Y1.066 E.20266
G1 X9.919 Y.523 E.02612
G1 X13.458 Y4.062 E.24072
G1 X14.021 Y4.079 E.02709
G1 X9.92 Y-.021 E.27891
G1 X9.907 Y-.579 E.02685
G1 X14.583 Y4.096 E.31802
G1 X15.146 Y4.114 E.02709
G1 X9.895 Y-1.137 E.35717
G1 X9.882 Y-1.696 E.02689
G1 X15.709 Y4.131 E.39635
G1 X15.864 Y3.741 E.02018
G1 X9.869 Y-2.254 E.40777
G1 X9.858 Y-2.811 E.02679
G1 X15.99 Y3.321 E.41709
G1 X16.115 Y2.902 E.02103
G1 X9.858 Y-3.356 E.42563
G1 X9.858 Y-3.901 E.02621
G1 X16.223 Y2.464 E.43294
G1 X16.272 Y1.968 E.02397
G1 X10.296 Y-4.009 E.40651
G1 X10.83 Y-4.019 E.02569
G1 X16.321 Y1.471 E.37346
G1 X16.37 Y.975 E.02397
G1 X11.365 Y-4.03 E.34043
G1 X11.9 Y-4.04 E.02574
G1 X16.419 Y.478 E.30734
G1 X16.456 Y-.029 E.02445
G1 X12.435 Y-4.051 E.27354
G1 X12.969 Y-4.062 E.02569
G1 X16.405 Y-.626 E.23371
G1 X16.354 Y-1.222 E.02877
G1 X13.504 Y-4.072 E.19385
G1 X14.039 Y-4.083 E.02574
G1 X16.303 Y-1.819 E.15399
G1 X16.252 Y-2.415 E.02877
G1 X14.578 Y-4.089 E.11386
G1 X15.133 Y-4.088 E.02669
;WIDTH:0.461496
G1 X15.754 Y-4.093 E.03076
G1 X16.033 Y-3.187 E.04695
G1 X15.269 Y-3.951 E.05352
G1 E-2 F2400
G1 X-8.637 Y4.153 F7800
G1 E2 F2400
;TYPE:Perimeter
;WIDTH:0.45
G1 F900
G1 X-10.626 Y4.142 E.09567
G1 X-17.713 Y4.345 E.341
G1 X-17.695 Y3.317 E.04945
G1 X-17.528 Y.092 E.15532
G1 X-17.549 Y-2.044 E.10274
G1 X-17.633 Y-4.308 E.10897
G1 X-16.305 Y-4.3 E.06387
G1 X-14.678 Y-4.224 E.07834
G1 X-13.359 Y-4.189 E.06346
G1 X-8.566 Y-4.124 E.23055
G1 X-8.543 Y-3.336 E.03792
G1 X-8.598 Y-2.667 E.03229
G1 X-8.682 Y-.038 E.12651
G1 X-8.645 Y.804 E.04054
G1 X-8.666 Y2.605 E.08663
G1 X-8.631 Y4.1 E.07192
G1 X-8.235 Y4.541 F7800
G1 F900
G1 X-10.615 Y4.528 E.11447
G1 X-18.105 Y4.742 E.36039
G1 X-18.081 Y3.304 E.06917
G1 X-17.914 Y.096 E.1545
G1 X-17.934 Y-2.029 E.10221
G1 X-18.033 Y-4.696 E.12836
G1 X-16.295 Y-4.685 E.08359
G1 X-14.667 Y-4.61 E.07838
G1 X-13.358 Y-4.575 E.06298
G1 X-10.153 Y-4.52 E.15417
G1 X-8.191 Y-4.508 E.09437
G1 X-8.158 Y-3.347 E.05586
G1 X-8.213 Y-2.655 E.03339
G1 X-8.296 Y-.026 E.12651
G1 X-8.259 Y.797 E.03962
G1 X-8.28 Y2.596 E.08653
G1 X-8.236 Y4.481 E.09069
G1 X-7.832 Y4.929 F7800
;TYPE:External perimeter
G1 F1800
G1 X-10.604 Y4.913 E.13333
G1 X-18.498 Y5.139 E.37983
G1 X-18.466 Y3.291 E.0889
G1 X-18.299 Y.099 E.15373
G1 X-18.32 Y-2.015 E.10168
G1 X-18.434 Y-5.085 E.14776
G1 X-16.285 Y-5.071 E.10336
G1 X-14.657 Y-4.995 E.07839
G1 X-13.348 Y-4.96 E.06298
G1 X-10.147 Y-4.905 E.15398
G1 X-7.817 Y-4.891 E.11207
G1 X-7.772 Y-3.358 E.07376
G1 X-7.827 Y-2.643 E.03449
G1 X-7.911 Y-.013 E.12656
G1 X-7.874 Y.791 E.03871
G1 X-7.895 Y2.587 E.08639
G1 X-7.833 Y4.869 E.1098
G1 X-8.229 Y4.927 F7800
G1 E-2 F2400
G1 X-17.417 Y3.958 F7800
G1 E2 F2400
;TYPE:Internal infill
;WIDTH:0.45
G1 F4800
G1 X-17.319 Y1.646 E.1113
G1 X-8.953 Y-.595 E.41656
G1 X-8.947 Y-.767 E.00828
G1 X-12.062 Y-3.882 E.21188
G1 X-10.941 Y-3.866 E.05392
G1 X-13.027 Y3.922 E.38778
G1 X-12.455 Y3.905 E.02752
G1 X-17.248 Y-.888 E.32601
G1 X-17.279 Y-2.56 E.08043
G1 X-16.889 Y-4.014 E.0724
G1 X-14.577 Y-3.932 E.11127
M106 S198.9
;LAYER_CHANGE
;Z:3.65
;HEIGHT:0.3
G1 E-2 F2400
G1 Z3.65 F7800
G1 Z3.65
G1 X9.573 Y4.241
G1 E2 F2400
;TYPE:Perimeter
;WIDTH:0.45
G1 F900
G1 X9.568 Y4.241 E.00024
G1 X9.511 Y2.673 E.07547
G1 X9.513 Y.569 E.1012
G1 X9.532 Y.01 E.0269
G1 X9.46 Y-3.017 E.14563
G1 X9.47 Y-4.256 E.05959
G1 X14.094 Y-4.348 E.22244
G1 X16.763 Y-4.38 E.12838
G1 X17.236 Y-2.802 E.07923
G1 X17.321 Y-2.353 E.02198
G1 X17.522 Y.055 E.11622
G1 X17.272 Y2.649 E.12534
G1 X17.026 Y3.571 E.0459
G1 X16.767 Y4.42 E.04269
G1 X14.241 Y4.368 E.12152
G1 X12.439 Y4.297 E.08674
G1 X9.633 Y4.242 E.13498
G1 X9.199 Y4.62 F7800
G1 F900
G1 X9.195 Y4.62 E.00019
G1 X9.125 Y2.68 E.09337
G1 X9.128 Y.561 E.10192
G1 X9.147 Y.019 E.02608
G1 X9.075 Y-3.014 E.14592
G1 X9.088 Y-4.634 E.07792
G1 X14.088 Y-4.733 E.24053
G1 X17.051 Y-4.769 E.14252
G1 X17.683 Y-2.654 E.10617
G1 X17.706 Y-2.385 E.01299
G1 X17.909 Y.058 E.1179
G1 X17.653 Y2.717 E.12848
G1 X17.397 Y3.677 E.04779
G1 X17.051 Y4.812 E.05707
G1 X14.229 Y4.754 E.13576
G1 X12.431 Y4.683 E.08654
G1 X9.259 Y4.621 E.15259
G1 X8.823 Y4.998 F7800
;TYPE:External perimeter
G1 F900
G1 X8.74 Y2.686 E.11127
G1 X8.742 Y.554 E.10254
G1 X8.761 Y.029 E.02527
G1 X8.689 Y-3.011 E.14625
G1 X8.705 Y-5.012 E.09624
G1 X14.081 Y-5.119 E.25862
G1 X16.991 Y-5.154 E.13997
;TYPE:Overhang perimeter
;WIDTH:0.4
;HEIGHT:0.4
M106 S255
G1 X17.339 Y-5.158 E.01818
G1 X18.064 Y-2.726 E.13259
G1 X18.09 Y-2.417 E.0162
G1 X18.297 Y.06 E.12986
G1 X18.034 Y2.786 E.14308
G1 X17.768 Y3.783 E.05391
G1 X17.335 Y5.203 E.07756
G1 X16.957 Y5.196 E.01975
M106 S198.9
;TYPE:External perimeter
;WIDTH:0.45
;HEIGHT:0.3
G1 X14.218 Y5.139 E.13176
G1 X12.424 Y5.068 E.08635
G1 X8.883 Y4.999 E.17034
G1 X8.81 Y4.606 F7800
G1 E-2 F2400
G1 X9.864 Y-3.94 F7800
G1 E2 F2400
;TYPE:Solid infill
;WIDTH:0.547417
G1 F1200
G1 X9.821 Y-3.983 E.00366
G1 X9.763 Y-3.967 E.00362
G1 X9.747 Y-3.909 E.00362
G1 X9.79 Y-3.866 E.00366
G1 X9.848 Y-3.882 E.00362
;WIDTH:0.45
G1 X9.751 Y-3.256 E.03047
G1 X10.482 Y-3.987 E.04972
G1 X11.038 Y-3.998 E.02675
G1 X9.757 Y-2.716 E.08717
G1 X9.769 Y-2.184 E.02559
G1 X11.595 Y-4.009 E.12417
G1 X12.151 Y-4.02 E.02675
G1 X9.782 Y-1.651 E.16114
G1 X9.795 Y-1.118 E.02564
G1 X12.707 Y-4.031 E.1981
G1 X13.264 Y-4.042 E.02679
G1 X9.807 Y-.585 E.23514
G1 X9.82 Y-.053 E.02559
G1 X13.82 Y-4.053 E.27208
G1 X14.374 Y-4.061 E.02665
G1 X9.805 Y.508 E.31078
G1 X9.802 Y1.056 E.02636
G1 X14.924 Y-4.067 E.34843
G1 X15.475 Y-4.072 E.0265
G1 X9.801 Y1.602 E.38594
G1 X9.801 Y2.148 E.02626
G1 X16.026 Y-4.077 E.42342
G1 X16.555 Y-4.061 E.02545
G1 X9.801 Y2.693 E.4594
G1 X9.82 Y3.219 E.02532
G1 X16.681 Y-3.642 E.46668
G1 X16.807 Y-3.223 E.02104
G1 X9.839 Y3.746 E.47399
G1 X9.802 Y4.034 E.01397
;WIDTH:0.404381
G1 X9.73 Y4.015 E.00316
G1 X9.75 Y4.086 E.00313
G1 X9.791 Y4.075 E.0018
;WIDTH:0.45
G1 X10.166 Y3.964 E.01881
G1 X16.934 Y-2.804 E.46035
G1 X17.031 Y-2.356 E.02205
G1 X10.701 Y3.974 E.43056
G1 X11.236 Y3.984 E.02574
G1 X17.073 Y-1.852 E.39699
G1 X17.115 Y-1.349 E.02428
G1 X11.771 Y3.995 E.36349
G1 X12.306 Y4.005 E.02574
G1 X17.157 Y-.846 E.32996
G1 X17.199 Y-.342 E.02432
G1 X12.833 Y4.023 E.29694
G1 X13.358 Y4.044 E.02527
G1 X17.219 Y.183 E.26262
G1 X17.161 Y.786 E.02914
G1 X13.883 Y4.065 E.223
G1 X14.41 Y4.082 E.02536
G1 X17.103 Y1.39 E.18314
G1 X17.045 Y1.993 E.02914
G1 X14.945 Y4.093 E.14284
G1 E-2 F2400
G1 X16.85 Y2.734 F7800
G1 E2 F2400
G1 F1200
G1 X15.479 Y4.104 E.09322
G1 X16.554 Y4.127 E.05172
G1 X16.747 Y3.495 E.03178
G1 X16.987 Y2.597 E.04471
G1 E-2 F2400
G1 X-8.551 Y4.13 F7800
G1 E2 F2400
;TYPE:Perimeter
G1 F900
G1 X-10.149 Y4.11 E.07686
G1 X-17.637 Y4.332 E.36031
G1 X-17.624 Y3.584 E.03598
G1 X-17.507 Y1.147 E.11735
G1 X-17.437 Y.084 E.05124
G1 X-17.455 Y-1.689 E.08528
G1 X-17.556 Y-4.293 E.12534
G1 X-16.318 Y-4.288 E.05954
G1 X-14.251 Y-4.192 E.09952
G1 X-13.331 Y-4.168 E.04426
G1 X-10.115 Y-4.113 E.1547
G1 X-8.469 Y-4.108 E.07917
G1 X-8.454 Y-3.59 E.02492
G1 X-8.537 Y-2.656 E.0451
G1 X-8.616 Y-.036 E.12607
G1 X-8.566 Y1.107 E.05503
G1 X-8.583 Y2.6 E.07181
G1 X-8.548 Y4.074 E.07091
G1 X-8.146 Y4.521 F7800
G1 F900
G1 X-10.137 Y4.495 E.09577
G1 X-18.029 Y4.727 E.37974
G1 X-18.01 Y3.571 E.05561
G1 X-17.892 Y1.128 E.11764
G1 X-17.823 Y.087 E.05018
G1 X-17.84 Y-1.674 E.0847
G1 X-17.957 Y-4.68 E.14469
G1 X-16.308 Y-4.674 E.07931
G1 X-13.33 Y-4.553 E.14335
G1 X-10.108 Y-4.498 E.15499
G1 X-8.095 Y-4.493 E.09682
G1 X-8.069 Y-3.601 E.04292
G1 X-8.151 Y-2.644 E.0462
G1 X-8.231 Y-.024 E.12607
G1 X-8.18 Y1.1 E.05412
G1 X-8.197 Y2.591 E.07172
G1 X-8.148 Y4.461 E.08997
G1 X-7.735 Y4.912 F7800
;TYPE:External perimeter
G1 F1800
G1 X-10.125 Y4.881 E.11496
G1 X-18.422 Y5.122 E.39923
G1 X-18.395 Y3.559 E.07519
G1 X-18.277 Y1.109 E.11797
G1 X-18.208 Y.091 E.04907
G1 X-18.225 Y-1.659 E.08417
G1 X-18.358 Y-5.068 E.16409
G1 X-16.299 Y-5.059 E.09903
G1 X-14.231 Y-4.963 E.09957
G1 X-13.32 Y-4.939 E.04383
G1 X-10.102 Y-4.884 E.1548
G1 X-7.72 Y-4.878 E.11457
G1 X-7.683 Y-3.613 E.06087
G1 X-7.766 Y-2.632 E.04735
G1 X-7.845 Y-.012 E.12607
G1 X-7.794 Y1.094 E.05325
G1 X-7.812 Y2.58 E.07148
G1 X-7.771 Y4.34 E.08467
G1 X-7.739 Y4.852 E.02467
G1 X-8.135 Y4.907 F7800
G1 E-2 F2400
G1 X-17.341 Y3.937 F7800
G1 E2 F2400
;TYPE:Internal infill
;WIDTH:0.45
G1 F4800
G1 X-17.24 Y1.625 E.11131
G1 X-8.888 Y-.613 E.41587
G1 X-8.885 Y-.705 E.00443
G1 X-12.036 Y-3.856 E.21433
G1 X-10.948 Y-3.838 E.05234
G1 X-13.023 Y3.906 E.3856
G1 X-12.471 Y3.89 E.02656
G1 X-17.157 Y-.796 E.31874
G1 X-17.209 Y-2.821 E.09743
G1 X-16.893 Y-4.001 E.05875
G1 X-14.581 Y-3.928 E.11125
M106 S214.2
;LAYER_CHANGE
;Z:3.95
;HEIGHT:0.3
G1 E-2 F2400
G1 Z3.95 F7800
G1 Z3.95
G1 X9.474 Y4.212
G1 E2 F2400
;TYPE:Perimeter
;WIDTH:0.45
G1 F900
G1 X9.44 Y3.179 E.04971
G1 X9.4 Y2.638 E.02609
G1 X9.404 Y.804 E.08821
G1 X9.432 Y.004 E.0385
G1 X9.352 Y-3.277 E.15785
G1 X9.36 Y-4.23 E.04584
G1 X17.551 Y-4.372 E.39402
G1 X18.014 Y-2.794 E.0791
G1 X18.095 Y-2.36 E.02123
G1 X18.292 Y.071 E.11731
G1 X18.049 Y2.648 E.12449
G1 X17.571 Y4.412 E.0879
G1 X14.191 Y4.349 E.16259
G1 X11.879 Y4.258 E.11129
G1 X9.531 Y4.215 E.11295
G1 X9.1 Y4.592 F7800
G1 F900
G1 X9.056 Y3.231 E.06549
G1 X9.015 Y2.652 E.02792
G1 X9.019 Y.79 E.08956
G1 X9.047 Y.013 E.0374
G1 X8.967 Y-3.274 E.15814
G1 X8.978 Y-4.609 E.06421
G1 X17.838 Y-4.763 E.4262
G1 X18.458 Y-2.652 E.10582
G1 X18.479 Y-2.392 E.01255
G1 X18.679 Y.073 E.11895
G1 X18.43 Y2.716 E.12768
G1 X18.004 Y4.315 E.07959
G1 X17.855 Y4.801 E.02445
G1 X14.179 Y4.734 E.17683
G1 X11.872 Y4.643 E.11104
G1 X9.158 Y4.594 E.13056
G1 X8.726 Y4.972 F7800
;TYPE:External perimeter
G1 F900
G1 X8.671 Y3.244 E.08315
G1 X8.629 Y2.666 E.02787
G1 X8.634 Y.776 E.0909
G1 X8.661 Y.023 E.03624
G1 X8.581 Y-3.271 E.15848
G1 X8.595 Y-4.988 E.08258
G1 X17.785 Y-5.148 E.44207
;TYPE:Overhang perimeter
;WIDTH:0.4
;HEIGHT:0.4
M106 S255
G1 X18.125 Y-5.153 E.01777
G1 X18.839 Y-2.723 E.13232
G1 X18.863 Y-2.423 E.01572
G1 X19.066 Y.076 E.13099
G1 X18.811 Y2.784 E.14211
G1 X18.374 Y4.421 E.08852
G1 X18.14 Y5.19 E.042
G1 X17.784 Y5.186 E.0186
M106 S214.2
;TYPE:External perimeter
;WIDTH:0.45
;HEIGHT:0.3
G1 X14.167 Y5.12 E.17399
G1 X11.865 Y5.029 E.1108
G1 X8.786 Y4.973 E.14811
G1 X8.715 Y4.58 F7800
G1 E-2 F2400
G1 X16.156 Y2.321 F7800
G1 E2 F2400
;TYPE:Internal infill
;WIDTH:0.45
G1 F4800
G1 X16.379 Y.019 E.11124
G1 X12.367 Y-3.993 E.27289
G1 X13.05 Y-4.005 E.03286
G1 X10.918 Y3.951 E.39616
G1 X12.159 Y3.979 E.0597
G1 X9.691 Y1.51 E.1679
G1 X9.709 Y.393 E.05373
G1 X16.261 Y-1.363 E.32625
G1 X16.162 Y-2.511 E.05542
G1 X15.821 Y-3.621 E.05585
G1 E-2 F2400
G1 X16.747 Y.242 F7800
G1 E2 F2400
;TYPE:Solid infill
;WIDTH:0.45
G1 F1200
G1 X16.515 Y2.613 E.11458
G1 X16.076 Y4.096 E.07439
G1 X17.355 Y4.12 E.06153
G1 X17.764 Y2.597 E.07585
G1 X18.002 Y.069 E.12213
G1 X17.791 Y-2.528 E.12532
G1 X17.335 Y-4.079 E.07775
G1 X16.09 Y-4.058 E.05989
G1 X16.535 Y-2.611 E.07281
G1 X16.766 Y.05 E.12847
G1 X17.168 Y-.017 E.0196
;WIDTH:0.491473
G1 X16.965 Y-2.396 E.12719
G1 X16.909 Y-2.728 E.01794
;WIDTH:0.466954
G1 X16.621 Y-3.673 E.0496
G1 X17.042 Y-3.68 E.02114
G1 X17.085 Y-3.533 E.00769
;WIDTH:0.491473
G1 X17.391 Y-2.432 E.06087
G1 X17.587 Y-.055 E.12705
;WIDTH:0.487836
G1 X17.59 Y.127 E.00961
;WIDTH:0.492257
G1 X17.364 Y2.506 E.12753
G1 X17.279 Y2.874 E.02016
;WIDTH:0.481417
G1 X17.049 Y3.713 E.04525
G1 X16.611 Y3.704 E.02279
G1 X16.887 Y2.763 E.05101
;WIDTH:0.492257
G1 X16.938 Y2.465 E.01613
G1 X17.16 Y.175 E.12278
G1 E-2 F2400
G1 X-8.46 Y4.116 F7800
G1 E2 F2400
;TYPE:Perimeter
;WIDTH:0.45
G1 F900
G1 X-10.015 Y4.099 E.07479
G1 X-17.561 Y4.315 E.36309
G1 X-17.436 Y1.419 E.13942
G1 X-17.346 Y.075 E.06479
G1 X-17.361 Y-1.334 E.06777
G1 X-17.479 Y-4.278 E.14171
G1 X-16.329 Y-4.277 E.05531
G1 X-13.303 Y-4.146 E.14568
G1 X-11.482 Y-4.115 E.0876
G1 X-8.373 Y-4.099 E.14953
G1 X-8.366 Y-3.845 E.01222
G1 X-8.475 Y-2.645 E.05795
G1 X-8.55 Y.04 E.12919
G1 X-8.486 Y1.41 E.06596
G1 X-8.5 Y2.595 E.057
G1 X-8.462 Y4.056 E.07029
G1 X-8.049 Y4.506 F7800
G1 F900
G1 X-10.005 Y4.484 E.09408
G1 X-17.954 Y4.709 E.38247
G1 X-17.939 Y3.84 E.0418
G1 X-17.821 Y1.396 E.11768
G1 X-17.732 Y.079 E.06349
G1 X-17.746 Y-1.319 E.06724
G1 X-17.88 Y-4.665 E.16106
G1 X-16.32 Y-4.662 E.07503
G1 X-13.297 Y-4.532 E.14553
G1 X-11.48 Y-4.501 E.0874
G1 X-7.998 Y-4.482 E.16747
G1 X-7.98 Y-3.856 E.03012
G1 X-8.09 Y-2.633 E.05906
G1 X-8.165 Y.022 E.12775
G1 X-8.1 Y1.403 E.06649
G1 X-8.114 Y2.586 E.0569
G1 X-8.082 Y3.981 E.06711
G1 X-8.053 Y4.446 E.02241
G1 X-7.638 Y4.896 F7800
;TYPE:External perimeter
G1 F1800
G1 X-9.994 Y4.87 E.11332
G1 X-16.302 Y5.06 E.30353
G1 X-18.346 Y5.103 E.09833
G1 X-18.324 Y3.828 E.06133
G1 X-18.206 Y1.374 E.11817
G1 X-18.118 Y.082 E.06228
G1 X-18.131 Y-1.303 E.06662
G1 X-18.282 Y-5.051 E.18041
G1 X-16.312 Y-5.048 E.09475
G1 X-13.29 Y-4.918 E.14548
G1 X-11.48 Y-4.887 E.08707
G1 X-7.624 Y-4.866 E.18546
G1 X-7.595 Y-3.868 E.04802
G1 X-7.704 Y-2.622 E.06016
G1 X-7.78 Y.004 E.12635
G1 X-7.715 Y1.396 E.06702
G1 X-7.729 Y2.577 E.05681
G1 X-7.696 Y3.972 E.06711
G1 X-7.642 Y4.837 E.04168
G1 X-8.038 Y4.892 F7800
G1 E-2 F2400
G1 X-17.259 Y3.914 F7800
G1 E2 F2400
;TYPE:Internal infill
;WIDTH:0.45
G1 F4800
G1 X-17.155 Y1.603 E.11126
G1 X-8.823 Y-.63 E.41488
G1 X-12.015 Y-3.835 E.21756
G1 X-10.952 Y-3.823 E.05113
G1 X-13.021 Y3.896 E.38436
G1 X-12.48 Y3.881 E.02603
G1 X-17.065 Y-.705 E.3119
G1 X-17.141 Y-3.075 E.11405
G1 X-16.896 Y-3.988 E.04547
G1 X-14.584 Y-3.912 E.11126
M106 S219.3
;LAYER_CHANGE
;Z:4.25
;HEIGHT:0.3
G1 E-2 F2400
G1 Z4.25 F7800
G1 Z4.25
G1 X9.374 Y4.188
G1 E2 F2400
;TYPE:Perimeter
;WIDTH:0.45
G1 F900
G1 X9.349 Y3.433 E.03633
G1 X9.29 Y2.622 E.03911
G1 X9.291 Y1.162 E.07022
G1 X9.333 Y-.002 E.05602
G1 X9.244 Y-3.537 E.17008
G1 X9.25 Y-4.2 E.03189
G1 X18.335 Y-4.366 E.43703
G1 X18.442 Y-3.931 E.02155
G1 X18.366 Y.357 E.20627
G1 X18.464 Y3.927 E.17177
G1 X18.355 Y4.398 E.02325
G1 X15.729 Y4.367 E.12631
G1 X14.14 Y4.329 E.07645
G1 X11.318 Y4.218 E.13583
G1 X9.434 Y4.189 E.09062
G1 X9 Y4.567 F7800
G1 F900
G1 X8.966 Y3.485 E.05207
G1 X8.904 Y2.635 E.04099
G1 X8.906 Y1.154 E.07123
G1 X8.947 Y.007 E.0552
G1 X8.859 Y-3.533 E.17031
G1 X8.867 Y-4.582 E.05045
G1 X10.822 Y-4.602 E.09403
G1 X13.988 Y-4.68 E.15232
G1 X15.581 Y-4.694 E.07662
G1 X18.623 Y-4.757 E.14634
G1 X18.796 Y-4.165 E.02966
G1 X18.828 Y-3.924 E.01169
G1 X18.751 Y.346 E.20541
G1 X18.853 Y4.041 E.17778
G1 X18.647 Y4.787 E.03722
G1 X15.723 Y4.752 E.14064
G1 X14.128 Y4.715 E.07673
G1 X11.312 Y4.603 E.13555
G1 X9.06 Y4.568 E.10833
G1 X8.627 Y4.947 F7800
;TYPE:External perimeter
G1 F1800
G1 X8.58 Y3.497 E.06978
G1 X8.518 Y2.649 E.04089
G1 X8.52 Y1.147 E.07224
G1 X8.562 Y.017 E.05439
G1 X8.473 Y-3.53 E.17065
G1 X8.485 Y-4.964 E.06897
G1 X10.809 Y-4.988 E.11178
G1 X13.982 Y-5.066 E.15266
G1 X18.571 Y-5.142 E.22075
;TYPE:Overhang perimeter
;WIDTH:0.4
;HEIGHT:0.4
M106 S255
G1 F3600
G1 X18.91 Y-5.149 E.01771
G1 X19.217 Y-4.099 E.05715
G1 X19.213 Y-3.917 E.00951
G1 X19.197 Y-3.008 E.0475
M106 S219.3
;TYPE:External perimeter
;WIDTH:0.45
;HEIGHT:0.3
G1 F1800
G1 X19.137 Y.336 E.16086
G1 X19.208 Y2.945 E.12553
;TYPE:Overhang perimeter
;WIDTH:0.4
;HEIGHT:0.4
M106 S255
G1 F3600
G1 X19.24 Y4.088 E.05974
G1 X18.94 Y5.176 E.05896
G1 X18.59 Y5.172 E.01829
M106 S219.3
;TYPE:External perimeter
;WIDTH:0.45
;HEIGHT:0.3
G1 F1800
G1 X15.716 Y5.138 E.13824
G1 X14.116 Y5.1 E.07698
G1 X11.306 Y4.989 E.13526
G1 X8.687 Y4.948 E.12598
G1 X8.615 Y4.555 F7800
G1 E-2 F2400
G1 X16.791 Y3.015 F7800
G1 E2 F2400
;TYPE:Internal infill
;WIDTH:0.45
G1 F4800
G1 X16.907 Y2.583 E.02151
G1 X17.086 Y.725 E.08978
G1 X12.393 Y-3.967 E.31918
G1 X13.043 Y-3.979 E.03127
G1 X10.926 Y3.923 E.39346
G1 X12.141 Y3.961 E.05847
G1 X9.58 Y1.4 E.1742
G1 X9.608 Y.42 E.04715
G1 X17.016 Y-1.565 E.36887
G1 X16.937 Y-2.512 E.04571
G1 X16.544 Y-3.818 E.0656
G1 X17.927 Y-4.069 F7800
;TYPE:Solid infill
;WIDTH:0.45
G1 F1200
G1 X16.877 Y-4.049 E.05051
G1 X17.309 Y-2.612 E.07217
G1 X17.4 Y-1.578 E.04992
;WIDTH:0.496937
G1 X17.435 Y-1.447 E.00732
;WIDTH:0.543874
G1 X17.47 Y-1.316 E.00811
;WIDTH:0.590812
G1 X17.504 Y-1.186 E.00882
G1 X17.54 Y-.579 E.03993
;WIDTH:0.56054
G1 X17.576 Y.027 E.03757
;WIDTH:0.559976
G1 X17.54 Y.573 E.03382
;WIDTH:0.589684
G1 X17.505 Y1.119 E.03585
G1 X17.469 Y1.249 E.00884
;WIDTH:0.543122
G1 X17.433 Y1.379 E.00805
;WIDTH:0.496561
G1 X17.397 Y1.509 E.00727
;WIDTH:0.45
G1 X17.29 Y2.629 E.05411
G1 X16.886 Y4.085 E.07267
G1 X18.135 Y4.105 E.06008
G1 X18.169 Y3.983 E.00609
G1 X18.109 Y1.534 E.11782
;WIDTH:0.496561
G1 X18.083 Y1.401 E.0073
;WIDTH:0.543122
G1 X18.056 Y1.269 E.00805
;WIDTH:0.589684
G1 X18.029 Y1.137 E.00883
G1 X18.03 Y.726 E.02693
;WIDTH:0.564487
G1 X18.032 Y.315 E.02564
;WIDTH:0.53929
G1 X18.041 Y.011 E.01801
;WIDTH:0.56054
G1 X18.035 Y-.596 E.03757
;WIDTH:0.590812
G1 X18.03 Y-1.204 E.03992
G1 X18.055 Y-1.336 E.00882
;WIDTH:0.543874
G1 X18.081 Y-1.469 E.0081
;WIDTH:0.496937
G1 X18.106 Y-1.602 E.0073
;WIDTH:0.45
G1 X18.144 Y-3.99 E.11487
G1 X18.12 Y-4.072 E.00411
G1 X17.366 Y-3.692 F7800
;WIDTH:0.41034
G1 F1200
G1 X17.773 Y-3.7 E.01757
G1 X17.771 Y-3.521 E.00772
;WIDTH:0.450873
G1 X17.743 Y-3.086 E.02101
;WIDTH:0.491407
G1 X17.716 Y-2.651 E.02321
G1 X17.69 Y-2.727 E.00428
;WIDTH:0.474845
G1 X17.559 Y-3.118 E.02111
;WIDTH:0.448697
G1 X17.428 Y-3.51 E.01981
G1 X17.716 Y-2.651 F7800
;WIDTH:0.491407
G1 F1200
G1 X17.728 Y-2.303 E.01855
;WIDTH:0.456214
G1 X17.741 Y-1.955 E.01702
;WIDTH:0.421021
G1 X17.753 Y-1.607 E.01549
G1 E-2 F2400
G1 X17.753 Y1.543 F7800
G1 E2 F2400
;WIDTH:0.438818
G1 F1200
G1 X17.74 Y1.919 E.01757
;WIDTH:0.484855
G1 X17.727 Y2.294 E.01968
;WIDTH:0.530893
G1 X17.714 Y2.67 E.02189
G1 X17.655 Y2.853 E.01119
;WIDTH:0.506455
G1 X17.549 Y3.178 E.01885
;WIDTH:0.463162
G1 X17.444 Y3.503 E.01699
;WIDTH:0.419868
G1 X17.384 Y3.722 E.01007
G1 X17.798 Y3.729 E.01836
;WIDTH:0.461103
G1 X17.765 Y3.25 E.02376
;WIDTH:0.502338
G1 X17.731 Y2.771 E.02623
;WIDTH:0.530893
G1 X17.714 Y2.67 E.00596
G1 E-2 F2400
G1 X-8.363 Y4.1 F7800
G1 E2 F2400
;TYPE:Perimeter
;WIDTH:0.45
G1 F900
G1 X-8.363 Y4.103 E.00014
G1 X-9.919 Y4.09 E.07484
G1 X-17.486 Y4.299 E.36409
G1 X-17.367 Y1.722 E.12408
G1 X-17.258 Y.142 E.07617
G1 X-17.266 Y-.979 E.05392
G1 X-17.402 Y-4.264 E.15813
G1 X-16.343 Y-4.265 E.05093
G1 X-13.266 Y-4.125 E.14815
G1 X-8.278 Y-4.088 E.23991
G1 X-8.414 Y-2.633 E.07029
G1 X-8.486 Y-.031 E.1252
G1 X-8.41 Y1.644 E.08064
G1 X-8.417 Y2.591 E.04555
G1 X-8.365 Y4.04 E.06974
G1 X-7.952 Y4.491 F7800
G1 F900
G1 X-7.952 Y4.492 E.00005
G1 X-9.91 Y4.475 E.09418
G1 X-17.878 Y4.692 E.38338
G1 X-17.868 Y4.109 E.02804
G1 X-17.752 Y1.699 E.11605
G1 X-17.643 Y.116 E.07632
G1 X-17.652 Y-.963 E.0519
G1 X-17.804 Y-4.649 E.17743
G1 X-16.334 Y-4.651 E.0707
G1 X-13.263 Y-4.511 E.14786
G1 X-7.902 Y-4.471 E.25785
G1 X-7.891 Y-4.111 E.01732
G1 X-8.028 Y-2.623 E.07187
G1 X-8.1 Y-.02 E.12524
G1 X-8.025 Y1.625 E.0792
G1 X-8.031 Y2.582 E.04603
G1 X-8.007 Y3.613 E.0496
G1 X-7.956 Y4.431 E.03942
G1 X-7.542 Y4.881 F7800
;TYPE:External perimeter
G1 F1800
G1 X-9.901 Y4.861 E.11346
G1 X-12.859 Y4.932 E.14231
G1 X-16.318 Y5.047 E.16646
G1 X-18.27 Y5.085 E.0939
G1 X-18.254 Y4.096 E.04757
G1 X-18.137 Y1.677 E.11648
G1 X-18.027 Y.089 E.07656
G1 X-18.037 Y-.947 E.04983
G1 X-18.205 Y-5.034 E.19674
G1 X-16.326 Y-5.036 E.09037
G1 X-13.26 Y-4.896 E.14762
G1 X-7.527 Y-4.854 E.27574
G1 X-7.506 Y-4.122 E.03522
G1 X-7.643 Y-2.612 E.07292
G1 X-7.715 Y-.01 E.1252
G1 X-7.64 Y1.607 E.07786
G1 X-7.646 Y2.573 E.04646
G1 X-7.621 Y3.604 E.0496
G1 X-7.545 Y4.822 E.0587
G1 X-7.941 Y4.878 F7800
G1 E-2 F2400
G1 X-17.182 Y3.89 F7800
G1 E2 F2400
;TYPE:Internal infill
;WIDTH:0.45
G1 F4800
G1 X-17.068 Y1.579 E.11129
G1 X-8.758 Y-.648 E.41379
G1 X-8.76 Y-.579 E.00332
G1 X-12.007 Y-3.827 E.22089
G1 X-10.953 Y-3.819 E.0507
G1 X-13.018 Y3.887 E.38371
G1 X-12.488 Y3.872 E.0255
G1 X-16.973 Y-.613 E.30506
G1 X-17.074 Y-3.326 E.13058
G1 X-16.9 Y-3.975 E.03232
G1 X-14.588 Y-3.896 E.11126
M106 S224.4
;LAYER_CHANGE
;Z:4.55
;HEIGHT:0.3
G1 E-2 F2400
G1 Z4.55 F7800
G1 Z4.55
G1 X9.274 Y4.16
G1 E2 F2400
;TYPE:Perimeter
;WIDTH:0.45
G1 F900
G1 X9.258 Y3.687 E.02276
G1 X9.179 Y2.605 E.05218
G1 X9.18 Y1.458 E.05517
G1 X9.233 Y-.009 E.0706
G1 X9.139 Y-4.176 E.20047
G1 X10.962 Y-4.192 E.08768
G1 X18.351 Y-4.352 E.35547
G1 X18.298 Y-2.242 E.10152
G1 X18.262 Y.667 E.13992
G1 X18.373 Y4.378 E.17857
G1 X14.089 Y4.31 E.20607
G1 X10.778 Y4.18 E.15937
G1 X9.334 Y4.161 E.06946
G1 X8.9 Y4.541 F7800
G1 F900
G1 X8.873 Y3.715 E.03975
G1 X8.793 Y2.619 E.05285
G1 X8.794 Y1.451 E.05618
G1 X8.848 Y.001 E.06979
G1 X8.75 Y-3.793 E.18254
G1 X8.757 Y-4.558 E.0368
G1 X10.953 Y-4.578 E.10562
G1 X18.747 Y-4.743 E.37495
G1 X18.684 Y-2.237 E.12057
G1 X18.647 Y.657 E.1392
G1 X18.773 Y4.769 E.19787
G1 X15.245 Y4.723 E.1697
G1 X14.077 Y4.695 E.05619
G1 X10.763 Y4.565 E.15951
G1 X8.96 Y4.542 E.08673
G1 X8.527 Y4.922 F7800
;TYPE:External perimeter
G1 F1800
G1 X8.489 Y3.751 E.05635
G1 X8.408 Y2.633 E.05391
G1 X8.409 Y1.444 E.05719
G1 X8.462 Y.011 E.06897
G1 X8.365 Y-3.789 E.18283
G1 X8.374 Y-4.94 E.05536
G1 X10.942 Y-4.963 E.12352
G1 X16.894 Y-5.102 E.28635
G1 X19.143 Y-5.135 E.10818
G1 X19.069 Y-2.235 E.13953
G1 X19.033 Y.647 E.13863
G1 X19.086 Y2.79 E.1031
G1 X19.174 Y5.16 E.11407
G1 X15.238 Y5.108 E.18932
G1 X14.065 Y5.08 E.05643
G1 X10.745 Y4.951 E.1598
G1 X8.587 Y4.923 E.1038
G1 X8.515 Y4.529 F7800
G1 E-2 F2400
G1 X14.562 Y4.028 F7800
G1 E2 F2400
;TYPE:Internal infill
;WIDTH:0.45
G1 F4800
G1 X16.876 Y4.065 E.11131
G1 X17.984 Y-.07 E.2059
G1 X18.01 Y-1.832 E.08476
G1 X9.507 Y.447 E.4234
G1 X9.476 Y1.295 E.04081
G1 X12.123 Y3.943 E.18008
G1 X10.933 Y3.897 E.05728
G1 X13.035 Y-3.948 E.39063
G1 X12.425 Y-3.935 E.02935
G1 X18.001 Y1.641 E.37927
G1 X18.07 Y3.954 E.1113
G1 E-2 F2400
G1 X-8.267 Y4.086 F7800
G1 E2 F2400
;TYPE:Perimeter
;WIDTH:0.45
G1 F900
G1 X-8.266 Y4.09 E.0002
G1 X-9.826 Y4.081 E.07503
G1 X-17.407 Y4.289 E.36476
G1 X-17.298 Y2.025 E.10902
G1 X-17.165 Y.058 E.09482
G1 X-17.172 Y-.624 E.0328
G1 X-17.325 Y-4.249 E.17451
G1 X-16.354 Y-4.254 E.0467
G1 X-13.207 Y-4.119 E.1515
G1 X-10.781 Y-4.113 E.11668
G1 X-8.216 Y-4.081 E.12338
G1 X-8.352 Y-2.622 E.07048
G1 X-8.421 Y-.029 E.12476
G1 X-8.327 Y2.025 E.09889
G1 X-8.316 Y3.292 E.06094
G1 X-8.27 Y4.026 E.03537
G1 X-7.856 Y4.476 F7800
G1 F900
G1 X-7.856 Y4.478 E.0001
G1 X-9.816 Y4.467 E.09427
G1 X-17.802 Y4.679 E.38423
G1 X-17.683 Y2.002 E.12888
G1 X-17.551 Y.062 E.09352
G1 X-17.557 Y-.607 E.03218
G1 X-17.727 Y-4.633 E.19381
G1 X-16.346 Y-4.639 E.06642
G1 X-13.206 Y-4.504 E.15116
G1 X-10.778 Y-4.499 E.11678
G1 X-7.805 Y-4.461 E.143
G1 X-7.803 Y-4.366 E.00457
G1 X-7.966 Y-2.612 E.08472
G1 X-8.035 Y-.019 E.12476
G1 X-7.941 Y2.015 E.09793
G1 X-7.931 Y3.268 E.06027
G1 X-7.86 Y4.416 E.05532
G1 X-7.445 Y4.866 F7800
;TYPE:External perimeter
G1 F1800
G1 X-9.807 Y4.852 E.11361
G1 X-13.207 Y4.933 E.16357
G1 X-17.206 Y5.058 E.19243
G1 X-18.195 Y5.069 E.04757
G1 X-18.183 Y4.365 E.03386
G1 X-18.068 Y1.98 E.11484
G1 X-17.936 Y.065 E.09232
G1 X-17.943 Y-.591 E.03155
G1 X-18.129 Y-5.017 E.21306
G1 X-16.339 Y-5.025 E.08609
G1 X-13.205 Y-4.89 E.15087
G1 X-10.775 Y-4.884 E.11687
G1 X-7.431 Y-4.842 E.16085
G1 X-7.417 Y-4.377 E.02238
G1 X-7.581 Y-2.602 E.08573
G1 X-7.65 Y-.009 E.12476
G1 X-7.556 Y2.004 E.09692
G1 X-7.547 Y3.244 E.05964
G1 X-7.449 Y4.807 E.07532
G1 X-7.845 Y4.864 F7800
G1 E-2 F2400
G1 X-17.097 Y3.865 F7800
G1 E2 F2400
;TYPE:Internal infill
;WIDTH:0.45
G1 F4800
G1 X-16.976 Y1.555 E.11126
G1 X-8.693 Y-.665 E.41244
G1 X-8.697 Y-.516 E.00717
G1 X-12.001 Y-3.821 E.22477
G1 X-10.955 Y-3.813 E.05031
G1 X-13.013 Y3.868 E.38246
G1 X-12.505 Y3.856 E.02444
G1 X-16.882 Y-.521 E.29772
G1 X-16.976 Y-2.833 E.11129
;LAYER_CHANGE
;Z:4.85
;HEIGHT:0.3
G1 E-2 F2400
G1 Z4.85 F7800
G1 Z4.85
G1 X9.174 Y4.136
G1 E2 F2400
;TYPE:Perimeter
;WIDTH:0.45
G1 F900
G1 X9.068 Y2.589 E.07458
G1 X9.069 Y1.755 E.04011
G1 X9.133 Y-.015 E.08519
G1 X9.029 Y-4.156 E.19923
G1 X12.05 Y-4.195 E.14531
G1 X16.901 Y-4.314 E.23339
G1 X18.252 Y-4.331 E.06498
G1 X18.188 Y-1.883 E.11778
G1 X18.158 Y.983 E.13785
G1 X18.256 Y4.361 E.16254
G1 X14.781 Y4.307 E.16716
G1 X10.165 Y4.149 E.22214
G1 X9.234 Y4.137 E.04478
G1 X8.801 Y4.517 F7800
G1 F900
G1 X8.783 Y3.969 E.02637
G1 X8.683 Y2.603 E.06588
G1 X8.683 Y1.747 E.04117
G1 X8.748 Y-.005 E.08432
G1 X8.643 Y-4.044 E.19433
G1 X8.646 Y-4.537 E.02371
G1 X12.033 Y-4.58 E.16292
G1 X16.894 Y-4.7 E.23387
G1 X18.648 Y-4.722 E.08437
G1 X18.574 Y-1.878 E.13683
G1 X18.544 Y.971 E.13703
G1 X18.653 Y4.752 E.18193
G1 X14.771 Y4.693 E.18673
G1 X10.16 Y4.534 E.2219
G1 X8.861 Y4.518 E.06248
G1 X8.427 Y4.898 F7800
;TYPE:External perimeter
G1 F1800
G1 X8.398 Y3.997 E.04336
G1 X8.297 Y2.617 E.06655
G1 X8.298 Y1.74 E.04218
G1 X8.362 Y.005 E.0835
G1 X8.257 Y-4.049 E.19505
G1 X8.264 Y-4.918 E.0418
G1 X12.028 Y-4.966 E.18105
G1 X16.887 Y-5.085 E.23377
G1 X19.043 Y-5.112 E.1037
G1 X18.96 Y-1.877 E.15564
G1 X18.929 Y.957 E.13631
G1 X19.039 Y4.77 E.18347
G1 X19.071 Y5.144 E.01805
G1 X14.761 Y5.079 E.20732
G1 X10.155 Y4.92 E.22166
G1 X8.487 Y4.898 E.08023
G1 X8.415 Y4.505 F7800
G1 E-2 F2400
G1 X14.566 Y4.011 F7800
G1 E2 F2400
;TYPE:Internal infill
;WIDTH:0.45
G1 F4800
G1 X16.88 Y4.05 E.11131
G1 X17.878 Y.323 E.18557
G1 X17.91 Y-1.805 E.10236
G1 X9.406 Y.474 E.42345
G1 X9.379 Y1.199 E.03489
G1 X12.106 Y3.926 E.18549
G1 X10.936 Y3.886 E.05631
G1 X13.029 Y-3.928 E.38908
G1 X12.446 Y-3.915 E.02805
G1 X17.885 Y1.524 E.36995
G1 X17.951 Y3.837 E.11129
G1 E-2 F2400
G1 X-8.17 Y4.072 F7800
G1 E2 F2400
;TYPE:Perimeter
;WIDTH:0.45
G1 F900
G1 X-8.169 Y4.077 E.00025
G1 X-9.735 Y4.073 E.07532
G1 X-17.322 Y4.27 E.36503
G1 X-17.228 Y2.328 E.09351
G1 X-17.075 Y.018 E.11135
G1 X-17.25 Y-4.235 E.20473
G1 X-16.364 Y-4.242 E.04261
G1 X-13.143 Y-4.118 E.15503
G1 X-11.017 Y-4.113 E.10225
G1 X-8.155 Y-4.071 E.13767
G1 X-8.29 Y-2.611 E.07052
G1 X-8.356 Y-.027 E.12432
G1 X-8.249 Y2.294 E.11175
G1 X-8.242 Y2.924 E.0303
G1 X-8.174 Y4.012 E.05243
G1 X-7.759 Y4.461 F7800
G1 F900
G1 X-7.759 Y4.464 E.00014
G1 X-9.725 Y4.458 E.09456
G1 X-16.879 Y4.651 E.34421
G1 X-17.726 Y4.646 E.04074
G1 X-17.613 Y2.305 E.11273
G1 X-17.46 Y.034 E.10947
G1 X-17.652 Y-4.618 E.22394
G1 X-16.358 Y-4.628 E.06224
G1 X-13.142 Y-4.504 E.15479
G1 X-11.013 Y-4.499 E.1024
G1 X-7.731 Y-4.451 E.15787
G1 X-7.905 Y-2.601 E.08937
G1 X-7.97 Y-.017 E.12432
G1 X-7.864 Y2.276 E.1104
G1 X-7.857 Y2.9 E.03001
G1 X-7.763 Y4.401 E.07233
G1 X-7.348 Y4.851 F7800
;TYPE:External perimeter
G1 F1800
G1 X-9.715 Y4.844 E.11384
G1 X-16.878 Y5.037 E.34464
G1 X-18.119 Y5.05 E.05969
G1 X-17.998 Y2.283 E.13321
G1 X-17.846 Y.05 E.10765
G1 X-18.054 Y-5 E.24309
G1 X-16.352 Y-5.013 E.08186
G1 X-13.142 Y-4.889 E.1545
G1 X-11.01 Y-4.884 E.10254
G1 X-7.334 Y-4.83 E.17682
G1 X-7.328 Y-4.632 E.00953
G1 X-7.519 Y-2.592 E.09855
G1 X-7.585 Y-.007 E.12437
G1 X-7.479 Y2.258 E.10906
G1 X-7.472 Y2.876 E.02973
G1 X-7.352 Y4.791 E.09229
G1 X-7.748 Y4.85 F7800
G1 E-2 F2400
G1 X-17.012 Y3.84 F7800
G1 E2 F2400
;TYPE:Internal infill
;WIDTH:0.45
G1 F4800
G1 X-16.885 Y1.53 E.11127
G1 X-8.628 Y-.682 E.41114
G1 X-8.634 Y-.453 E.01102
G1 X-12.007 Y-3.827 E.22946
G1 X-10.952 Y-3.823 E.05074
G1 X-13.014 Y3.87 E.38307
G1 X-12.504 Y3.857 E.02454
G1 X-16.805 Y-.445 E.29258
G1 X-16.9 Y-2.757 E.11129
;LAYER_CHANGE
;Z:5.15
;HEIGHT:0.3
G1 E-2 F2400
G1 Z5.15 F7800
G1 Z5.15
G1 X9.072 Y4.111
G1 E2 F2400
;TYPE:Perimeter
;WIDTH:0.45
G1 F900
G1 X9.07 Y4.111 E.0001
G1 X8.958 Y2.572 E.07422
G1 X8.958 Y2.051 E.02506
G1 X9.034 Y-.021 E.09972
G1 X8.925 Y-4.135 E.19794
G1 X13.138 Y-4.198 E.20265
G1 X16.895 Y-4.298 E.18076
G1 X18.152 Y-4.311 E.06046
G1 X18.079 Y-1.523 E.13414
G1 X18.055 Y1.295 E.13554
G1 X18.143 Y4.343 E.14666
G1 X13.982 Y4.27 E.20016
G1 X9.132 Y4.113 E.23339
G1 X8.701 Y4.492 F7800
G1 F900
G1 X8.572 Y2.586 E.09188
G1 X8.572 Y2.044 E.02607
G1 X8.648 Y-.011 E.09891
G1 X8.536 Y-4.515 E.21669
G1 X13.128 Y-4.583 E.22088
G1 X16.888 Y-4.683 E.18091
G1 X18.548 Y-4.7 E.07984
G1 X18.465 Y-1.53 E.15252
G1 X18.44 Y1.284 E.13535
G1 X18.529 Y4.377 E.14882
G1 X18.559 Y4.736 E.01733
G1 X13.972 Y4.656 E.22065
G1 X9.572 Y4.503 E.21175
G1 X8.761 Y4.493 E.03901
G1 X8.327 Y4.873 F7800
;TYPE:External perimeter
G1 F1800
G1 X8.307 Y4.25 E.02998
G1 X8.186 Y2.6 E.07957
G1 X8.187 Y2.036 E.02713
G1 X8.263 Y.003 E.09785
G1 X8.149 Y-4.308 E.20742
G1 X8.154 Y-4.895 E.02823
G1 X13.115 Y-4.969 E.23863
G1 X16.881 Y-5.069 E.1812
G1 X18.944 Y-5.09 E.09923
G1 X18.85 Y-1.52 E.17176
G1 X18.826 Y1.272 E.13429
G1 X18.915 Y4.366 E.14887
G1 X18.98 Y5.129 E.03683
G1 X13.962 Y5.041 E.24139
G1 X9.567 Y4.889 E.21151
G1 X8.387 Y4.874 E.05676
G1 X8.316 Y4.48 F7800
G1 E-2 F2400
G1 X14.571 Y3.991 F7800
G1 E2 F2400
;TYPE:Internal infill
;WIDTH:0.45
G1 F4800
G1 X16.885 Y4.032 E.11131
G1 X17.77 Y.729 E.16447
G1 X17.796 Y-1.774 E.12039
G1 X9.305 Y.501 E.42279
G1 X9.282 Y1.102 E.02893
G1 X12.099 Y3.919 E.19161
G1 X10.937 Y3.88 E.05592
G1 X13.023 Y-3.907 E.38773
G1 X12.462 Y-3.898 E.02699
G1 X17.769 Y1.409 E.36098
G1 E-2 F2400
G1 X-8.072 Y4.058 F7800
G1 E2 F2400
;TYPE:Perimeter
;WIDTH:0.45
G1 F900
G1 X-8.071 Y4.065 E.00034
G1 X-9.641 Y4.064 E.07551
G1 X-17.23 Y4.252 E.36512
G1 X-17.159 Y2.628 E.07818
G1 X-16.988 Y.008 E.12628
G1 X-17.172 Y-4.221 E.20359
G1 X-16.374 Y-4.231 E.03838
G1 X-13.079 Y-4.118 E.15857
G1 X-11.252 Y-4.113 E.08787
G1 X-8.09 Y-4.061 E.1521
G1 X-8.221 Y-2.589 E.07108
G1 X-8.254 Y-.157 E.11698
G1 X-8.161 Y2.613 E.1333
G1 X-8.076 Y3.999 E.06679
G1 X-7.662 Y4.447 F7800
G1 F900
G1 X-7.661 Y4.45 E.00015
G1 X-9.631 Y4.45 E.09475
G1 X-16.558 Y4.63 E.33328
G1 X-17.634 Y4.642 E.05176
G1 X-17.544 Y2.607 E.09797
G1 X-17.373 Y.025 E.12446
G1 X-17.575 Y-4.602 E.22275
G1 X-16.369 Y-4.616 E.05801
G1 X-13.097 Y-4.504 E.15746
G1 X-11.248 Y-4.499 E.08893
G1 X-7.668 Y-4.44 E.17221
G1 X-7.835 Y-2.584 E.08963
G1 X-7.869 Y-.17 E.11612
G1 X-7.776 Y2.589 E.13277
G1 X-7.665 Y4.387 E.08664
G1 X-7.251 Y4.836 F7800
;TYPE:External perimeter
G1 F1800
G1 X-9.621 Y4.835 E.11399
G1 X-16.551 Y5.016 E.33342
G1 X-18.037 Y5.031 E.07148
G1 X-17.929 Y2.585 E.11776
G1 X-17.759 Y.041 E.12263
G1 X-17.978 Y-4.984 E.24191
G1 X-16.365 Y-5.002 E.07758
G1 X-13.084 Y-4.889 E.1579
G1 X-11.245 Y-4.885 E.08845
G1 X-7.246 Y-4.818 E.19236
G1 X-7.45 Y-2.578 E.10818
G1 X-7.484 Y-.183 E.1152
G1 X-7.391 Y2.566 E.13229
G1 X-7.255 Y4.776 E.10649
G1 X-7.65 Y4.836 F7800
G1 E-2 F2400
G1 X-16.922 Y3.816 F7800
G1 E2 F2400
;TYPE:Internal infill
;WIDTH:0.45
G1 F4800
G1 X-16.795 Y1.506 E.11127
G1 X-8.537 Y-.707 E.4112
G1 X-8.542 Y-.362 E.0166
G1 X-12.006 Y-3.826 E.23562
G1 X-10.953 Y-3.819 E.05065
G1 X-13.011 Y3.859 E.38232
G1 X-12.514 Y3.847 E.02391
G1 X-16.715 Y-.355 E.28578
G1 X-16.815 Y-2.666 E.11126
;LAYER_CHANGE
;Z:5.45
;HEIGHT:0.3
G1 E-2 F2400
G1 Z5.45 F7800
G1 Z5.45
G1 X8.967 Y4.087
G1 E2 F2400
;TYPE:Perimeter
;WIDTH:0.45
G1 F900
G1 X8.959 Y4.087 E.00038
G1 X8.848 Y2.572 E.07306
G1 X8.934 Y-.027 E.12507
G1 X8.824 Y-4.113 E.19659
G1 X13.574 Y-4.19 E.22849
G1 X16.888 Y-4.282 E.15945
G1 X18.053 Y-4.29 E.05603
G1 X17.97 Y-1.183 E.14949
G1 X17.951 Y1.572 E.13251
G1 X18.02 Y3.984 E.11606
G1 X18.046 Y4.313 E.01587
G1 X13.923 Y4.254 E.19832
G1 X9.027 Y4.089 E.23561
G1 X8.6 Y4.468 F7800
G1 F900
G1 X8.462 Y2.58 E.09105
G1 X8.548 Y-.017 E.12498
G1 X8.428 Y-4.493 E.21536
G1 X13.563 Y-4.575 E.24701
G1 X16.881 Y-4.667 E.15965
G1 X18.449 Y-4.679 E.07542
G1 X18.355 Y-1.172 E.16874
G1 X18.336 Y1.575 E.13212
G1 X18.405 Y3.973 E.11538
G1 X18.437 Y4.355 E.01844
G1 X18.467 Y4.711 E.01718
G1 X13.914 Y4.64 E.21901
G1 X8.66 Y4.47 E.25283
G1 X8.227 Y4.849 F7800
;TYPE:External perimeter
G1 F1800
G1 X8.076 Y2.588 E.10899
G1 X8.163 Y-.006 E.12483
G1 X8.043 Y-4.872 E.23411
G1 X13.55 Y-4.96 E.2649
G1 X16.874 Y-5.053 E.15994
G1 X18.845 Y-5.068 E.0948
G1 X18.741 Y-1.162 E.18793
G1 X18.722 Y1.578 E.13179
G1 X18.791 Y3.962 E.11471
G1 X18.821 Y4.322 E.01737
G1 X18.888 Y5.11 E.03804
G1 X13.905 Y5.025 E.2397
G1 X8.983 Y4.858 E.23687
G1 X8.287 Y4.85 E.03348
G1 X8.203 Y4.459 F7800
G1 E-2 F2400
G1 X14.578 Y3.975 F7800
G1 E2 F2400
;TYPE:Internal infill
;WIDTH:0.45
G1 F4800
G1 X16.891 Y4.008 E.11126
G1 X17.664 Y1.122 E.1437
G1 X17.663 Y1.303 E.00871
G1 X12.478 Y-3.883 E.35271
G1 X13.019 Y-3.891 E.02602
G1 X10.941 Y3.864 E.38615
G1 X12.083 Y3.903 E.05496
G1 X9.19 Y1.01 E.19678
G1 X9.206 Y.527 E.02324
G1 X17.696 Y-1.747 E.42273
G1 X17.756 Y-3.999 E.10835
G1 X17.694 Y-3.998 E.00298
G1 E-2 F2400
G1 X-7.966 Y4.05 F7800
G1 E2 F2400
;TYPE:Perimeter
;WIDTH:0.45
G1 F900
G1 X-9.548 Y4.055 E.07609
G1 X-16.357 Y4.23 E.3276
G1 X-17.156 Y4.236 E.03843
G1 X-17.092 Y2.748 E.07163
G1 X-16.914 Y0 E.13245
G1 X-17.02 Y-2.373 E.11425
G1 X-17.05 Y-2.713 E.01642
G1 X-17.106 Y-4.213 E.0722
G1 X-16.336 Y-4.227 E.03704
G1 X-13.046 Y-4.118 E.15832
G1 X-9.48 Y-4.087 E.17152
G1 X-7.989 Y-4.052 E.07173
G1 X-8.107 Y-2.572 E.07141
G1 X-8.137 Y-.48 E.10063
G1 X-8.046 Y2.248 E.13128
G1 X-8.049 Y2.594 E.01664
G1 X-7.969 Y3.991 E.0673
G1 X-7.558 Y4.435 F7800
G1 F900
G1 X-9.538 Y4.441 E.09523
G1 X-16.35 Y4.615 E.32774
G1 X-17.559 Y4.625 E.05815
G1 X-17.477 Y2.727 E.09137
G1 X-17.3 Y.017 E.13062
G1 X-17.405 Y-2.356 E.11424
G1 X-17.435 Y-2.688 E.01603
G1 X-17.506 Y-4.591 E.09159
G1 X-16.333 Y-4.613 E.05643
G1 X-13.033 Y-4.503 E.15881
G1 X-9.474 Y-4.472 E.17118
G1 X-7.572 Y-4.428 E.0915
G1 X-7.721 Y-2.566 E.08984
G1 X-7.751 Y-.475 E.10058
G1 X-7.66 Y2.254 E.13133
G1 X-7.664 Y2.572 E.0153
G1 X-7.561 Y4.375 E.08686
G1 X-7.15 Y4.819 F7800
;TYPE:External perimeter
G1 F1800
G1 X-9.528 Y4.826 E.11437
G1 X-16.344 Y5.001 E.32793
G1 X-17.961 Y5.014 E.07777
G1 X-17.862 Y2.706 E.11111
G1 X-17.685 Y.034 E.1288
G1 X-17.79 Y-2.339 E.11424
G1 X-17.82 Y-2.663 E.01565
G1 X-17.906 Y-4.97 E.11104
G1 X-16.331 Y-4.999 E.07576
G1 X-13.02 Y-4.889 E.15934
G1 X-9.468 Y-4.858 E.17085
G1 X-7.154 Y-4.804 E.11133
G1 X-7.336 Y-2.561 E.10824
G1 X-7.366 Y-.46 E.10106
G1 X-7.275 Y2.259 E.13085
G1 X-7.279 Y2.55 E.014
G1 X-7.153 Y4.759 E.10642
G1 X-7.548 Y4.82 F7800
G1 E-2 F2400
G1 X-16.847 Y3.796 F7800
G1 E2 F2400
;TYPE:Internal infill
;WIDTH:0.45
G1 F4800
G1 X-16.719 Y1.486 E.11127
G1 X-8.422 Y-.737 E.41313
G1 X-8.418 Y-.238 E.024
G1 X-12 Y-3.819 E.24361
G1 X-10.956 Y-3.81 E.05021
G1 X-13.008 Y3.85 E.38141
G1 X-12.522 Y3.838 E.02338
G1 X-16.638 Y-.278 E.27997
G1 X-16.744 Y-2.589 E.11127
;LAYER_CHANGE
;Z:5.75
;HEIGHT:0.3
G1 E-2 F2400
G1 Z5.75 F7800
G1 Z5.75
G1 X8.849 Y4.081
G1 E2 F2400
;TYPE:Perimeter
;WIDTH:0.45
G1 F900
G1 X8.841 Y4.081 E.00038
G1 X8.736 Y2.559 E.07338
G1 X8.828 Y-.027 E.12446
G1 X8.73 Y-4.092 E.19557
G1 X12.908 Y-4.163 E.20098
G1 X13.719 Y-4.197 E.03904
G1 X14.972 Y-4.21 E.06027
G1 X16.88 Y-4.265 E.09181
G1 X17.953 Y-4.27 E.05161
G1 X17.86 Y-.804 E.16676
G1 X17.847 Y1.919 E.13097
G1 X17.895 Y3.58 E.07992
G1 X17.937 Y4.083 E.02428
G1 X17.955 Y4.297 E.01033
G1 X14.982 Y4.249 E.14301
G1 X13.84 Y4.25 E.05493
G1 X8.909 Y4.083 E.2373
G1 X8.486 Y4.455 F7800
G1 F900
G1 X8.481 Y4.455 E.00024
G1 X8.35 Y2.565 E.09112
G1 X8.443 Y-.018 E.12431
G1 X8.335 Y-4.47 E.21419
G1 X12.892 Y-4.549 E.21921
G1 X13.709 Y-4.583 E.03933
G1 X14.96 Y-4.596 E.06017
G1 X16.874 Y-4.651 E.09209
G1 X18.35 Y-4.658 E.07099
G1 X18.245 Y-.802 E.18553
G1 X18.233 Y1.908 E.13034
G1 X18.281 Y3.569 E.07992
G1 X18.321 Y4.05 E.02321
G1 X18.376 Y4.696 E.03118
G1 X14.983 Y4.634 E.16322
G1 X13.834 Y4.635 E.05526
G1 X8.546 Y4.457 E.25448
G1 X8.122 Y4.829 F7800
;TYPE:External perimeter
G1 F1800
G1 X8.12 Y4.828 E.00011
G1 X7.964 Y2.572 E.10876
G1 X8.057 Y-.005 E.12403
G1 X7.94 Y-4.849 E.23305
G1 X12.874 Y-4.934 E.23734
G1 X13.699 Y-4.968 E.03971
G1 X14.949 Y-4.981 E.06012
G1 X16.867 Y-5.036 E.09229
G1 X18.746 Y-5.045 E.09037
G1 X18.631 Y-.8 E.20424
G1 X18.618 Y1.897 E.12972
G1 X18.666 Y3.558 E.07992
G1 X18.705 Y4.017 E.02216
G1 X18.797 Y5.095 E.05204
G1 X17.735 Y5.062 E.0511
G1 X14.986 Y5.02 E.13223
G1 X13.828 Y5.021 E.0557
G1 X8.182 Y4.831 E.27171
G1 X8.095 Y4.44 F7800
G1 E-2 F2400
G1 X14.583 Y3.96 F7800
G1 E2 F2400
;TYPE:Internal infill
;WIDTH:0.45
G1 F4800
G1 X16.896 Y3.988 E.11126
G1 X17.559 Y1.514 E.12319
G1 X17.561 Y1.201 E.01505
G1 X12.494 Y-3.867 E.34469
G1 X13.016 Y-3.879 E.02511
G1 X10.942 Y3.863 E.38549
G1 X12.081 Y3.901 E.05481
G1 X9.085 Y.905 E.20378
G1 X9.097 Y.557 E.01675
G1 X17.595 Y-1.72 E.42314
G1 X17.656 Y-3.98 E.10874
G1 X17.602 Y-3.979 E.0026
G1 E-2 F2400
G1 X-7.856 Y4.034 F7800
G1 E2 F2400
;TYPE:Perimeter
;WIDTH:0.45
G1 F900
G1 X-9.455 Y4.047 E.07691
G1 X-16.295 Y4.223 E.32909
G1 X-17.089 Y4.226 E.03819
G1 X-17.026 Y2.735 E.07178
G1 X-16.841 Y-.007 E.13218
G1 X-16.93 Y-2.018 E.09682
G1 X-16.993 Y-2.711 E.03347
G1 X-17.048 Y-4.211 E.07219
G1 X-16.283 Y-4.227 E.0368
G1 X-12.959 Y-4.117 E.15996
G1 X-9.38 Y-4.082 E.17215
G1 X-7.869 Y-4.048 E.07269
G1 X-7.993 Y-2.555 E.07206
G1 X-8.019 Y-.758 E.08644
G1 X-7.929 Y1.944 E.13003
G1 X-7.936 Y2.578 E.0305
G1 X-7.859 Y3.974 E.06724
G1 X-7.449 Y4.416 F7800
G1 F900
G1 X-9.445 Y4.432 E.096
G1 X-16.289 Y4.608 E.32928
G1 X-17.491 Y4.614 E.05781
G1 X-17.411 Y2.715 E.09142
G1 X-17.226 Y.01 E.13041
G1 X-17.315 Y-2.001 E.09682
G1 X-17.378 Y-2.686 E.03309
G1 X-17.447 Y-4.589 E.09159
G1 X-16.281 Y-4.613 E.05609
G1 X-12.969 Y-4.503 E.15938
G1 X-9.374 Y-4.468 E.17292
G1 X-7.451 Y-4.417 E.09252
G1 X-7.608 Y-2.549 E.09016
G1 X-7.633 Y-.724 E.08778
G1 X-7.543 Y1.95 E.12868
G1 X-7.551 Y2.556 E.02915
G1 X-7.452 Y4.356 E.0867
G1 X-7.042 Y4.798 F7800
;TYPE:External perimeter
G1 F1800
G1 X-9.431 Y4.818 E.11491
G1 X-16.283 Y4.994 E.32967
G1 X-17.893 Y5.001 E.07744
G1 X-17.796 Y2.694 E.11106
G1 X-17.611 Y.027 E.12858
G1 X-17.7 Y-1.983 E.09677
G1 X-17.763 Y-2.661 E.03275
G1 X-17.847 Y-4.966 E.11094
G1 X-16.278 Y-4.998 E.07548
G1 X-12.956 Y-4.888 E.15986
G1 X-9.368 Y-4.854 E.17258
G1 X-7.033 Y-4.786 E.11235
G1 X-7.222 Y-2.544 E.10821
G1 X-7.248 Y-.737 E.08692
G1 X-7.158 Y1.956 E.1296
G1 X-7.166 Y2.535 E.02785
G1 X-7.045 Y4.739 E.10616
G1 X-7.44 Y4.801 F7800
G1 E-2 F2400
G1 X-16.78 Y3.777 F7800
G1 E2 F2400
;TYPE:Internal infill
;WIDTH:0.45
G1 F4800
G1 X-16.649 Y1.467 E.11128
G1 X-8.308 Y-.768 E.41533
G1 X-8.286 Y-.106 E.03186
G1 X-11.996 Y-3.815 E.25232
G1 X-10.958 Y-3.803 E.04993
G1 X-13.006 Y3.843 E.38071
G1 X-12.529 Y3.831 E.02295
G1 X-16.56 Y-.2 E.27418
G1 X-16.685 Y-2.51 E.11127
;LAYER_CHANGE
;Z:6.05
;HEIGHT:0.3
G1 E-2 F2400
G1 Z6.05 F7800
G1 Z6.05
G1 X8.735 Y4.058
G1 E2 F2400
;TYPE:Perimeter
;WIDTH:0.45
G1 F900
G1 X8.619 Y2.54 E.07322
G1 X8.717 Y-.028 E.1236
G1 X8.616 Y-4.07 E.19447
G1 X12.207 Y-4.136 E.17274
G1 X13.644 Y-4.196 E.06917
G1 X17.854 Y-4.255 E.20251
G1 X17.75 Y-.444 E.18336
G1 X17.743 Y2.2 E.12717
G1 X17.774 Y3.231 E.04961
G1 X17.821 Y3.776 E.02631
G1 X17.864 Y4.282 E.02442
G1 X15.837 Y4.243 E.09751
G1 X13.767 Y4.245 E.09956
G1 X8.793 Y4.062 E.23939
G1 X8.377 Y4.432 F7800
G1 F900
G1 X8.233 Y2.547 E.09093
G1 X8.332 Y-.018 E.12346
G1 X8.221 Y-4.448 E.21313
G1 X12.2 Y-4.522 E.19141
G1 X13.634 Y-4.581 E.06903
G1 X15.787 Y-4.603 E.10356
G1 X17.337 Y-4.642 E.07457
G1 X18.25 Y-4.639 E.04391
G1 X18.136 Y-.443 E.20189
G1 X18.129 Y2.201 E.12717
G1 X18.158 Y3.198 E.04797
G1 X18.205 Y3.743 E.02631
G1 X18.285 Y4.681 E.04528
G1 X15.837 Y4.629 E.11777
G1 X13.76 Y4.631 E.0999
G1 X8.437 Y4.434 E.25619
G1 X8.018 Y4.805 F7800
;TYPE:External perimeter
G1 F1800
G1 X7.846 Y2.554 E.10858
G1 X7.946 Y-.008 E.12332
G1 X7.826 Y-4.827 E.23185
G1 X12.193 Y-4.907 E.21007
G1 X13.624 Y-4.967 E.06889
G1 X15.783 Y-4.989 E.10385
G1 X17.333 Y-5.028 E.07457
G1 X18.647 Y-5.024 E.0632
G1 X18.522 Y-.442 E.22046
G1 X18.514 Y2.203 E.12722
G1 X18.542 Y3.165 E.04629
G1 X18.589 Y3.711 E.02636
G1 X18.706 Y5.081 E.06613
G1 X15.841 Y5.014 E.13783
G1 X13.753 Y5.017 E.10043
G1 X8.078 Y4.807 E.27313
G1 X7.99 Y4.417 F7800
G1 E-2 F2400
G1 X14.587 Y3.955 F7800
G1 E2 F2400
;TYPE:Internal infill
;WIDTH:0.45
G1 F4800
G1 X16.901 Y3.973 E.1113
G1 X17.455 Y1.904 E.10302
G1 X17.457 Y1.097 E.03881
G1 X12.501 Y-3.859 E.3371
G1 X13.016 Y-3.88 E.02479
G1 X10.945 Y3.852 E.38499
G1 X12.074 Y3.893 E.05434
G1 X8.976 Y.796 E.21069
G1 X8.984 Y.587 E.01006
G1 X17.495 Y-1.694 E.4238
G1 X17.557 Y-3.966 E.10932
G1 X17.517 Y-3.967 E.00192
G1 E-2 F2400
G1 X-7.746 Y4.014 F7800
G1 E2 F2400
;TYPE:Perimeter
;WIDTH:0.45
G1 F900
G1 X-7.746 Y4.017 E.00014
G1 X-9.357 Y4.038 E.07749
G1 X-16.233 Y4.215 E.33082
G1 X-17.023 Y4.218 E.038
G1 X-16.96 Y2.724 E.07192
G1 X-16.767 Y-.015 E.13206
G1 X-16.84 Y-1.662 E.07929
G1 X-16.937 Y-2.709 E.05057
G1 X-16.99 Y-4.209 E.07219
G1 X-16.23 Y-4.226 E.03656
G1 X-12.918 Y-4.117 E.15938
G1 X-8.807 Y-4.068 E.19774
G1 X-7.763 Y-4.027 E.05025
G1 X-7.879 Y-2.537 E.07188
G1 X-7.901 Y-1.035 E.07225
G1 X-7.813 Y1.519 E.12291
G1 X-7.824 Y2.562 E.05017
G1 X-7.75 Y3.954 E.06704
G1 X-7.34 Y4.396 F7800
G1 F900
G1 X-7.34 Y4.397 E.00005
G1 X-9.349 Y4.423 E.09663
G1 X-16.228 Y4.601 E.33097
G1 X-17.425 Y4.604 E.05757
G1 X-17.345 Y2.704 E.09146
G1 X-17.243 Y1.088 E.07788
G1 X-17.152 Y.002 E.05242
G1 X-17.225 Y-1.645 E.07929
G1 X-17.321 Y-2.685 E.05023
G1 X-17.389 Y-4.586 E.09149
G1 X-16.228 Y-4.612 E.05585
G1 X-12.893 Y-4.502 E.16049
G1 X-8.797 Y-4.454 E.19702
G1 X-7.343 Y-4.396 E.06999
G1 X-7.358 Y-4.252 E.00696
G1 X-7.494 Y-2.532 E.08298
G1 X-7.515 Y-1.03 E.07225
G1 X-7.428 Y1.505 E.122
G1 X-7.438 Y2.541 E.04983
G1 X-7.343 Y4.336 E.08645
G1 X-6.934 Y4.778 F7800
;TYPE:External perimeter
G1 F1800
G1 X-9.339 Y4.809 E.11568
G1 X-16.222 Y4.987 E.33116
G1 X-17.828 Y4.991 E.07724
G1 X-17.73 Y2.684 E.11106
G1 X-17.628 Y1.064 E.07807
G1 X-17.537 Y.02 E.0504
G1 X-17.611 Y-1.628 E.07934
G1 X-17.706 Y-2.66 E.04985
G1 X-17.788 Y-4.963 E.11084
G1 X-16.226 Y-4.998 E.07515
G1 X-12.888 Y-4.887 E.16063
G1 X-8.787 Y-4.839 E.19726
G1 X-6.916 Y-4.765 E.09006
G1 X-6.975 Y-4.212 E.02675
G1 X-7.108 Y-2.526 E.08134
G1 X-7.13 Y-1.024 E.07225
G1 X-7.043 Y1.492 E.12108
G1 X-7.053 Y2.521 E.04949
G1 X-6.937 Y4.718 E.10582
G1 X-7.332 Y4.783 F7800
G1 E-2 F2400
G1 X-16.714 Y3.761 F7800
G1 E2 F2400
;TYPE:Internal infill
;WIDTH:0.45
G1 F4800
G1 X-16.59 Y1.451 E.11126
G1 X-8.182 Y-.802 E.41866
G1 X-8.154 Y.026 E.03985
G1 X-11.997 Y-3.817 E.2614
G1 X-10.957 Y-3.804 E.05002
G1 X-13.006 Y3.843 E.38077
G1 X-12.53 Y3.831 E.0229
G1 X-16.483 Y-.122 E.26888
G1 X-16.621 Y-2.431 E.11125
;LAYER_CHANGE
;Z:6.35
;HEIGHT:0.3
G1 E-2 F2400
G1 Z6.35 F7800
G1 Z6.35
G1 X8.614 Y4.041
G1 E2 F2400
;TYPE:Perimeter
;WIDTH:0.45
G1 F900
G1 X8.501 Y2.525 E.07312
G1 X8.606 Y-.027 E.12285
G1 X8.508 Y-4.051 E.1936
G1 X11.529 Y-4.11 E.14533
G1 X13.57 Y-4.194 E.09825
G1 X17.755 Y-4.232 E.20129
G1 X17.733 Y-3.44 E.03811
G1 X17.641 Y-.084 E.16147
G1 X17.64 Y2.515 E.125
G1 X17.778 Y4.27 E.08467
G1 X16.691 Y4.238 E.0523
G1 X13.696 Y4.241 E.14405
G1 X11.7 Y4.149 E.0961
G1 X8.674 Y4.043 E.14563
G1 X8.255 Y4.414 F7800
G1 F900
G1 X8.115 Y2.531 E.09082
G1 X8.221 Y-.017 E.12266
G1 X8.113 Y-4.429 E.21227
G1 X11.521 Y-4.495 E.16394
G1 X13.559 Y-4.58 E.09811
G1 X16.956 Y-4.62 E.1634
G1 X18.151 Y-4.617 E.05748
G1 X18.118 Y-3.43 E.05711
G1 X18.026 Y-.084 E.16099
G1 X18.025 Y2.516 E.12505
G1 X18.197 Y4.668 E.10383
G1 X16.691 Y4.623 E.07247
G1 X13.687 Y4.627 E.14448
G1 X11.686 Y4.535 E.09634
G1 X8.315 Y4.416 E.16223
G1 X7.896 Y4.787 F7800
;TYPE:External perimeter
G1 F1800
G1 X7.729 Y2.537 E.10851
G1 X7.835 Y-.008 E.12251
G1 X7.722 Y-4.638 E.22275
G1 X7.704 Y-4.807 E.00817
G1 X11.514 Y-4.881 E.18328
G1 X13.549 Y-4.965 E.09796
G1 X16.954 Y-5.005 E.16378
G1 X18.547 Y-5.001 E.07662
G1 X18.504 Y-3.419 E.07612
G1 X18.412 Y-.084 E.16046
G1 X18.411 Y2.516 E.12505
G1 X18.616 Y5.066 E.12304
G1 X16.692 Y5.009 E.09258
G1 X13.678 Y5.012 E.14496
G1 X11.675 Y4.92 E.09644
G1 X7.956 Y4.789 E.17898
G1 X7.869 Y4.399 F7800
G1 E-2 F2400
G1 X14.592 Y3.951 F7800
G1 E2 F2400
;TYPE:Internal infill
;WIDTH:0.45
G1 F4800
G1 X16.905 Y3.955 E.11125
G1 X17.35 Y2.294 E.08271
G1 X17.351 Y.991 E.06267
G1 X12.5 Y-3.861 E.32999
G1 X13.017 Y-3.882 E.02489
G1 X10.949 Y3.834 E.38421
G1 X12.057 Y3.876 E.05333
G1 X8.867 Y.687 E.21695
G1 X8.87 Y.617 E.00337
G1 X17.395 Y-1.667 E.42448
G1 X17.421 Y-3.944 E.10952
G1 E-2 F2400
G1 X-7.637 Y3.997 F7800
G1 E2 F2400
;TYPE:Perimeter
;WIDTH:0.45
G1 F900
G1 X-7.637 Y4.003 E.00029
G1 X-12.786 Y4.108 E.2477
G1 X-16.173 Y4.208 E.16297
G1 X-16.958 Y4.209 E.03776
G1 X-16.894 Y2.714 E.07197
G1 X-16.81 Y1.368 E.06486
G1 X-16.693 Y-.022 E.06709
G1 X-16.753 Y-1.354 E.06413
G1 X-16.88 Y-2.708 E.06541
G1 X-16.932 Y-4.208 E.07219
G1 X-16.178 Y-4.226 E.03628
G1 X-12.833 Y-4.116 E.16097
G1 X-9.344 Y-4.078 E.16782
G1 X-7.648 Y-4.007 E.08164
G1 X-7.654 Y-3.949 E.0028
G1 X-7.763 Y-2.583 E.06591
G1 X-7.783 Y-1.313 E.06109
G1 X-7.694 Y1.268 E.12421
G1 X-7.711 Y2.545 E.06142
G1 X-7.64 Y3.937 E.06704
G1 X-7.231 Y4.377 F7800
G1 F900
G1 X-7.231 Y4.38 E.00014
G1 X-12.769 Y4.494 E.26641
G1 X-16.167 Y4.594 E.1635
G1 X-17.36 Y4.595 E.05738
G1 X-17.279 Y2.694 E.09151
G1 X-17.194 Y1.338 E.06535
G1 X-17.078 Y-.005 E.06483
G1 X-17.137 Y-1.318 E.06321
G1 X-17.265 Y-2.683 E.06594
G1 X-17.33 Y-4.583 E.09144
G1 X-16.176 Y-4.612 E.05552
G1 X-12.829 Y-4.501 E.16107
G1 X-9.334 Y-4.463 E.16811
G1 X-7.221 Y-4.375 E.10172
G1 X-7.27 Y-3.908 E.02258
G1 X-7.378 Y-2.552 E.06543
G1 X-7.397 Y-1.307 E.05989
G1 X-7.308 Y1.264 E.12373
G1 X-7.326 Y2.526 E.0607
G1 X-7.234 Y4.317 E.08625
G1 X-6.826 Y4.757 F7800
;TYPE:External perimeter
G1 F1800
G1 X-12.761 Y4.879 E.28551
G1 X-16.162 Y4.98 E.16365
G1 X-17.762 Y4.98 E.07695
G1 X-17.665 Y2.673 E.11106
G1 X-17.579 Y1.309 E.06573
G1 X-17.463 Y.012 E.06263
G1 X-17.521 Y-1.282 E.0623
G1 X-17.65 Y-2.658 E.06647
G1 X-17.729 Y-4.959 E.11074
G1 X-16.174 Y-4.998 E.07481
G1 X-12.829 Y-4.887 E.16097
G1 X-9.324 Y-4.849 E.16859
G1 X-6.794 Y-4.743 E.12179
G1 X-6.887 Y-3.867 E.04237
G1 X-6.994 Y-2.521 E.06494
G1 X-7.012 Y-1.302 E.05864
G1 X-6.923 Y1.26 E.1233
G1 X-6.941 Y2.506 E.05993
G1 X-6.829 Y4.697 E.10552
G1 X-7.223 Y4.765 F7800
G1 E-2 F2400
G1 X-16.648 Y3.744 F7800
G1 E2 F2400
;TYPE:Internal infill
;WIDTH:0.45
G1 F4800
G1 X-16.524 Y1.433 E.11131
G1 X-8.056 Y-.836 E.42165
G1 X-8.022 Y.159 E.04788
G1 X-11.998 Y-3.818 E.27048
G1 X-10.957 Y-3.806 E.05007
G1 X-13.002 Y3.825 E.37998
G1 X-12.546 Y3.814 E.02194
G1 X-16.405 Y-.045 E.26248
G1 X-16.556 Y-2.353 E.11124
;LAYER_CHANGE
;Z:6.65
;HEIGHT:0.3
G1 E-2 F2400
G1 Z6.65 F7800
G1 Z6.65
G1 X8.493 Y4.023
G1 E2 F2400
;TYPE:Perimeter
;WIDTH:0.45
G1 F900
G1 X8.391 Y2.62 E.06766
G1 X8.496 Y-.027 E.12741
G1 X8.396 Y-4.033 E.19273
G1 X10.871 Y-4.084 E.11906
G1 X13.493 Y-4.193 E.12622
G1 X17.656 Y-4.214 E.20023
G1 X17.544 Y-.046 E.20054
G1 X17.546 Y2.612 E.12784
G1 X17.607 Y3.37 E.03658
G1 X17.682 Y4.256 E.04277
G1 X16.818 Y4.231 E.04157
G1 X13.62 Y4.237 E.15381
G1 X8.551 Y4.028 E.24401
G1 X8.133 Y4.398 F7800
G1 F900
G1 X8.007 Y2.648 E.08439
G1 X8.11 Y-.018 E.12832
G1 X7.992 Y-4.41 E.21132
G1 X10.843 Y-4.469 E.13715
G1 X13.483 Y-4.578 E.12708
G1 X16.934 Y-4.606 E.16599
G1 X18.052 Y-4.597 E.05377
G1 X17.929 Y-.046 E.21897
G1 X17.931 Y2.612 E.12784
G1 X17.991 Y3.338 E.03504
G1 X18.103 Y4.654 E.06352
G1 X16.819 Y4.617 E.06178
G1 X13.612 Y4.622 E.15425
G1 X10.998 Y4.502 E.12586
G1 X8.193 Y4.4 E.135
G1 X7.773 Y4.771 F7800
;TYPE:External perimeter
G1 F1800
G1 X7.622 Y2.676 E.10102
G1 X7.62 Y2.369 E.01477
G1 X7.67 Y1.523 E.04076
G1 X7.725 Y-.008 E.07368
G1 X7.619 Y-4.267 E.20491
G1 X7.562 Y-4.787 E.02516
G1 X10.835 Y-4.855 E.15745
G1 X13.473 Y-4.964 E.12699
G1 X16.934 Y-4.992 E.16647
G1 X18.448 Y-4.979 E.07282
G1 X18.315 Y-.046 E.23735
G1 X18.317 Y2.611 E.12779
G1 X18.375 Y3.305 E.0335
G1 X18.524 Y5.052 E.08433
G1 X16.819 Y5.002 E.08204
G1 X13.603 Y5.008 E.15468
G1 X10.98 Y4.888 E.12629
G1 X7.833 Y4.773 E.15146
G1 X7.747 Y4.382 F7800
G1 E-2 F2400
G1 X14.594 Y3.946 F7800
G1 E2 F2400
;TYPE:Internal infill
;WIDTH:0.45
G1 F4800
G1 X16.908 Y3.944 E.1113
G1 X17.258 Y2.637 E.06508
G1 X17.256 Y.895 E.08378
G1 X12.498 Y-3.862 E.3236
G1 X13.017 Y-3.884 E.02498
G1 X10.949 Y3.837 E.38444
G1 X12.063 Y3.883 E.05363
G1 X8.764 Y.584 E.22439
G1 X8.762 Y.646 E.00298
G1 X17.297 Y-1.641 E.42499
G1 X17.333 Y-3.928 E.11001
G1 E-2 F2400
G1 X-7.527 Y3.977 F7800
G1 E2 F2400
;TYPE:Perimeter
;WIDTH:0.45
G1 F900
G1 X-7.527 Y3.983 E.00029
G1 X-12.704 Y4.099 E.24906
G1 X-16.112 Y4.201 E.16399
G1 X-16.892 Y4.2 E.03752
G1 X-16.829 Y2.703 E.07206
G1 X-16.763 Y1.662 E.05017
G1 X-16.619 Y-.029 E.08163
G1 X-16.663 Y-.998 E.04665
G1 X-16.823 Y-2.706 E.08251
G1 X-16.873 Y-4.206 E.07218
G1 X-16.124 Y-4.226 E.03604
G1 X-13.419 Y-4.137 E.13017
G1 X-9.62 Y-4.083 E.18274
G1 X-7.526 Y-3.983 E.10083
G1 X-7.566 Y-3.604 E.01833
G1 X-7.649 Y-2.565 E.05013
G1 X-7.665 Y-1.543 E.04916
G1 X-7.577 Y.957 E.12032
G1 X-7.599 Y2.529 E.07562
G1 X-7.53 Y3.917 E.06684
G1 X-7.123 Y4.356 F7800
G1 F900
G1 X-7.122 Y4.359 E.00015
G1 X-12.696 Y4.485 E.26816
G1 X-16.106 Y4.587 E.16408
G1 X-17.294 Y4.585 E.05714
G1 X-17.214 Y2.683 E.09156
G1 X-17.147 Y1.632 E.05065
G1 X-17.004 Y-.012 E.07937
G1 X-17.047 Y-.963 E.04579
G1 X-17.208 Y-2.681 E.08299
G1 X-17.272 Y-4.581 E.09144
G1 X-16.123 Y-4.612 E.05528
G1 X-13.414 Y-4.522 E.13037
G1 X-9.603 Y-4.468 E.18331
G1 X-9.096 Y-4.432 E.02445
G1 X-7.099 Y-4.352 E.09613
G1 X-7.183 Y-3.563 E.03816
G1 X-7.265 Y-2.535 E.0496
G1 X-7.279 Y-1.556 E.04709
G1 X-7.191 Y.953 E.12075
G1 X-7.213 Y2.51 E.07489
G1 X-7.125 Y4.296 E.086
G1 X-6.718 Y4.736 F7800
;TYPE:External perimeter
G1 F1800
G1 X-12.687 Y4.87 E.28716
G1 X-16.101 Y4.973 E.16428
G1 X-17.696 Y4.97 E.07671
G1 X-17.599 Y2.663 E.11106
G1 X-17.532 Y1.603 E.05108
G1 X-17.39 Y.005 E.07716
G1 X-17.431 Y-.927 E.04487
G1 X-17.593 Y-2.657 E.08357
G1 X-17.671 Y-4.956 E.11064
G1 X-16.122 Y-4.997 E.07453
G1 X-13.409 Y-4.908 E.13056
G1 X-9.587 Y-4.854 E.18384
G1 X-9.08 Y-4.817 E.02445
G1 X-6.672 Y-4.721 E.11591
G1 X-6.799 Y-3.523 E.05794
G1 X-6.88 Y-2.504 E.04916
G1 X-6.894 Y-1.569 E.04498
G1 X-6.806 Y.949 E.12118
G1 X-6.828 Y2.491 E.07417
G1 X-6.721 Y4.676 E.10522
G1 X-7.115 Y4.744 F7800
G1 E-2 F2400
G1 X-16.58 Y3.724 F7800
G1 E2 F2400
;TYPE:Internal infill
;WIDTH:0.45
G1 F4800
G1 X-16.451 Y1.414 E.11128
G1 X-7.929 Y-.87 E.42434
G1 X-7.889 Y.291 E.05587
G1 X-12.008 Y-3.828 E.28017
G1 X-10.955 Y-3.813 E.05065
G1 X-13 Y3.819 E.38002
G1 X-12.554 Y3.806 E.02146
G1 X-16.331 Y.03 E.25687
G1 X-16.492 Y-2.277 E.11123
;LAYER_CHANGE
;Z:6.95
;HEIGHT:0.3
G1 E-2 F2400
G1 Z6.95 F7800
G1 Z6.95
G1 X8.372 Y4.008
G1 E2 F2400
;TYPE:Perimeter
;WIDTH:0.45
G1 F900
G1 X8.266 Y2.501 E.07266
G1 X8.342 Y1.214 E.06201
G1 X8.385 Y-.027 E.05972
G1 X8.279 Y-4.014 E.19183
G1 X10.192 Y-4.058 E.09203
G1 X13.416 Y-4.191 E.1552
G1 X17.564 Y-4.204 E.19951
G1 X17.448 Y-.043 E.20021
G1 X17.457 Y2.608 E.1275
G1 X17.519 Y3.364 E.03648
G1 X17.596 Y4.247 E.04263
G1 X16.733 Y4.224 E.04152
G1 X13.542 Y4.232 E.15348
G1 X8.426 Y4.016 E.24628
G1 X8.011 Y4.381 F7800
G1 F900
G1 X7.88 Y2.503 E.09054
G1 X7.957 Y1.2 E.06278
G1 X7.999 Y-.018 E.05862
G1 X7.901 Y-3.906 E.18706
G1 X7.849 Y-4.39 E.02341
G1 X10.176 Y-4.443 E.11195
G1 X13.407 Y-4.577 E.15553
G1 X17.96 Y-4.585 E.21898
G1 X17.834 Y-.044 E.21849
G1 X17.842 Y2.607 E.1275
G1 X17.903 Y3.33 E.0349
G1 X18.018 Y4.645 E.06349
G1 X16.734 Y4.61 E.06178
G1 X13.535 Y4.618 E.15386
G1 X8.068 Y4.387 E.26318
G1 X7.651 Y4.755 F7800
;TYPE:External perimeter
G1 F1800
G1 X7.493 Y2.505 E.10848
G1 X7.571 Y1.191 E.06331
G1 X7.614 Y-.008 E.0577
G1 X7.515 Y-3.896 E.18706
G1 X7.42 Y-4.767 E.04214
G1 X10.16 Y-4.828 E.13182
G1 X13.398 Y-4.963 E.15587
G1 X17.05 Y-4.981 E.17565
G1 X18.356 Y-4.966 E.06282
G1 X18.22 Y-.045 E.23677
G1 X18.228 Y2.606 E.1275
G1 X18.288 Y3.297 E.03336
G1 X18.44 Y5.042 E.08425
G1 X16.735 Y4.995 E.08204
G1 X13.527 Y5.004 E.15429
G1 X7.711 Y4.757 E.27998
G1 X7.625 Y4.367 F7800
G1 E-2 F2400
G1 X14.596 Y3.94 F7800
G1 E2 F2400
;TYPE:Internal infill
;WIDTH:0.45
G1 F4800
G1 X16.909 Y3.939 E.11125
G1 X17.191 Y2.889 E.05229
G1 X17.162 Y.801 E.10044
G1 X12.497 Y-3.864 E.31731
G1 X13.018 Y-3.885 E.02508
G1 X10.95 Y3.833 E.3843
G1 X12.06 Y3.88 E.05344
G1 X8.657 Y.477 E.23147
G1 X8.65 Y.676 E.00958
G1 X17.203 Y-1.615 E.42587
G1 X17.256 Y-3.918 E.1108
G1 E-2 F2400
G1 X-7.418 Y3.957 F7800
G1 E2 F2400
;TYPE:Perimeter
;WIDTH:0.45
G1 F900
G1 X-7.417 Y3.963 E.00029
G1 X-12.632 Y4.09 E.2509
G1 X-16.05 Y4.194 E.16447
G1 X-16.826 Y4.191 E.03732
G1 X-16.716 Y1.955 E.10767
G1 X-16.545 Y-.037 E.09616
G1 X-16.574 Y-.643 E.02918
G1 X-16.766 Y-2.704 E.09956
G1 X-16.815 Y-4.204 E.07218
G1 X-16.072 Y-4.225 E.03575
G1 X-12.788 Y-4.118 E.15803
G1 X-9.953 Y-4.089 E.13636
G1 X-9.013 Y-4.026 E.04531
G1 X-7.404 Y-3.962 E.07745
G1 X-7.478 Y-3.259 E.034
G1 X-7.54 Y-2.385 E.04214
G1 X-7.547 Y-1.82 E.02718
G1 X-7.46 Y.645 E.11863
G1 X-7.486 Y2.513 E.08985
G1 X-7.421 Y3.897 E.06664
G1 X-7.014 Y4.335 F7800
G1 F900
G1 X-7.014 Y4.339 E.00019
G1 X-12.623 Y4.476 E.26985
G1 X-16.045 Y4.58 E.16466
G1 X-17.229 Y4.575 E.05695
G1 X-17.101 Y1.926 E.12756
G1 X-16.931 Y-.019 E.0939
G1 X-16.957 Y-.607 E.02831
G1 X-17.151 Y-2.68 E.10014
G1 X-17.213 Y-4.578 E.09134
G1 X-16.071 Y-4.611 E.05495
G1 X-12.784 Y-4.503 E.15818
G1 X-9.949 Y-4.474 E.13636
G1 X-8.998 Y-4.411 E.04584
G1 X-6.977 Y-4.331 E.09728
G1 X-7.095 Y-3.219 E.05378
G1 X-7.154 Y-2.38 E.04045
G1 X-7.161 Y-1.833 E.02631
G1 X-7.074 Y.641 E.11906
G1 X-7.101 Y2.495 E.08918
G1 X-7.017 Y4.275 E.08571
G1 X-6.61 Y4.714 F7800
;TYPE:External perimeter
G1 F1800
G1 X-12.613 Y4.861 E.28881
G1 X-16.04 Y4.966 E.1649
G1 X-17.631 Y4.959 E.07652
G1 X-17.485 Y1.896 E.14749
G1 X-17.316 Y-.002 E.09165
G1 X-17.341 Y-.572 E.02744
G1 X-17.536 Y-2.656 E.10067
G1 X-17.612 Y-4.953 E.11054
G1 X-16.07 Y-4.997 E.0742
G1 X-12.781 Y-4.889 E.15827
G1 X-9.945 Y-4.86 E.13641
G1 X-8.983 Y-4.796 E.04637
G1 X-6.55 Y-4.7 E.11711
G1 X-6.711 Y-3.178 E.07361
G1 X-6.768 Y-2.374 E.03877
G1 X-6.776 Y-1.847 E.02535
G1 X-6.689 Y.637 E.11955
G1 X-6.716 Y2.477 E.08851
G1 X-6.613 Y4.654 E.10482
G1 X-7.007 Y4.724 F7800
G1 E-2 F2400
G1 X-7.763 Y2.736 F7800
G1 E2 F2400
;TYPE:Internal infill
;WIDTH:0.45
G1 F4800
G1 X-7.757 Y.423 E.11125
G1 X-12.001 Y-3.821 E.28867
G1 X-10.956 Y-3.81 E.05026
G1 X-13.001 Y3.823 E.38007
G1 X-12.55 Y3.811 E.0217
G1 X-16.263 Y.097 E.25259
G1 X-16.377 Y1.394 E.06262
G1 X-7.803 Y-.903 E.42692
G1 X-7.836 Y-1.869 E.04649
G1 X-7.765 Y-3.214 E.06478
;LAYER_CHANGE
;Z:7.25
;HEIGHT:0.3
G1 E-2 F2400
G1 Z7.25 F7800
G1 Z7.25
G1 X8.251 Y3.99
G1 E2 F2400
;TYPE:Perimeter
;WIDTH:0.45
G1 F900
G1 X8.148 Y2.485 E.07255
G1 X8.242 Y.9 E.07637
G1 X8.274 Y-.028 E.04466
G1 X8.183 Y-3.545 E.16921
G1 X8.137 Y-3.996 E.0218
G1 X9.773 Y-4.036 E.07871
G1 X13.34 Y-4.19 E.17172
G1 X17.475 Y-4.196 E.19888
G1 X17.353 Y-.04 E.19998
G1 X17.368 Y2.605 E.12722
G1 X17.432 Y3.356 E.03625
G1 X17.512 Y4.24 E.04269
G1 X16.648 Y4.217 E.04157
G1 X13.468 Y4.228 E.15295
G1 X8.303 Y4 E.24866
G1 X7.89 Y4.363 F7800
G1 F900
G1 X7.762 Y2.487 E.09044
G1 X7.857 Y.877 E.07757
G1 X7.888 Y-.018 E.04307
G1 X7.798 Y-3.536 E.16926
G1 X7.707 Y-4.371 E.0404
G1 X9.756 Y-4.421 E.09858
G1 X13.331 Y-4.576 E.17211
G1 X17.872 Y-4.577 E.21841
G1 X17.739 Y-.042 E.21821
G1 X17.753 Y2.603 E.12722
G1 X17.816 Y3.321 E.03467
G1 X17.936 Y4.638 E.06361
G1 X16.65 Y4.603 E.06188
G1 X13.46 Y4.614 E.15343
G1 X7.945 Y4.371 E.26551
G1 X7.528 Y4.736 F7800
;TYPE:External perimeter
G1 F1800
G1 X7.376 Y2.488 E.10837
G1 X7.472 Y.854 E.07873
G1 X7.503 Y-.008 E.04149
G1 X7.412 Y-3.526 E.16926
G1 X7.278 Y-4.746 E.05903
G1 X9.739 Y-4.806 E.1184
G1 X13.323 Y-4.961 E.17254
G1 X18.269 Y-4.958 E.23789
G1 X18.124 Y-.044 E.23645
G1 X18.139 Y2.6 E.12717
G1 X18.2 Y3.286 E.03312
G1 X18.359 Y5.035 E.08447
G1 X16.651 Y4.988 E.08218
G1 X13.452 Y4.999 E.15386
G1 X7.587 Y4.741 E.28236
G1 X7.504 Y4.349 F7800
G1 E-2 F2400
G1 X14.597 Y3.935 F7800
G1 E2 F2400
;TYPE:Internal infill
;WIDTH:0.45
G1 F4800
G1 X16.911 Y3.935 E.1113
G1 X17.125 Y3.136 E.03978
G1 X17.068 Y.707 E.11686
G1 X12.496 Y-3.864 E.31095
G1 X13.018 Y-3.887 E.02513
G1 X10.951 Y3.828 E.38415
G1 X12.056 Y3.876 E.0532
G1 X8.55 Y.37 E.23847
G1 X8.538 Y.706 E.01617
G1 X17.109 Y-1.59 E.42677
G1 X17.177 Y-3.903 E.1113
G1 E-2 F2400
G1 X-7.308 Y3.937 F7800
G1 E2 F2400
;TYPE:Perimeter
;WIDTH:0.45
G1 F900
G1 X-7.308 Y3.942 E.00024
G1 X-12.079 Y4.063 E.22954
G1 X-15.989 Y4.187 E.18815
G1 X-16.758 Y4.183 E.03699
G1 X-16.669 Y2.241 E.0935
G1 X-16.475 Y.085 E.10412
G1 X-16.474 Y-.088 E.00832
G1 X-16.709 Y-2.701 E.12618
G1 X-16.757 Y-4.202 E.07223
G1 X-16.019 Y-4.225 E.03551
G1 X-12.889 Y-4.118 E.15063
G1 X-10.226 Y-4.094 E.12809
G1 X-8.916 Y-4.005 E.06315
G1 X-7.282 Y-3.94 E.07865
G1 X-7.391 Y-2.914 E.04962
G1 X-7.429 Y-2.098 E.03929
G1 X-7.344 Y.426 E.12146
G1 X-7.374 Y2.439 E.09683
G1 X-7.311 Y3.877 E.06923
G1 X-6.905 Y4.314 F7800
G1 F900
G1 X-6.905 Y4.317 E.00014
G1 X-12.069 Y4.448 E.24845
G1 X-15.984 Y4.573 E.18839
G1 X-17.161 Y4.566 E.05661
G1 X-17.054 Y2.214 E.11324
G1 X-16.859 Y.05 E.1045
G1 X-17.094 Y-2.677 E.13165
G1 X-17.155 Y-4.576 E.09138
G1 X-16.019 Y-4.611 E.05466
G1 X-12.876 Y-4.503 E.15126
G1 X-10.223 Y-4.479 E.12761
G1 X-8.901 Y-4.39 E.06373
G1 X-6.855 Y-4.309 E.09848
G1 X-7.007 Y-2.874 E.0694
G1 X-7.043 Y-2.111 E.03674
G1 X-6.959 Y.431 E.12233
G1 X-6.989 Y2.445 E.09688
G1 X-6.908 Y4.254 E.08709
G1 X-6.502 Y4.693 F7800
;TYPE:External perimeter
G1 F1800
G1 X-12.059 Y4.834 E.26736
G1 X-15.979 Y4.959 E.18863
G1 X-17.565 Y4.949 E.07628
G1 X-17.439 Y2.188 E.13293
G1 X-17.243 Y.016 E.10489
G1 X-17.479 Y-2.654 E.12892
G1 X-17.553 Y-4.949 E.11044
G1 X-16.018 Y-4.997 E.07386
G1 X-12.862 Y-4.889 E.15188
G1 X-10.219 Y-4.865 E.12712
G1 X-8.886 Y-4.775 E.06426
G1 X-6.428 Y-4.678 E.11831
G1 X-6.624 Y-2.833 E.08924
G1 X-6.658 Y-2.125 E.03409
G1 X-6.573 Y.437 E.12329
G1 X-6.603 Y2.462 E.09741
G1 X-6.505 Y4.633 E.10452
G1 X-6.899 Y4.702 F7800
G1 X-7.645 Y2.858
;TYPE:Internal infill
;WIDTH:0.45
G1 F4800
G1 X-7.635 Y.545 E.11125
G1 X-12.001 Y-3.821 E.29697
G1 X-10.956 Y-3.811 E.05026
G1 X-12.996 Y3.803 E.37912
G1 X-12.571 Y3.789 E.02045
G1 X-16.196 Y.164 E.24657
G1 X-16.302 Y1.374 E.05842
G1 X-7.677 Y-.937 E.42947
G1 X-7.718 Y-2.091 E.05554
G1 X-7.645 Y-3.247 E.05571
;LAYER_CHANGE
;Z:7.55
;HEIGHT:0.3
G1 E-2 F2400
G1 Z7.55 F7800
G1 Z7.55
G1 X8.13 Y3.97
G1 E2 F2400
;TYPE:Perimeter
;WIDTH:0.45
G1 F900
G1 X8.03 Y2.466 E.0725
G1 X8.163 Y-.028 E.12012
G1 X8.074 Y-3.256 E.15531
G1 X7.995 Y-3.977 E.03489
G1 X9.666 Y-4.02 E.0804
G1 X13.268 Y-4.189 E.17343
G1 X16.531 Y-4.203 E.15694
G1 X17.389 Y-4.191 E.04127
G1 X17.257 Y-.034 E.20004
G1 X17.281 Y1.215 E.06008
G1 X17.279 Y2.592 E.06623
G1 X17.415 Y4.233 E.0792
G1 X16.563 Y4.21 E.04099
G1 X13.395 Y4.224 E.15237
G1 X9.759 Y4.039 E.17511
G1 X8.184 Y3.978 E.07581
G1 X7.768 Y4.345 F7800
G1 F900
G1 X7.644 Y2.468 E.09047
G1 X7.777 Y-.018 E.11974
G1 X7.691 Y-3.213 E.15372
G1 X7.565 Y-4.351 E.05507
G1 X9.648 Y-4.405 E.10022
G1 X13.258 Y-4.574 E.17382
G1 X16.533 Y-4.589 E.15752
G1 X17.785 Y-4.571 E.06022
G1 X17.643 Y-.038 E.21813
G1 X17.666 Y2.642 E.1289
G1 X17.843 Y4.63 E.09599
G1 X16.565 Y4.595 E.06149
G1 X13.386 Y4.609 E.1529
G1 X9.739 Y4.424 E.17563
G1 X7.824 Y4.35 E.09217
G1 X7.406 Y4.72 F7800
;TYPE:External perimeter
G1 F1800
G1 X7.258 Y2.471 E.1084
G1 X7.392 Y-.007 E.11936
G1 X7.308 Y-3.171 E.15223
G1 X7.136 Y-4.726 E.07525
G1 X9.63 Y-4.79 E.11999
G1 X13.248 Y-4.96 E.17421
G1 X16.534 Y-4.974 E.15805
G1 X18.181 Y-4.951 E.07922
G1 X18.079 Y-1.239 E.1786
G1 X18.029 Y-.042 E.05762
G1 X18.052 Y1.209 E.06018
G1 X18.05 Y2.593 E.06657
G1 X18.274 Y5.028 E.11761
G1 X16.567 Y4.981 E.08213
G1 X13.377 Y4.995 E.15343
G1 X9.72 Y4.809 E.17612
G1 X7.466 Y4.722 E.10849
G1 X7.382 Y4.331 F7800
G1 E-2 F2400
G1 X14.598 Y3.929 F7800
G1 E2 F2400
;TYPE:Internal infill
;WIDTH:0.45
G1 F4800
G1 X16.912 Y3.93 E.1113
G1 X17.055 Y3.395 E.02663
G1 X16.99 Y2.595 E.0386
G1 X16.98 Y.62 E.09499
G1 X12.497 Y-3.863 E.30493
G1 X13.018 Y-3.887 E.02508
G1 X10.953 Y3.819 E.38371
G1 X12.051 Y3.87 E.05287
G1 X8.437 Y.257 E.24579
G1 X8.411 Y.74 E.02326
G1 X17.017 Y-1.566 E.42852
G1 X17.09 Y-3.878 E.11125
G1 E-2 F2400
G1 X-7.199 Y3.916 F7800
G1 E2 F2400
;TYPE:Perimeter
;WIDTH:0.45
G1 F900
G1 X-7.198 Y3.921 E.00025
G1 X-11.469 Y4.033 E.20549
G1 X-12.552 Y4.088 E.05216
G1 X-15.925 Y4.18 E.16229
G1 X-16.695 Y4.174 E.03704
G1 X-16.632 Y2.681 E.07187
G1 X-16.421 Y.071 E.12594
G1 X-16.422 Y-.091 E.00779
G1 X-16.652 Y-2.698 E.12587
G1 X-16.699 Y-4.2 E.07228
G1 X-15.966 Y-4.225 E.03528
G1 X-13.064 Y-4.12 E.13967
G1 X-10.394 Y-4.098 E.12842
G1 X-8.819 Y-3.984 E.07595
G1 X-7.158 Y-3.918 E.07995
G1 X-7.311 Y-2.38 E.07434
G1 X-7.227 Y.124 E.1205
G1 X-7.262 Y2.425 E.11068
G1 X-7.201 Y3.856 E.06889
G1 X-6.796 Y4.293 F7800
G1 F900
G1 X-6.796 Y4.296 E.00014
G1 X-11.45 Y4.419 E.22392
G1 X-12.537 Y4.474 E.05235
G1 X-15.922 Y4.566 E.16287
G1 X-17.097 Y4.556 E.05652
G1 X-17.016 Y2.657 E.09142
G1 X-16.806 Y.04 E.12627
G1 X-17.037 Y-2.675 E.13105
G1 X-17.096 Y-4.573 E.09133
G1 X-15.966 Y-4.611 E.05438
G1 X-13.061 Y-4.506 E.13981
G1 X-10.378 Y-4.483 E.12905
G1 X-8.804 Y-4.369 E.0759
G1 X-6.732 Y-4.287 E.09973
G1 X-6.925 Y-2.392 E.09161
G1 X-6.842 Y.13 E.12137
G1 X-6.876 Y2.431 E.11068
G1 X-6.799 Y4.233 E.08675
G1 X-6.394 Y4.671 F7800
;TYPE:External perimeter
G1 F1800
G1 X-11.43 Y4.804 E.2423
G1 X-12.522 Y4.859 E.05259
G1 X-15.918 Y4.952 E.1634
G1 X-17.5 Y4.938 E.07609
G1 X-17.401 Y2.633 E.11096
G1 X-17.19 Y.009 E.12661
G1 X-17.422 Y-2.652 E.12847
G1 X-17.494 Y-4.946 E.11039
G1 X-15.966 Y-4.996 E.07353
G1 X-13.058 Y-4.891 E.13996
G1 X-10.363 Y-4.869 E.12962
G1 X-8.789 Y-4.754 E.07591
G1 X-6.305 Y-4.656 E.11956
G1 X-6.54 Y-2.404 E.1089
G1 X-6.456 Y.135 E.12218
G1 X-6.491 Y2.436 E.11068
G1 X-6.397 Y4.611 E.10471
G1 X-6.79 Y4.681 F7800
G1 X-7.528 Y2.969
;TYPE:Internal infill
;WIDTH:0.45
G1 F4800
G1 X-7.525 Y.656 E.11125
G1 X-12.002 Y-3.822 E.30455
G1 X-10.955 Y-3.813 E.05036
G1 X-12.998 Y3.811 E.37963
G1 X-12.561 Y3.799 E.02103
G1 X-16.146 Y.214 E.24385
G1 X-16.237 Y1.356 E.0551
G1 X-7.55 Y-.971 E.43255
G1 X-7.601 Y-2.415 E.06949
G1 X-7.514 Y-3.28 E.04181
;LAYER_CHANGE
;Z:7.85
;HEIGHT:0.3
G1 E-2 F2400
G1 Z7.85 F7800
G1 Z7.85
G1 X8.008 Y3.952
G1 E2 F2400
;TYPE:Perimeter
;WIDTH:0.45
G1 F900
G1 X7.913 Y2.452 E.07229
G1 X8.052 Y-.028 E.11947
G1 X7.971 Y-2.885 E.13747
G1 X7.852 Y-3.958 E.05192
G1 X9.559 Y-4.004 E.08213
G1 X13.193 Y-4.187 E.175
G1 X17.3 Y-4.183 E.19753
G1 X17.162 Y-.026 E.20005
G1 X17.191 Y1.537 E.07519
G1 X17.19 Y2.586 E.05045
G1 X17.332 Y4.226 E.07917
G1 X16.479 Y4.203 E.04104
G1 X13.321 Y4.219 E.15189
G1 X9.642 Y4.021 E.1772
G1 X8.062 Y3.961 E.07605
G1 X7.646 Y4.327 F7800
G1 F900
G1 X7.526 Y2.453 E.09032
G1 X7.666 Y-.018 E.11904
G1 X7.588 Y-2.843 E.13592
G1 X7.423 Y-4.332 E.07205
G1 X9.539 Y-4.389 E.10181
G1 X13.183 Y-4.573 E.17549
G1 X16.448 Y-4.582 E.15704
G1 X17.697 Y-4.563 E.06008
G1 X17.611 Y-1.557 E.14464
G1 X17.548 Y-.038 E.07312
G1 X17.577 Y2.636 E.12862
G1 X17.763 Y4.624 E.09603
G1 X16.481 Y4.588 E.06168
G1 X13.311 Y4.605 E.15247
G1 X9.621 Y4.406 E.17773
G1 X7.702 Y4.333 E.09236
G1 X7.284 Y4.703 F7800
;TYPE:External perimeter
G1 F1800
G1 X7.14 Y2.454 E.10839
G1 X7.281 Y-.007 E.11856
G1 X7.205 Y-2.8 E.13438
G1 X6.994 Y-4.706 E.09223
G1 X9.52 Y-4.774 E.12154
G1 X13.173 Y-4.958 E.17592
G1 X16.45 Y-4.967 E.15761
G1 X18.094 Y-4.943 E.07908
G1 X17.996 Y-1.543 E.1636
G1 X17.933 Y-.042 E.07226
G1 X17.962 Y2.603 E.12722
G1 X18.069 Y3.868 E.06106
G1 X18.194 Y5.021 E.05578
G1 X16.483 Y4.974 E.08232
G1 X13.302 Y4.99 E.153
G1 X9.601 Y4.791 E.17826
G1 X7.343 Y4.705 E.10868
G1 X7.26 Y4.314 F7800
G1 E-2 F2400
G1 X16.921 Y2.835 F7800
G1 E2 F2400
;TYPE:Internal infill
;WIDTH:0.45
G1 F4800
G1 X16.883 Y.523 E.11121
G1 X12.498 Y-3.862 E.29826
G1 X13.019 Y-3.889 E.02509
G1 X10.958 Y3.802 E.38296
G1 X12.041 Y3.86 E.05216
G1 X8.331 Y.151 E.25232
G1 X8.296 Y.771 E.02987
G1 X16.923 Y-1.54 E.42956
G1 X17.001 Y-3.853 E.11131
G1 E-2 F2400
G1 X-7.091 Y3.865 F7800
G1 E2 F2400
;TYPE:Perimeter
;WIDTH:0.45
G1 F900
G1 X-7.09 Y3.899 E.00164
G1 X-10.812 Y4.002 E.17908
G1 X-12.505 Y4.088 E.08153
G1 X-15.863 Y4.173 E.16156
G1 X-16.635 Y4.165 E.03713
G1 X-16.572 Y2.506 E.07985
G1 X-16.393 Y.062 E.11786
G1 X-16.596 Y-2.455 E.12145
G1 X-16.644 Y-4.199 E.08391
G1 X-15.915 Y-4.224 E.03508
G1 X-13.294 Y-4.124 E.12615
G1 X-10.653 Y-4.103 E.12703
G1 X-8.754 Y-3.965 E.09158
G1 X-7.033 Y-3.896 E.08284
G1 X-7.184 Y-2.381 E.07323
G1 X-7.109 Y-.245 E.1028
G1 X-7.152 Y2.399 E.12718
G1 X-7.094 Y3.806 E.06773
G1 X-6.688 Y4.256 F7800
G1 F900
G1 X-6.688 Y4.274 E.00087
G1 X-10.802 Y4.388 E.19795
G1 X-12.491 Y4.473 E.08134
G1 X-15.86 Y4.559 E.16209
G1 X-17.035 Y4.547 E.05652
G1 X-16.957 Y2.485 E.09925
G1 X-16.777 Y.034 E.1182
G1 X-16.981 Y-2.433 E.11906
G1 X-17.04 Y-4.57 E.10282
G1 X-15.915 Y-4.61 E.05414
G1 X-13.279 Y-4.509 E.12688
G1 X-10.637 Y-4.488 E.12708
G1 X-8.707 Y-4.348 E.09307
G1 X-6.607 Y-4.265 E.10108
G1 X-6.798 Y-2.395 E.09041
G1 X-6.723 Y-.249 E.10328
G1 X-6.766 Y2.439 E.1293
G1 X-6.691 Y4.196 E.08458
G1 X-6.286 Y4.646 F7800
;TYPE:External perimeter
G1 F1800
G1 X-6.286 Y4.649 E.00014
G1 X-10.791 Y4.773 E.21676
G1 X-12.476 Y4.859 E.08115
G1 X-15.857 Y4.945 E.16267
G1 X-17.435 Y4.928 E.0759
G1 X-17.342 Y2.463 E.11864
G1 X-17.162 Y.006 E.11849
G1 X-17.366 Y-2.411 E.11666
G1 X-17.436 Y-4.942 E.12178
G1 X-15.914 Y-4.996 E.07325
G1 X-13.264 Y-4.894 E.12755
G1 X-10.622 Y-4.874 E.12707
G1 X-8.695 Y-4.734 E.09293
G1 X-6.18 Y-4.634 E.12106
G1 X-6.413 Y-2.411 E.1075
G1 X-6.337 Y-.253 E.10386
G1 X-6.381 Y2.423 E.12872
G1 X-6.288 Y4.586 E.10413
G1 X-6.681 Y4.66 F7800
G1 X-7.413 Y3.079
;TYPE:Internal infill
;WIDTH:0.45
G1 F4800
G1 X-7.415 Y.766 E.11125
G1 X-12.004 Y-3.824 E.31217
G1 X-10.954 Y-3.816 E.0505
G1 X-12.998 Y3.811 E.37978
G1 X-12.56 Y3.8 E.02107
G1 X-16.119 Y.241 E.24208
G1 X-16.199 Y1.346 E.05329
G1 X-7.425 Y-1.005 E.43689
G1 X-7.474 Y-2.394 E.06685
G1 X-7.383 Y-3.313 E.04442
;LAYER_CHANGE
;Z:8.15
;HEIGHT:0.3
G1 E-2 F2400
G1 Z8.15 F7800
G1 Z8.15
G1 X7.887 Y3.934
G1 E2 F2400
;TYPE:Perimeter
;WIDTH:0.45
G1 F900
G1 X7.795 Y2.454 E.07132
G1 X7.93 Y-.025 E.11941
G1 X7.866 Y-2.517 E.1199
G1 X7.71 Y-3.938 E.06876
G1 X9.449 Y-3.988 E.08367
G1 X13.267 Y-4.183 E.18387
G1 X17.212 Y-4.176 E.18974
G1 X17.066 Y-.033 E.19939
G1 X17.101 Y2.594 E.12636
G1 X17.252 Y4.219 E.07849
G1 X16.393 Y4.196 E.04133
G1 X13.36 Y4.216 E.14588
G1 X9.524 Y4.002 E.18479
G1 X7.94 Y3.943 E.07624
G1 X7.524 Y4.309 F7800
G1 F900
G1 X7.408 Y2.456 E.0893
G1 X7.543 Y.03 E.11686
G1 X7.489 Y-2.281 E.11118
G1 X7.483 Y-2.475 E.00934
G1 X7.28 Y-4.312 E.08889
G1 X9.429 Y-4.373 E.1034
G1 X13.257 Y-4.569 E.18435
G1 X16.363 Y-4.575 E.14939
G1 X17.609 Y-4.555 E.05994
G1 X17.528 Y-1.862 E.12958
G1 X17.452 Y-.037 E.08785
G1 X17.488 Y2.63 E.12829
G1 X17.683 Y4.617 E.09603
G1 X16.396 Y4.581 E.06192
G1 X13.35 Y4.602 E.14651
G1 X9.503 Y4.387 E.18532
G1 X7.58 Y4.316 E.09255
G1 X7.161 Y4.684 F7800
;TYPE:External perimeter
G1 F1800
G1 X7.022 Y2.457 E.10732
G1 X7.158 Y.009 E.11792
G1 X7.099 Y-2.433 E.11749
G1 X6.851 Y-4.686 E.10902
G1 X9.409 Y-4.758 E.12308
G1 X13.247 Y-4.955 E.18484
G1 X16.366 Y-4.961 E.15001
G1 X18.006 Y-4.935 E.07889
G1 X17.914 Y-1.848 E.14854
G1 X17.838 Y-.041 E.08699
G1 X17.873 Y2.598 E.12694
G1 X17.947 Y3.473 E.04223
G1 X18.114 Y5.014 E.07455
G1 X16.398 Y4.967 E.08256
G1 X13.341 Y4.988 E.14703
G1 X9.481 Y4.772 E.18594
G1 X7.219 Y4.688 E.10887
G1 X7.138 Y4.296 F7800
G1 E-2 F2400
G1 X16.824 Y2.736 F7800
G1 E2 F2400
;TYPE:Internal infill
;WIDTH:0.45
G1 F4800
G1 X16.783 Y.423 E.11126
G1 X12.506 Y-3.855 E.29095
G1 X13.017 Y-3.881 E.02461
G1 X10.96 Y3.793 E.38212
G1 X12.033 Y3.853 E.05169
G1 X8.215 Y.035 E.2597
G1 X8.174 Y.804 E.03704
G1 X16.83 Y-1.515 E.43101
G1 X16.911 Y-3.828 E.11132
G1 E-2 F2400
G1 X-6.981 Y3.859 F7800
G1 E2 F2400
;TYPE:Perimeter
;WIDTH:0.45
G1 F900
G1 X-6.98 Y3.878 E.00092
G1 X-10.18 Y3.972 E.15398
G1 X-12.459 Y4.088 E.10975
G1 X-15.802 Y4.167 E.16083
G1 X-16.585 Y4.159 E.03766
G1 X-16.56 Y3.389 E.03705
G1 X-16.512 Y2.706 E.03293
G1 X-16.518 Y2.147 E.02689
G1 X-16.365 Y.061 E.1006
G1 X-16.529 Y-2.001 E.09949
G1 X-16.525 Y-2.608 E.0292
G1 X-16.58 Y-3.171 E.02721
G1 X-16.605 Y-4.198 E.04941
G1 X-15.861 Y-4.222 E.0358
G1 X-13.464 Y-4.126 E.11538
G1 X-10.911 Y-4.108 E.12279
G1 X-8.657 Y-3.944 E.1087
G1 X-6.906 Y-3.873 E.08429
G1 X-7.056 Y-2.361 E.07308
G1 X-6.992 Y-.536 E.08783
G1 X-7.023 Y-.011 E.02529
G1 X-7.049 Y1.875 E.09072
G1 X-6.983 Y3.799 E.09259
G1 X-6.578 Y4.249 F7800
G1 F900
G1 X-6.578 Y4.252 E.00014
G1 X-10.168 Y4.357 E.17274
G1 X-12.445 Y4.473 E.10966
G1 X-15.8 Y4.552 E.16141
G1 X-16.983 Y4.54 E.0569
G1 X-16.945 Y3.376 E.05601
G1 X-16.896 Y2.667 E.03418
G1 X-16.904 Y2.138 E.02545
G1 X-16.749 Y.032 E.10157
G1 X-16.925 Y-2.102 E.10299
G1 X-16.91 Y-2.619 E.02488
G1 X-16.965 Y-3.144 E.02539
G1 X-16.999 Y-4.571 E.06865
G1 X-15.859 Y-4.608 E.05486
G1 X-13.461 Y-4.512 E.11543
G1 X-10.896 Y-4.493 E.12337
G1 X-8.612 Y-4.327 E.11014
G1 X-6.479 Y-4.242 E.10267
G1 X-6.671 Y-2.374 E.09032
G1 X-6.606 Y-.531 E.0887
G1 X-6.637 Y-.005 E.02534
G1 X-6.657 Y2.414 E.11635
G1 X-6.581 Y4.189 E.08545
G1 X-6.199 Y4.627 F7800
;TYPE:External perimeter
G1 F1800
G1 X-10.157 Y4.743 E.19045
G1 X-12.431 Y4.858 E.10951
G1 X-15.797 Y4.938 E.16194
G1 X-17.382 Y4.922 E.07624
G1 X-17.331 Y3.364 E.07497
G1 X-17.28 Y2.628 E.03548
G1 X-17.29 Y2.129 E.024
G1 X-17.134 Y.004 E.10248
G1 X-17.311 Y-2.091 E.10112
G1 X-17.296 Y-2.629 E.02589
G1 X-17.35 Y-3.117 E.02361
G1 X-17.394 Y-4.944 E.0879
G1 X-15.858 Y-4.994 E.07392
G1 X-13.458 Y-4.897 E.11553
G1 X-10.881 Y-4.879 E.12395
G1 X-8.595 Y-4.713 E.11024
G1 X-6.091 Y-4.613 E.12053
G1 X-6.081 Y-4.369 E.01175
G1 X-6.285 Y-2.386 E.09588
G1 X-6.22 Y-.526 E.08951
G1 X-6.251 Y0 E.02534
G1 X-6.272 Y2.398 E.11534
G1 X-6.187 Y4.371 E.09498
G1 X-6.196 Y4.567 E.00944
G1 X-6.59 Y4.637 F7800
G1 X-7.295 Y3.169
;TYPE:Internal infill
;WIDTH:0.45
G1 F4800
G1 X-7.324 Y.856 E.11126
G1 X-12.006 Y-3.826 E.31846
G1 X-10.953 Y-3.819 E.05065
G1 X-12.998 Y3.811 E.37993
G1 X-12.56 Y3.801 E.02107
G1 X-16.093 Y.268 E.24031
G1 X-16.17 Y1.339 E.05164
G1 X-7.299 Y-1.038 E.44172
G1 X-7.346 Y-2.358 E.06353
G1 X-7.249 Y-3.347 E.0478
;LAYER_CHANGE
;Z:8.45
;HEIGHT:0.3
G1 E-2 F2400
G1 Z8.45 F7800
G1 Z8.45
G1 X7.734 Y3.619
G1 E2 F2400
;TYPE:Perimeter
;WIDTH:0.45
G1 F900
G1 X7.673 Y2.721 E.04329
G1 X7.678 Y2.113 E.02924
G1 X7.796 Y-.027 E.10308
G1 X7.728 Y-2.529 E.12038
G1 X7.578 Y-3.915 E.06705
G1 X9.337 Y-3.971 E.08464
G1 X13.447 Y-4.178 E.19793
G1 X17.123 Y-4.169 E.1768
G1 X17.096 Y-3.329 E.04042
G1 X16.971 Y-.032 E.15869
G1 X17.012 Y2.591 E.12617
G1 X17.177 Y4.212 E.07837
G1 X16.306 Y4.189 E.04191
G1 X13.541 Y4.216 E.13299
G1 X9.405 Y3.984 E.19924
G1 X7.754 Y3.922 E.07946
G1 X7.738 Y3.679 E.01171
G1 X7.383 Y4.155 F7800
G1 F900
G1 X7.287 Y2.732 E.0686
G1 X7.293 Y2.1 E.0304
G1 X7.41 Y-.017 E.10198
G1 X7.353 Y-2.236 E.10676
G1 X7.345 Y-2.487 E.01208
G1 X7.149 Y-4.287 E.08709
G1 X9.318 Y-4.356 E.10437
G1 X13.437 Y-4.564 E.19836
G1 X16.279 Y-4.568 E.13669
G1 X17.52 Y-4.548 E.0597
G1 X17.482 Y-3.317 E.05924
G1 X17.357 Y-.036 E.15792
G1 X17.397 Y2.585 E.12608
G1 X17.606 Y4.61 E.09791
G1 X16.31 Y4.574 E.06236
G1 X13.532 Y4.602 E.13362
G1 X9.383 Y4.369 E.19987
G1 X7.393 Y4.294 E.09578
G1 X7.387 Y4.214 E.00386
G1 X7.031 Y4.664 F7800
;TYPE:External perimeter
G1 F1800
G1 X6.901 Y2.744 E.09256
G1 X6.907 Y2.088 E.03155
G1 X7.025 Y-.007 E.10092
G1 X6.961 Y-2.446 E.11735
G1 X6.721 Y-4.66 E.10711
G1 X9.299 Y-4.742 E.12406
G1 X13.427 Y-4.949 E.19879
G1 X16.282 Y-4.954 E.13732
G1 X17.918 Y-4.927 E.0787
G1 X17.867 Y-3.305 E.07805
G1 X17.742 Y-.04 E.15715
G1 X17.783 Y2.579 E.12598
G1 X18.035 Y5.007 E.11741
G1 X16.314 Y4.96 E.0828
G1 X13.523 Y4.987 E.13424
G1 X9.361 Y4.754 E.20049
G1 X7.088 Y4.669 E.1094
G1 X7.007 Y4.277 F7800
G1 E-2 F2400
G1 X16.727 Y2.64 F7800
G1 E2 F2400
;TYPE:Internal infill
;WIDTH:0.45
G1 F4800
G1 X16.687 Y.327 E.11126
G1 X12.519 Y-3.842 E.28354
G1 X13.013 Y-3.867 E.02379
G1 X10.963 Y3.781 E.38083
G1 X12.021 Y3.841 E.05097
G1 X8.083 Y-.097 E.26786
G1 X8.037 Y.841 E.04517
G1 X16.736 Y-1.49 E.43315
G1 X16.821 Y-3.802 E.11127
G1 E-2 F2400
G1 X-6.871 Y3.852 F7800
G1 E2 F2400
;TYPE:Perimeter
;WIDTH:0.45
G1 F900
G1 X-6.871 Y3.858 E.00029
G1 X-9.566 Y3.942 E.12968
G1 X-12.414 Y4.087 E.13716
G1 X-15.747 Y4.163 E.16035
G1 X-16.544 Y4.156 E.03833
G1 X-16.514 Y3.298 E.04129
G1 X-16.448 Y2.58 E.03468
G1 X-16.466 Y1.82 E.03656
G1 X-16.337 Y.059 E.08492
G1 X-16.48 Y-1.926 E.09572
G1 X-16.467 Y-2.743 E.0393
G1 X-16.547 Y-3.435 E.0335
G1 X-16.566 Y-4.204 E.037
G1 X-15.818 Y-4.215 E.03598
G1 X-13.664 Y-4.129 E.10368
G1 X-11.17 Y-4.112 E.11996
G1 X-8.56 Y-3.923 E.12586
G1 X-6.778 Y-3.851 E.08578
G1 X-6.929 Y-2.336 E.07323
G1 X-6.88 Y-.957 E.06637
G1 X-6.921 Y-.022 E.04501
G1 X-6.943 Y1.574 E.07677
G1 X-6.933 Y2.405 E.03997
G1 X-6.874 Y3.792 E.06677
G1 X-6.488 Y4.231 F7800
G1 F900
G1 X-9.547 Y4.328 E.1472
G1 X-12.399 Y4.473 E.13735
G1 X-15.745 Y4.549 E.16097
G1 X-16.942 Y4.538 E.05757
G1 X-16.903 Y3.36 E.05669
G1 X-16.833 Y2.59 E.03719
G1 X-16.852 Y1.81 E.03753
G1 X-16.721 Y.031 E.0858
G1 X-16.865 Y-1.937 E.09491
G1 X-16.85 Y-2.698 E.03661
G1 X-16.932 Y-3.408 E.03438
G1 X-16.96 Y-4.577 E.05624
G1 X-15.806 Y-4.6 E.05551
G1 X-13.661 Y-4.514 E.10325
G1 X-11.155 Y-4.498 E.12053
G1 X-8.532 Y-4.307 E.12649
G1 X-6.379 Y-4.221 E.10363
G1 X-6.372 Y-4.048 E.00833
G1 X-6.543 Y-2.35 E.08208
G1 X-6.495 Y-.97 E.06641
G1 X-6.535 Y-.017 E.04588
G1 X-6.558 Y1.569 E.07629
G1 X-6.548 Y2.388 E.03939
G1 X-6.477 Y4.032 E.07914
G1 X-6.484 Y4.173 E.00679
G1 X-6.119 Y4.606 F7800
;TYPE:External perimeter
G1 F1800
G1 X-9.527 Y4.713 E.16399
G1 X-12.385 Y4.858 E.13764
G1 X-15.742 Y4.935 E.1615
G1 X-17.34 Y4.92 E.07686
G1 X-17.289 Y3.347 E.0757
G1 X-17.219 Y2.599 E.03613
G1 X-17.238 Y1.801 E.03839
G1 X-17.106 Y.002 E.08676
G1 X-17.251 Y-1.947 E.094
G1 X-17.233 Y-2.654 E.03402
G1 X-17.317 Y-3.381 E.0352
G1 X-17.355 Y-4.949 E.07544
G1 X-16.134 Y-4.991 E.05876
G1 X-13.659 Y-4.9 E.11912
G1 X-11.139 Y-4.884 E.12121
G1 X-8.504 Y-4.692 E.12707
G1 X-6.009 Y-4.592 E.1201
G1 X-5.986 Y-4.065 E.02537
G1 X-6.158 Y-2.363 E.08228
G1 X-6.109 Y-.984 E.06637
G1 X-6.15 Y-.011 E.04684
G1 X-6.172 Y1.565 E.07581
G1 X-6.163 Y2.372 E.03882
G1 X-6.091 Y4.042 E.0804
G1 X-6.116 Y4.546 E.02427
G1 X-6.51 Y4.617 F7800
G1 X-7.186 Y3.269
;TYPE:Internal infill
;WIDTH:0.45
G1 F4800
G1 X-7.224 Y.957 E.11121
G1 X-12.009 Y-3.829 E.3255
G1 X-10.957 Y-3.807 E.05061
G1 X-12.998 Y3.811 E.37932
G1 X-12.559 Y3.801 E.02112
G1 X-16.067 Y.294 E.23858
G1 X-16.141 Y1.331 E.05
G1 X-7.173 Y-1.072 E.44655
G1 X-7.218 Y-2.332 E.06064
G1 X-7.116 Y-3.38 E.05064
;LAYER_CHANGE
;Z:8.75
;HEIGHT:0.3
G1 E-2 F2400
G1 Z8.75 F7800
G1 Z8.75
G1 X7.615 Y3.9
G1 E2 F2400
;TYPE:Perimeter
;WIDTH:0.45
G1 F900
G1 X7.612 Y3.9 E.00014
G1 X7.553 Y3.014 E.04271
G1 X7.563 Y1.777 E.0595
G1 X7.662 Y-.025 E.0868
G1 X7.59 Y-2.516 E.11986
G1 X7.435 Y-3.903 E.06713
G1 X9.23 Y-3.955 E.08637
G1 X12.914 Y-4.155 E.17745
G1 X13.616 Y-4.173 E.03377
G1 X17.029 Y-4.161 E.16415
G1 X16.876 Y-.024 E.19911
G1 X16.923 Y2.587 E.1256
G1 X16.996 Y3.304 E.03466
G1 X17.093 Y4.205 E.04359
G1 X16.218 Y4.182 E.0421
G1 X13.722 Y4.215 E.12006
G1 X9.269 Y3.964 E.21451
G1 X7.675 Y3.902 E.07672
G1 X7.251 Y4.272 F7800
G1 F900
G1 X7.167 Y3.025 E.06011
G1 X7.178 Y1.764 E.06065
G1 X7.276 Y-.016 E.08574
G1 X7.234 Y-1.756 E.08371
G1 X7.207 Y-2.473 E.03451
G1 X7.006 Y-4.268 E.08687
G1 X9.21 Y-4.34 E.10606
G1 X12.899 Y-4.54 E.17769
G1 X13.611 Y-4.558 E.03426
G1 X16.194 Y-4.562 E.12423
G1 X17.429 Y-4.54 E.05941
G1 X17.261 Y-.036 E.21678
G1 X17.308 Y2.58 E.12584
G1 X17.38 Y3.262 E.03298
G1 X17.524 Y4.603 E.06487
G1 X16.224 Y4.567 E.06255
G1 X13.714 Y4.601 E.12073
G1 X9.254 Y4.35 E.21485
G1 X7.311 Y4.274 E.09352
G1 X6.89 Y4.644 F7800
;TYPE:External perimeter
G1 F1800
G1 X6.781 Y3.036 E.07752
G1 X6.792 Y1.752 E.06176
G1 X6.891 Y-.007 E.08474
G1 X6.849 Y-1.749 E.08381
G1 X6.824 Y-2.43 E.03278
G1 X6.59 Y-4.632 E.1065
G1 X7.315 Y-4.672 E.03492
G1 X9.189 Y-4.725 E.09017
G1 X12.883 Y-4.926 E.17793
G1 X13.605 Y-4.944 E.03474
G1 X16.197 Y-4.947 E.12467
G1 X17.829 Y-4.919 E.07851
G1 X17.647 Y-.04 E.23483
G1 X17.694 Y2.573 E.1257
G1 X17.763 Y3.221 E.03134
G1 X17.955 Y5.001 E.08611
G1 X16.229 Y4.953 E.08305
G1 X13.705 Y4.987 E.12141
G1 X9.242 Y4.735 E.215
G1 X6.95 Y4.646 E.11032
G1 X6.865 Y4.255 F7800
G1 E-2 F2400
G1 X16.633 Y2.544 F7800
G1 E2 F2400
;TYPE:Internal infill
;WIDTH:0.45
G1 F4800
G1 X16.591 Y.231 E.11127
G1 X12.517 Y-3.844 E.27714
G1 X13.013 Y-3.868 E.02388
G1 X10.966 Y3.77 E.38033
G1 X12.009 Y3.829 E.05024
G1 X7.946 Y-.235 E.27639
G1 X7.902 Y.877 E.05353
G1 X16.64 Y-1.464 E.43509
G1 X16.725 Y-3.776 E.11127
G1 E-2 F2400
G1 X-6.774 Y3.838 F7800
G1 E2 F2400
;TYPE:Perimeter
;WIDTH:0.45
G1 F900
G1 X-8.932 Y3.912 E.10385
G1 X-12.368 Y4.087 E.16547
G1 X-15.693 Y4.16 E.15996
G1 X-16.502 Y4.154 E.03891
G1 X-16.456 Y3.32 E.04017
G1 X-16.388 Y2.576 E.03593
G1 X-16.414 Y1.492 E.05215
G1 X-16.309 Y.057 E.0692
G1 X-16.416 Y-1.337 E.06724
G1 X-16.404 Y-2.74 E.06748
G1 X-16.514 Y-3.698 E.04638
G1 X-16.527 Y-4.209 E.02459
G1 X-15.748 Y-4.207 E.03747
G1 X-13.863 Y-4.132 E.09073
G1 X-11.429 Y-4.117 E.11707
G1 X-8.432 Y-3.9 E.14452
G1 X-6.667 Y-3.829 E.08496
G1 X-6.662 Y-3.728 E.00486
G1 X-6.796 Y-2.449 E.06185
G1 X-6.765 Y-.937 E.07274
G1 X-6.819 Y-.034 E.04351
G1 X-6.837 Y1.248 E.06167
G1 X-6.824 Y2.379 E.0544
G1 X-6.776 Y3.778 E.06733
G1 X-6.407 Y4.211 F7800
G1 F900
G1 X-8.912 Y4.297 E.12055
G1 X-12.354 Y4.472 E.16576
G1 X-15.69 Y4.545 E.16049
G1 X-16.901 Y4.537 E.05825
G1 X-16.84 Y3.281 E.06048
G1 X-16.774 Y2.585 E.03363
G1 X-16.8 Y1.482 E.05307
G1 X-16.693 Y.029 E.07007
G1 X-16.8 Y-1.304 E.06432
G1 X-16.787 Y-2.695 E.06691
G1 X-16.9 Y-3.672 E.0473
G1 X-16.921 Y-4.581 E.04373
G1 X-16.273 Y-4.603 E.03118
G1 X-13.861 Y-4.517 E.11608
G1 X-11.413 Y-4.503 E.11774
G1 X-8.417 Y-4.285 E.14448
G1 X-6.297 Y-4.2 E.10205
G1 X-6.277 Y-3.745 E.02191
G1 X-6.413 Y-2.409 E.06459
G1 X-6.38 Y-.914 E.07192
G1 X-6.433 Y-.028 E.04269
G1 X-6.452 Y1.253 E.06162
G1 X-6.439 Y2.363 E.05339
G1 X-6.381 Y3.7 E.06437
G1 X-6.404 Y4.151 E.02172
G1 X-6.04 Y4.584 F7800
;TYPE:External perimeter
G1 F1800
G1 X-8.889 Y4.682 E.13711
G1 X-12.34 Y4.858 E.1662
G1 X-15.687 Y4.931 E.16102
G1 X-17.299 Y4.919 E.07753
G1 X-17.255 Y3.576 E.06463
G1 X-17.159 Y2.594 E.04746
G1 X-17.186 Y1.473 E.05393
G1 X-17.078 Y.001 E.07099
G1 X-17.184 Y-1.271 E.06139
G1 X-17.17 Y-2.651 E.06638
G1 X-17.285 Y-3.645 E.04813
G1 X-17.316 Y-4.953 E.06293
G1 X-16.275 Y-4.989 E.0501
G1 X-13.859 Y-4.903 E.11627
G1 X-11.398 Y-4.888 E.11837
G1 X-8.401 Y-4.671 E.14452
G1 X-5.927 Y-4.571 E.11909
G1 X-5.892 Y-3.761 E.03899
G1 X-6.029 Y-2.368 E.06732
G1 X-5.996 Y-.891 E.07106
G1 X-6.048 Y-.023 E.04182
G1 X-6.066 Y1.259 E.06167
G1 X-6.053 Y2.346 E.05228
G1 X-5.995 Y3.702 E.06528
G1 X-6.037 Y4.524 E.03959
G1 X-6.43 Y4.596 F7800
G1 X-7.071 Y3.37
;TYPE:Internal infill
;WIDTH:0.45
G1 F4800
G1 X-7.123 Y1.057 E.11128
G1 X-12.012 Y-3.832 E.33254
G1 X-10.96 Y-3.793 E.05063
G1 X-12.998 Y3.811 E.37863
G1 X-12.559 Y3.802 E.02112
G1 X-16.041 Y.32 E.23684
G1 X-16.112 Y1.323 E.04836
G1 X-7.048 Y-1.106 E.45133
G1 X-7.09 Y-2.31 E.05794
G1 X-6.983 Y-3.414 E.05335
;LAYER_CHANGE
;Z:9.05
;HEIGHT:0.3
G1 E-2 F2400
G1 Z9.05 F7800
G1 Z9.05
G1 X7.473 Y3.878
G1 E2 F2400
;TYPE:Perimeter
;WIDTH:0.45
G1 F900
G1 X7.471 Y3.878 E.0001
G1 X7.432 Y3.298 E.02796
G1 X7.425 Y2.403 E.04305
G1 X7.448 Y1.448 E.04595
G1 X7.528 Y-.025 E.07095
G1 X7.453 Y-2.499 E.11905
G1 X7.3 Y-3.872 E.06645
G1 X9.121 Y-3.939 E.08764
G1 X12.813 Y-4.143 E.17784
G1 X13.796 Y-4.168 E.04729
G1 X16.948 Y-4.154 E.1516
G1 X16.923 Y-3.32 E.04013
G1 X16.793 Y-.323 E.14428
G1 X16.85 Y2.674 E.14417
G1 X17.014 Y4.198 E.07372
G1 X16.13 Y4.175 E.04253
G1 X13.903 Y4.215 E.10713
G1 X9.15 Y3.946 E.22897
G1 X7.532 Y3.88 E.07788
G1 X7.11 Y4.249 F7800
G1 F900
G1 X7.046 Y3.313 E.04512
G1 X7.04 Y2.4 E.04391
G1 X7.063 Y1.433 E.04652
G1 X7.142 Y.03 E.06759
G1 X7.109 Y-1.422 E.06985
G1 X7.07 Y-2.456 E.04977
G1 X6.88 Y-4.235 E.08605
G1 X7.843 Y-4.288 E.04639
G1 X9.1 Y-4.324 E.06048
G1 X12.798 Y-4.528 E.17813
G1 X13.791 Y-4.553 E.04777
G1 X16.11 Y-4.555 E.11154
G1 X17.346 Y-4.532 E.05946
G1 X17.308 Y-3.308 E.0589
G1 X17.178 Y-.328 E.14346
G1 X17.202 Y1.308 E.07869
G1 X17.233 Y2.633 E.06375
G1 X17.444 Y4.596 E.09496
G1 X16.137 Y4.56 E.06289
G1 X13.895 Y4.601 E.10785
G1 X9.135 Y4.331 E.22931
G1 X7.169 Y4.252 E.09463
G1 X6.748 Y4.621 F7800
;TYPE:External perimeter
G1 F1800
G1 X6.661 Y3.327 E.06238
G1 X6.654 Y2.397 E.04473
G1 X6.677 Y1.417 E.04715
G1 X6.757 Y.009 E.06783
G1 X6.723 Y-1.414 E.06846
G1 X6.687 Y-2.413 E.04808
G1 X6.507 Y-4.021 E.07782
G1 X6.471 Y-4.599 E.02785
G1 X7.832 Y-4.673 E.06556
G1 X9.078 Y-4.709 E.05995
G1 X12.782 Y-4.913 E.17842
G1 X13.786 Y-4.939 E.04831
G1 X16.113 Y-4.941 E.11192
G1 X17.743 Y-4.91 E.07841
G1 X17.694 Y-3.296 E.07766
G1 X17.564 Y-.336 E.1425
G1 X17.587 Y1.303 E.07884
G1 X17.617 Y2.592 E.06201
G1 X17.875 Y4.994 E.11619
G1 X16.144 Y4.946 E.08329
G1 X13.888 Y4.986 E.10852
G1 X9.123 Y4.716 E.22955
G1 X6.808 Y4.623 E.11143
G1 X6.723 Y4.232 F7800
G1 E-2 F2400
G1 X16.549 Y2.463 F7800
G1 E2 F2400
;TYPE:Internal infill
;WIDTH:0.45
G1 F4800
G1 X16.51 Y.15 E.11126
G1 X12.524 Y-3.837 E.27116
G1 X13.01 Y-3.858 E.0234
G1 X10.969 Y3.759 E.37928
G1 X11.997 Y3.817 E.04952
G1 X7.807 Y-.373 E.285
G1 X7.766 Y.913 E.06188
G1 X16.549 Y-1.44 E.43733
G1 X16.644 Y-3.752 E.11129
G1 E-2 F2400
G1 X-6.695 Y3.818 F7800
G1 E2 F2400
;TYPE:Perimeter
;WIDTH:0.45
G1 F900
G1 X-8.222 Y3.874 E.07349
G1 X-12.323 Y4.086 E.19751
G1 X-15.638 Y4.156 E.15948
G1 X-16.461 Y4.152 E.03958
G1 X-16.45 Y3.841 E.01497
G1 X-16.328 Y2.571 E.06136
G1 X-16.359 Y1.304 E.06096
G1 X-16.282 Y-.097 E.06748
G1 X-16.373 Y-1.166 E.0516
G1 X-16.34 Y-2.737 E.07558
G1 X-16.488 Y-4.213 E.07135
G1 X-14.063 Y-4.135 E.11669
G1 X-11.685 Y-4.122 E.11438
G1 X-7.81 Y-3.857 E.18681
G1 X-6.584 Y-3.808 E.05901
G1 X-6.568 Y-3.424 E.01849
G1 X-6.673 Y-2.292 E.05468
G1 X-6.64 Y-1.343 E.04567
G1 X-6.718 Y.033 E.06629
G1 X-6.731 Y.971 E.04512
G1 X-6.716 Y2.271 E.06253
G1 X-6.673 Y3.336 E.05126
G1 X-6.692 Y3.758 E.02032
G1 X-6.327 Y4.191 F7800
G1 F900
G1 X-8.202 Y4.259 E.09024
G1 X-12.309 Y4.472 E.1978
G1 X-15.635 Y4.542 E.16
G1 X-16.859 Y4.535 E.05887
G1 X-16.835 Y3.815 E.03465
G1 X-16.714 Y2.58 E.05968
G1 X-16.744 Y1.314 E.06091
G1 X-16.666 Y-.064 E.06638
G1 X-16.759 Y-1.155 E.05266
G1 X-16.723 Y-2.692 E.07394
G1 X-16.867 Y-3.935 E.06018
G1 X-16.882 Y-4.585 E.03127
G1 X-16.447 Y-4.6 E.02093
G1 X-15.667 Y-4.584 E.03752
G1 X-14.061 Y-4.52 E.0773
G1 X-11.671 Y-4.508 E.11495
G1 X-7.794 Y-4.243 E.18691
G1 X-6.214 Y-4.179 E.07605
G1 X-6.182 Y-3.441 E.03553
G1 X-6.288 Y-2.305 E.05487
G1 X-6.254 Y-1.338 E.04654
G1 X-6.333 Y.038 E.06629
G1 X-6.346 Y.967 E.04469
G1 X-6.331 Y2.266 E.06248
G1 X-6.286 Y3.36 E.05266
G1 X-6.324 Y4.131 E.03713
G1 X-5.96 Y4.563 F7800
;TYPE:External perimeter
G1 F1800
G1 X-8.179 Y4.644 E.1068
G1 X-12.295 Y4.857 E.19823
G1 X-15.632 Y4.928 E.16053
G1 X-17.257 Y4.918 E.07816
G1 X-17.22 Y3.789 E.05433
G1 X-17.099 Y2.589 E.05801
G1 X-17.13 Y1.323 E.06091
G1 X-17.05 Y-.032 E.06528
G1 X-17.145 Y-1.144 E.05368
G1 X-17.106 Y-2.648 E.07236
G1 X-17.252 Y-3.908 E.06101
G1 X-17.277 Y-4.958 E.05052
G1 X-16.45 Y-4.986 E.0398
G1 X-14.059 Y-4.906 E.11506
G1 X-11.657 Y-4.893 E.11553
G1 X-7.778 Y-4.628 E.187
G1 X-5.844 Y-4.55 E.09309
G1 X-5.797 Y-3.457 E.05262
G1 X-5.902 Y-2.319 E.05497
G1 X-5.868 Y-1.334 E.0474
G1 X-5.946 Y-.043 E.06221
G1 X-5.96 Y.962 E.04834
G1 X-5.944 Y2.32 E.06532
G1 X-5.9 Y3.361 E.05011
G1 X-5.957 Y4.503 E.05499
G1 X-6.35 Y4.576 F7800
G1 X-6.967 Y3.475
;TYPE:Internal infill
;WIDTH:0.45
G1 F4800
G1 X-7.018 Y1.162 E.11127
G1 X-12.015 Y-3.835 E.33989
G1 X-10.963 Y-3.783 E.05066
G1 X-12.998 Y3.811 E.37813
G1 X-12.558 Y3.802 E.02117
G1 X-16.015 Y.346 E.23511
G1 X-16.073 Y1.171 E.03978
G1 X-16.07 Y1.312 E.00678
G1 X-6.942 Y-1.134 E.45451
G1 X-6.957 Y-2.451 E.06335
G1 X-6.858 Y-3.442 E.0479
;LAYER_CHANGE
;Z:9.35
;HEIGHT:0.3
G1 E-2 F2400
G1 Z9.35 F7800
G1 Z9.35
G1 X7.329 Y3.856
G1 E2 F2400
;TYPE:Perimeter
;WIDTH:0.45
G1 F900
G1 X7.312 Y3.591 E.01277
G1 X7.303 Y2.389 E.05781
G1 X7.333 Y1.112 E.06144
G1 X7.394 Y-.026 E.05481
G1 X7.322 Y-2.409 E.11467
G1 X7.17 Y-3.837 E.06907
G1 X12.711 Y-4.13 E.26688
G1 X13.977 Y-4.162 E.06091
G1 X16.878 Y-4.151 E.13953
G1 X16.86 Y-3.454 E.03353
G1 X16.852 Y-3.152 E.01453
G1 X16.794 Y-2.651 E.02426
G1 X16.701 Y-.024 E.12643
G1 X16.738 Y1.981 E.09645
G1 X16.775 Y2.68 E.03367
G1 X16.942 Y4.199 E.0735
G1 X16.059 Y4.176 E.04248
G1 X14.085 Y4.214 E.09496
G1 X9.032 Y3.927 E.24342
G1 X7.389 Y3.858 E.07909
G1 X6.968 Y4.227 F7800
G1 F900
G1 X6.926 Y3.605 E.02998
G1 X6.917 Y2.386 E.05863
G1 X6.948 Y1.097 E.06201
G1 X7.008 Y.03 E.0514
G1 X6.983 Y-1.087 E.05374
G1 X6.936 Y-2.395 E.06295
G1 X6.792 Y-3.702 E.06324
G1 X6.761 Y-4.202 E.02409
G1 X12.696 Y-4.515 E.28585
G1 X13.972 Y-4.548 E.06139
G1 X16.177 Y-4.55 E.10605
G1 X17.273 Y-4.529 E.05272
G1 X17.246 Y-3.444 E.0522
G1 X17.238 Y-3.142 E.01453
G1 X17.179 Y-2.637 E.02445
G1 X17.087 Y-.036 E.12518
G1 X17.123 Y1.962 E.09611
G1 X17.158 Y2.638 E.03256
G1 X17.374 Y4.596 E.09474
G1 X16.066 Y4.562 E.06293
G1 X14.078 Y4.6 E.09563
G1 X9.016 Y4.312 E.24386
G1 X7.028 Y4.229 E.0957
G1 X6.606 Y4.597 F7800
;TYPE:External perimeter
G1 F1800
G1 X6.54 Y3.619 E.04715
G1 X6.532 Y2.383 E.05945
G1 X6.562 Y1.081 E.06264
G1 X6.623 Y.009 E.05164
G1 X6.597 Y-1.078 E.0523
G1 X6.551 Y-2.381 E.06271
G1 X6.407 Y-3.669 E.06233
G1 X6.352 Y-4.566 E.04322
G1 X12.681 Y-4.901 E.30483
G1 X13.967 Y-4.933 E.06187
G1 X16.181 Y-4.936 E.10649
G1 X17.669 Y-4.907 E.07158
G1 X17.631 Y-3.434 E.07087
G1 X17.623 Y-3.132 E.01453
G1 X17.565 Y-2.623 E.02464
G1 X17.472 Y-.039 E.12436
G1 X17.508 Y1.942 E.09529
G1 X17.542 Y2.596 E.0315
G1 X17.806 Y4.993 E.11598
G1 X16.074 Y4.947 E.08333
G1 X14.07 Y4.986 E.0964
G1 X9.003 Y4.698 E.2441
G1 X6.666 Y4.6 E.1125
G1 X6.582 Y4.209 F7800
G1 E-2 F2400
G1 X16.468 Y2.366 F7800
G1 E2 F2400
;TYPE:Internal infill
;WIDTH:0.45
G1 F4800
G1 X16.413 Y.053 E.11128
G1 X12.53 Y-3.831 E.26415
G1 X13.008 Y-3.848 E.023
G1 X10.973 Y3.748 E.37823
G1 X11.985 Y3.805 E.04875
G1 X7.669 Y-.511 E.29357
G1 X7.631 Y.949 E.07024
G1 X16.461 Y-1.417 E.43967
G1 X16.578 Y-3.726 E.1112
G1 E-2 F2400
G1 X-6.615 Y3.796 F7800
G1 E2 F2400
;TYPE:Perimeter
;WIDTH:0.45
G1 F900
G1 X-12.278 Y4.086 E.27273
G1 X-15.583 Y4.153 E.15899
G1 X-16.419 Y4.149 E.04021
G1 X-16.269 Y2.566 E.07648
G1 X-16.307 Y.992 E.07573
G1 X-16.254 Y-.099 E.05254
G1 X-16.318 Y-.851 E.0363
G1 X-16.276 Y-2.734 E.09059
G1 X-16.447 Y-4.208 E.07137
G1 X-14.263 Y-4.137 E.1051
G1 X-11.942 Y-4.127 E.11163
G1 X-6.502 Y-3.787 E.26216
G1 X-6.48 Y-3.276 E.0246
G1 X-6.477 Y-3.013 E.01265
G1 X-6.546 Y-2.269 E.03594
G1 X-6.522 Y-1.612 E.03162
G1 X-6.616 Y.036 E.07939
G1 X-6.606 Y2.298 E.1088
G1 X-6.576 Y3.018 E.03466
G1 X-6.612 Y3.736 E.03458
G1 X-6.248 Y4.169 F7800
G1 F900
G1 X-7.369 Y4.21 E.05395
G1 X-12.264 Y4.471 E.23577
G1 X-15.58 Y4.538 E.15952
G1 X-16.818 Y4.533 E.05954
G1 X-16.803 Y4.073 E.02214
G1 X-16.654 Y2.575 E.0724
G1 X-16.692 Y1.001 E.07573
G1 X-16.638 Y-.066 E.05138
G1 X-16.704 Y-.84 E.03736
G1 X-16.659 Y-2.689 E.08896
G1 X-16.843 Y-4.59 E.09186
G1 X-15.597 Y-4.576 E.05993
G1 X-14.261 Y-4.523 E.06431
G1 X-11.929 Y-4.513 E.11216
G1 X-6.997 Y-4.193 E.23771
G1 X-6.132 Y-4.157 E.04164
G1 X-6.095 Y-3.293 E.04159
G1 X-6.093 Y-2.972 E.01544
G1 X-6.16 Y-2.283 E.03329
G1 X-6.136 Y-1.607 E.03253
G1 X-6.229 Y-.077 E.07372
G1 X-6.24 Y.665 E.03569
G1 X-6.221 Y2.293 E.07831
G1 X-6.19 Y3.02 E.035
G1 X-6.245 Y4.109 E.05244
G1 X-5.88 Y4.541 F7800
;TYPE:External perimeter
G1 F1800
G1 X-7.345 Y4.595 E.07051
G1 X-12.249 Y4.857 E.2362
G1 X-15.577 Y4.924 E.1601
G1 X-17.216 Y4.917 E.07883
G1 X-17.188 Y4.047 E.04187
G1 X-17.04 Y2.585 E.07068
G1 X-17.078 Y1.01 E.07577
G1 X-17.022 Y-.033 E.05024
G1 X-17.09 Y-.829 E.03842
G1 X-17.042 Y-2.645 E.08737
G1 X-17.219 Y-4.172 E.07394
G1 X-17.238 Y-4.962 E.03801
G1 X-16.624 Y-4.983 E.02955
G1 X-14.259 Y-4.909 E.1138
G1 X-11.915 Y-4.898 E.11274
G1 X-6.981 Y-4.578 E.23781
G1 X-5.762 Y-4.528 E.05868
G1 X-5.709 Y-3.309 E.05869
G1 X-5.71 Y-2.932 E.01813
G1 X-5.775 Y-2.296 E.03075
G1 X-5.75 Y-1.603 E.03335
G1 X-5.844 Y-.054 E.07464
G1 X-5.854 Y.661 E.03439
G1 X-5.835 Y2.289 E.07831
G1 X-5.804 Y3.021 E.03524
G1 X-5.877 Y4.481 E.07031
G1 X-6.27 Y4.554 F7800
G1 X-6.957 Y3.522
;TYPE:Internal infill
;WIDTH:0.45
G1 F4800
G1 X-6.891 Y3.518 E.00318
G1 X-6.865 Y3.017 E.02413
G1 X-6.907 Y1.273 E.0839
G1 X-12.019 Y-3.838 E.34768
G1 X-10.965 Y-3.776 E.05078
G1 X-12.998 Y3.811 E.37778
G1 X-12.558 Y3.802 E.02117
G1 X-15.988 Y.372 E.2333
G1 X-16.021 Y.843 E.02271
G1 X-16.01 Y1.296 E.02179
G1 X-6.839 Y-1.162 E.45666
G1 X-6.778 Y-3.47 E.11105
;LAYER_CHANGE
;Z:9.65
;HEIGHT:0.299999
G1 E-2 F2400
G1 Z9.65 F7800
G1 Z9.65
G1 X7.191 Y3.832
G1 E2 F2400
;TYPE:Perimeter
;WIDTH:0.45
G1 F900
G1 X7.18 Y2.375 E.07008
G1 X7.217 Y.826 E.07452
G1 X7.26 Y-.026 E.04103
G1 X7.185 Y-2.392 E.11385
G1 X7.05 Y-3.807 E.06837
G1 X12.612 Y-4.118 E.26793
G1 X14.158 Y-4.157 E.07438
G1 X16.815 Y-4.152 E.12779
G1 X16.789 Y-3.332 E.03946
G1 X16.699 Y-2.647 E.03323
G1 X16.628 Y-.962 E.08111
G1 X16.614 Y-.023 E.04517
G1 X16.643 Y1.591 E.07764
G1 X16.699 Y2.68 E.05245
G1 X16.862 Y4.202 E.07362
G1 X15.993 Y4.181 E.04181
G1 X14.268 Y4.214 E.08298
G1 X8.927 Y3.909 E.2573
G1 X7.249 Y3.836 E.08078
G1 X6.826 Y4.204 F7800
G1 F900
G1 X6.806 Y3.898 E.01475
G1 X6.795 Y2.372 E.0734
G1 X6.832 Y.817 E.07481
G1 X6.875 Y-.016 E.04012
G1 X6.799 Y-2.378 E.11366
G1 X6.692 Y-3.351 E.04708
G1 X6.641 Y-4.171 E.03952
G1 X12.596 Y-4.503 E.28686
G1 X14.153 Y-4.543 E.07491
G1 X16.338 Y-4.547 E.10509
G1 X17.21 Y-4.53 E.04195
G1 X17.171 Y-3.279 E.0602
G1 X17.084 Y-2.631 E.03145
G1 X17.014 Y-.956 E.08063
G1 X17 Y-.036 E.04425
G1 X17.029 Y1.584 E.07793
G1 X17.083 Y2.639 E.05081
G1 X17.292 Y4.599 E.0948
G1 X16 Y4.566 E.06216
G1 X14.26 Y4.6 E.0837
G1 X8.905 Y4.294 E.25798
G1 X6.886 Y4.207 E.0972
G1 X6.465 Y4.574 F7800
;TYPE:External perimeter
G1 F1800
G1 X6.42 Y3.912 E.03191
G1 X6.409 Y2.368 E.07426
G1 X6.446 Y.808 E.07505
G1 X6.489 Y-.007 E.03925
G1 X6.472 Y-.744 E.03546
G1 X6.414 Y-2.364 E.07797
G1 X6.308 Y-3.317 E.04612
G1 X6.232 Y-4.534 E.05865
G1 X12.58 Y-4.888 E.30579
G1 X14.148 Y-4.928 E.07544
G1 X16.341 Y-4.932 E.10548
G1 X17.606 Y-4.908 E.06085
G1 X17.553 Y-3.226 E.08094
G1 X17.469 Y-2.615 E.02966
G1 X17.399 Y-.951 E.0801
G1 X17.385 Y-.039 E.04387
G1 X17.414 Y1.577 E.07774
G1 X17.466 Y2.598 E.04917
G1 X17.737 Y4.996 E.11607
G1 X16.016 Y4.952 E.0828
G1 X14.253 Y4.985 E.08481
G1 X8.883 Y4.679 E.2587
G1 X6.525 Y4.577 E.11352
G1 X6.44 Y4.186 F7800
G1 X7.476 Y3.297
;TYPE:Internal infill
;WIDTH:0.45
G1 F4800
G1 X7.503 Y.984 E.11125
G1 X16.356 Y-1.388 E.44082
G1 X16.325 Y-.036 E.06504
G1 X12.537 Y-3.824 E.25766
G1 X13.005 Y-3.838 E.02252
G1 X10.976 Y3.736 E.37713
G1 X11.973 Y3.793 E.04803
G1 X7.53 Y-.651 E.30224
G1 X7.418 Y-2.961 E.11123
G1 E-2 F2400
G1 X-6.546 Y3.764 F7800
G1 E2 F2400
;TYPE:Perimeter
;WIDTH:0.45
G1 F900
G1 X-6.557 Y3.775 E.00075
G1 X-12.233 Y4.086 E.27341
G1 X-15.529 Y4.149 E.15856
G1 X-16.363 Y4.147 E.04011
G1 X-16.209 Y2.561 E.07664
G1 X-16.258 Y.508 E.09877
G1 X-16.222 Y-.019 E.02541
G1 X-16.263 Y-.536 E.02494
G1 X-16.211 Y-2.448 E.09199
G1 X-16.213 Y-2.731 E.01361
G1 X-16.382 Y-4.2 E.07112
G1 X-14.463 Y-4.14 E.09234
G1 X-12.16 Y-4.13 E.11077
G1 X-6.42 Y-3.77 E.27662
G1 X-6.384 Y-2.662 E.05332
G1 X-6.413 Y-2.382 E.01354
G1 X-6.405 Y-1.881 E.0241
G1 X-6.512 Y-.112 E.08524
G1 X-6.48 Y2.678 E.1342
G1 X-6.532 Y3.709 E.04965
G1 X-6.168 Y4.147 F7800
G1 F900
G1 X-12.218 Y4.471 E.2914
G1 X-15.525 Y4.535 E.15908
G1 X-16.776 Y4.531 E.06017
G1 X-16.594 Y2.571 E.09467
G1 X-16.644 Y.499 E.09969
G1 X-16.608 Y-.019 E.02497
G1 X-16.649 Y-.524 E.02437
G1 X-16.596 Y-2.687 E.10406
G1 X-16.8 Y-4.457 E.08569
G1 X-16.796 Y-4.594 E.00659
G1 X-14.462 Y-4.526 E.1123
G1 X-12.147 Y-4.516 E.11134
G1 X-6.05 Y-4.136 E.29381
G1 X-5.993 Y-2.835 E.06263
G1 X-6 Y-2.621 E.0103
G1 X-6.03 Y-2.342 E.0135
G1 X-6.019 Y-1.876 E.02242
G1 X-6.128 Y-.05 E.08798
G1 X-6.094 Y2.679 E.13127
G1 X-6.165 Y4.087 E.06781
G1 X-5.8 Y4.519 F7800
;TYPE:External perimeter
G1 F1800
G1 X-12.204 Y4.856 E.30844
G1 X-15.522 Y4.921 E.15961
G1 X-17.175 Y4.916 E.0795
G1 X-17.155 Y4.305 E.0294
G1 X-16.98 Y2.58 E.08339
G1 X-17.025 Y.698 E.09054
G1 X-16.994 Y-.008 E.03399
G1 X-17.035 Y-.513 E.02437
G1 X-16.979 Y-2.642 E.10243
G1 X-17.186 Y-4.436 E.08686
G1 X-17.199 Y-4.966 E.0255
G1 X-16.799 Y-4.98 E.01925
G1 X-14.46 Y-4.912 E.11255
G1 X-12.134 Y-4.901 E.11187
G1 X-5.68 Y-4.507 E.31099
G1 X-5.608 Y-2.852 E.07968
G1 X-5.617 Y-2.581 E.01304
G1 X-5.633 Y-1.872 E.03411
G1 X-5.742 Y-.052 E.08769
G1 X-5.726 Y2.262 E.1113
G1 X-5.708 Y2.681 E.02017
G1 X-5.797 Y4.459 E.08562
G1 X-6.19 Y4.538 F7800
G1 X-7.019 Y3.511
;TYPE:Internal infill
;WIDTH:0.45
G1 F4800
G1 X-6.811 Y3.5 E.01002
G1 X-6.785 Y1.395 E.10125
G1 X-12.011 Y-3.831 E.35547
G1 X-10.968 Y-3.766 E.05026
G1 X-12.997 Y3.809 E.37717
G1 X-12.559 Y3.802 E.02107
G1 X-15.961 Y.399 E.23143
G1 X-15.969 Y.515 E.00559
G1 X-15.951 Y1.28 E.0368
G1 X-6.735 Y-1.189 E.45889
G1 X-6.665 Y-2.749 E.07511
G1 X-6.699 Y-3.498 E.03606
M106 S221.85
;LAYER_CHANGE
;Z:9.95
;HEIGHT:0.3
G1 E-2 F2400
G1 Z9.95 F7800
G1 Z9.95
G1 X7.068 Y3.801
G1 E2 F2400
;TYPE:Perimeter
;WIDTH:0.45
G1 F900
G1 X7.058 Y2.363 E.06916
G1 X7.126 Y-.035 E.11538
G1 X7.042 Y-2.448 E.11613
G1 X6.977 Y-3.032 E.02826
G1 X6.931 Y-3.774 E.03576
G1 X8.828 Y-3.902 E.09145
G1 X12.51 Y-4.105 E.17736
G1 X14.34 Y-4.152 E.08805
G1 X16.752 Y-4.152 E.11601
G1 X16.735 Y-3.622 E.0255
G1 X16.603 Y-2.638 E.04775
G1 X16.546 Y-1.268 E.06595
G1 X16.527 Y-.022 E.05994
G1 X16.551 Y1.264 E.06186
G1 X16.624 Y2.683 E.06834
G1 X16.787 Y4.206 E.07367
G1 X15.927 Y4.185 E.04138
G1 X14.45 Y4.213 E.07105
G1 X9.111 Y3.909 E.2572
G1 X7.115 Y3.816 E.0961
G1 X6.685 Y4.182 F7800
G1 F900
G1 X6.672 Y2.359 E.08768
G1 X6.741 Y-.022 E.11457
G1 X6.659 Y-2.405 E.11468
G1 X6.592 Y-2.999 E.02875
G1 X6.522 Y-4.138 E.05489
G1 X8.803 Y-4.286 E.10994
G1 X12.495 Y-4.49 E.17784
G1 X14.334 Y-4.537 E.08848
G1 X17.147 Y-4.53 E.1353
G1 X17.117 Y-3.569 E.04624
G1 X16.988 Y-2.622 E.04597
G1 X16.931 Y-1.262 E.06547
G1 X16.913 Y-.035 E.05902
G1 X16.936 Y1.245 E.06157
G1 X17.008 Y2.642 E.06728
G1 X17.23 Y4.603 E.09492
G1 X15.934 Y4.571 E.06235
G1 X14.443 Y4.599 E.07172
G1 X9.089 Y4.294 E.25793
G1 X6.745 Y4.185 E.11286
G1 X6.323 Y4.551 F7800
;TYPE:External perimeter
G1 F1800
G1 X6.3 Y4.205 E.01668
G1 X6.287 Y2.355 E.08898
G1 X6.355 Y-.009 E.11375
G1 X6.276 Y-2.362 E.11323
G1 X6.208 Y-2.966 E.02923
G1 X6.113 Y-4.501 E.07397
G1 X7.596 Y-4.583 E.07144
G1 X8.778 Y-4.671 E.05701
G1 X12.479 Y-4.876 E.17828
G1 X14.329 Y-4.923 E.08901
G1 X16.501 Y-4.929 E.10447
G1 X17.543 Y-4.909 E.05013
G1 X17.499 Y-3.516 E.06703
G1 X17.374 Y-2.605 E.04423
G1 X17.317 Y-1.256 E.06494
G1 X17.298 Y-.038 E.05859
G1 X17.321 Y1.225 E.06076
G1 X17.391 Y2.601 E.06627
G1 X17.566 Y4.235 E.07904
G1 X17.677 Y5 E.03718
G1 X15.942 Y4.956 E.08347
G1 X14.436 Y4.985 E.07245
G1 X9.067 Y4.679 E.25865
G1 X6.383 Y4.554 E.12923
G1 X6.302 Y4.163 F7800
G1 X7.354 Y3.328
;TYPE:Internal infill
;WIDTH:0.45
G1 F4800
G1 X7.385 Y1.015 E.11126
G1 X16.26 Y-1.363 E.44191
G1 X16.239 Y-.121 E.05974
G1 X12.544 Y-3.817 E.25136
G1 X13.002 Y-3.828 E.02203
G1 X10.978 Y3.726 E.37614
G1 X11.962 Y3.782 E.0474
G1 X7.39 Y-.79 E.31098
G1 X7.262 Y-3.099 E.11123
G1 E-2 F2400
G1 X-3.048 Y4.065 F7800
G1 E2 F2400
;TYPE:Overhang perimeter
;WIDTH:0.4
;HEIGHT:0.4
M106 S255
G1 F900
G1 X-3.121 Y4.065 E.00381
G1 X-3.157 Y4.128 E.00379
G1 X-3.121 Y4.191 E.00379
G1 X-3.048 Y4.191 E.00381
G1 X-3.012 Y4.128 E.00379
M106 S221.85
G1 E-2 F2400
G1 X-1.177 Y-4.138 F7800
G1 E2 F2400
M106 S255
G1 F900
G1 X-2.214 Y-4.159 E.05419
M106 S221.85
G1 X-1.814 Y-4.151 F7800
G1 X-2.214 Y-4.159
M106 S255
G1 F900
G1 X-3.174 Y-3.888 E.05212
G1 X-4.221 Y-4.363 E.06007
G1 X-3.144 Y-4.234 E.05667
G1 X-2.274 Y-4.164 E.0456
M106 S221.85
G1 X-2.652 Y-4.032 F7800
G1 E-2 F2400
G1 X-6.456 Y3.769 F7800
G1 E2 F2400
;TYPE:Perimeter
;WIDTH:0.45
;HEIGHT:0.3
G1 F900
G1 X-11.772 Y4.061 E.25607
G1 X-15.476 Y4.146 E.1782
G1 X-16.304 Y4.145 E.03982
G1 X-16.149 Y2.559 E.07664
G1 X-16.209 Y-.188 E.13215
G1 X-16.184 Y-1.083 E.04306
G1 X-16.143 Y-2.591 E.07256
G1 X-16.318 Y-4.192 E.07746
G1 X-14.663 Y-4.143 E.07963
G1 X-12.99 Y-4.137 E.08047
G1 X-11.5 Y-4.09 E.0717
G1 X-6.338 Y-3.765 E.24877
G1 X-6.279 Y-2.39 E.06619
G1 X-6.41 Y-.121 E.10931
G1 X-6.384 Y2.322 E.11751
G1 X-6.453 Y3.709 E.06679
G1 X-6.089 Y4.135 F7800
G1 F900
G1 X-11.757 Y4.446 E.27302
G1 X-15.472 Y4.531 E.17873
G1 X-16.731 Y4.53 E.06055
G1 X-16.535 Y2.567 E.09488
G1 X-16.595 Y-.189 E.13259
G1 X-16.57 Y-1.094 E.04354
G1 X-16.532 Y-2.684 E.0765
G1 X-16.752 Y-4.587 E.09214
G1 X-14.662 Y-4.529 E.10056
G1 X-12.983 Y-4.523 E.08075
G1 X-11.482 Y-4.475 E.07223
G1 X-5.968 Y-4.128 E.26573
G1 X-5.893 Y-2.387 E.08381
G1 X-6.025 Y-.098 E.11028
G1 X-5.998 Y2.329 E.11674
G1 X-6.086 Y4.075 E.08408
G1 X-5.721 Y4.501 F7800
;TYPE:External perimeter
G1 F1800
G1 X-11.742 Y4.831 E.29002
G1 X-15.468 Y4.917 E.17926
G1 X-17.133 Y4.915 E.08008
G1 X-17.122 Y4.562 E.01699
G1 X-16.92 Y2.576 E.09601
G1 X-16.98 Y-.19 E.13307
G1 X-16.955 Y-1.105 E.04402
G1 X-16.915 Y-2.639 E.07381
G1 X-17.152 Y-4.688 E.09921
G1 X-17.16 Y-4.971 E.01362
G1 X-15.461 Y-4.946 E.08172
G1 X-14.66 Y-4.915 E.03855
G1 X-12.976 Y-4.908 E.081
G1 X-11.464 Y-4.861 E.07276
G1 X-5.598 Y-4.491 E.28269
G1 X-5.507 Y-2.384 E.10143
G1 X-5.64 Y-.076 E.11119
G1 X-5.612 Y2.337 E.11606
G1 X-5.718 Y4.441 E.10132
G1 X-6.11 Y4.521 F7800
G1 E-2 F2400
G1 X-9.238 Y3.632 F7800
G1 E2 F2400
;TYPE:Internal infill
;WIDTH:0.45
G1 F4800
G1 X-6.928 Y3.505 E.11127
G1 X-6.688 Y2.611 E.04452
G1 X-6.682 Y1.499 E.05348
G1 X-11.997 Y-3.816 E.36152
G1 X-10.967 Y-3.767 E.0496
G1 X-12.995 Y3.799 E.37674
G1 X-12.571 Y3.79 E.0204
G1 X-15.906 Y.455 E.22684
G1 X-15.888 Y1.263 E.03887
G1 X-6.636 Y-1.216 E.46069
G1 X-6.568 Y-2.392 E.05666
G1 X-6.65 Y-3.495 E.0532
M106 S229.5
;LAYER_CHANGE
;Z:10.25
;HEIGHT:0.3
G1 E-2 F2400
G1 Z10.25 F7800
G1 Z10.25
G1 X6.946 Y3.772
G1 E2 F2400
;TYPE:Perimeter
;WIDTH:0.45
G1 F900
G1 X6.935 Y2.347 E.06854
G1 X6.992 Y-.037 E.11469
G1 X6.909 Y-2.388 E.11315
G1 X6.816 Y-3.758 E.06604
G1 X8.776 Y-3.897 E.09451
G1 X9.338 Y-3.91 E.02704
G1 X12.411 Y-4.093 E.14806
G1 X14.521 Y-4.146 E.10152
G1 X16.655 Y-4.154 E.10264
G1 X16.688 Y-4.12 E.00228
G1 X16.683 Y-3.923 E.00948
G1 X16.507 Y-2.628 E.06286
G1 X16.463 Y-1.573 E.05079
G1 X16.44 Y-.022 E.07461
G1 X16.457 Y.906 E.04464
G1 X16.549 Y2.686 E.08573
G1 X16.722 Y4.21 E.07377
G1 X15.861 Y4.189 E.04142
G1 X14.634 Y4.213 E.05903
G1 X11.21 Y4.012 E.16497
G1 X6.978 Y3.801 E.2038
G1 X6.563 Y4.151 F7800
G1 F900
G1 X6.55 Y2.343 E.08696
G1 X6.607 Y-.024 E.11388
G1 X6.524 Y-2.362 E.11252
G1 X6.405 Y-4.116 E.08456
G1 X8.766 Y-4.282 E.11384
G1 X9.316 Y-4.295 E.02646
G1 X12.395 Y-4.478 E.14835
G1 X14.515 Y-4.532 E.102
G1 X16.468 Y-4.539 E.09393
G1 X17.084 Y-4.531 E.02963
G1 X17.073 Y-4.111 E.02021
G1 X17.068 Y-3.892 E.01054
G1 X16.893 Y-2.612 E.06214
G1 X16.849 Y-1.567 E.05031
G1 X16.825 Y-.029 E.07398
G1 X16.842 Y.886 E.04402
G1 X16.932 Y2.646 E.08476
G1 X17.066 Y3.896 E.06047
G1 X17.17 Y4.607 E.03456
G1 X15.868 Y4.575 E.06264
G1 X14.626 Y4.599 E.05975
G1 X11.187 Y4.397 E.16569
G1 X6.609 Y4.167 E.22046
G1 X6.195 Y4.513 F7800
;TYPE:External perimeter
G1 F1800
G1 X6.18 Y4.497 E.00105
G1 X6.164 Y2.34 E.10375
G1 X6.222 Y-.01 E.11306
G1 X6.139 Y-2.336 E.11194
G1 X5.994 Y-4.473 E.10302
G1 X8.757 Y-4.668 E.13322
G1 X9.293 Y-4.68 E.02579
G1 X12.379 Y-4.863 E.14869
G1 X14.51 Y-4.918 E.10253
G1 X16.662 Y-4.925 E.1035
G1 X17.479 Y-4.909 E.0393
G1 X17.459 Y-4.101 E.03887
G1 X17.452 Y-3.86 E.0116
G1 X17.278 Y-2.596 E.06137
G1 X17.234 Y-1.561 E.04982
G1 X17.211 Y-.036 E.07336
G1 X17.227 Y.867 E.04344
G1 X17.316 Y2.605 E.0837
G1 X17.448 Y3.84 E.05974
G1 X17.618 Y5.004 E.05658
G1 X15.876 Y4.96 E.08381
G1 X14.619 Y4.985 E.06047
G1 X11.165 Y4.782 E.16641
G1 X6.248 Y4.533 E.23679
G1 X6.18 Y4.139 F7800
G1 X7.232 Y3.363
;TYPE:Internal infill
;WIDTH:0.45
G1 F4800
G1 X7.256 Y1.05 E.11125
G1 X16.17 Y-1.339 E.44386
G1 X16.153 Y-.207 E.05445
G1 X12.553 Y-3.807 E.24487
G1 X13 Y-3.818 E.02151
G1 X10.982 Y3.711 E.3749
G1 X11.946 Y3.766 E.04644
G1 X7.25 Y-.931 E.31945
G1 X7.141 Y-3.241 E.11123
G1 E-2 F2400
G1 X.264 Y3.901 F7800
G1 E2 F2400
;TYPE:Overhang perimeter
;WIDTH:0.4
;HEIGHT:0.4
M106 S255
G1 F900
G1 X.806 Y3.921 E.02834
M106 S229.5
G1 E-2 F2400
G1 X-16.244 Y4.125 F7800
G1 E2 F2400
;TYPE:Perimeter
;WIDTH:0.45
;HEIGHT:0.3
G1 F3600
G1 X-16.092 Y2.549 E.07615
G1 X-16.166 Y-.162 E.13044
G1 X-16.098 Y-2.592 E.11692
G1 X-16.26 Y-4.18 E.07677
G1 X-12.022 Y-4.098 E.20387
G1 X-10.831 Y-4.05 E.05733
G1 X-5.138 Y-3.692 E.27435
;TYPE:Overhang perimeter
;WIDTH:0.4
;HEIGHT:0.4
M106 S255
G1 X-3.198 Y-3.46 E.10208
M106 S229.5
;TYPE:Perimeter
;WIDTH:0.45
;HEIGHT:0.3
;TYPE:Overhang perimeter
;WIDTH:0.4
;HEIGHT:0.4
M106 S255
G1 X-2.267 Y-3.356 E.04894
G1 X-2.064 Y-3.301 E.01099
G1 X-2.249 Y-3.215 E.01066
G1 X-3.161 Y-2.877 E.05081
G1 X-4.607 Y-2.736 E.0759
G1 X-4.987 Y-2.616 E.02082
G1 X-5.087 Y-2.513 E.0075
M106 S229.5
;TYPE:Perimeter
;WIDTH:0.45
;HEIGHT:0.3
G1 X-5.367 Y-2.224 E.01935
G1 X-5.475 Y-1.837 E.01932
G1 X-5.585 Y-.092 E.0841
G1 X-5.572 Y.138 E.01108
G1 X-5.408 Y.528 E.02035
G1 X-5.209 Y.734 E.01378
;TYPE:Overhang perimeter
;WIDTH:0.4
;HEIGHT:0.4
M106 S255
G1 X-3.783 Y1.878 E.09551
G1 X-3.752 Y2.104 E.01192
G1 X-3.555 Y2.566 E.02624
G1 X-3.149 Y2.868 E.02644
G1 X-2.622 Y3.075 E.02958
G1 X-2.337 Y3.442 E.02428
G1 X-3.271 Y3.493 E.04887
M106 S229.5
;TYPE:Perimeter
;WIDTH:0.45
;HEIGHT:0.3
G1 X-3.37 Y3.504 E.00479
;TYPE:Overhang perimeter
;WIDTH:0.4
;HEIGHT:0.4
M106 S255
G1 X-5.255 Y3.704 E.09903
M106 S229.5
;TYPE:Perimeter
;WIDTH:0.45
;HEIGHT:0.3
G1 X-11.12 Y4.024 E.28251
G1 X-13.566 Y4.107 E.11771
G1 X-16.203 Y4.142 E.12684
G1 E-2 F2400
G1 X-1.6 Y-3.292 F7800
G1 E2 F2400
;TYPE:Overhang perimeter
;WIDTH:0.4
;HEIGHT:0.4
M106 S255
G1 F900
G1 X-2.064 Y-3.301 E.02425
M106 S229.5
G1 E-2 F2400
G1 X-16.671 Y4.521 F7800
G1 E2 F2400
;TYPE:Perimeter
;WIDTH:0.45
;HEIGHT:0.3
G1 F3600
G1 X-16.478 Y2.56 E.09477
G1 X-16.551 Y-.163 E.13101
G1 X-16.483 Y-2.602 E.11735
G1 X-16.69 Y-4.572 E.09527
G1 X-12.011 Y-4.484 E.22508
G1 X-10.812 Y-4.435 E.05772
G1 X-5.155 Y-4.082 E.27261
;TYPE:Overhang perimeter
;WIDTH:0.4
;HEIGHT:0.4
M106 S255
G1 X-4.361 Y-3.987 E.04178
M106 S229.5
;TYPE:Perimeter
;WIDTH:0.45
;HEIGHT:0.3
G1 X-2.962 Y-3.821 E.06776
G1 X-2.209 Y-3.78 E.03627
;TYPE:Overhang perimeter
;WIDTH:0.4
;HEIGHT:0.4
M106 S255
G1 X.112 Y-3.556 E.12182
G1 X-1.429 Y-2.895 E.0876
G1 X-1.574 Y-2.861 E.00778
G1 X-2.118 Y-2.809 E.02855
G1 X-3.082 Y-2.498 E.05292
G1 X-4.57 Y-2.352 E.07811
G1 X-4.797 Y-2.28 E.01244
G1 X-5.025 Y-2.045 E.01711
G1 X-5.091 Y-1.813 E.0126
G1 X-5.2 Y-.068 E.09135
G1 X-5.16 Y.183 E.01328
G1 X-4.985 Y.419 E.01535
G1 X-3.422 Y1.673 E.10469
G1 X-3.37 Y2.051 E.01993
G1 X-3.252 Y2.328 E.01573
G1 X-3.008 Y2.509 E.01587
G1 X-2.382 Y2.755 E.03514
G1 X-1.684 Y3.653 E.05942
G1 X-1.502 Y3.767 E.01122
G1 X-2.412 Y3.831 E.04766
M106 S229.5
;TYPE:Perimeter
;WIDTH:0.45
;HEIGHT:0.3
G1 X-2.994 Y3.851 E.02801
G1 X-3.56 Y3.912 E.02738
;TYPE:Overhang perimeter
;WIDTH:0.4
;HEIGHT:0.4
M106 S255
G1 X-5.275 Y4.094 E.0901
M106 S229.5
;TYPE:Perimeter
;WIDTH:0.45
;HEIGHT:0.3
G1 X-11.103 Y4.41 E.28072
G1 X-13.555 Y4.492 E.118
G1 X-15.416 Y4.528 E.08952
G1 X-16.618 Y4.528 E.05781
G1 X-17.092 Y4.914 F7800
;TYPE:External perimeter
G1 F1800
G1 X-16.863 Y2.57 E.11327
G1 X-16.937 Y-.163 E.1315
G1 X-16.869 Y-2.613 E.11788
G1 X-17.119 Y-4.962 E.11362
G1 X-11.999 Y-4.869 E.24629
G1 X-10.792 Y-4.82 E.0581
G1 X-5.15 Y-4.47 E.27188
G1 X-2.941 Y-4.206 E.107
G1 X-1.964 Y-4.152 E.04706
G1 X.045 Y-3.939 E.09717
;TYPE:Overhang perimeter
;WIDTH:0.4
;HEIGHT:0.4
M106 S255
G1 F3600
G1 X.641 Y-3.854 E.03145
G1 X2.553 Y-4.046 E.10039
G1 X1.254 Y-3.414 E.07547
G1 X.736 Y-3.349 E.02728
G1 X.312 Y-3.223 E.02311
G1 X-1.408 Y-2.484 E.0978
G1 X-1.999 Y-2.442 E.03095
G1 X-3.003 Y-2.118 E.05512
G1 X-4.532 Y-1.968 E.08027
G1 X-4.608 Y-1.944 E.00416
G1 X-4.706 Y-1.789 E.00958
G1 X-4.816 Y-.031 E.09203
G1 X-4.744 Y.118 E.00865
G1 X-3.062 Y1.468 E.11268
G1 X-2.983 Y2.019 E.02908
G1 X-2.867 Y2.15 E.00914
G1 X-2.143 Y2.435 E.04065
G1 X-1.38 Y3.416 E.06493
G1 X-1.267 Y3.487 E.00697
G1 X.264 Y3.901 E.08286
G1 X-1.305 Y4.137 E.08289
G1 X-1.533 Y4.156 E.01195
M106 S229.5
;TYPE:External perimeter
;WIDTH:0.45
;HEIGHT:0.3
G1 F1800
G1 X-2.101 Y4.205 E.02742
G1 X-2.953 Y4.235 E.041
G1 X-3.75 Y4.32 E.03855
;TYPE:Overhang perimeter
;WIDTH:0.4
;HEIGHT:0.4
M106 S255
G1 F3600
G1 X-5.295 Y4.484 E.08117
M106 S229.5
;TYPE:External perimeter
;WIDTH:0.45
;HEIGHT:0.3
G1 F1800
G1 X-11.087 Y4.795 E.27898
G1 X-13.545 Y4.878 E.11829
G1 X-15.412 Y4.913 E.08981
G1 X-17.032 Y4.914 E.07792
G1 X-17.053 Y4.514 F7800
G1 E-2 F2400
G1 X-7.009 Y3.515 F7800
G1 E2 F2400
;TYPE:Internal infill
;WIDTH:0.45
G1 F4800
G1 X-6.893 Y3.509 E.00559
G1 X-6.867 Y1.313 E.10563
G1 X-11.988 Y-3.807 E.34829
G1 X-10.968 Y-3.766 E.0491
G1 X-12.994 Y3.798 E.37663
G1 X-12.576 Y3.784 E.02012
G1 X-15.858 Y.502 E.22324
G1 X-15.838 Y1.25 E.03599
G1 X-6.818 Y-1.167 E.44914
G1 X-6.746 Y-2.752 E.07631
G1 X-6.778 Y-3.477 E.0349
G1 X-6.565 Y-3.532 F7800
;TYPE:Bridge infill
;WIDTH:0.413219
;HEIGHT:0.4
M106 S255
G1 F3600
G1 X-3.508 Y-3.166 E.17166
G1 X-4.652 Y-3.054 E.06409
G1 X-5.152 Y-2.896 E.02924
G1 X-6.341 Y-3.039 E.06677
G1 X-6.328 Y-2.753 E.01596
G1 X-6.345 Y-2.573 E.01008
G1 X-5.557 Y-2.478 E.04425
G1 X-5.653 Y-2.38 E.00765
G1 X-5.749 Y-2.035 E.01997
G1 X-6.361 Y-2.108 E.03436
G1 X-6.371 Y-1.643 E.02593
G1 X-5.813 Y-1.576 E.03133
G1 X-5.842 Y-1.113 E.02587
G1 X-6.399 Y-1.179 E.03127
G1 X-6.094 Y-.893 E.02331
G1 X-6.353 Y-.708 E.01775
G1 X-5.87 Y-.65 E.02712
G1 X-5.899 Y-.187 E.02587
G1 X-6.453 Y-.253 E.03111
G1 X-6.463 Y.212 E.02593
G1 X-5.863 Y.284 E.03369
G1 X-5.817 Y.447 E.00944
G1 X-5.669 Y.716 E.01712
G1 X-5.608 Y.781 E.00497
G1 X-6.457 Y.68 E.04767
G1 X-6.451 Y1.147 E.02604
G1 X-4.99 Y1.322 E.08204
G1 X-4.306 Y1.87 E.04887
G1 X-6.446 Y1.614 E.12017
G1 X-6.44 Y2.081 E.02604
G1 X-4.005 Y2.373 E.13674
G1 X-3.808 Y2.77 E.02471
G1 X-3.66 Y2.88 E.01028
G1 X-6.434 Y2.548 E.15577
G1 X-6.449 Y3.013 E.02594
G1 X-3.359 Y3.383 E.17351
M106 S229.5
;LAYER_CHANGE
;Z:10.55
;HEIGHT:0.3
G1 E-2 F2400
G1 Z10.55 F7800
G1 Z10.55
G1 X4.515 Y-2.145
G1 E2 F2400
;TYPE:Overhang perimeter
;WIDTH:0.4
;HEIGHT:0.4
M106 S255
G1 F900
G1 X4.505 Y-2.048 E.00509
G1 X3.605 Y-1.507 E.05486
G1 X4.619 Y-.212 E.08593
G1 X4.657 Y-.059 E.00824
G1 X4.143 Y1.196 E.07085
G1 X5.621 Y2.115 E.09093
G1 X5.707 Y2.235 E.00771
G1 X5.691 Y2.365 E.00684
G1 X4.923 Y3.895 E.08944
G1 X4.731 Y4.001 E.01146
G1 X2.063 Y2.731 E.15438
G1 X.327 Y2.657 E.09078
G1 X-.223 Y2.545 E.02932
G1 X-.399 Y2.461 E.01019
G1 X-.791 Y1.958 E.03332
G1 X-2.016 Y1.271 E.07338
G1 X-3.404 Y.157 E.09298
G1 X-3.477 Y.006 E.00876
G1 X-3.418 Y-.938 E.04942
G1 X-3.337 Y-1.083 E.00868
G1 X-3.244 Y-1.118 E.00519
G1 X-1.881 Y-1.251 E.07155
G1 X-.343 Y-1.816 E.0856
G1 X.367 Y-2.121 E.04037
G1 X2.309 Y-2.385 E.10239
G1 X3.284 Y-2.857 E.05659
G1 X3.393 Y-2.874 E.00576
G1 X4.433 Y-2.316 E.06166
G1 X4.522 Y-2.212 E.00715
G1 X4.521 Y-2.205 E.00037
M106 S229.5
G1 X4.256 Y-1.905 F7800
G1 X5.302 Y-2.164
M106 S255
G1 F3600
G1 X5.248 Y-2.47 E.01623
G1 X5.149 Y-2.671 E.01171
G1 X4.805 Y-2.992 E.02458
G1 X3.895 Y-3.493 E.05427
G1 X5.618 Y-3.66 E.09044
M106 S229.5
;TYPE:Perimeter
;WIDTH:0.45
;HEIGHT:0.3
G1 X8.738 Y-3.893 E.15048
G1 X9.566 Y-3.913 E.03984
G1 X12.512 Y-4.085 E.14193
G1 X14.702 Y-4.141 E.10537
G1 X16.62 Y-4.149 E.09225
G1 X16.42 Y-2.711 E.06983
G1 X16.381 Y-1.878 E.04011
G1 X16.353 Y-.022 E.08928
G1 X16.364 Y.547 E.02737
G1 X16.474 Y2.69 E.10321
G1 X16.567 Y3.557 E.04194
G1 X16.663 Y4.214 E.03193
G1 X15.795 Y4.194 E.04176
G1 X14.816 Y4.212 E.04709
G1 X9.622 Y3.918 E.25021
G1 X8.674 Y3.897 E.04561
G1 X5.868 Y3.73 E.1352
G1 X6.38 Y2.711 E.05485
G1 X6.481 Y2.338 E.01859
G1 X6.458 Y2.062 E.01332
G1 X6.393 Y1.873 E.00961
G1 X6.253 Y1.654 E.0125
G1 X6.028 Y1.46 E.01429
G1 X5.764 Y1.295 E.01497
;TYPE:Overhang perimeter
;WIDTH:0.4
;HEIGHT:0.4
M106 S255
G1 X5.105 Y.886 E.04052
G1 X5.358 Y.274 E.0346
G1 X5.429 Y-.027 E.01616
G1 X5.368 Y-.437 E.02166
G1 X5.226 Y-.688 E.01507
G1 X4.763 Y-1.279 E.03922
G1 X5.166 Y-1.651 E.02865
G1 X5.247 Y-1.822 E.00989
G1 X5.296 Y-2.105 E.01501
M106 S229.5
G1 E-2 F2400
G1 X2.831 Y-3.44 F7800
G1 E2 F2400
M106 S255
G1 F3600
G1 X2.076 Y-3.083 E.04363
G1 X1.549 Y-3.02 E.02773
M106 S229.5
;TYPE:Perimeter
;WIDTH:0.380883
;HEIGHT:0.3
G1 X.947 Y-2.948 E.02393
;WIDTH:0.415441
G1 X.632 Y-2.924 E.01383
;WIDTH:0.45
G1 X.317 Y-2.9 E.01519
G1 X.063 Y-2.83 E.01267
G1 X-.629 Y-2.533 E.03622
G1 X-2.054 Y-2.009 E.07302
G1 X-3.427 Y-1.869 E.06638
G1 X-3.786 Y-1.71 E.01888
G1 X-3.895 Y-1.604 E.00731
;TYPE:Overhang perimeter
;WIDTH:0.4
;HEIGHT:0.4
M106 S255
G1 X-3.996 Y-1.505 E.00739
G1 X-4.14 Y-1.231 E.01617
G1 X-4.187 Y-.986 E.01303
G1 X-4.246 Y-.027 E.0502
M106 S229.5
;TYPE:Perimeter
;WIDTH:0.45
;HEIGHT:0.3
G1 X-4.179 Y.363 E.01903
G1 X-3.887 Y.758 E.02363
G1 X-2.587 Y1.792 E.07989
;TYPE:Overhang perimeter
;WIDTH:0.4
;HEIGHT:0.4
M106 S255
G1 X-2.556 Y1.816 E.00205
M106 S229.5
;TYPE:Perimeter
;WIDTH:0.45
;HEIGHT:0.3
G1 X-2.365 Y1.962 E.01156
G1 X-1.671 Y2.35 E.03824
;TYPE:Overhang perimeter
;WIDTH:0.4
;HEIGHT:0.4
M106 S255
G1 X-1.303 Y2.555 E.02201
G1 X-1.008 Y2.934 E.02509
G1 X-.594 Y3.193 E.02551
M106 S229.5
;TYPE:Perimeter
;WIDTH:0.45
;HEIGHT:0.3
G1 X-.444 Y3.286 E.00849
G1 X-.189 Y3.339 E.01253
G1 X-1.901 Y3.491 E.08267
G1 X-3.554 Y3.55 E.07955
G1 X-5.148 Y3.719 E.0771
G1 X-6.42 Y3.763 E.06122
G1 X-10.465 Y3.988 E.19485
G1 X-14.367 Y4.12 E.18778
G1 X-16.197 Y4.134 E.08802
G1 X-16.069 Y2.548 E.07653
G1 X-16.126 Y.611 E.0932
G1 X-16.103 Y.045 E.02725
G1 X-16.136 Y-.497 E.02612
G1 X-16.077 Y-2.598 E.10109
G1 X-16.217 Y-4.176 E.07619
G1 X-11.943 Y-4.082 E.20561
G1 X-10.158 Y-4.009 E.08592
G1 X-4.968 Y-3.693 E.25008
G1 X-3.556 Y-3.526 E.06839
G1 X-1.772 Y-3.428 E.08593
G1 X-.432 Y-3.288 E.0648
G1 X.301 Y-3.256 E.03529
G1 X.679 Y-3.263 E.01818
;WIDTH:0.411507
G1 X1.056 Y-3.27 E.01633
;WIDTH:0.373015
G1 X2.044 Y-3.369 E.03822
;WIDTH:0.352274
G1 X2.307 Y-3.393 E.00948
;TYPE:Overhang perimeter
;WIDTH:0.4
;HEIGHT:0.4
M106 S255
G1 X2.772 Y-3.435 E.02439
M106 S229.5
G1 E-2 F2400
G1 X-16.614 Y4.522 F7800
G1 E2 F2400
;TYPE:Perimeter
;WIDTH:0.45
;HEIGHT:0.3
G1 F3600
G1 X-16.618 Y4.522 E.00019
G1 X-16.454 Y2.559 E.09474
G1 X-16.511 Y.622 E.0932
G1 X-16.488 Y.018 E.02907
G1 X-16.522 Y-.487 E.02434
G1 X-16.463 Y-2.609 E.1021
G1 X-16.641 Y-4.571 E.09475
G1 X-11.931 Y-4.467 E.22659
G1 X-10.138 Y-4.394 E.08631
G1 X-4.934 Y-4.077 E.25076
G1 X-3.535 Y-3.911 E.06776
G1 X-1.741 Y-3.812 E.08642
G1 X-.415 Y-3.674 E.06412
G1 X1.025 Y-3.616 E.06932
G1 X2.014 Y-3.705 E.04776
;WIDTH:0.488814
G1 X2.539 Y-3.733 E.02783
;WIDTH:0.527629
G1 X3.064 Y-3.762 E.03038
;TYPE:Overhang perimeter
;WIDTH:0.4
;HEIGHT:0.4
M106 S255
G1 X3.27 Y-3.774 E.01078
G1 X3.785 Y-3.864 E.02731
G1 X4.887 Y-3.987 E.05793
G1 X5.594 Y-4.045 E.03706
M106 S229.5
;TYPE:Perimeter
;WIDTH:0.45
;HEIGHT:0.3
G1 X8.729 Y-4.278 E.1512
G1 X9.543 Y-4.298 E.03916
G1 X12.496 Y-4.471 E.14227
G1 X14.696 Y-4.527 E.10585
G1 X17.021 Y-4.532 E.11182
G1 X17.016 Y-4.332 E.00962
G1 X17.011 Y-4.167 E.00794
G1 X16.802 Y-2.658 E.07327
G1 X16.766 Y-1.872 E.03784
G1 X16.738 Y-.029 E.08865
G1 X16.749 Y.528 E.02679
G1 X16.857 Y2.649 E.10214
G1 X16.949 Y3.501 E.04122
G1 X17.11 Y4.61 E.0539
G1 X15.802 Y4.579 E.06293
G1 X14.808 Y4.598 E.04782
G1 X9.514 Y4.299 E.25503
G1 X8.659 Y4.282 E.04113
G1 X5.752 Y4.106 E.14007
;TYPE:Overhang perimeter
;WIDTH:0.4
;HEIGHT:0.4
M106 S255
G1 X5.272 Y4.058 E.0252
G1 X5.745 Y3.118 E.05498
M106 S229.5
;TYPE:Perimeter
;WIDTH:0.45
;HEIGHT:0.3
G1 X6.036 Y2.538 E.03121
G1 X6.096 Y2.314 E.01115
G1 X6.028 Y2.004 E.01526
G1 X5.824 Y1.787 E.01432
G1 X5.753 Y1.743 E.00402
;TYPE:Overhang perimeter
;WIDTH:0.4
;HEIGHT:0.4
M106 S255
G1 X4.624 Y1.041 E.06946
G1 X5.001 Y.127 E.05165
G1 X5.044 Y-.054 E.00972
G1 X5.007 Y-.3 E.013
G1 X4.922 Y-.45 E.00901
G1 X4.184 Y-1.393 E.06256
G1 X4.626 Y-1.645 E.02658
G1 X4.836 Y-1.85 E.01533
G1 X4.918 Y-2.151 E.0163
G1 X4.825 Y-2.462 E.01696
G1 X4.619 Y-2.654 E.01471
G1 X3.45 Y-3.302 E.06983
G1 X3.312 Y-3.303 E.00721
G1 X3.105 Y-3.229 E.01148
G1 X2.197 Y-2.759 E.05342
G1 X.993 Y-2.6 E.06345
G1 X.215 Y-2.476 E.04116
G1 X-.486 Y-2.175 E.03986
G1 X-1.968 Y-1.63 E.0825
G1 X-3.281 Y-1.501 E.06893
G1 X-3.562 Y-1.396 E.01567
G1 X-3.688 Y-1.273 E.0092
G1 X-3.802 Y-.962 E.01731
G1 X-3.861 Y-.03 E.04879
G1 X-3.825 Y.209 E.01263
G1 X-3.651 Y.45 E.01553
M106 S229.5
;TYPE:Perimeter
;WIDTH:0.45
;HEIGHT:0.3
G1 X-2.664 Y1.245 E.06096
;TYPE:Overhang perimeter
;WIDTH:0.4
;HEIGHT:0.4
M106 S255
G1 X-2.177 Y1.625 E.03227
G1 X-1.047 Y2.256 E.06762
G1 X-.704 Y2.698 E.02923
G1 X-.301 Y2.922 E.02409
G1 X.308 Y3.109 E.03328
G1 X1.951 Y3.177 E.08591
G1 X3.232 Y3.792 E.07424
G1 X1.448 Y3.66 E.09346
M106 S229.5
;TYPE:Perimeter
;WIDTH:0.568463
;HEIGHT:0.3
G1 X.821 Y3.618 E.03951
;WIDTH:0.564091
G1 X.164 Y3.663 E.04104
;WIDTH:0.534923
G1 X-.109 Y3.7 E.01617
;WIDTH:0.492461
G1 X-.383 Y3.737 E.01476
;WIDTH:0.45
G1 X-1.877 Y3.877 E.07217
G1 X-3.513 Y3.933 E.07873
G1 X-5.121 Y4.104 E.07778
G1 X-6.399 Y4.149 E.06151
G1 X-10.448 Y4.373 E.19504
G1 X-14.359 Y4.505 E.18821
G1 X-16.554 Y4.522 E.10558
G1 X-17.038 Y4.911 F7800
;TYPE:External perimeter
G1 F1800
G1 X-16.839 Y2.571 E.11295
G1 X-16.897 Y.634 E.0932
G1 X-16.888 Y.2 E.02088
G1 X-16.908 Y-.477 E.03258
G1 X-16.848 Y-2.62 E.10311
G1 X-17.065 Y-4.966 E.11332
G1 X-11.919 Y-4.853 E.24756
G1 X-10.119 Y-4.779 E.08665
G1 X-4.899 Y-4.461 E.25153
G1 X-3.514 Y-4.296 E.06708
G1 X-1.71 Y-4.197 E.0869
G1 X-.398 Y-4.059 E.06345
G1 X.991 Y-4 E.06687
G1 X4.183 Y-4.3 E.1542
;TYPE:Overhang perimeter
;WIDTH:0.4
;HEIGHT:0.4
M106 S255
G1 F3600
G1 X5.57 Y-4.43 E.07278
M106 S229.5
;TYPE:External perimeter
;WIDTH:0.45
;HEIGHT:0.3
G1 F1800
G1 X8.719 Y-4.664 E.15187
G1 X9.521 Y-4.683 E.03858
G1 X12.48 Y-4.856 E.14256
G1 X14.69 Y-4.912 E.10633
G1 X16.822 Y-4.922 E.10254
G1 X17.416 Y-4.91 E.02858
G1 X17.401 Y-4.322 E.02829
G1 X17.396 Y-4.135 E.009
G1 X17.182 Y-2.587 E.07516
G1 X17.152 Y-1.866 E.03471
G1 X17.124 Y-.036 E.08803
G1 X17.134 Y.508 E.02617
G1 X17.241 Y2.608 E.10113
G1 X17.33 Y3.445 E.04048
G1 X17.558 Y5.007 E.07592
G1 X15.81 Y4.965 E.0841
G1 X14.801 Y4.984 E.04854
G1 X9.507 Y4.685 E.25503
G1 X8.644 Y4.667 E.04152
G1 X5.755 Y4.494 E.1392
;TYPE:Overhang perimeter
;WIDTH:0.4
;HEIGHT:0.4
M106 S255
G1 F3600
G1 X3.293 Y4.249 E.12926
G1 X2.511 Y4.189 E.04098
M106 S229.5
;TYPE:External perimeter
;WIDTH:0.45
;HEIGHT:0.3
G1 F1800
G1 X.762 Y4.058 E.08436
G1 X-.347 Y4.121 E.05343
G1 X-1.853 Y4.262 E.07275
G1 X-3.472 Y4.317 E.07791
G1 X-5.094 Y4.489 E.07845
G1 X-6.378 Y4.534 E.06179
G1 X-10.43 Y4.758 E.19518
G1 X-14.351 Y4.891 E.18869
G1 X-16.978 Y4.911 E.12635
G1 X-17.004 Y4.512 F7800
G1 E-2 F2400
G1 X-9.237 Y3.63 F7800
G1 E2 F2400
;TYPE:Internal infill
;WIDTH:0.45
G1 F4800
G1 X-6.927 Y3.502 E.11127
G1 X-6.788 Y2.983 E.02584
G1 X-6.764 Y1.417 E.07533
G1 X-11.973 Y-3.793 E.35434
G1 X-10.971 Y-3.753 E.04823
G1 X-12.991 Y3.784 E.3753
G1 X-12.59 Y3.77 E.0193
G1 X-15.839 Y.521 E.22099
G1 X-15.818 Y1.244 E.03479
G1 X-6.719 Y-1.194 E.45307
G1 X-6.649 Y-2.392 E.05772
G1 X-6.698 Y-3.505 E.05358
G1 E-2 F2400
G1 X-6.381 Y1.106 F7800
G1 E2 F2400
;TYPE:Solid infill
;WIDTH:0.45
G1 F1200
G1 X-6.137 Y1.434 E.01966
G1 X-5.654 Y1.852 E.03072
G1 X-5.344 Y2.038 E.01739
G1 X-4.893 Y2.187 E.02284
G1 X-4.786 Y2.654 E.02304
G1 X-4.57 Y3.105 E.02405
G1 X-4.371 Y3.346 E.01503
G1 X-5.169 Y3.431 E.0386
G1 X-6.426 Y3.477 E.0605
G1 X-6.368 Y2.314 E.05601
G1 X-6.379 Y1.299 E.04882
G1 X-5.985 Y2.075 F7800
G1 F1200
G1 X-5.54 Y2.37 E.02568
G1 X-5.222 Y2.487 E.0163
G1 X-5.183 Y2.668 E.00891
G1 X-5.034 Y3.029 E.01878
G1 X-6.02 Y3.076 E.04748
G1 X-5.99 Y2.268 E.03889
G1 E-2 F2400
G1 X-6.301 Y-2.809 F7800
G1 E2 F2400
;WIDTH:0.410446
G1 F1200
G1 X-6.331 Y-3.506 E.03011
G1 X-5.706 Y-3.468 E.02703
G1 X-6.039 Y-3.189 E.01875
G1 X-6.192 Y-2.968 E.0116
G1 E-2 F2400
G1 X-.639 Y-2.658 F7800
G1 E2 F2400
;TYPE:Bridge infill
;WIDTH:0.400463
;HEIGHT:0.4
M106 S255
G1 F3600
G1 X-1.363 Y-3.062 E.04342
G1 X-1.797 Y-3.107 E.02285
G1 X-2.431 Y-3.142 E.03325
G1 X-1.428 Y-2.582 E.06015
G1 X-1.985 Y-2.377 E.03108
G1 X-3.456 Y-3.198 E.08822
G1 X-4.61 Y-3.327 E.06081
G1 X-2.713 Y-2.267 E.11379
G1 X-3.483 Y-2.182 E.04057
G1 X-5.352 Y-3.225 E.11208
G1 X-5.59 Y-3.069 E.0149
G1 X-5.745 Y-2.929 E.01094
G1 X-3.995 Y-1.952 E.10495
G1 X-4.255 Y-1.698 E.01903
G1 X-4.302 Y-1.607 E.00536
G1 X-5.996 Y-2.552 E.10158
G1 X-6.16 Y-2.128 E.02381
G1 X-4.474 Y-1.187 E.10111
G1 X-4.508 Y-1.015 E.00918
G1 X-4.527 Y-.701 E.01647
G1 X-6.222 Y-1.647 E.10165
G1 X-6.253 Y-1.148 E.02618
G1 X-4.559 Y-.202 E.1016
G1 X-4.553 Y.214 E.02179
G1 X-4.519 Y.335 E.00658
G1 X-6.284 Y-.65 E.10584
G1 X-6.316 Y-.152 E.02613
G1 X-3.714 Y1.301 E.15606
G1 X-2.696 Y2.126 E.06862
G1 X-2.526 Y2.24 E.01072
G1 X-1.517 Y2.804 E.06053
G1 X-1.346 Y3.024 E.01459
G1 X-1.386 Y3.116 E.00525
G1 X-6.255 Y.398 E.29201
G1 X-6.189 Y.61 E.01163
G1 X-6.119 Y.755 E.00843
G1 X-6.012 Y.925 E.01052
G1 X-5.831 Y1.151 E.01516
G1 X-2.196 Y3.18 E.218
G1 X-3.064 Y3.211 E.04548
G1 X-4.662 Y2.32 E.09581
M106 S229.5
G1 E-2 F2400
G1 X6.363 Y3.446 F7800
G1 E2 F2400
;TYPE:Solid infill
;WIDTH:0.499383
;HEIGHT:0.3
G1 F1200
G1 X6.581 Y3.011 E.0264
G1 X6.821 Y3.043 E.01314
;WIDTH:0.495822
G1 X7.024 Y2.985 E.01136
;WIDTH:0.495207
G1 X7.028 Y3.487 E.02698
;WIDTH:0.498175
G1 X6.555 Y3.458 E.02564
G1 X7.435 Y3.307 F7800
;TYPE:Internal infill
;WIDTH:0.45
G1 F4800
G1 X7.467 Y.993 E.11131
G1 X16.083 Y-1.315 E.42901
G1 X16.067 Y-.293 E.04916
G1 X12.563 Y-3.797 E.23834
G1 X12.997 Y-3.808 E.02088
G1 X10.984 Y3.706 E.37414
G1 X11.94 Y3.76 E.04605
G1 X7.474 Y-.706 E.30377
G1 X7.351 Y-3.015 E.11121
G1 E-2 F2400
G1 X7.214 Y2.532 F7800
G1 E2 F2400
;TYPE:Bridge infill
;WIDTH:0.446624
;HEIGHT:0.4
M106 S255
G1 F3600
G1 X5.616 Y.491 E.16884
G1 X5.733 Y.134 E.02447
G1 X5.743 Y-.152 E.01864
G1 X7.035 Y1.497 E.13645
G1 X7.057 Y.72 E.05063
G1 X5.381 Y-1.42 E.17705
G1 X5.438 Y-1.476 E.0052
G1 X5.549 Y-1.711 E.01693
G1 X5.601 Y-1.944 E.01555
G1 X7.078 Y-.059 E.15598
G1 X7.049 Y-.901 E.05488
G1 X5.166 Y-3.306 E.19895
G1 X5.752 Y-3.363 E.03835
G1 X7.021 Y-1.742 E.13409
G1 X7 Y-2.362 E.04041
G1 X6.974 Y-2.608 E.01611
G1 X6.206 Y-3.588 E.0811
M106 S229.5
M106 S219.3
;LAYER_CHANGE
;Z:10.85
;HEIGHT:0.3
G1 E-2 F2400
G1 Z10.85 F7800
G1 Z10.85
G1 X3.479 Y-.329
G1 E2 F2400
;TYPE:Overhang perimeter
;WIDTH:0.4
;HEIGHT:0.4
M106 S255
G1 F900
G1 X3.507 Y-.156 E.00916
G1 X3.435 Y.167 E.01729
G1 X3.239 Y.572 E.02351
G1 X3.032 Y.78 E.01533
G1 X2.785 Y.911 E.01461
G1 X2.612 Y.954 E.00931
G1 X1.001 Y2.26 E.10835
M106 S219.3
;TYPE:Perimeter
;WIDTH:0.45
;HEIGHT:0.3
G1 X.803 Y2.392 E.01145
G1 X.424 Y2.494 E.01888
G1 X.308 Y2.493 E.00558
G1 X-.157 Y2.339 E.02356
G1 X-1.897 Y1.206 E.09987
G1 X-2.45 Y.865 E.03125
G1 X-2.726 Y.609 E.01811
G1 X-2.839 Y.403 E.0113
G1 X-2.906 Y.011 E.01913
;TYPE:Overhang perimeter
;WIDTH:0.4
;HEIGHT:0.4
M106 S255
G1 X-2.877 Y-.291 E.01585
G1 X-2.717 Y-.642 E.02015
G1 X-2.605 Y-.753 E.00824
M106 S219.3
;TYPE:Perimeter
;WIDTH:0.45
;HEIGHT:0.3
G1 X-2.501 Y-.857 E.00707
G1 X-1.763 Y-1.154 E.03826
G1 X-.026 Y-2.074 E.09454
G1 X.267 Y-2.173 E.01487
G1 X1.871 Y-2.44 E.07821
G1 X2.358 Y-2.395 E.02352
G1 X2.727 Y-2.154 E.0212
G1 X2.745 Y-2.126 E.0016
;TYPE:Overhang perimeter
;WIDTH:0.4
;HEIGHT:0.4
M106 S255
G1 X2.936 Y-1.817 E.01898
G1 X2.996 Y-1.65 E.00927
M106 S219.3
;TYPE:Perimeter
;WIDTH:0.45
;HEIGHT:0.3
G1 X3.034 Y-1.547 E.00528
;TYPE:Overhang perimeter
;WIDTH:0.4
;HEIGHT:0.4
M106 S255
G1 X3.31 Y-.785 E.04234
G1 X3.444 Y-.546 E.01432
G1 X3.47 Y-.388 E.00837
M106 S219.3
G1 X3.105 Y-.278 F7800
M106 S255
G1 F900
G1 X3.122 Y-.174 E.00551
G1 X2.995 Y.224 E.02183
G1 X2.803 Y.469 E.01626
G1 X2.544 Y.576 E.01464
G1 X2.449 Y.589 E.00501
G1 X.734 Y1.98 E.11537
G1 X.501 Y2.094 E.01355
G1 X.333 Y2.108 E.00881
G1 X.054 Y2.016 E.01535
G1 X-.475 Y1.672 E.03297
M106 S219.3
;TYPE:Perimeter
;WIDTH:0.45
;HEIGHT:0.3
G1 X-.736 Y1.502 E.01498
;TYPE:Overhang perimeter
;WIDTH:0.4
;HEIGHT:0.4
M106 S255
G1 X-2.248 Y.537 E.09371
G1 X-2.413 Y.383 E.01179
G1 X-2.515 Y.141 E.01372
G1 X-2.501 Y-.205 E.01809
G1 X-2.405 Y-.416 E.01211
G1 X-2.276 Y-.544 E.00949
G1 X-1.74 Y-.73 E.02964
G1 X-.997 Y-1.123 E.04391
M106 S219.3
;TYPE:Perimeter
;WIDTH:0.45
;HEIGHT:0.3
G1 X.155 Y-1.733 E.0627
G1 X.331 Y-1.792 E.00893
G1 X1.934 Y-2.059 E.07816
G1 X2.227 Y-2.033 E.01415
G1 X2.337 Y-1.96 E.00635
;TYPE:Overhang perimeter
;WIDTH:0.4
;HEIGHT:0.4
M106 S255
G1 X2.448 Y-1.888 E.00691
G1 X2.573 Y-1.686 E.01241
G1 X2.967 Y-.598 E.06045
G1 X3.084 Y-.408 E.01166
G1 X3.096 Y-.337 E.00376
M106 S219.3
G1 X2.727 Y-.231 F7800
M106 S255
G1 F900
G1 X2.737 Y-.214 E.00103
G1 X2.616 Y.117 E.01841
G1 X2.488 Y.194 E.0078
G1 X2.289 Y.223 E.01051
G1 X.491 Y1.681 E.12094
G1 X.357 Y1.723 E.00734
G1 X-2.046 Y.209 E.14838
G1 X-2.135 Y.077 E.00832
G1 X-2.1 Y-.178 E.01345
G1 X-1.988 Y-.261 E.00728
G1 X-1.597 Y-.369 E.02119
G1 X.335 Y-1.392 E.11421
G1 X1.998 Y-1.679 E.08817
G1 X2.169 Y-1.622 E.00942
G1 X2.626 Y-.409 E.06772
G1 X2.697 Y-.283 E.00756
M106 S219.3
G1 X2.599 Y.105 F7800
G1 E-2 F2400
G1 X-16.167 Y4.088 F7800
G1 E2 F2400
;TYPE:Perimeter
;WIDTH:0.45
;HEIGHT:0.3
G1 F3600
G1 X-16.045 Y2.549 E.07425
G1 X-16.094 Y.892 E.07973
G1 X-16.051 Y-.102 E.04785
G1 X-16.107 Y-.805 E.03392
G1 X-16.057 Y-2.605 E.08661
G1 X-16.195 Y-4.168 E.07547
G1 X-11.864 Y-4.065 E.20836
G1 X-9.484 Y-3.968 E.11456
G1 X-4.649 Y-3.676 E.23297
G1 X-4.129 Y-3.616 E.02518
G1 X-1.492 Y-3.47 E.12702
G1 X-.806 Y-3.399 E.03317
G1 X1.253 Y-3.309 E.09913
G1 X3.979 Y-3.537 E.13157
G1 X5.533 Y-3.697 E.07514
G1 X6.486 Y-3.729 E.04586
G1 X8.571 Y-3.886 E.10057
G1 X9.79 Y-3.915 E.05865
G1 X12.203 Y-4.061 E.11627
G1 X14.882 Y-4.136 E.1289
G1 X16.523 Y-4.135 E.07893
G1 X16.315 Y-2.588 E.07507
G1 X16.267 Y.009 E.12493
G1 X16.394 Y2.637 E.12655
G1 X16.449 Y3.162 E.02539
G1 X16.603 Y4.218 E.05133
G1 X15.729 Y4.198 E.04205
G1 X14.998 Y4.212 E.03517
G1 X9.812 Y3.919 E.24983
G1 X8.595 Y3.893 E.05855
G1 X5.657 Y3.732 E.14152
G1 X3.834 Y3.55 E.08812
G1 X1.062 Y3.361 E.13363
G1 X-.799 Y3.467 E.08965
G1 X-1.671 Y3.548 E.04212
G1 X-4.073 Y3.632 E.1156
G1 X-4.918 Y3.722 E.04087
G1 X-6.911 Y3.791 E.09591
G1 X-9.808 Y3.951 E.13955
G1 X-15.17 Y4.132 E.25804
G1 X-16.156 Y4.133 E.04742
G1 X-16.588 Y4.497 F7800
G1 F3600
G1 X-16.43 Y2.561 E.09342
G1 X-16.479 Y.904 E.07973
G1 X-16.435 Y-.071 E.04694
G1 X-16.493 Y-.795 E.03493
G1 X-16.442 Y-2.616 E.08762
G1 X-16.619 Y-4.564 E.09408
G1 X-11.852 Y-4.451 E.22934
G1 X-9.465 Y-4.353 E.1149
G1 X-4.683 Y-4.068 E.23041
G1 X-4.108 Y-4.001 E.02784
G1 X-1.451 Y-3.853 E.12799
G1 X-.789 Y-3.784 E.03201
G1 X1.27 Y-3.694 E.09913
G1 X3.938 Y-3.92 E.12878
G1 X5.52 Y-4.082 E.07649
G1 X6.457 Y-4.114 E.04509
G1 X8.552 Y-4.271 E.10104
G1 X9.769 Y-4.3 E.05855
G1 X12.186 Y-4.446 E.11646
G1 X14.876 Y-4.521 E.12943
G1 X16.957 Y-4.521 E.10009
G1 X16.955 Y-4.447 E.00356
G1 X16.701 Y-2.58 E.09062
G1 X16.652 Y-.01 E.12363
G1 X16.779 Y2.618 E.12655
G1 X16.831 Y3.106 E.0236
G1 X17.051 Y4.614 E.0733
G1 X15.761 Y4.584 E.06206
G1 X14.991 Y4.598 E.03704
G1 X9.742 Y4.302 E.25286
G1 X8.581 Y4.279 E.05585
G1 X5.627 Y4.116 E.14229
G1 X3.807 Y3.935 E.08797
G1 X1.084 Y3.746 E.13128
G1 X-.763 Y3.851 E.08898
G1 X-1.646 Y3.933 E.04265
G1 X-4.032 Y4.015 E.11483
G1 X-4.891 Y4.107 E.04155
G1 X-6.89 Y4.176 E.0962
G1 X-9.791 Y4.337 E.13974
G1 X-15.164 Y4.518 E.25857
G1 X-16.551 Y4.519 E.06671
G1 X-16.997 Y4.896 F7800
;TYPE:External perimeter
G1 F1800
G1 X-17.007 Y4.885 E.00072
G1 X-16.816 Y2.572 E.11163
G1 X-16.865 Y.915 E.07973
G1 X-16.819 Y-.04 E.04599
G1 X-16.879 Y-.785 E.03595
G1 X-16.828 Y-2.65 E.08973
G1 X-17.031 Y-4.827 E.10516
G1 X-17.028 Y-4.96 E.0064
G1 X-11.839 Y-4.836 E.24964
G1 X-9.445 Y-4.738 E.11524
G1 X-4.648 Y-4.452 E.23113
G1 X-4.086 Y-4.386 E.02722
G1 X-1.411 Y-4.237 E.12886
G1 X-.772 Y-4.17 E.0309
G1 X1.286 Y-4.079 E.09908
G1 X3.897 Y-4.304 E.12605
G1 X5.507 Y-4.467 E.07783
G1 X6.428 Y-4.498 E.04432
G1 X8.533 Y-4.656 E.10153
G1 X9.748 Y-4.685 E.05845
G1 X12.169 Y-4.832 E.11666
G1 X14.871 Y-4.907 E.13001
G1 X17.353 Y-4.906 E.11938
G1 X17.341 Y-4.437 E.02256
G1 X17.087 Y-2.572 E.09053
G1 X17.037 Y-.029 E.12233
G1 X17.165 Y2.6 E.1266
G1 X17.212 Y3.051 E.02181
G1 X17.498 Y5.011 E.09527
G1 X15.752 Y4.969 E.084
G1 X14.984 Y4.984 E.03695
G1 X9.732 Y4.687 E.25301
G1 X8.566 Y4.664 E.05609
G1 X5.597 Y4.501 E.14301
G1 X3.78 Y4.32 E.08782
G1 X1.106 Y4.131 E.12893
G1 X-.728 Y4.235 E.08835
G1 X-1.622 Y4.318 E.04318
G1 X-3.992 Y4.399 E.11406
G1 X-4.864 Y4.492 E.04218
G1 X-6.869 Y4.561 E.09649
G1 X-9.774 Y4.722 E.13993
G1 X-15.157 Y4.904 E.25905
G1 X-16.941 Y4.905 E.0858
G1 X-16.975 Y4.506 F7800
G1 E-2 F2400
G1 X-9.237 Y3.63 F7800
G1 E2 F2400
;TYPE:Internal infill
;WIDTH:0.45
G1 F4800
G1 X-6.927 Y3.502 E.11127
G1 X-5.95 Y-.141 E.18141
G1 X-5.872 Y-1.421 E.06168
G1 X-15.796 Y1.238 E.49415
G1 X-15.798 Y.563 E.03247
G1 X-12.604 Y3.756 E.21722
G1 X-12.987 Y3.769 E.01843
G1 X-10.975 Y-3.739 E.37385
G1 X-11.958 Y-3.778 E.04732
G1 X-5.688 Y2.492 E.42648
G1 X-5.737 Y3.461 E.04667
G1 X-6.734 Y3.495 E.04798
G1 E-2 F2400
G1 X-1.478 Y-1.439 F7800
G1 E2 F2400
;TYPE:Bridge infill
;WIDTH:0.40322
;HEIGHT:0.4
M106 S255
G1 F3600
G1 X-1.259 Y-2.098 E.03687
G1 X-1.375 Y-2.207 E.00845
G1 X-1.64 Y-2.389 E.01707
G1 X-2.046 Y-1.169 E.06826
M106 S219.3
G1 E-2 F2400
G1 X-2.318 Y1.086 F7800
G1 E2 F2400
M106 S255
G1 F3600
G1 X-2.568 Y1.839 E.04212
G1 X-2.864 Y1.886 E.01591
G1 X-3.059 Y1.877 E.01036
G1 X-2.701 Y.802 E.06015
M106 S219.3
G1 X-3.58 Y2.009 F7800
M106 S255
G1 F3600
G1 X-3.106 Y.583 E.07978
G1 X-3.212 Y.261 E.018
G1 X-3.23 Y.031 E.01225
G1 X-3.191 Y-.362 E.02097
G1 X-3.114 Y-.593 E.01293
G1 X-3.02 Y-.77 E.01064
G1 X-2.691 Y-1.119 E.02546
G1 X-2.511 Y-1.205 E.01059
G1 X-2.047 Y-2.601 E.0781
G1 X-2.318 Y-2.669 E.01483
G1 X-2.496 Y-2.689 E.00951
G1 X-3.936 Y1.641 E.24226
G1 X-4.317 Y1.353 E.02536
G1 X-2.985 Y-2.654 E.22417
G1 X-3.481 Y-2.599 E.02649
G1 X-4.668 Y.97 E.19968
G1 X-4.837 Y.681 E.01777
G1 X-4.935 Y.339 E.01889
G1 X-4.027 Y-2.392 E.15279
G1 X-4.188 Y-2.3 E.00984
G1 X-4.398 Y-2.137 E.01411
G1 X-4.531 Y-1.99 E.01052
G1 X-4.653 Y-1.805 E.01176
G1 X-4.819 Y-1.446 E.021
G1 X-5.16 Y-.421 E.05735
M106 S219.3
G1 E-2 F2400
G1 X-3.203 Y-3.315 F7800
G1 E2 F2400
;TYPE:Solid infill
;WIDTH:0.419954
;HEIGHT:0.3
G1 F1200
G1 X-3.124 Y-3.286 E.00373
;WIDTH:0.469927
G1 X-3.046 Y-3.257 E.00421
;WIDTH:0.5199
G1 X-2.968 Y-3.227 E.00475
;WIDTH:0.569873
G1 X-2.889 Y-3.198 E.00531
;WIDTH:0.619847
G1 X-2.811 Y-3.169 E.00577
G1 X-2.888 Y-3.137 E.00578
;WIDTH:0.569873
G1 X-2.966 Y-3.105 E.00532
;WIDTH:0.5199
G1 X-3.043 Y-3.074 E.00472
;WIDTH:0.469927
G1 X-3.121 Y-3.042 E.00426
;WIDTH:0.419954
G1 X-3.198 Y-3.01 E.0037
;WIDTH:0.39396
G1 X-3.447 Y-2.998 E.01025
;WIDTH:0.42198
G1 X-3.722 Y-2.934 E.01259
;WIDTH:0.45
G1 X-3.998 Y-2.87 E.01363
G1 X-4.531 Y-2.567 E.02949
;WIDTH:0.452105
G1 X-4.768 Y-2.334 E.01607
;WIDTH:0.456316
G1 X-4.977 Y-2.055 E.01704
G1 X-5.208 Y-1.604 E.02477
;WIDTH:0.498541
G1 X-5.259 Y-1.483 E.00711
;WIDTH:0.540767
G1 X-5.311 Y-1.363 E.00777
;WIDTH:0.582993
G1 X-5.363 Y-1.242 E.00852
;WIDTH:0.625219
G1 X-5.415 Y-1.122 E.00915
G1 X-5.426 Y-1.272 E.01052
;WIDTH:0.582993
G1 X-5.438 Y-1.423 E.0098
;WIDTH:0.540767
G1 X-5.45 Y-1.573 E.00894
;WIDTH:0.498541
G1 X-5.462 Y-1.724 E.0082
;WIDTH:0.456316
G1 X-5.337 Y-2.204 E.02425
G1 X-5.203 Y-2.42 E.01243
;WIDTH:0.453622
G1 X-5.205 Y-2.772 E.01709
;WIDTH:0.45
G1 X-5.234 Y-3.425 E.03144
G1 X-4 Y-3.319 E.05957
G1 X-3.698 Y-3.317 E.01453
;WIDTH:0.419665
G1 X-3.395 Y-3.316 E.01343
;WIDTH:0.45
G1 X-2.811 Y-3.169 E.02896
;WIDTH:0.619847
G1 X-2.459 Y-3.169 E.02439
;WIDTH:0.614516
G1 X-2.199 Y-3.138 E.01797
;WIDTH:0.648819
G1 X-1.938 Y-3.106 E.01917
G1 X-1.837 Y-3.036 E.00896
;WIDTH:0.623884
G1 X-1.66 Y-2.914 E.015
;WIDTH:0.580413
G1 X-1.484 Y-2.791 E.01382
;WIDTH:0.536942
G1 X-1.308 Y-2.669 E.01262
;WIDTH:0.493471
G1 X-1.131 Y-2.547 E.0115
;WIDTH:0.45
G1 X-.88 Y-2.293 E.01718
G1 X-.724 Y-2.031 E.01467
G1 X-.168 Y-2.326 E.03027
G1 X.227 Y-2.459 E.02005
G1 X.713 Y-2.54 E.0237
G1 X.728 Y-2.891 E.0169
G1 X.773 Y-3.04 E.00749
G1 X-.816 Y-3.11 E.0765
G1 X-1.426 Y-3.172 E.02949
;WIDTH:0.491244
G1 X-1.537 Y-3.159 E.00595
;WIDTH:0.532489
G1 X-1.648 Y-3.146 E.00653
;WIDTH:0.573734
G1 X-1.759 Y-3.133 E.0071
;WIDTH:0.614979
G1 X-1.87 Y-3.119 E.00768
G1 X-.499 Y-2.655 F7800
;WIDTH:0.600911
G1 F1200
G1 X-.547 Y-2.702 E.0045
G1 X-.612 Y-2.685 E.0045
G1 X-.629 Y-2.62 E.0045
G1 X-.582 Y-2.573 E.00445
G1 X-.517 Y-2.59 E.0045
G1 E-2 F2400
G1 X-4.704 Y-2.964 F7800
G1 E2 F2400
;WIDTH:0.573575
G1 F1200
G1 X-4.749 Y-3.009 E.00404
G1 X-4.81 Y-2.993 E.00401
G1 X-4.827 Y-2.932 E.00402
G1 X-4.782 Y-2.887 E.00404
G1 X-4.72 Y-2.903 E.00407
G1 X-5.415 Y-1.122 F7800
;WIDTH:0.625219
G1 F1200
G1 X-5.42 Y-1.07 E.00365
;WIDTH:0.625001
G1 X-5.482 Y-.053 E.07124
G1 X-5.43 Y.291 E.02433
;WIDTH:0.599545
G1 X-5.386 Y.417 E.00891
;WIDTH:0.564772
G1 X-5.342 Y.543 E.00833
;WIDTH:0.529999
G1 X-5.299 Y.669 E.00773
;WIDTH:0.495227
G1 X-5.298 Y.902 E.01252
;WIDTH:0.481759
G1 X-5.305 Y1.598 E.03623
;WIDTH:0.45
G1 X-5.295 Y2.337 E.03555
G1 X-5.35 Y3.447 E.05345
G1 X-3.612 Y3.324 E.0838
G1 X-1.689 Y3.259 E.09254
G1 X-1.112 Y3.206 E.02787
G1 X-1.165 Y3.077 E.00671
G1 X-1.213 Y2.685 E.01899
G1 X-1.141 Y2.256 E.02092
G1 X-1.07 Y2.089 E.00873
G1 X-1.633 Y1.723 E.0323
G1 X-1.861 Y1.955 E.01564
G1 X-2.165 Y2.147 E.01729
G1 X-2.554 Y2.266 E.01957
G1 X-2.9 Y2.304 E.01674
G1 X-3.423 Y2.261 E.02524
G1 X-3.961 Y2.096 E.02707
G1 X-4.324 Y1.882 E.02027
G1 X-4.797 Y1.472 E.03011
G1 X-5.127 Y1.027 E.02665
;WIDTH:0.490552
G1 X-5.297 Y.709 E.01917
G1 X-4.915 Y1.88 F7800
;WIDTH:0.45
G1 F1200
G1 X-4.364 Y2.312 E.03368
G1 X-3.961 Y2.5 E.02139
G1 X-3.452 Y2.621 E.02516
;WIDTH:0.401429
G1 X-2.928 Y2.649 E.02206
;WIDTH:0.395298
G1 X-2.412 Y2.6 E.02139
;WIDTH:0.437389
G1 X-2.168 Y2.538 E.01171
;WIDTH:0.47948
G1 X-1.925 Y2.476 E.01298
G1 X-1.575 Y2.238 E.02191
G1 X-1.608 Y2.624 E.02006
G1 X-1.602 Y2.849 E.01165
G1 X-2.085 Y2.893 E.02511
;WIDTH:0.437389
G1 X-2.357 Y2.924 E.01274
;WIDTH:0.395298
G1 X-2.935 Y2.955 E.02389
;WIDTH:0.404471
G1 X-3.502 Y2.958 E.02405
;WIDTH:0.45
G1 X-4.063 Y2.955 E.02698
G1 X-4.944 Y3.046 E.0426
G1 X-4.916 Y2.073 E.04682
G1 E-2 F2400
G1 X5.96 Y3.629 F7800
G1 E2 F2400
;TYPE:Bridge infill
;WIDTH:0.405556
;HEIGHT:0.4
M106 S255
G1 F3600
G1 X6.892 Y2.877 E.06432
G1 X6.889 Y2.294 E.03131
G1 X5.525 Y3.396 E.09418
G1 X4.879 Y3.331 E.03487
G1 X6.903 Y1.697 E.1397
G1 X6.912 Y1.358 E.01821
G1 X6.793 Y1.2 E.01062
G1 X4.233 Y3.267 E.17671
G1 X3.578 Y3.211 E.03531
G1 X6.469 Y.876 E.19958
G1 X6.063 Y.619 E.02581
G1 X2.909 Y3.165 E.21769
G1 X2.24 Y3.12 E.03601
G1 X6.152 Y-.039 E.27005
G1 X6.145 Y-.312 E.01467
G1 X6.085 Y-.57 E.01423
G1 X1.571 Y3.075 E.3116
G1 X1.052 Y3.039 E.02794
G1 X.878 Y3.049 E.00936
G1 X5.893 Y-1.001 E.3462
G1 X5.714 Y-1.272 E.01744
G1 X5.876 Y-1.573 E.01836
G1 X3.784 Y.117 E.14443
G1 X3.647 Y.498 E.02174
G1 X3.499 Y.763 E.0163
G1 X3.251 Y1.018 E.0191
G1 X2.897 Y1.213 E.02171
G1 X2.76 Y1.247 E.00758
G1 X1.09 Y2.596 E.1153
G1 X.945 Y2.681 E.00903
G1 X.665 Y2.783 E.016
G1 X.443 Y2.815 E.01205
G1 X-.172 Y3.312 E.04247
M106 S219.3
G1 X.06 Y2.538 F7800
M106 S255
G1 F3600
G1 X-.691 Y3.138 E.05163
G1 X-.784 Y2.907 E.01337
G1 X-.789 Y2.638 E.01445
G1 X-.399 Y2.323 E.02692
M106 S219.3
G1 E-2 F2400
G1 X3.612 Y-.33 F7800
G1 E2 F2400
M106 S255
G1 F3600
G1 X5.998 Y-2.256 E.16468
G1 X5.968 Y-2.432 E.00959
G1 X5.87 Y-2.739 E.01731
G1 X3.608 Y-.912 E.15616
G1 X3.442 Y-1.363 E.02581
G1 X5.643 Y-3.141 E.15196
G1 X5.465 Y-3.372 E.01566
G1 X5.165 Y-3.34 E.0162
G1 X3.277 Y-1.816 E.13031
G1 X3.219 Y-1.978 E.00924
G1 X3.059 Y-2.226 E.01585
G1 X4.329 Y-3.251 E.08765
G1 X3.51 Y-3.175 E.04417
G1 X2.72 Y-2.537 E.05454
G1 X2.47 Y-2.7 E.01603
G1 X2.235 Y-2.731 E.01273
G1 X2.702 Y-3.108 E.03223
G1 X1.894 Y-3.041 E.04354
G1 X1.15 Y-2.44 E.05137
M106 S219.3
G1 E-2 F2400
G1 X6.068 Y-3.357 F7800
G1 E2 F2400
;TYPE:Solid infill
;WIDTH:0.586612
;HEIGHT:0.3
G1 F1200
G1 X6.757 Y-3.391 E.04493
G1 X6.81 Y-2.87 E.03411
;WIDTH:0.549956
G1 X6.846 Y-2.611 E.01584
;WIDTH:0.5133
G1 X6.881 Y-2.061 E.03086
;WIDTH:0.498849
G1 X6.935 Y-1.223 E.0455
;WIDTH:0.473677
G1 X6.97 Y.027 E.06384
;WIDTH:0.480575
G1 X6.945 Y.718 E.03589
G1 X6.52 Y.392 E.0278
G1 X6.574 Y-.058 E.02353
;WIDTH:0.472045
G1 X6.524 Y-.589 E.02712
G1 X6.317 Y-1.097 E.02789
;WIDTH:0.45
G1 X6.197 Y-1.296 E.01118
G1 X6.329 Y-1.605 E.01616
;WIDTH:0.498849
G1 X6.442 Y-2.093 E.02714
;WIDTH:0.510212
G1 X6.407 Y-2.515 E.02355
;WIDTH:0.548412
G1 X6.338 Y-2.768 E.01583
;WIDTH:0.586612
G1 X6.269 Y-3.021 E.01708
G1 X6.167 Y-3.192 E.01297
G1 X7.227 Y-3.158 F7800
;TYPE:Internal infill
;WIDTH:0.45
G1 F4800
G1 X7.334 Y-.847 E.11127
G1 X11.929 Y3.749 E.31258
G1 X10.986 Y3.696 E.04543
G1 X12.993 Y-3.794 E.37295
G1 X12.578 Y-3.782 E.01997
G1 X15.983 Y-.377 E.2316
G1 X16.002 Y-1.293 E.04407
G1 X7.338 Y1.028 E.4314
G1 X7.313 Y3.341 E.11125
M106 S216.75
;LAYER_CHANGE
;Z:11.15
;HEIGHT:0.299999
G1 E-2 F2400
G1 Z11.15 F7800
G1 Z11.15
G1 X2.49 Y.173
G1 E2 F2400
;TYPE:Perimeter
;WIDTH:0.45
G1 F900
G1 X2.446 Y.351 E.00882
G1 X2.191 Y.67 E.01964
G1 X.956 Y1.671 E.07646
G1 X.572 Y1.86 E.02058
G1 X.239 Y1.881 E.01605
G1 X-.178 Y1.731 E.02131
G1 X-1.527 Y.852 E.07744
G1 X-1.75 Y.652 E.01441
G1 X-1.885 Y.43 E.0125
G1 X-1.965 Y.037 E.01929
G1 X-1.926 Y-.228 E.01288
G1 X-1.84 Y-.43 E.01056
G1 X-1.686 Y-.635 E.01233
G1 X-1.452 Y-.808 E.014
G1 X-.076 Y-1.537 E.0749
G1 X.217 Y-1.636 E.01487
G1 X1.149 Y-1.791 E.04544
G1 X1.475 Y-1.789 E.01568
G1 X1.872 Y-1.621 E.02073
G1 X2.091 Y-1.401 E.01493
G1 X2.214 Y-1.168 E.01267
G1 X2.49 Y-.407 E.03893
G1 X2.547 Y-.06 E.01691
G1 X2.504 Y.115 E.00867
G1 X2.127 Y.072 F7800
G1 F900
G1 X2.101 Y.179 E.0053
G1 X1.948 Y.371 E.01181
G1 X.713 Y1.372 E.07646
G1 X.452 Y1.492 E.01382
G1 X.229 Y1.489 E.01073
G1 X.033 Y1.407 E.01022
G1 X-1.317 Y.529 E.07745
G1 X-1.531 Y.275 E.01597
G1 X-1.578 Y.01 E.01294
G1 X-1.505 Y-.241 E.01257
G1 X-1.272 Y-.467 E.01561
G1 X.105 Y-1.196 E.07494
G1 X1.213 Y-1.41 E.05428
G1 X1.408 Y-1.409 E.00938
G1 X1.646 Y-1.309 E.01242
G1 X1.748 Y-1.207 E.00694
;TYPE:Overhang perimeter
;WIDTH:0.4
;HEIGHT:0.4
M106 S255
G1 X1.778 Y-1.177 E.00222
G1 X2.089 Y-.38 E.0447
G1 X2.135 Y-.184 E.01052
M106 S216.75
;TYPE:Perimeter
;WIDTH:0.45
;HEIGHT:0.3
G1 X2.162 Y-.068 E.00573
G1 X2.142 Y.014 E.00406
G1 X1.761 Y-.026 F7800
;TYPE:Overhang perimeter
;WIDTH:0.4
;HEIGHT:0.4
M106 S255
G1 F900
G1 X1.705 Y.071 E.00585
G1 X.47 Y1.072 E.08306
G1 X.309 Y1.111 E.00865
G1 X-1.106 Y.206 E.08775
G1 X-1.191 Y.079 E.00798
G1 X-1.169 Y-.051 E.00689
G1 X-1.091 Y-.126 E.00565
G1 X.285 Y-.855 E.08135
G1 X1.341 Y-1.03 E.05592
G1 X1.464 Y-.952 E.00761
G1 X1.727 Y-.249 E.03921
G1 X1.766 Y-.082 E.00896
M106 S216.75
G1 X1.506 Y.223 F7800
G1 E-2 F2400
G1 X-16.144 Y4.1 F7800
G1 E2 F2400
;TYPE:Perimeter
;WIDTH:0.45
;HEIGHT:0.3
G1 F3600
G1 X-16.021 Y2.551 E.07474
G1 X-16.062 Y1.174 E.06626
G1 X-15.997 Y-.103 E.0615
G1 X-16.078 Y-1.113 E.04873
G1 X-16.04 Y-2.728 E.0777
G1 X-16.174 Y-4.166 E.06946
G1 X-11.786 Y-4.049 E.21112
G1 X-8.811 Y-3.927 E.14321
G1 X-5.342 Y-3.724 E.16713
G1 X-4.397 Y-3.691 E.04548
G1 X-1.179 Y-3.51 E.15502
G1 X1.697 Y-3.391 E.13844
G1 X4.467 Y-3.623 E.13369
G1 X5.243 Y-3.706 E.03754
G1 X6.925 Y-3.763 E.08094
G1 X8.491 Y-3.881 E.07553
G1 X10.017 Y-3.917 E.07342
G1 X12.097 Y-4.043 E.10022
G1 X15.064 Y-4.13 E.14276
G1 X16.429 Y-4.133 E.06565
G1 X16.22 Y-2.567 E.07599
G1 X16.199 Y.011 E.124
G1 X16.319 Y2.638 E.12648
G1 X16.544 Y4.222 E.07695
G1 X15.704 Y4.202 E.04041
G1 X15.181 Y4.211 E.02516
G1 X9.976 Y3.919 E.25074
G1 X8.521 Y3.89 E.06999
G1 X5.332 Y3.722 E.15359
G1 X4.322 Y3.622 E.04882
G1 X1.403 Y3.434 E.14068
G1 X-1.424 Y3.604 E.13621
G1 X-7.383 Y3.817 E.28679
G1 X-9.152 Y3.915 E.08521
G1 X-15.46 Y4.125 E.30356
G1 X-16.111 Y4.124 E.03131
G1 X-16.565 Y4.509 F7800
G1 F3600
G1 X-16.407 Y2.562 E.09395
G1 X-16.447 Y1.185 E.06626
G1 X-16.381 Y-.072 E.06054
G1 X-16.464 Y-1.103 E.04975
G1 X-16.424 Y-2.693 E.0765
G1 X-16.59 Y-4.56 E.09015
G1 X-11.773 Y-4.434 E.23176
G1 X-8.791 Y-4.312 E.14354
G1 X-5.329 Y-4.11 E.16679
G1 X-4.38 Y-4.077 E.04567
G1 X-1.162 Y-3.895 E.15502
G1 X1.664 Y-3.776 E.13604
G1 X4.426 Y-4.007 E.13331
G1 X5.216 Y-4.091 E.03821
G1 X6.896 Y-4.148 E.08085
G1 X8.472 Y-4.266 E.07601
G1 X9.996 Y-4.302 E.07332
G1 X12.079 Y-4.428 E.10037
G1 X15.058 Y-4.516 E.14334
G1 X16.872 Y-4.52 E.08725
G1 X16.605 Y-2.564 E.09495
G1 X16.584 Y-.007 E.12299
G1 X16.704 Y2.621 E.12653
G1 X16.991 Y4.618 E.09704
G1 X15.695 Y4.588 E.06235
G1 X15.174 Y4.597 E.02506
G1 X9.966 Y4.305 E.25088
G1 X8.505 Y4.276 E.07028
G1 X5.294 Y4.106 E.15465
G1 X4.296 Y4.006 E.04824
G1 X1.426 Y3.819 E.13833
G1 X-1.406 Y3.989 E.13645
G1 X-7.37 Y4.202 E.28703
G1 X-9.135 Y4.3 E.08502
G1 X-15.454 Y4.511 E.30409
G1 X-16.505 Y4.51 E.05055
G1 X-16.937 Y4.895 F7800
;TYPE:External perimeter
G1 F1800
G1 X-16.953 Y4.523 E.01791
G1 X-16.792 Y2.573 E.09411
G1 X-16.833 Y1.196 E.06626
G1 X-16.766 Y-.041 E.05958
G1 X-16.85 Y-1.093 E.05076
G1 X-16.808 Y-2.657 E.07525
G1 X-16.975 Y-4.458 E.08699
G1 X-16.965 Y-4.954 E.02386
G1 X-11.76 Y-4.82 E.25043
G1 X-8.772 Y-4.697 E.14383
G1 X-5.315 Y-4.495 E.16655
G1 X-4.362 Y-4.462 E.04586
G1 X-1.148 Y-4.28 E.15483
G1 X1.632 Y-4.16 E.13383
G1 X4.385 Y-4.39 E.13287
G1 X5.189 Y-4.476 E.03889
G1 X6.867 Y-4.532 E.08075
G1 X8.453 Y-4.651 E.0765
G1 X9.976 Y-4.687 E.07327
G1 X12.062 Y-4.814 E.10052
G1 X15.052 Y-4.902 E.14387
G1 X17.29 Y-4.907 E.10764
G1 X17.284 Y-4.698 E.01006
G1 X16.991 Y-2.561 E.10374
G1 X16.97 Y-.024 E.12203
G1 X17.089 Y2.603 E.12648
G1 X17.439 Y5.014 E.11718
G1 X15.686 Y4.973 E.08434
G1 X15.167 Y4.983 E.02497
G1 X9.955 Y4.69 E.25107
G1 X8.49 Y4.661 E.07048
G1 X5.255 Y4.489 E.15581
G1 X4.27 Y4.391 E.04761
G1 X1.474 Y4.204 E.13478
G1 X-1.387 Y4.375 E.13785
G1 X-7.356 Y4.588 E.28727
G1 X-9.118 Y4.685 E.08487
G1 X-15.448 Y4.897 E.30462
G1 X-16.877 Y4.895 E.06873
G1 X-16.95 Y4.501 F7800
G1 E-2 F2400
G1 X-4.535 Y.461 F7800
G1 E2 F2400
;TYPE:Internal infill
;WIDTH:0.45
G1 F4800
G1 X-4.567 Y.348 E.00565
G1 X-4.805 Y.157 E.01468
G1 X-4.885 Y-.024 E.00952
G1 X-4.779 Y-1.714 E.08144
G1 X-15.772 Y1.232 E.54738
G1 X-15.748 Y.612 E.02984
G1 X-12.619 Y3.741 E.21283
G1 X-12.982 Y3.753 E.01747
G1 X-10.978 Y-3.726 E.3724
G1 X-11.944 Y-3.764 E.0465
G1 X-4.747 Y3.433 E.48953
G1 X-6.929 Y3.511 E.10501
G1 X-5.07 Y-3.426 E.34542
G1 X-3.342 Y-3.342 E.08321
G1 X-2.388 Y-2.388 E.06489
G1 X-1.649 Y-2.552 E.03641
G1 X-.442 Y-3.016 E.06219
G1 X-.473 Y-3.19 E.0085
G1 X-1.316 Y-3.228 E.04059
G1 E-2 F2400
G1 X-4.491 Y-.136 F7800
G1 E2 F2400
;TYPE:Solid infill
;WIDTH:0.45
G1 F1200
G1 X-2.34 Y2.016 E.14634
G1 X-2.067 Y2.2 E.01583
;WIDTH:0.404381
G1 X-1.963 Y2.28 E.00556
;WIDTH:0.441773
G1 X-1.154 Y3.196 E.05752
G1 X-1.038 Y3.303 E.00743
;WIDTH:0.45
G1 X-.546 Y3.264 E.02374
G1 X-4.459 Y-.649 E.26616
;WIDTH:0.487822
G1 X-4.535 Y-.486 E.0095
;WIDTH:0.525645
G1 X-4.61 Y-.323 E.01032
G1 X-4.595 Y-.268 E.00328
G1 X-4.636 Y-.227 E.00334
G1 X-4.692 Y-.242 E.00334
G1 X-4.707 Y-.297 E.00328
G1 X-4.666 Y-.338 E.00334
G1 X-4.427 Y-1.162 F7800
;WIDTH:0.45
G1 F1200
G1 X-.031 Y3.235 E.29904
G1 E-2 F2400
G1 X-4.237 Y-1.517 F7800
G1 E2 F2400
G1 F1200
G1 X-2.351 Y.368 E.12825
G1 X-1.964 Y.796 E.02775
;WIDTH:0.443007
G1 X-2.153 Y.522 E.01572
;WIDTH:0.45
G1 X-2.235 Y.249 E.01371
G1 X-2.249 Y-.052 E.01449
G1 X-2.196 Y-.33 E.01361
G1 X-2.049 Y-.631 E.01611
G1 X-1.869 Y-.856 E.01386
G1 X-1.353 Y-1.188 E.02951
G1 X-.218 Y-1.789 E.06177
G1 X.177 Y-1.922 E.02005
G1 X1.136 Y-2.081 E.04675
G1 X1.657 Y-2.039 E.02514
;WIDTH:0.449711
G1 X2.002 Y-1.852 E.01886
;WIDTH:0.45
G1 X.846 Y-2.978 E.07762
G1 X.846 Y-3.132 E.00741
G1 X-.078 Y-3.172 E.04448
G1 X-.068 Y-2.879 E.0141
G1 X-.199 Y-2.702 E.01059
G1 X-.626 Y-2.518 E.02236
G1 X-1.578 Y-2.167 E.0488
G1 X-2.015 Y-2.101 E.02126
G1 X-2.499 Y-1.952 E.02436
G1 X-3.323 Y-1.869 E.03983
G1 X-3.721 Y-1.734 E.02021
G1 X-4.385 Y-1.664 E.03211
G1 X-4.398 Y-1.616 E.00239
G1 X-3.546 Y-1.377 F7800
G1 F1200
G1 X-3.238 Y-1.49 E.01578
G1 X-2.46 Y-1.568 E.03761
G1 X-1.898 Y-1.734 E.02818
;WIDTH:0.49089
G1 X-1.8 Y-1.729 E.00522
;WIDTH:0.531781
G1 X-1.703 Y-1.724 E.00566
;WIDTH:0.572671
G1 X-1.605 Y-1.719 E.00622
;WIDTH:0.613562
G1 X-1.508 Y-1.714 E.00665
;WIDTH:0.654453
G1 X-1.41 Y-1.71 E.00722
G1 X-1.459 Y-1.665 E.0049
;WIDTH:0.621076
G1 X-1.509 Y-1.62 E.00467
;WIDTH:0.587699
G1 X-1.558 Y-1.575 E.00434
;WIDTH:0.554323
G1 X-1.738 Y-1.438 E.01382
;WIDTH:0.519548
G1 X-1.918 Y-1.302 E.01281
;WIDTH:0.484774
G1 X-2.099 Y-1.166 E.01187
;WIDTH:0.45
G1 X-2.385 Y-.826 E.02137
G1 X-2.574 Y-.4 E.02242
G1 X-3.411 Y-1.24 E.05703
G1 X-2.709 Y-1.175 E.03391
;WIDTH:0.525645
G1 X-2.75 Y-1.134 E.00334
G1 X-2.735 Y-1.078 E.00334
G1 X-2.68 Y-1.063 E.00328
G1 X-2.639 Y-1.104 E.00334
G1 X-2.654 Y-1.16 E.00334
G1 X-1.41 Y-1.71 F7800
;WIDTH:0.654453
G1 F1200
G1 X-1.1 Y-1.848 E.02497
;WIDTH:0.60886
G1 X-.791 Y-1.986 E.02298
;WIDTH:0.563267
G1 X-.481 Y-2.124 E.02111
;WIDTH:0.541579
G1 X.008 Y-2.323 E.03142
;WIDTH:0.541727
G1 X.116 Y-2.459 E.01034
;WIDTH:0.501062
G1 X.223 Y-2.595 E.00943
;WIDTH:0.460398
G1 X.288 Y-2.765 E.00899
G1 X.57 Y-2.753 E.01394
G1 X.57 Y-2.702 E.00252
G1 X.843 Y-2.429 E.01907
;WIDTH:0.491738
G1 X.522 Y-2.388 E.01725
;WIDTH:0.523078
G1 X.2 Y-2.348 E.01856
G1 E-2 F2400
G1 X-1.964 Y.796 F7800
G1 E2 F2400
;WIDTH:0.407989
G1 F1200
G1 X-1.672 Y1.077 E.01737
;WIDTH:0.408616
G1 X-1.667 Y1.081 E.00027
;WIDTH:0.45
G1 X-.343 Y1.968 E.07665
G1 X.134 Y2.152 E.02459
G1 X.675 Y2.128 E.02605
G1 X1.14 Y1.894 E.02504
G1 X2.452 Y.809 E.08189
G1 X5.046 Y3.403 E.17644
G1 X4.34 Y3.333 E.03412
G1 X1.52 Y3.145 E.13593
G1 X.378 Y3.211 E.05502
G1 X.378 Y3.098 E.00543
G1 X-1.534 Y1.212 E.12917
G1 E-2 F2400
G1 X.298 Y2.51 F7800
G1 E2 F2400
;WIDTH:0.397583
G1 F1200
G1 X.597 Y2.507 E.01243
;WIDTH:0.421878
G1 X.839 Y2.461 E.01098
;WIDTH:0.45
G1 X1.383 Y2.194 E.02915
G1 X2.437 Y1.339 E.06528
G1 X4.023 Y2.925 E.10788
G1 X1.405 Y2.766 E.12615
G1 X1.015 Y2.801 E.01883
;WIDTH:0.423791
G1 X.625 Y2.837 E.01756
;WIDTH:0.397583
G1 X.435 Y2.646 E.0112
G1 X1.823 Y2.366 F7800
;WIDTH:0.500939
G1 F1200
G1 X2.408 Y1.892 E.041
G1 X2.958 Y2.442 E.04235
G1 X2.016 Y2.379 E.05141
G1 X2.689 Y.5 F7800
;WIDTH:0.45
G1 F1200
G1 X5.639 Y3.45 E.20066
G1 X6.084 Y3.553 E.02197
;WIDTH:0.404381
G1 X6.095 Y3.594 E.0018
G1 X6.024 Y3.613 E.00312
G1 X6.043 Y3.542 E.00312
;WIDTH:0.45
G1 X6.056 Y3.322 E.0106
G1 X2.823 Y.09 E.21987
G1 X2.565 Y-.833 F7800
;WIDTH:0.404381
G1 F1200
G1 X2.545 Y-.761 E.00317
G1 X2.617 Y-.781 E.00317
G1 X2.606 Y-.822 E.0018
;WIDTH:0.45
G1 X2.755 Y-.524 E.01602
G1 X6.238 Y2.959 E.23691
G1 X6.398 Y2.573 E.0201
G1 X2.408 Y-1.416 E.27136
G1 X2.173 Y-1.689 E.01733
;WIDTH:0.407247
G1 X2.002 Y-1.852 E.0101
G1 X1.255 Y-3.114 F7800
;WIDTH:0.45
G1 F1200
G1 X6.442 Y2.072 E.35278
G1 X6.461 Y1.742 E.0159
;WIDTH:0.404381
G1 X6.064 Y1.338 E.02402
G1 X5.989 Y1.237 E.00533
;WIDTH:0.45
G1 X5.879 Y.964 E.01416
G1 X1.801 Y-3.114 E.27738
G1 X2.305 Y-3.155 E.02432
G1 X5.892 Y.431 E.24395
G1 X5.901 Y-.105 E.02578
G1 X2.809 Y-3.196 E.21028
G1 X3.313 Y-3.238 E.02432
G1 X5.881 Y-.67 E.17467
G1 X5.861 Y-1.236 E.02724
G1 X3.817 Y-3.279 E.139
G1 X5.739 Y-3.433 E.09274
G1 X5.823 Y-2.31 E.05416
G1 X5.841 Y-1.801 E.0245
G1 X4.457 Y-3.184 E.0941
G1 X5.298 Y-3.029 F7800
;WIDTH:0.583531
G1 F1200
G1 X5.252 Y-2.983 E.00421
G1 X5.269 Y-2.921 E.00416
G1 X5.332 Y-2.904 E.00423
G1 X5.378 Y-2.95 E.00421
G1 X5.361 Y-3.012 E.00416
G1 X6.221 Y-1.959 F7800
;TYPE:Internal infill
;WIDTH:0.45
G1 F4800
G1 X11.918 Y3.738 E.3875
G1 X10.989 Y3.686 E.04475
G1 X12.99 Y-3.78 E.37176
G1 X12.592 Y-3.768 E.01915
G1 X15.912 Y-.448 E.22582
G1 X15.919 Y-1.271 E.03958
G1 X6.4 Y1.279 E.47397
G1 X6.26 Y1.172 E.00847
G1 X6.255 Y-.996 E.10427
G1 X6.919 Y-3.473 E.12334
G1 X9.228 Y-3.609 E.11125
M106 S226.95
;LAYER_CHANGE
;Z:11.45
;HEIGHT:0.3
G1 E-2 F2400
G1 Z11.45 F7800
G1 Z11.45
G1 X-1.013 Y.018
G1 E2 F2400
;TYPE:Perimeter
;WIDTH:0.45
G1 F900
G1 X-1.015 Y-.104 E.00587
G1 X-.949 Y-.326 E.01114
G1 X-.802 Y-.563 E.01341
G1 X-.516 Y-.793 E.01765
G1 X-.126 Y-.999 E.02121
G1 X.427 Y-1.142 E.02747
G1 X.791 Y-1.133 E.01751
G1 X1.052 Y-1.035 E.01341
G1 X1.369 Y-.752 E.02044
G1 X1.575 Y-.291 E.02429
G1 X1.633 Y.031 E.01574
G1 X1.567 Y.386 E.01737
G1 X1.458 Y.591 E.01117
G1 X1.036 Y.98 E.0276
G1 X.886 Y1.1 E.00924
G1 X.54 Y1.254 E.01822
G1 X.148 Y1.262 E.01886
G1 X-.199 Y1.122 E.018
G1 X-.631 Y.839 E.02484
G1 X-.825 Y.652 E.01296
G1 X-1.008 Y.256 E.02098
G1 X-1.012 Y.078 E.00856
G1 X-.634 Y.036 F7800
G1 F900
G1 X-.635 Y-.039 E.00361
G1 X-.507 Y-.314 E.01459
G1 X-.336 Y-.452 E.01057
G1 X.23 Y-.718 E.03008
G1 X.686 Y-.761 E.02203
G1 X.865 Y-.697 E.00914
G1 X1.023 Y-.557 E.01015
;TYPE:Overhang perimeter
;WIDTH:0.4
;HEIGHT:0.4
M106 S255
G1 X1.056 Y-.528 E.0023
G1 X1.228 Y-.09 E.02458
M106 S226.95
;TYPE:Perimeter
;WIDTH:0.45
;HEIGHT:0.3
G1 X1.239 Y.133 E.01074
G1 X1.142 Y.37 E.01232
G1 X.692 Y.764 E.02877
G1 X.455 Y.878 E.01265
G1 X.22 Y.883 E.01131
G1 X.012 Y.799 E.01079
G1 X-.521 Y.415 E.0316
G1 X-.631 Y.177 E.01261
G1 X-.633 Y.096 E.0039
G1 X-.247 Y.059 F7800
;TYPE:Overhang perimeter
;WIDTH:0.4
;HEIGHT:0.4
M106 S255
G1 F900
G1 X-.255 Y.026 E.00177
G1 X-.155 Y-.112 E.0089
G1 X.293 Y-.338 E.02622
G1 X.627 Y-.379 E.01758
G1 X.679 Y-.36 E.00289
G1 X.767 Y-.257 E.00708
G1 X.859 Y.069 E.0177
G1 X.79 Y.187 E.00714
G1 X.37 Y.502 E.02743
G1 X.222 Y.476 E.00785
G1 X-.217 Y.178 E.02772
G1 X-.232 Y.117 E.00328
M106 S226.95
G1 X.017 Y-.196 F7800
G1 E-2 F2400
G1 X-16.121 Y4.106 F7800
G1 E2 F2400
;TYPE:Perimeter
;WIDTH:0.45
;HEIGHT:0.3
G1 F3600
G1 X-15.997 Y2.552 E.07498
G1 X-16.034 Y1.321 E.05923
G1 X-15.943 Y.041 E.06172
G1 X-16.049 Y-1.421 E.0705
G1 X-16.015 Y-2.619 E.05764
G1 X-16.151 Y-4.16 E.0744
G1 X-15.047 Y-4.112 E.05315
G1 X-11.705 Y-4.032 E.16078
G1 X-4.543 Y-3.725 E.34478
G1 X-4.036 Y-3.738 E.02439
G1 X-1.221 Y-3.581 E.1356
G1 X1.846 Y-3.463 E.14762
G1 X5.024 Y-3.718 E.15334
G1 X7.311 Y-3.795 E.11006
G1 X8.411 Y-3.876 E.05305
G1 X10.252 Y-3.92 E.08857
G1 X11.882 Y-4.019 E.07854
G1 X12.879 Y-4.037 E.04796
G1 X14.662 Y-4.11 E.08583
G1 X16.333 Y-4.126 E.08037
G1 X16.169 Y-2.56 E.07573
G1 X16.171 Y-.518 E.09821
G1 X16.151 Y.021 E.02594
G1 X16.275 Y2.653 E.12673
G1 X16.492 Y4.232 E.07666
G1 X15.382 Y4.212 E.0534
G1 X10.201 Y3.922 E.24958
G1 X8.525 Y3.889 E.08063
G1 X5.179 Y3.73 E.16111
G1 X1.723 Y3.504 E.16658
G1 X-.876 Y3.638 E.12517
G1 X-4.868 Y3.741 E.19207
G1 X-15.121 Y4.1 E.49344
G1 X-16.061 Y4.106 E.04521
G1 X-16.496 Y4.494 F7800
G1 F3600
G1 X-16.498 Y4.494 E.0001
G1 X-16.513 Y4.168 E.0157
G1 X-16.383 Y2.563 E.07745
G1 X-16.42 Y1.313 E.06015
G1 X-16.327 Y.014 E.06264
G1 X-16.435 Y-1.411 E.06873
G1 X-16.401 Y-2.63 E.05865
G1 X-16.536 Y-4.124 E.07215
G1 X-16.527 Y-4.554 E.02069
G1 X-15.669 Y-4.535 E.04128
G1 X-15.038 Y-4.498 E.0304
G1 X-11.692 Y-4.418 E.16098
G1 X-4.589 Y-4.113 E.34194
G1 X-4.031 Y-4.124 E.02684
G1 X-1.206 Y-3.966 E.13609
G1 X1.816 Y-3.847 E.14546
G1 X5.002 Y-4.103 E.15373
G1 X7.298 Y-4.18 E.11049
G1 X8.392 Y-4.261 E.05276
G1 X10.224 Y-4.305 E.08814
G1 X11.859 Y-4.404 E.07878
G1 X12.863 Y-4.423 E.0483
G1 X14.652 Y-4.496 E.08612
G1 X16.777 Y-4.516 E.10221
G1 X16.699 Y-3.949 E.02753
G1 X16.558 Y-2.622 E.06418
G1 X16.557 Y-.509 E.10163
G1 X16.536 Y.003 E.02465
G1 X16.66 Y2.635 E.12673
G1 X16.936 Y4.625 E.09663
G1 X15.368 Y4.597 E.07543
G1 X10.19 Y4.307 E.24943
G1 X8.518 Y4.274 E.08043
G1 X5.158 Y4.115 E.16179
G1 X1.743 Y3.889 E.16461
G1 X-.856 Y4.023 E.12517
G1 X-4.855 Y4.127 E.1924
G1 X-15.113 Y4.486 E.49368
G1 X-16.436 Y4.494 E.06363
G1 X-16.867 Y4.882 F7800
;TYPE:External perimeter
G1 F1800
G1 X-16.899 Y4.16 E.03476
G1 X-16.768 Y2.575 E.07649
G1 X-16.806 Y1.305 E.06111
G1 X-16.712 Y-.014 E.0636
G1 X-16.821 Y-1.4 E.06687
G1 X-16.786 Y-2.641 E.05971
G1 X-16.924 Y-4.135 E.07216
G1 X-16.901 Y-4.948 E.03912
G1 X-15.646 Y-4.92 E.06038
G1 X-15.029 Y-4.883 E.02973
G1 X-11.679 Y-4.803 E.16117
G1 X-4.572 Y-4.499 E.34213
G1 X-4.026 Y-4.51 E.02627
G1 X-1.193 Y-4.351 E.13647
G1 X1.785 Y-4.232 E.14335
G1 X4.981 Y-4.488 E.15421
G1 X7.307 Y-4.566 E.11194
G1 X8.373 Y-4.646 E.05142
G1 X10.204 Y-4.69 E.08809
G1 X11.835 Y-4.788 E.07859
G1 X12.847 Y-4.808 E.04868
G1 X14.643 Y-4.881 E.08645
G1 X17.22 Y-4.906 E.12395
G1 X17.082 Y-3.908 E.04846
G1 X16.942 Y-2.581 E.06418
G1 X16.942 Y-.598 E.09538
G1 X16.921 Y-.016 E.02801
G1 X17.045 Y2.617 E.12678
G1 X17.38 Y5.019 E.11665
G1 X15.353 Y4.983 E.09751
G1 X10.179 Y4.693 E.24924
G1 X8.413 Y4.658 E.08496
G1 X7.249 Y4.588 E.05609
G1 X5.137 Y4.5 E.10167
G1 X1.763 Y4.275 E.16264
G1 X-.836 Y4.408 E.12517
G1 X-4.841 Y4.512 E.19269
G1 X-15.105 Y4.871 E.49396
G1 X-16.807 Y4.882 E.08186
G1 X-16.884 Y4.489 F7800
G1 E-2 F2400
G1 X-3.724 Y3.426 F7800
G1 E2 F2400
;TYPE:Internal infill
;WIDTH:0.45
G1 F4800
G1 X-1.411 Y3.372 E.11128
G1 X.912 Y2.75 E.11566
G1 X2.044 Y2.798 E.05449
G1 X3.037 Y3.297 E.05345
G1 E-2 F2400
G1 X-.898 Y3.35 F7800
G1 E2 F2400
G1 F4800
G1 X-.658 Y2.454 E.04461
G1 X-2.668 Y1.163 E.1149
G1 X-3.021 Y.833 E.02324
G1 X-3.228 Y.386 E.02369
G1 X-3.466 Y.195 E.01468
G1 X-3.546 Y.014 E.00952
G1 X-3.484 Y-.968 E.04732
G1 X-3.277 Y-1.183 E.01435
G1 X-2.515 Y-1.257 E.03682
G1 X-1.639 Y-1.639 E.04596
G1 X-3.413 Y-3.413 E.12067
G1 X-5.062 Y-3.458 E.07934
G1 X-6.933 Y3.524 E.34766
G1 X-4.731 Y3.449 E.10597
G1 X-11.928 Y-3.748 E.48953
G1 X-10.982 Y-3.712 E.04553
G1 X-12.978 Y3.736 E.37086
G1 X-12.637 Y3.724 E.01641
G1 X-15.698 Y.662 E.20824
G1 X-15.737 Y1.223 E.02705
G1 X.802 Y-3.209 E.82354
G1 X.859 Y-3.207 E.00274
G1 X.702 Y-2.62 E.02923
G1 X1.904 Y-2.817 E.05858
G1 X2.441 Y-2.753 E.02601
G1 X2.662 Y-2.633 E.0121
G1 X2.934 Y-2.764 E.01452
G1 X2.465 Y-3.229 F7800
G1 F4800
G1 X4.772 Y-3.408 E.11129
G1 X11.908 Y3.728 E.48538
G1 X10.992 Y3.676 E.04413
G1 X12.982 Y-3.752 E.36986
G1 X12.616 Y-3.744 E.01761
G1 X15.88 Y-.48 E.22201
G1 X15.882 Y-1.261 E.03756
G1 X5.007 Y1.653 E.5415
G1 X5.469 Y1.94 E.02616
G1 X6.924 Y-3.492 E.27047
G1 X9.234 Y-3.606 E.11124
G1 E-2 F2400
G1 X1.728 Y-2.398 F7800
G1 E2 F2400
;TYPE:Solid infill
;WIDTH:0.45
G1 F1200
G1 X.294 Y-2.162 E.0699
;WIDTH:0.48632
G1 X.046 Y-2.03 E.01478
;WIDTH:0.52264
G1 X-.203 Y-1.899 E.01608
;WIDTH:0.558961
G1 X-.944 Y-1.51 E.05163
;WIDTH:0.55677
G1 X-1.141 Y-1.426 E.01315
;WIDTH:0.52118
G1 X-1.339 Y-1.342 E.01225
;WIDTH:0.48559
G1 X-1.536 Y-1.258 E.01125
;WIDTH:0.45
G1 X-1.973 Y-1.043 E.02342
G1 X-2.43 Y-.883 E.02329
G1 X-3.097 Y-.813 E.03226
G1 X-3.147 Y-.044 E.03706
G1 X-2.905 Y.177 E.01576
G1 X-2.714 Y.592 E.02197
G1 X-2.37 Y.895 E.02205
G1 X-.699 Y1.967 E.09549
G1 X-.17 Y1.438 E.03598
G1 X-.556 Y1.234 E.021
G1 X-.817 Y1.059 E.01511
G1 X-1.066 Y.81 E.01694
G1 X-1.222 Y.53 E.01542
G1 X-1.31 Y.027 E.02456
G1 X-1.2 Y-.467 E.02434
;WIDTH:0.453619
G1 X-1.001 Y-.772 E.01768
;WIDTH:0.488002
G1 X-.905 Y-.873 E.00736
;WIDTH:0.522386
G1 X-.809 Y-.974 E.00796
;WIDTH:0.55677
G1 X-.713 Y-1.075 E.00856
;WIDTH:0.558961
G1 X-.257 Y-1.315 E.03179
G1 X.13 Y-1.435 E.02499
;WIDTH:0.549012
G1 X.406 Y-1.436 E.01668
;WIDTH:0.499505
G1 X.682 Y-1.436 E.01498
;WIDTH:0.45
G1 X1.231 Y-1.26 E.02773
G1 X1.614 Y-.904 E.02515
G1 X1.768 Y-.606 E.01613
G1 X1.904 Y-.169 E.02201
G1 X1.918 Y.065 E.01127
G1 X1.817 Y.506 E.02176
;WIDTH:0.43373
G1 X1.68 Y.721 E.01174
;WIDTH:0.45
G1 X2.164 Y.194 E.03441
G1 X3.483 Y-1.125 E.08972
G1 X3.295 Y-1.439 E.0176
G1 X3.343 Y-1.686 E.0121
G1 X3.53 Y-1.83 E.01135
G1 X4.064 Y-2.134 E.02955
G1 X3.355 Y-2.538 E.03925
G1 X2.775 Y-2.259 E.03096
G1 X2.569 Y-2.249 E.00992
G1 X2.369 Y-2.363 E.01107
G1 X1.918 Y-2.429 E.02192
G1 X1.864 Y-2.029 E.01941
G1 X2.137 Y-2.007 E.01317
G1 X2.494 Y-1.871 E.01837
G1 X2.798 Y-1.864 E.01463
G1 X3.191 Y-2.054 E.021
;WIDTH:0.439055
G1 X3.002 Y-1.854 E.01286
;WIDTH:0.45
G1 X2.909 Y-1.481 E.01849
G1 X2.992 Y-1.179 E.01506
G1 X2.233 Y-.42 E.05163
G1 X2.135 Y-.724 E.01536
G1 X1.946 Y-1.1 E.02024
G1 X1.489 Y-1.547 E.03075
G1 X1.26 Y-1.673 E.01257
G1 X.787 Y-1.805 E.02362
;WIDTH:0.445922
G1 X.563 Y-1.82 E.01068
;WIDTH:0.45
G1 X1.674 Y-1.998 E.05412
G1 X1.883 Y-1.672 E.01863
;WIDTH:0.390355
G1 X1.922 Y-1.678 E.0016
G1 X2.155 Y-1.62 E.00976
G1 X2.546 Y-1.506 E.01656
G1 X2.584 Y-1.275 E.00952
G1 X2.37 Y-1.06 E.01233
G1 X2.253 Y-1.28 E.01013
G1 X2.015 Y-1.532 E.01409
G1 E-2 F2400
G1 X-1.382 Y-.903 F7800
G1 E2 F2400
;WIDTH:0.45
G1 F1200
G1 X-1.527 Y-.67 E.0132
G1 X-1.603 Y-.477 E.00998
G1 X-1.702 Y.117 E.02896
G1 X-1.598 Y.615 E.02447
G1 X-1.396 Y1.008 E.02125
G1 X-1.229 Y1.16 E.01086
;WIDTH:0.416063
G1 X-1.061 Y1.312 E.00994
G1 X-1.374 Y1.088 E.01688
;WIDTH:0.45
G1 X-1.687 Y.864 E.01851
G1 X-2.167 Y.567 E.02715
G1 X-2.341 Y.413 E.01118
G1 X-2.554 Y.015 E.02171
G1 X-2.758 Y-.226 E.01519
G1 X-2.743 Y-.463 E.01142
G1 X-2.39 Y-.5 E.01707
G1 X-1.841 Y-.681 E.0278
G1 X-1.556 Y-.819 E.01523
G1 X-2.066 Y-.124 F7800
;WIDTH:0.561081
G1 F1200
G1 X-2.11 Y-.168 E.00385
G1 X-2.169 Y-.152 E.00379
G1 X-2.186 Y-.092 E.00386
G1 X-2.142 Y-.048 E.00385
G1 X-2.082 Y-.064 E.00385
G1 E-2 F2400
G1 X-.369 Y2.182 F7800
G1 E2 F2400
;WIDTH:0.45
G1 F1200
G1 X.252 Y1.561 E.04224
G1 X-.011 Y2.37 F7800
G1 F1200
G1 X.995 Y1.364 E.06843
G1 X1.268 Y1.121 E.01758
;WIDTH:0.406979
G1 X1.644 Y.762 E.02221
;WIDTH:0.404381
G1 X1.68 Y.721 E.00231
G1 E-2 F2400
G1 X.428 Y2.477 F7800
G1 E2 F2400
;WIDTH:0.45
G1 F1200
G1 X3.733 Y-.828 E.2248
G1 X3.972 Y-.523 E.01864
G1 X1.079 Y2.371 E.19681
G1 E-2 F2400
G1 X4.076 Y-.08 F7800
G1 E2 F2400
G1 F1200
G1 X1.599 Y2.397 E.16848
G1 X2.119 Y2.423 E.02504
G1 X4.117 Y3.369 E.10632
G1 X4.808 Y3.415 E.03331
G1 X5.348 Y2.34 E.05786
G1 X3.952 Y1.451 E.0796
G1 X3.87 Y1.346 E.00641
G1 X3.839 Y1.101 E.01188
G1 X4.321 Y-.068 E.06082
G1 X4.212 Y-.217 E.00888
G1 X3.478 Y1.062 F7800
G1 F1200
G1 X3.467 Y1.351 E.01391
G1 X3.617 Y1.666 E.01678
G1 X3.748 Y1.778 E.00829
G1 X4.854 Y2.466 E.06265
G1 X4.578 Y3.014 E.02951
G1 X4.217 Y2.989 E.0174
G1 X2.418 Y2.123 E.09603
G1 X3.342 Y1.198 E.06288
G1 X3.247 Y1.986 F7800
;WIDTH:0.657688
G1 F1200
G1 X3.514 Y2.139 E.02277
;WIDTH:0.611
G1 X3.782 Y2.293 E.02107
;WIDTH:0.564312
G1 X4.05 Y2.446 E.01924
;WIDTH:0.517623
G1 X4.318 Y2.599 E.01745
M106 S242.25
;LAYER_CHANGE
;Z:11.75
;HEIGHT:0.3
G1 E-2 F2400
G1 Z11.75 F7800
G1 Z11.75
G1 X-16.06 Y4.103
G1 E2 F2400
;TYPE:Perimeter
;WIDTH:0.45
G1 F3600
G1 X-16.073 Y3.813 E.01396
G1 X-15.974 Y2.553 E.06079
G1 X-16.001 Y1.618 E.04499
G1 X-15.889 Y.039 E.07614
G1 X-16.01 Y-1.606 E.07933
G1 X-15.999 Y-2.742 E.05464
G1 X-16.096 Y-3.79 E.05062
G1 X-16.088 Y-4.154 E.01751
G1 X-14.945 Y-4.093 E.05505
G1 X-11.624 Y-4.016 E.15977
G1 X-9.175 Y-3.915 E.11789
G1 X-7.704 Y-3.901 E.07075
G1 X-4.505 Y-3.763 E.154
G1 X-3.707 Y-3.786 E.0384
G1 X-1.239 Y-3.648 E.11889
G1 X1.708 Y-3.528 E.14186
G1 X4.481 Y-3.733 E.13374
G1 X7.761 Y-3.829 E.15782
G1 X8.331 Y-3.871 E.02749
G1 X10.48 Y-3.922 E.10339
G1 X11.781 Y-4.001 E.06269
G1 X13.047 Y-4.023 E.0609
G1 X15.383 Y-4.119 E.11245
G1 X16.295 Y-4.125 E.04386
G1 X16.136 Y-2.567 E.07532
G1 X16.134 Y-.748 E.08749
G1 X16.103 Y.032 E.03754
G1 X16.233 Y2.669 E.12698
G1 X16.437 Y4.23 E.07572
G1 X15.566 Y4.212 E.0419
G1 X10.417 Y3.924 E.24804
G1 X8.36 Y3.884 E.09895
G1 X5.897 Y3.769 E.11859
G1 X4.886 Y3.746 E.04864
G1 X1.744 Y3.561 E.15138
G1 X-1.274 Y3.715 E.14534
G1 X-1.872 Y3.694 E.02878
G1 X-4.595 Y3.778 E.13103
G1 X-5.176 Y3.763 E.02795
G1 X-16 Y4.101 E.52085
G1 X-16.429 Y4.488 F7800
G1 F3600
G1 X-16.459 Y3.805 E.03288
G1 X-16.359 Y2.565 E.05983
G1 X-16.387 Y1.61 E.04595
G1 X-16.274 Y.012 E.07705
G1 X-16.394 Y-1.575 E.07655
G1 X-16.383 Y-2.707 E.05445
G1 X-16.484 Y-3.797 E.05265
G1 X-16.463 Y-4.548 E.03613
G1 X-14.936 Y-4.479 E.07352
G1 X-11.611 Y-4.401 E.15996
G1 X-9.16 Y-4.3 E.11798
G1 X-7.693 Y-4.286 E.07056
G1 X-4.517 Y-4.148 E.1529
G1 X-3.702 Y-4.172 E.03922
G1 X-1.224 Y-4.034 E.11937
G1 X1.834 Y-3.913 E.14719
G1 X4.451 Y-4.118 E.12625
G1 X7.749 Y-4.214 E.15869
G1 X8.312 Y-4.256 E.02715
G1 X10.451 Y-4.307 E.10291
G1 X11.757 Y-4.386 E.06293
G1 X13.031 Y-4.408 E.06128
G1 X15.374 Y-4.504 E.11278
G1 X16.724 Y-4.514 E.06493
G1 X16.521 Y-2.567 E.09415
G1 X16.519 Y-.731 E.08831
G1 X16.488 Y.013 E.03581
G1 X16.619 Y2.65 E.12699
G1 X16.879 Y4.625 E.09581
G1 X15.551 Y4.597 E.06389
G1 X10.414 Y4.31 E.24746
G1 X8.347 Y4.269 E.09944
G1 X5.879 Y4.154 E.11883
G1 X4.87 Y4.131 E.04854
G1 X1.769 Y3.945 E.14942
G1 X-1.272 Y4.101 E.14645
G1 X-1.86 Y4.079 E.0283
G1 X-4.594 Y4.163 E.13156
G1 X-5.163 Y4.149 E.02738
G1 X-15.823 Y4.489 E.51297
G1 X-16.369 Y4.488 E.02626
G1 X-16.797 Y4.873 F7800
;TYPE:External perimeter
G1 F1800
G1 X-16.845 Y3.798 E.05176
G1 X-16.745 Y2.598 E.05792
G1 X-16.773 Y1.602 E.04792
G1 X-16.659 Y-.015 E.07797
G1 X-16.779 Y-1.545 E.07381
G1 X-16.767 Y-2.671 E.05416
G1 X-16.87 Y-3.785 E.05381
G1 X-16.838 Y-4.941 E.05562
G1 X-15.71 Y-4.911 E.05427
G1 X-14.927 Y-4.864 E.03773
G1 X-11.599 Y-4.786 E.16011
G1 X-9.144 Y-4.686 E.11817
G1 X-7.683 Y-4.672 E.07027
G1 X-4.528 Y-4.533 E.15189
G1 X-3.697 Y-4.558 E.03999
G1 X-1.211 Y-4.419 E.11975
G1 X1.801 Y-4.297 E.14499
G1 X4.421 Y-4.502 E.1264
G1 X7.737 Y-4.6 E.15956
G1 X8.293 Y-4.641 E.02681
G1 X10.432 Y-4.692 E.10291
G1 X11.734 Y-4.771 E.06274
G1 X13.015 Y-4.794 E.06162
G1 X15.365 Y-4.89 E.11312
G1 X17.153 Y-4.903 E.086
G1 X16.907 Y-2.567 E.11297
G1 X16.904 Y-.713 E.08917
G1 X16.873 Y-.006 E.03404
G1 X17.004 Y2.631 E.12699
G1 X17.32 Y5.02 E.1159
G1 X15.537 Y4.982 E.08578
G1 X10.403 Y4.696 E.24731
G1 X8.334 Y4.655 E.09953
G1 X5.861 Y4.539 E.11907
G1 X4.854 Y4.516 E.04845
G1 X1.785 Y4.331 E.14788
G1 X-1.27 Y4.487 E.14713
G1 X-1.848 Y4.465 E.02782
G1 X-4.594 Y4.549 E.13213
G1 X-5.151 Y4.534 E.0268
G1 X-15.817 Y4.874 E.51326
G1 X-16.737 Y4.873 E.04425
G1 X-16.814 Y4.48 F7800
G1 E-2 F2400
G1 X-9.247 Y3.603 F7800
G1 E2 F2400
;TYPE:Internal infill
;WIDTH:0.45
G1 F4800
G1 X-6.934 Y3.53 E.1113
G1 X-5.052 Y-3.495 E.34979
G1 X-3.484 Y-3.484 E.07542
G1 X-1.305 Y-1.305 E.14821
G1 X-.221 Y-1.876 E.05893
G1 X.554 Y-2.067 E.03839
G1 X.877 Y-3.274 E.0601
G1 X1.021 Y-3.268 E.00693
G1 X-15.683 Y1.208 E.83175
G1 X-15.649 Y.712 E.02391
G1 X-12.649 Y3.711 E.20402
G1 X-12.974 Y3.722 E.01564
G1 X-10.985 Y-3.7 E.36957
G1 X-11.913 Y-3.733 E.04466
G1 X-4.694 Y3.486 E.49103
G1 X-1.571 Y3.415 E.15024
G1 X15.848 Y-1.252 E.86734
G1 X15.835 Y-.526 E.03492
G1 X12.632 Y-3.728 E.21783
G1 X12.977 Y-3.733 E.0166
G1 X10.994 Y3.666 E.36843
G1 X11.897 Y3.717 E.0435
G1 X4.721 Y-3.459 E.4881
G1 X6.93 Y-3.514 E.10628
G1 X5.061 Y3.46 E.34726
G1 X3.364 Y3.364 E.08175
G1 X1.614 Y1.614 E.11903
G1 X1.068 Y2.046 E.03349
G1 X.639 Y2.224 E.02234
G1 X.038 Y2.217 E.02891
G1 X-.522 Y1.948 E.02988
G1 X-.913 Y3.407 E.07265
G1 E-2 F2400
G1 X-1.972 Y.453 F7800
G1 E2 F2400
;TYPE:Solid infill
;WIDTH:0.404381
G1 F1200
G1 X-2.042 Y.091 E.01564
G1 X-1.98 Y-.351 E.01893
G1 X-1.922 Y-.49 E.00639
G1 X-1.881 Y-.335 F7800
;TYPE:Bridge infill
;WIDTH:0.40034
;HEIGHT:0.4
M106 S255
G1 F3600
G1 X-1.653 Y.494 E.045
G1 X-1.525 Y.786 E.01669
G1 X-1.013 Y1.13 E.03228
G1 X-1.514 Y-.7 E.09929
G1 X-1.414 Y-.774 E.00651
G1 X-1.111 Y-.935 E.01796
G1 X-.444 Y1.5 E.13213
G1 X-.17 Y1.678 E.0171
G1 X.102 Y1.791 E.01541
G1 X-.703 Y-1.151 E.15963
G1 X-.296 Y-1.366 E.02409
G1 X.573 Y1.806 E.17212
G1 X.845 Y1.692 E.01543
G1 X.981 Y1.59 E.0089
G1 X.121 Y-1.55 E.17038
G1 X.244 Y-1.592 E.0068
G1 X.562 Y-1.645 E.01687
G1 X1.363 Y1.28 E.15871
G1 X1.745 Y.97 E.02575
G1 X1.009 Y-1.719 E.1459
G1 X1.213 Y-1.749 E.01079
G1 X1.508 Y-1.602 E.01725
G1 X2.127 Y.66 E.12273
G1 X2.3 Y.477 E.01318
G1 X2.344 Y.186 E.0154
G1 X2.338 Y-.152 E.01769
G1 X2.292 Y-.443 E.01542
G1 X2.037 Y-1.375 E.05057
M106 S242.25
G1 X1.594 Y-1.873 F7800
;TYPE:Solid infill
;WIDTH:0.404381
;HEIGHT:0.3
G1 F1200
G1 X1.926 Y-1.664 E.01664
G1 X2.214 Y-1.343 E.01829
G1 X2.403 Y-.979 E.01739
G1 X2.583 Y-.475 E.0227
G1 X2.634 Y.063 E.02292
G1 X2.605 Y.231 E.00723
;LAYER_CHANGE
;Z:12.05
;HEIGHT:0.3
G1 E-2 F2400
G1 Z12.05 F7800
G1 Z12.05
G1 X-15.99 Y4.091
G1 E2 F2400
;TYPE:Perimeter
;WIDTH:0.45
G1 F3600
G1 X-16.015 Y3.412 E.03268
G1 X-15.95 Y2.554 E.04139
G1 X-15.969 Y1.914 E.0308
G1 X-15.836 Y.038 E.09046
G1 X-15.982 Y-1.931 E.09496
G1 X-15.978 Y-2.749 E.03934
G1 X-16.044 Y-3.46 E.03434
G1 X-16.025 Y-4.145 E.03296
G1 X-14.842 Y-4.074 E.057
G1 X-11.544 Y-3.999 E.15866
G1 X-10.305 Y-3.948 E.05964
G1 X-7.995 Y-3.904 E.11112
G1 X-7.292 Y-3.919 E.03382
G1 X-4.537 Y-3.8 E.13263
G1 X-3.379 Y-3.835 E.05572
G1 X-1.257 Y-3.716 E.10222
G1 X1.73 Y-3.593 E.14379
G1 X4.347 Y-3.787 E.12621
G1 X4.979 Y-3.77 E.03041
G1 X10.613 Y-3.921 E.27107
G1 X11.674 Y-3.983 E.05112
G1 X13.216 Y-4.009 E.07418
G1 X15.614 Y-4.111 E.11544
G1 X16.259 Y-4.115 E.03102
G1 X16.102 Y-2.573 E.07455
G1 X16.103 Y-1.245 E.06387
G1 X16.054 Y.044 E.06204
G1 X16.192 Y2.686 E.12724
G1 X16.399 Y4.229 E.07488
G1 X15.778 Y4.216 E.02987
G1 X10.641 Y3.927 E.24746
G1 X8.277 Y3.88 E.11372
G1 X5.054 Y3.77 E.15511
G1 X4.527 Y3.779 E.02535
G1 X1.764 Y3.617 E.13312
G1 X-1.109 Y3.762 E.13836
G1 X-2.249 Y3.736 E.05484
G1 X-4.307 Y3.799 E.09903
G1 X-5.488 Y3.785 E.05681
G1 X-8.077 Y3.873 E.12459
G1 X-10.333 Y3.915 E.10852
G1 X-15.93 Y4.089 E.26933
G1 X-16.359 Y4.477 F7800
G1 F3600
G1 X-16.4 Y3.38 E.0528
G1 X-16.335 Y2.566 E.03928
G1 X-16.355 Y1.906 E.03176
G1 X-16.22 Y.011 E.09137
G1 X-16.367 Y-1.9 E.09218
G1 X-16.362 Y-2.714 E.03915
G1 X-16.43 Y-3.447 E.03541
G1 X-16.4 Y-4.542 E.05269
G1 X-14.833 Y-4.46 E.07547
G1 X-11.531 Y-4.384 E.15886
G1 X-10.296 Y-4.334 E.05945
G1 X-8.003 Y-4.289 E.11031
G1 X-7.288 Y-4.304 E.0344
G1 X-4.549 Y-4.186 E.13186
G1 X-3.374 Y-4.221 E.05654
G1 X-1.242 Y-4.101 E.1027
G1 X1.853 Y-3.978 E.14898
G1 X4.338 Y-4.173 E.11989
G1 X4.969 Y-4.156 E.03036
G1 X10.679 Y-4.309 E.27473
G1 X11.65 Y-4.368 E.04679
G1 X13.2 Y-4.394 E.07456
G1 X15.604 Y-4.496 E.11573
G1 X16.688 Y-4.504 E.05214
G1 X16.487 Y-2.574 E.09333
G1 X16.489 Y-1.245 E.06392
G1 X16.439 Y.024 E.06108
G1 X16.577 Y2.666 E.12724
G1 X16.842 Y4.624 E.09503
G1 X15.763 Y4.601 E.05191
G1 X10.633 Y4.313 E.24712
G1 X8.266 Y4.266 E.11387
G1 X5.041 Y4.155 E.1552
G1 X4.519 Y4.165 E.02511
G1 X1.789 Y4.002 E.13154
G1 X-1.089 Y4.147 E.1386
G1 X-2.237 Y4.121 E.05523
G1 X-4.295 Y4.184 E.09903
G1 X-5.475 Y4.171 E.05676
G1 X-8.067 Y4.259 E.12474
G1 X-10.321 Y4.3 E.10843
G1 X-16.299 Y4.475 E.28764
G1 X-16.728 Y4.862 F7800
;TYPE:External perimeter
G1 F1800
G1 X-16.784 Y3.348 E.07287
G1 X-16.721 Y2.577 E.03721
G1 X-16.741 Y1.898 E.03267
G1 X-16.605 Y-.046 E.09373
G1 X-16.751 Y-1.869 E.08796
G1 X-16.746 Y-2.678 E.03891
G1 X-16.816 Y-3.435 E.03656
G1 X-16.774 Y-4.935 E.07217
G1 X-16.069 Y-4.92 E.03392
G1 X-14.825 Y-4.845 E.05994
G1 X-11.519 Y-4.77 E.15905
G1 X-10.29 Y-4.719 E.05916
G1 X-8.011 Y-4.675 E.10963
G1 X-7.283 Y-4.69 E.03502
G1 X-4.56 Y-4.571 E.13109
G1 X-3.369 Y-4.606 E.05731
G1 X-1.229 Y-4.487 E.10309
G1 X1.82 Y-4.363 E.14677
G1 X4.328 Y-4.559 E.12099
G1 X4.959 Y-4.541 E.03036
G1 X10.66 Y-4.694 E.2743
G1 X11.739 Y-4.76 E.05199
G1 X13.181 Y-4.779 E.06936
G1 X15.595 Y-4.882 E.11621
G1 X17.081 Y-4.892 E.07147
G1 X17.088 Y-4.614 E.01338
G1 X16.873 Y-2.574 E.09866
G1 X16.874 Y-1.246 E.06387
G1 X16.825 Y.004 E.06017
G1 X16.962 Y2.646 E.12724
G1 X17.243 Y4.717 E.10052
G1 X17.268 Y5.019 E.01457
G1 X15.748 Y4.986 E.07312
G1 X10.628 Y4.698 E.24664
G1 X8.256 Y4.651 E.11411
G1 X5.028 Y4.54 E.15535
G1 X4.511 Y4.55 E.02487
G1 X1.805 Y4.387 E.13039
G1 X-1.07 Y4.533 E.13846
G1 X-2.225 Y4.507 E.05557
G1 X-4.284 Y4.57 E.09908
G1 X-5.462 Y4.556 E.05666
G1 X-8.057 Y4.644 E.12488
G1 X-10.306 Y4.686 E.10819
G1 X-16.002 Y4.863 E.27409
G1 X-16.668 Y4.862 E.03203
G1 X-16.741 Y4.469 F7800
G1 E-2 F2400
G1 X-9.251 Y3.606 F7800
G1 E2 F2400
;TYPE:Internal infill
;WIDTH:0.45
G1 F4800
G1 X-6.938 Y3.545 E.11129
G1 X-5.042 Y-3.53 E.35229
G1 X-3.541 Y-3.541 E.07219
G1 X-.933 Y-.933 E.17739
G1 X-.302 Y-1.325 E.03573
G1 X.405 Y-1.513 E.03519
G1 X.895 Y-3.339 E.09093
G1 X1.237 Y-3.325 E.01646
G1 X-15.629 Y1.194 E.83981
G1 X-15.599 Y.762 E.02083
G1 X-12.662 Y3.698 E.19974
G1 X-12.97 Y3.708 E.01482
G1 X-10.989 Y-3.687 E.36822
G1 X-11.898 Y-3.718 E.04375
G1 X-4.663 Y3.517 E.49212
G1 X-1.754 Y3.464 E.13994
G1 X15.814 Y-1.243 E.87476
G1 X15.789 Y-.572 E.0323
G1 X12.649 Y-3.712 E.21358
G1 X12.972 Y-3.716 E.01554
G1 X10.997 Y3.657 E.36712
G1 X11.887 Y3.707 E.04287
G1 X4.692 Y-3.489 E.48943
G1 X6.935 Y-3.533 E.1079
G1 X5.056 Y3.481 E.34924
G1 X3.422 Y3.422 E.07864
G1 X1.269 Y1.269 E.14644
G1 X.662 Y1.602 E.0333
G1 X.413 Y1.645 E.01215
G1 X.088 Y1.627 E.01566
G1 X-.386 Y1.44 E.02451
G1 X-.928 Y3.464 E.10078
G1 E-2 F2400
G1 X.434 Y-1.105 F7800
G1 E2 F2400
;TYPE:Solid infill
;WIDTH:0.45
G1 F1200
G1 X.078 Y-1.049 E.01733
G1 X-.433 Y-.818 E.02697
G1 X-.777 Y-.559 E.02071
G1 X-.933 Y-.31 E.01413
G1 X-1.009 Y.079 E.01906
G1 X-.93 Y.439 E.01773
G1 X-.703 Y.743 E.01825
G1 X-.218 Y1.091 E.02871
G1 X.211 Y1.251 E.02202
G1 X.545 Y1.231 E.01609
G1 X.938 Y1.038 E.02106
G1 X1.345 Y.668 E.02646
G1 X1.507 Y.46 E.01268
G1 X1.599 Y.208 E.0129
G1 X1.6 Y-.126 E.01606
G1 X1.425 Y-.607 E.02462
G1 X1.269 Y-.824 E.01285
G1 X1.048 Y-1.016 E.01408
G1 X.624 Y-1.135 E.02118
G1 X.593 Y-.743 E.01891
G1 X.885 Y-.661 E.01459
G1 X1.047 Y-.499 E.01102
G1 X1.214 Y-.067 E.02228
G1 X1.2 Y.201 E.01291
G1 X1.086 Y.383 E.01033
G1 X.826 Y.62 E.01692
G1 X.521 Y.813 E.01736
G1 X.269 Y.861 E.01234
G1 X-.112 Y.699 E.01991
G1 X-.511 Y.391 E.02424
G1 X-.615 Y.075 E.016
G1 X-.522 Y-.239 E.01575
G1 X-.309 Y-.447 E.01432
G1 X.2 Y-.683 E.02698
G1 X.402 Y-.714 E.00983
G1 X.456 Y-.34 E.01817
G1 X.687 Y-.316 E.01117
G1 X.768 Y-.2 E.0068
G1 X.826 Y.098 E.0146
G1 X.566 Y.334 E.01689
G1 X.352 Y.467 E.01212
G1 X.173 Y.414 E.00898
G1 X-.203 Y.153 E.02201
G1 X-.195 Y-.035 E.00905
G1 X.13 Y-.244 E.01858
G1 X.271 Y-.285 E.00706
M106 S244.8
;LAYER_CHANGE
;Z:12.35
;HEIGHT:0.3
G1 E-2 F2400
G1 Z12.35 F7800
G1 Z12.35
G1 X-15.916 Y4.072
G1 E2 F2400
;TYPE:Perimeter
G1 F3600
G1 X-15.921 Y4.072 E.00024
G1 X-15.966 Y3.064 E.04853
G1 X-15.939 Y2.24 E.03965
G1 X-15.783 Y-.109 E.11323
G1 X-15.964 Y-2.376 E.10938
G1 X-15.991 Y-3.083 E.03403
G1 X-15.962 Y-4.128 E.05028
G1 X-14.744 Y-4.055 E.05869
G1 X-13.755 Y-4.029 E.04758
G1 X-8.065 Y-3.915 E.27372
G1 X-6.896 Y-3.937 E.05623
G1 X-4.569 Y-3.838 E.11202
G1 X-3.05 Y-3.883 E.07309
G1 X-1.275 Y-3.784 E.0855
G1 X1.753 Y-3.659 E.14576
G1 X3.81 Y-3.809 E.0992
G1 X4.993 Y-3.798 E.0569
G1 X7.861 Y-3.88 E.138
G1 X9.164 Y-3.884 E.06267
G1 X10.821 Y-3.924 E.07972
G1 X11.66 Y-3.971 E.04042
G1 X13.386 Y-3.995 E.08302
G1 X15.786 Y-4.101 E.11554
G1 X16.224 Y-4.104 E.02107
G1 X16.073 Y-2.682 E.06878
G1 X16.069 Y-1.428 E.06031
G1 X16.006 Y.055 E.07139
G1 X16.151 Y2.703 E.12755
G1 X16.355 Y4.228 E.074
G1 X10.859 Y3.93 E.26473
G1 X7.995 Y3.89 E.13776
G1 X5.062 Y3.797 E.14114
G1 X4.189 Y3.813 E.042
G1 X1.793 Y3.673 E.11544
G1 X-1.107 Y3.818 E.13965
G1 X-2.625 Y3.777 E.07304
G1 X-4.337 Y3.83 E.08238
G1 X-5.798 Y3.807 E.07028
G1 X-8.042 Y3.884 E.10799
G1 X-11.678 Y3.947 E.17491
G1 X-15.856 Y4.071 E.20104
G1 X-16.289 Y4.466 F7800
G1 F3600
G1 X-16.351 Y3.066 E.0674
G1 X-16.324 Y2.22 E.04071
G1 X-16.167 Y-.078 E.11078
G1 X-16.349 Y-2.353 E.10977
G1 X-16.377 Y-3.081 E.03504
G1 X-16.336 Y-4.535 E.06996
G1 X-14.734 Y-4.441 E.07718
G1 X-13.745 Y-4.414 E.04759
G1 X-8.057 Y-4.301 E.27363
G1 X-6.892 Y-4.323 E.05604
G1 X-4.581 Y-4.223 E.11126
G1 X-3.045 Y-4.269 E.07391
G1 X-1.259 Y-4.169 E.08603
G1 X1.873 Y-4.044 E.15076
G1 X3.779 Y-4.193 E.09195
G1 X4.982 Y-4.183 E.05786
G1 X7.855 Y-4.266 E.13824
G1 X9.155 Y-4.27 E.06253
G1 X10.913 Y-4.312 E.08458
G1 X11.646 Y-4.356 E.03532
G1 X13.369 Y-4.38 E.08288
G1 X15.783 Y-4.487 E.11622
G1 X16.617 Y-4.492 E.04011
G1 X16.624 Y-4.225 E.01285
G1 X16.454 Y-2.58 E.07954
G1 X16.455 Y-1.42 E.05579
G1 X16.391 Y.034 E.07
G1 X16.536 Y2.682 E.12755
G1 X16.761 Y4.355 E.08119
G1 X16.784 Y4.623 E.01294
G1 X15.978 Y4.606 E.03877
G1 X10.853 Y4.315 E.24689
G1 X7.986 Y4.275 E.13791
G1 X5.05 Y4.183 E.14128
G1 X4.181 Y4.199 E.0418
G1 X1.809 Y4.058 E.11429
G1 X-1.088 Y4.203 E.13951
G1 X-2.613 Y4.163 E.07337
G1 X-4.325 Y4.215 E.08238
G1 X-5.785 Y4.193 E.07023
G1 X-8.033 Y4.269 E.10818
G1 X-11.666 Y4.332 E.17476
G1 X-16.229 Y4.464 E.21956
G1 X-16.658 Y4.851 F7800
;TYPE:External perimeter
G1 F1800
G1 X-16.737 Y3.068 E.08584
G1 X-16.709 Y2.2 E.04177
G1 X-16.552 Y-.047 E.10834
G1 X-16.734 Y-2.331 E.1102
G1 X-16.763 Y-3.08 E.03605
G1 X-16.711 Y-4.929 E.08897
G1 X-16.269 Y-4.92 E.02126
G1 X-14.723 Y-4.826 E.07449
G1 X-13.734 Y-4.8 E.04758
G1 X-7.993 Y-4.686 E.27618
G1 X-6.887 Y-4.709 E.05321
G1 X-4.592 Y-4.609 E.11049
G1 X-3.04 Y-4.655 E.07468
G1 X-1.246 Y-4.555 E.08642
G1 X1.84 Y-4.428 E.14855
G1 X3.749 Y-4.578 E.0921
G1 X4.971 Y-4.569 E.05878
G1 X7.849 Y-4.652 E.13848
G1 X9.146 Y-4.655 E.06238
G1 X10.888 Y-4.697 E.08381
G1 X11.631 Y-4.742 E.0358
G1 X13.352 Y-4.765 E.08278
G1 X15.773 Y-4.872 E.11656
G1 X16.993 Y-4.88 E.05868
G1 X17.01 Y-4.21 E.03224
G1 X16.839 Y-2.581 E.07878
G1 X16.84 Y-1.411 E.05627
G1 X16.776 Y.013 E.06856
G1 X16.921 Y2.661 E.12755
G1 X17.146 Y4.323 E.08067
G1 X17.203 Y5.017 E.03349
G1 X15.963 Y4.991 E.05965
G1 X10.851 Y4.701 E.24626
G1 X7.977 Y4.661 E.13824
G1 X5.038 Y4.568 E.14143
G1 X4.174 Y4.585 E.04156
G1 X1.825 Y4.443 E.11318
G1 X-1.068 Y4.589 E.13932
G1 X-2.602 Y4.548 E.07381
G1 X-4.313 Y4.601 E.08233
G1 X-5.772 Y4.578 E.07018
G1 X-8.023 Y4.655 E.10833
G1 X-11.653 Y4.718 E.17462
G1 X-16.179 Y4.852 E.21778
G1 X-16.598 Y4.851 E.02015
G1 X-16.675 Y4.459 F7800
G1 E-2 F2400
G1 X-4.246 Y3.538 F7800
G1 E2 F2400
;TYPE:Internal infill
;WIDTH:0.45
G1 F4800
G1 X-1.933 Y3.512 E.11125
G1 X15.771 Y-1.232 E.88154
G1 X15.743 Y-.617 E.02961
G1 X12.665 Y-3.696 E.2094
G1 X12.968 Y-3.7 E.01457
G1 X10.999 Y3.647 E.36584
G1 X11.877 Y3.696 E.04229
G1 X4.662 Y-3.518 E.49072
G1 X6.943 Y-3.565 E.10973
G1 X5.048 Y3.508 E.35219
G1 X3.481 Y3.481 E.07538
G1 X-3.578 Y-3.578 E.48014
G1 X-5.033 Y-3.567 E.06998
G1 X-6.941 Y3.557 E.35472
G1 X-4.632 Y3.549 E.11106
G1 X-11.891 Y-3.711 E.49378
G1 X-10.988 Y-3.691 E.04344
G1 X-12.967 Y3.696 E.36782
G1 X-12.673 Y3.687 E.01415
G1 X-15.549 Y.812 E.19559
G1 X-15.575 Y1.179 E.0177
G1 X1.452 Y-3.383 E.84782
G1 X1.842 Y-3.367 E.01877
G1 X3.759 Y-3.515 E.09248
G1 E-2 F2400
G1 X.912 Y-3.405 F7800
G1 E2 F2400
G1 F4800
G1 X-.943 Y3.521 E.34486
;LAYER_CHANGE
;Z:12.65
;HEIGHT:0.299999
G1 E-2 F2400
G1 Z12.65 F7800
G1 Z12.65
G1 X-15.838 Y4.044
G1 E2 F2400
;TYPE:Perimeter
;WIDTH:0.45
G1 F3600
G1 X-15.852 Y4.044 E.00067
G1 X-15.908 Y2.785 E.06061
G1 X-15.845 Y1.51 E.0614
G1 X-15.973 Y-.053 E.07543
G1 X-15.892 Y-2.054 E.09632
G1 X-15.937 Y-2.75 E.03355
G1 X-15.899 Y-4.112 E.06553
G1 X-14.643 Y-4.036 E.06052
G1 X-12.267 Y-3.984 E.1143
G1 X-11.33 Y-3.991 E.04507
G1 X-7.958 Y-3.925 E.16221
G1 X-6.5 Y-3.956 E.07014
G1 X-4.672 Y-3.876 E.088
G1 X-2.721 Y-3.931 E.09387
G1 X-1.293 Y-3.852 E.06879
G1 X1.775 Y-3.724 E.14769
G1 X3.474 Y-3.847 E.08193
G1 X4.042 Y-3.852 E.02732
G1 X5.004 Y-3.826 E.04629
G1 X7.487 Y-3.897 E.11947
G1 X10.183 Y-3.906 E.12967
G1 X11.54 Y-3.953 E.06531
G1 X13.556 Y-3.981 E.09697
G1 X16.154 Y-4.093 E.12507
G1 X16.161 Y-3.837 E.01232
G1 X16.034 Y-2.587 E.06043
G1 X16.035 Y-1.732 E.04112
G1 X15.958 Y.067 E.0866
G1 X16.11 Y2.719 E.12776
G1 X16.28 Y3.993 E.06182
G1 X16.299 Y4.226 E.01124
G1 X11.088 Y3.933 E.25103
G1 X9.92 Y3.91 E.05619
G1 X7.612 Y3.905 E.11101
G1 X5.073 Y3.825 E.12218
G1 X3.851 Y3.848 E.05878
G1 X1.813 Y3.729 E.09819
G1 X-1.276 Y3.883 E.14875
G1 X-2.92 Y3.82 E.07913
G1 X-4.62 Y3.869 E.0818
G1 X-6.108 Y3.829 E.07159
G1 X-8.007 Y3.894 E.09139
G1 X-12.504 Y3.957 E.21631
G1 X-15.778 Y4.042 E.15752
G1 X-16.212 Y4.439 F7800
G1 F3600
G1 X-16.22 Y4.439 E.00038
G1 X-16.293 Y2.802 E.07881
G1 X-16.229 Y1.542 E.06068
G1 X-16.36 Y-.045 E.07659
G1 X-16.277 Y-2.07 E.09748
G1 X-16.323 Y-2.741 E.03235
G1 X-16.273 Y-4.521 E.08565
G1 X-14.632 Y-4.422 E.07907
G1 X-12.259 Y-4.369 E.11416
G1 X-11.328 Y-4.377 E.04478
G1 X-7.966 Y-4.311 E.16173
G1 X-6.496 Y-4.342 E.07072
G1 X-4.613 Y-4.261 E.09065
G1 X-2.716 Y-4.317 E.09128
G1 X-1.277 Y-4.237 E.06932
G1 X1.791 Y-4.11 E.14769
G1 X3.444 Y-4.231 E.07972
G1 X4.053 Y-4.238 E.02929
G1 X4.993 Y-4.211 E.04523
G1 X7.481 Y-4.283 E.11971
G1 X10.17 Y-4.291 E.12933
G1 X11.53 Y-4.338 E.06545
G1 X13.538 Y-4.366 E.09659
G1 X15.962 Y-4.477 E.11671
G1 X16.53 Y-4.481 E.02732
G1 X16.547 Y-3.822 E.03171
G1 X16.423 Y-2.649 E.05673
G1 X16.421 Y-1.723 E.04454
G1 X16.343 Y.045 E.08512
G1 X16.495 Y2.697 E.12776
G1 X16.664 Y3.961 E.06133
G1 X16.719 Y4.621 E.03185
G1 X16.193 Y4.61 E.0253
G1 X11.08 Y4.318 E.24632
G1 X9.919 Y4.295 E.05585
G1 X7.606 Y4.29 E.11125
G1 X5.061 Y4.21 E.12247
G1 X3.843 Y4.234 E.05859
G1 X1.829 Y4.114 E.09704
G1 X-1.273 Y4.269 E.14938
G1 X-2.989 Y4.204 E.08259
G1 X-4.62 Y4.255 E.07848
G1 X-6.095 Y4.215 E.07097
G1 X-7.997 Y4.279 E.09153
G1 X-12.494 Y4.342 E.21631
G1 X-16.152 Y4.437 E.176
G1 X-16.586 Y4.834 F7800
;TYPE:External perimeter
G1 F1800
G1 X-16.589 Y4.835 E.00015
G1 X-16.678 Y2.819 E.09706
G1 X-16.613 Y1.574 E.05996
G1 X-16.746 Y-.037 E.07775
G1 X-16.663 Y-2.085 E.09858
G1 X-16.709 Y-2.733 E.03124
G1 X-16.647 Y-4.923 E.10537
G1 X-14.621 Y-4.807 E.0976
G1 X-12.25 Y-4.755 E.11406
G1 X-11.326 Y-4.763 E.04444
G1 X-7.975 Y-4.696 E.1612
G1 X-6.491 Y-4.728 E.07139
G1 X-4.624 Y-4.646 E.08988
G1 X-2.711 Y-4.703 E.09205
G1 X-1.264 Y-4.622 E.0697
G1 X1.859 Y-4.494 E.15033
G1 X3.414 Y-4.615 E.07502
G1 X4.064 Y-4.623 E.03127
G1 X4.982 Y-4.597 E.04417
G1 X7.475 Y-4.668 E.11995
G1 X10.156 Y-4.676 E.12895
G1 X11.521 Y-4.724 E.06569
G1 X13.514 Y-4.751 E.09587
G1 X15.952 Y-4.863 E.11738
G1 X16.906 Y-4.869 E.04588
G1 X16.933 Y-3.806 E.05114
G1 X16.806 Y-2.608 E.05794
G1 X16.806 Y-1.715 E.04295
G1 X16.728 Y.023 E.08368
G1 X16.88 Y2.675 E.12776
G1 X17.048 Y3.929 E.06085
G1 X17.139 Y5.016 E.05246
G1 X16.178 Y4.995 E.04623
G1 X11.073 Y4.704 E.24593
G1 X9.922 Y4.681 E.05537
G1 X7.599 Y4.676 E.11173
G1 X5.049 Y4.596 E.12271
G1 X3.836 Y4.619 E.05835
G1 X1.846 Y4.5 E.09588
G1 X-1.271 Y4.655 E.1501
G1 X-2.978 Y4.59 E.08216
G1 X-4.619 Y4.64 E.07896
G1 X-6.082 Y4.6 E.07039
G1 X-7.988 Y4.665 E.09173
G1 X-12.481 Y4.728 E.21612
G1 X-16.526 Y4.833 E.19462
G1 X-16.606 Y4.441 F7800
G1 E-2 F2400
G1 X-4.409 Y3.573 F7800
G1 E2 F2400
;TYPE:Internal infill
;WIDTH:0.45
G1 F4800
G1 X-2.116 Y3.561 E.11029
G1 X15.722 Y-1.219 E.88822
G1 X15.697 Y-.663 E.02677
G1 X12.681 Y-3.679 E.20514
G1 X12.964 Y-3.683 E.01361
G1 X11.001 Y3.642 E.36474
G1 X11.868 Y3.687 E.04176
G1 X4.634 Y-3.546 E.49201
G1 X6.951 Y-3.593 E.11146
G1 X5.041 Y3.536 E.35497
G1 X3.539 Y3.539 E.07224
G1 X-3.616 Y-3.616 E.48667
G1 X-5.023 Y-3.603 E.06767
G1 X-6.945 Y3.568 E.35707
G1 X-4.601 Y3.579 E.11274
G1 X-11.878 Y-3.698 E.49497
G1 X-10.987 Y-3.695 E.04285
G1 X-12.963 Y3.679 E.36718
G1 X-12.688 Y3.672 E.01323
G1 X-15.618 Y.743 E.19926
G1 X-15.582 Y1.181 E.02114
G1 X1.667 Y-3.441 E.85889
G1 X3.975 Y-3.565 E.11117
G1 E-2 F2400
G1 X.93 Y-3.471 F7800
G1 E2 F2400
G1 F4800
G1 X-.959 Y3.578 E.351
G1 X1.352 Y3.464 E.11129
;LAYER_CHANGE
;Z:12.95
;HEIGHT:0.3
G1 E-2 F2400
G1 Z12.95 F7800
G1 Z12.95
G1 X-15.768 Y4.032
G1 E2 F2400
;TYPE:Perimeter
;WIDTH:0.45
G1 F3600
G1 X-15.782 Y4.032 E.00067
G1 X-15.834 Y3.5 E.02571
G1 X-16.177 Y2.363 E.05712
G1 X-16.376 Y-.054 E.11664
G1 X-16.278 Y-2.528 E.11908
G1 X-15.873 Y-3.9 E.0688
G1 X-15.842 Y-4.093 E.0094
G1 X-14.535 Y-4.017 E.06297
G1 X-13.083 Y-3.985 E.06985
G1 X-11.223 Y-4.001 E.08946
G1 X-7.993 Y-3.936 E.15538
G1 X-6.104 Y-3.975 E.09087
G1 X-4.633 Y-3.913 E.07081
G1 X-2.387 Y-3.98 E.10807
G1 X1.812 Y-3.789 E.20217
G1 X3.346 Y-3.901 E.07398
G1 X5.016 Y-3.854 E.08035
G1 X7.108 Y-3.914 E.10066
G1 X8.826 Y-3.904 E.08263
G1 X11.167 Y-3.926 E.1126
G1 X13.695 Y-3.966 E.1216
G1 X16.067 Y-4.078 E.11421
G1 X16.08 Y-3.395 E.03286
G1 X16 Y-2.594 E.03872
G1 X16.001 Y-2.036 E.02684
G1 X15.91 Y.079 E.10182
G1 X16.068 Y2.736 E.12802
G1 X16.182 Y3.598 E.04182
G1 X16.234 Y4.218 E.02992
G1 X11.296 Y3.935 E.23789
G1 X7.236 Y3.92 E.19527
G1 X5.084 Y3.852 E.10356
G1 X3.513 Y3.882 E.07557
G1 X1.829 Y3.785 E.08113
G1 X-1.276 Y3.939 E.14952
G1 X-3.378 Y3.861 E.10117
G1 X-4.629 Y3.899 E.0602
G1 X-6.419 Y3.851 E.08612
G1 X-7.974 Y3.904 E.07483
G1 X-11.102 Y3.954 E.15047
G1 X-11.803 Y3.939 E.03372
G1 X-15.708 Y4.031 E.18787
G1 X-16.142 Y4.428 F7800
G1 F3600
G1 X-16.151 Y4.428 E.00043
G1 X-16.204 Y3.608 E.03952
G1 X-16.493 Y2.619 E.04956
G1 X-16.557 Y2.453 E.00856
G1 X-16.762 Y-.046 E.1206
G1 X-16.662 Y-2.591 E.1225
G1 X-16.243 Y-4.009 E.07112
G1 X-16.21 Y-4.501 E.02372
G1 X-14.548 Y-4.404 E.08007
G1 X-13.074 Y-4.371 E.07091
G1 X-11.221 Y-4.387 E.08913
G1 X-7.948 Y-4.321 E.15745
G1 X-6.1 Y-4.361 E.0889
G1 X-4.645 Y-4.298 E.07005
G1 X-2.384 Y-4.366 E.1088
G1 X1.829 Y-4.174 E.20284
G1 X3.337 Y-4.287 E.07273
G1 X5.005 Y-4.239 E.08026
G1 X7.104 Y-4.3 E.101
G1 X8.822 Y-4.289 E.08263
G1 X11.163 Y-4.311 E.1126
G1 X13.689 Y-4.351 E.12151
G1 X16.443 Y-4.469 E.13258
G1 X16.463 Y-3.355 E.05359
G1 X16.386 Y-2.594 E.03679
G1 X16.386 Y-2.027 E.02727
G1 X16.295 Y.056 E.10028
G1 X16.453 Y2.713 E.12802
G1 X16.566 Y3.566 E.04138
G1 X16.654 Y4.62 E.05087
G1 X11.295 Y4.321 E.25815
G1 X7.229 Y4.306 E.19556
G1 X5.072 Y4.238 E.1038
G1 X3.506 Y4.268 E.07533
G1 X1.847 Y4.171 E.07993
G1 X-1.274 Y4.325 E.15029
G1 X-3.366 Y4.246 E.10069
G1 X-4.628 Y4.285 E.06073
G1 X-6.406 Y4.237 E.08555
G1 X-7.964 Y4.29 E.07498
G1 X-11.194 Y4.341 E.15537
G1 X-11.791 Y4.324 E.02873
G1 X-16.082 Y4.426 E.20644
G1 X-16.516 Y4.823 F7800
;TYPE:External perimeter
G1 F1800
G1 X-16.519 Y4.824 E.00015
G1 X-16.574 Y3.717 E.05331
G1 X-16.863 Y2.727 E.0496
G1 X-16.937 Y2.543 E.00954
G1 X-17.148 Y-.037 E.1245
G1 X-17.045 Y-2.654 E.12597
G1 X-16.613 Y-4.119 E.07346
G1 X-16.584 Y-4.909 E.03802
G1 X-14.525 Y-4.789 E.0992
G1 X-13.066 Y-4.756 E.07019
G1 X-11.218 Y-4.772 E.08889
G1 X-7.956 Y-4.707 E.15692
G1 X-6.095 Y-4.747 E.08953
G1 X-4.656 Y-4.684 E.06928
G1 X-2.381 Y-4.752 E.10947
G1 X1.879 Y-4.559 E.2051
G1 X3.327 Y-4.673 E.06986
G1 X4.994 Y-4.625 E.08021
G1 X7.1 Y-4.685 E.10133
G1 X8.816 Y-4.675 E.08254
G1 X11.159 Y-4.697 E.1127
G1 X13.683 Y-4.737 E.12141
G1 X16.131 Y-4.853 E.11787
G1 X16.819 Y-4.858 E.03309
G1 X16.847 Y-3.314 E.07427
G1 X16.772 Y-2.594 E.03482
G1 X16.772 Y-2.018 E.0277
G1 X16.68 Y.033 E.09875
G1 X16.838 Y2.69 E.12802
G1 X16.951 Y3.534 E.04096
G1 X17.074 Y5.014 E.07143
G1 X16.393 Y5 E.03276
G1 X11.293 Y4.706 E.2457
G1 X7.223 Y4.691 E.19575
G1 X5.06 Y4.623 E.10408
G1 X3.498 Y4.654 E.07514
G1 X1.865 Y4.556 E.07868
G1 X-1.272 Y4.711 E.15106
G1 X-3.355 Y4.632 E.10026
G1 X-4.627 Y4.671 E.06121
G1 X-6.39 Y4.622 E.08483
G1 X-7.954 Y4.675 E.07527
G1 X-11.196 Y4.727 E.15595
G1 X-11.787 Y4.71 E.02844
G1 X-13.312 Y4.738 E.07336
G1 X-16.456 Y4.822 E.15127
G1 X-16.538 Y4.43 F7800
G1 E-2 F2400
G1 X-15.898 Y2.301 F7800
G1 E2 F2400
;TYPE:Solid infill
;WIDTH:0.474167
G1 F1200
G1 X-15.902 Y2.036 E.01355
;WIDTH:0.510034
G1 X-15.906 Y1.77 E.01479
;WIDTH:0.545901
G1 X-15.91 Y1.505 E.01592
;WIDTH:0.549503
G1 X-15.931 Y1.216 E.01753
;WIDTH:0.59605
G1 X-15.933 Y.907 E.02049
;WIDTH:0.642597
G1 X-15.935 Y.598 E.02229
;WIDTH:0.689145
G1 X-15.937 Y.289 E.02408
;WIDTH:0.735693
G1 X-15.939 Y-.02 E.02587
;WIDTH:0.735879
G1 X-15.95 Y-.457 E.03661
;WIDTH:0.689845
G1 X-15.958 Y-.85 E.03066
;WIDTH:0.643811
G1 X-15.965 Y-1.244 E.02848
;WIDTH:0.597777
G1 X-15.973 Y-1.638 E.02622
;WIDTH:0.551743
G1 X-15.959 Y-2.476 E.05095
G1 E-2 F2400
G1 X-9.261 Y3.635 F7800
G1 E2 F2400
;TYPE:Internal infill
;WIDTH:0.45
G1 F4800
G1 X-6.948 Y3.58 E.11128
G1 X-5.013 Y-3.639 E.35947
G1 X-3.653 Y-3.653 E.06541
G1 X3.591 Y3.591 E.49273
G1 X5.033 Y3.564 E.06937
G1 X6.958 Y-3.62 E.35772
G1 X4.605 Y-3.575 E.11319
G1 X11.858 Y3.678 E.49334
G1 X11 Y3.645 E.0413
G1 X12.959 Y-3.665 E.36399
G1 X12.7 Y-3.661 E.01246
G1 X15.651 Y-.709 E.20076
G1 X15.674 Y-1.206 E.02393
G1 X-2.299 Y3.61 E.89494
G1 X-3.304 Y3.572 E.04837
G1 X-4.572 Y3.608 E.06101
G1 X-11.886 Y-3.706 E.49749
G1 X-10.983 Y-3.707 E.04343
G1 X-12.962 Y3.677 E.36768
G1 X-12.69 Y3.67 E.01309
G1 X-15.473 Y.887 E.1893
G1 X-15.492 Y1.157 E.01302
G1 X1.883 Y-3.499 E.86516
G1 X3.353 Y-3.611 E.07091
G1 X4.192 Y-3.587 E.04037
G1 E-2 F2400
G1 X.949 Y-3.54 F7800
G1 E2 F2400
G1 F4800
G1 X-.974 Y3.635 E.35727
G1 X1.337 Y3.522 E.11128
M106 S239.7
;LAYER_CHANGE
;Z:13.25
;HEIGHT:0.3
G1 E-2 F2400
G1 Z13.25 F7800
G1 Z13.25
G1 X-16.018 Y4.03
G1 E2 F2400
;TYPE:Perimeter
;WIDTH:0.45
G1 F3600
G1 X-16.052 Y4.031 E.00164
G1 X-16.407 Y2.817 E.06083
G1 X-16.58 Y2.379 E.02265
G1 X-16.778 Y-.054 E.11741
G1 X-16.683 Y-2.55 E.12014
G1 X-16.223 Y-4.108 E.07813
G1 X-14.433 Y-3.999 E.08625
G1 X-13.869 Y-3.986 E.02713
G1 X-11.116 Y-4.01 E.13241
G1 X-7.962 Y-3.947 E.15173
G1 X-5.579 Y-3.988 E.11463
G1 X-4.665 Y-3.951 E.044
G1 X-2.058 Y-4.028 E.12544
G1 X1.831 Y-3.855 E.18723
G1 X3.012 Y-3.938 E.05694
G1 X5.027 Y-3.882 E.09695
G1 X6.734 Y-3.931 E.08213
G1 X9.035 Y-3.917 E.11067
G1 X13.854 Y-3.951 E.23178
G1 X15.981 Y-4.055 E.10242
G1 X16.005 Y-3.092 E.04633
G1 X15.967 Y-2.641 E.02177
G1 X15.861 Y.09 E.13145
G1 X16.027 Y2.753 E.12833
G1 X16.085 Y3.203 E.02182
G1 X16.168 Y4.206 E.04841
G1 X12.003 Y3.966 E.20065
G1 X11.346 Y3.944 E.03162
G1 X6.859 Y3.936 E.21581
G1 X5.045 Y3.88 E.08729
G1 X3.333 Y3.914 E.08236
G1 X1.85 Y3.842 E.07141
G1 X-1.276 Y3.995 E.15053
G1 X-3.689 Y3.903 E.11614
G1 X-4.637 Y3.929 E.04561
G1 X-6.729 Y3.873 E.10065
G1 X-7.939 Y3.915 E.05823
G1 X-10.987 Y3.959 E.14661
G1 X-11.95 Y3.936 E.04633
G1 X-15.958 Y4.029 E.19282
G1 X-16.296 Y4.424 F7800
G1 F3600
G1 X-16.339 Y4.425 E.00207
G1 X-16.778 Y2.926 E.07512
G1 X-16.959 Y2.469 E.02364
G1 X-17.164 Y-.046 E.12136
G1 X-17.067 Y-2.612 E.1235
G1 X-16.506 Y-4.512 E.09528
G1 X-14.425 Y-4.384 E.10028
G1 X-13.872 Y-4.372 E.0266
G1 X-11.113 Y-4.396 E.1327
G1 X-7.954 Y-4.332 E.15197
G1 X-5.562 Y-4.373 E.11506
G1 X-4.677 Y-4.336 E.0426
G1 X-2.055 Y-4.414 E.12616
G1 X1.848 Y-4.24 E.18791
G1 X3.003 Y-4.325 E.0557
G1 X5.016 Y-4.267 E.09686
G1 X6.73 Y-4.316 E.08247
G1 X9.027 Y-4.303 E.11048
G1 X13.852 Y-4.337 E.23207
G1 X16.356 Y-4.458 E.12057
G1 X16.39 Y-3.102 E.06524
G1 X16.353 Y-2.625 E.02301
G1 X16.246 Y.066 E.12953
G1 X16.412 Y2.729 E.12833
G1 X16.469 Y3.171 E.02143
G1 X16.589 Y4.617 E.06979
G1 X11.898 Y4.346 E.226
G1 X11.345 Y4.329 E.02661
G1 X6.852 Y4.321 E.2161
G1 X5.053 Y4.265 E.08657
G1 X3.341 Y4.299 E.08236
G1 X1.868 Y4.227 E.07093
G1 X-1.274 Y4.381 E.1513
G1 X-3.703 Y4.288 E.11691
G1 X-4.637 Y4.315 E.04494
G1 X-6.716 Y4.259 E.10003
G1 X-7.93 Y4.3 E.05842
G1 X-10.981 Y4.345 E.14676
G1 X-11.938 Y4.322 E.04604
G1 X-16.236 Y4.422 E.20677
G1 X-16.572 Y4.817 F7800
;TYPE:External perimeter
G1 F1800
G1 X-16.626 Y4.819 E.0026
G1 X-17.148 Y3.034 E.08945
G1 X-17.339 Y2.56 E.02458
G1 X-17.551 Y-.038 E.12537
G1 X-17.45 Y-2.675 E.12692
G1 X-16.789 Y-4.916 E.11238
G1 X-14.416 Y-4.77 E.11435
G1 X-13.875 Y-4.758 E.02603
G1 X-11.111 Y-4.782 E.13294
G1 X-7.946 Y-4.718 E.15226
G1 X-5.545 Y-4.759 E.1155
G1 X-4.688 Y-4.722 E.04126
G1 X-2.053 Y-4.8 E.12679
G1 X1.898 Y-4.625 E.19022
G1 X2.993 Y-4.711 E.05283
G1 X5.005 Y-4.653 E.09681
G1 X6.725 Y-4.702 E.08276
G1 X9.027 Y-4.688 E.11072
G1 X13.849 Y-4.722 E.23193
G1 X16.301 Y-4.843 E.11808
G1 X16.732 Y-4.846 E.02073
G1 X16.776 Y-3.111 E.08347
G1 X16.738 Y-2.61 E.02417
G1 X16.631 Y.039 E.12751
G1 X16.797 Y2.705 E.12847
G1 X16.853 Y3.139 E.02105
G1 X17.009 Y5.013 E.09044
G1 X16.607 Y5.004 E.01934
G1 X11.886 Y4.731 E.22744
G1 X11.345 Y4.715 E.02603
G1 X6.846 Y4.707 E.21639
G1 X5.061 Y4.651 E.08589
G1 X3.349 Y4.685 E.08236
G1 X1.886 Y4.612 E.07045
G1 X-1.272 Y4.767 E.15207
G1 X-3.718 Y4.673 E.11773
G1 X-4.636 Y4.701 E.04417
G1 X-6.7 Y4.644 E.09931
G1 X-7.92 Y4.686 E.05871
G1 X-10.975 Y4.731 E.14695
G1 X-11.934 Y4.707 E.04614
G1 X-16.512 Y4.816 E.22025
G1 X-16.727 Y4.479 F7800
G1 E-2 F2400
G1 X-9.264 Y3.645 F7800
G1 E2 F2400
;TYPE:Internal infill
;WIDTH:0.45
G1 F4800
G1 X-6.951 Y3.592 E.11128
G1 X-5.004 Y-3.675 E.36185
G1 X-3.69 Y-3.69 E.0632
G1 X3.619 Y3.619 E.49715
G1 X5.026 Y3.592 E.06768
G1 X6.964 Y-3.64 E.36011
G1 X4.576 Y-3.604 E.11487
G1 X11.85 Y3.67 E.49477
G1 X10.998 Y3.654 E.04099
G1 X12.956 Y-3.656 E.36398
G1 X12.707 Y-3.654 E.01198
G1 X15.603 Y-.758 E.19698
G1 X15.62 Y-1.191 E.02084
G1 X-2.482 Y3.659 E.90135
G1 X-4.543 Y3.637 E.09913
G1 X-11.895 Y-3.714 E.50004
G1 X-10.98 Y-3.718 E.04401
G1 X-12.96 Y3.67 E.36788
G1 X-12.696 Y3.664 E.0127
G1 X-15.529 Y.831 E.1927
G1 X-15.502 Y1.16 E.01588
G1 X2.216 Y-3.588 E.88224
G1 X3.019 Y-3.649 E.03873
G1 X4.384 Y-3.61 E.06568
G1 E-2 F2400
G1 X-1.345 Y-3.707 F7800
G1 E2 F2400
G1 F4800
G1 X.966 Y-3.605 E.11126
G1 X-.989 Y3.691 E.36329
G1 X1.322 Y3.58 E.11128
G1 E-2 F2400
G1 X-15.972 Y-3.784 F7800
G1 E2 F2400
;TYPE:Solid infill
;WIDTH:0.488296
G1 F1200
G1 X-15.943 Y-3.752 E.00228
G1 X-15.97 Y-2.738 E.05363
;WIDTH:0.509701
G1 X-15.938 Y-2.038 E.03892
G1 X-16.017 Y-.061 E.1099
;WIDTH:0.507353
G1 X-16.015 Y-.034 E.0015
;WIDTH:0.505967
G1 X-15.891 Y1.49 E.08421
G1 X-15.909 Y2.125 E.03499
;WIDTH:0.480443
G1 X-15.928 Y2.731 E.03146
;WIDTH:0.504807
G1 X-15.921 Y3.351 E.03406
G1 X-15.927 Y3.325 E.00147
;WIDTH:0.501437
G1 X-16.119 Y2.763 E.03237
;WIDTH:0.45492
G1 X-16.295 Y2.283 E.0249
;WIDTH:0.480443
G1 X-16.313 Y1.905 E.01964
;WIDTH:0.505967
G1 X-16.455 Y.002 E.1051
;WIDTH:0.507356
G1 X-16.46 Y-.061 E.00349
;WIDTH:0.509701
G1 X-16.378 Y-2.473 E.13405
;WIDTH:0.488296
G1 X-16.031 Y-3.6 E.06235
G1 E-2 F2400
G1 X-15.921 Y3.351 F7800
G1 E2 F2400
;WIDTH:0.504807
G1 F1200
G1 X-15.834 Y3.73 E.02136
M106 S242.25
;LAYER_CHANGE
;Z:13.55
;HEIGHT:0.3
G1 Z13.55 F7800
G1 Z13.55
G1 X-16.432 Y4.011
;TYPE:Perimeter
;WIDTH:0.45
G1 F3600
G1 X-16.723 Y3.035 E.04898
G1 X-16.982 Y2.396 E.03316
G1 X-17.181 Y-.055 E.11827
G1 X-17.089 Y-2.571 E.12109
G1 X-16.633 Y-4.114 E.07739
G1 X-14.559 Y-3.993 E.09992
G1 X-11.009 Y-4.02 E.17075
G1 X-7.943 Y-3.957 E.1475
G1 X-5.312 Y-4.013 E.12657
G1 X-4.697 Y-3.988 E.0296
G1 X-1.729 Y-4.077 E.14281
G1 X1.849 Y-3.92 E.17225
G1 X2.679 Y-3.976 E.04001
G1 X4.983 Y-3.909 E.11086
G1 X6.364 Y-3.948 E.06645
G1 X7.996 Y-3.953 E.07849
G1 X9.248 Y-3.931 E.06023
G1 X11.164 Y-3.948 E.09216
G1 X12.779 Y-3.92 E.07769
G1 X14.065 Y-3.938 E.06186
G1 X15.894 Y-4.031 E.08808
G1 X15.929 Y-2.654 E.06625
G1 X16.272 Y.049 E.13105
G1 X16.232 Y.468 E.02024
G1 X15.997 Y2.933 E.1191
G1 X16.102 Y4.195 E.06091
G1 X12.828 Y4.005 E.15773
G1 X11.254 Y3.957 E.07574
G1 X6.482 Y3.951 E.22952
G1 X5.056 Y3.907 E.06862
G1 X2.997 Y3.948 E.09905
G1 X1.871 Y3.898 E.05421
G1 X-1.277 Y4.051 E.15159
G1 X-4.065 Y3.944 E.13419
G1 X-4.646 Y3.96 E.02795
G1 X-6.98 Y3.895 E.1123
G1 X-7.904 Y3.925 E.04446
G1 X-10.872 Y3.965 E.14276
G1 X-12.087 Y3.934 E.05846
G1 X-14.498 Y3.966 E.11597
G1 X-16.38 Y4.02 E.09055
G1 X-16.717 Y4.413 F7800
G1 F3600
G1 X-17.061 Y3.234 E.05907
G1 X-17.361 Y2.486 E.03876
G1 X-17.567 Y-.046 E.12218
G1 X-17.472 Y-2.633 E.12451
G1 X-16.905 Y-4.516 E.09458
G1 X-14.562 Y-4.379 E.11288
G1 X-11.006 Y-4.406 E.17104
G1 X-7.911 Y-4.343 E.14889
G1 X-5.307 Y-4.398 E.12527
G1 X-4.709 Y-4.374 E.02878
G1 X-1.726 Y-4.462 E.14353
G1 X1.866 Y-4.306 E.17293
G1 X2.669 Y-4.362 E.03872
G1 X4.994 Y-4.295 E.11187
G1 X6.358 Y-4.333 E.06563
G1 X7.999 Y-4.339 E.07893
G1 X9.245 Y-4.316 E.05994
G1 X11.161 Y-4.334 E.09216
G1 X12.774 Y-4.306 E.07759
G1 X14.045 Y-4.323 E.06114
G1 X16.269 Y-4.436 E.1071
G1 X16.314 Y-2.664 E.08525
G1 X16.353 Y-2.468 E.00961
G1 X16.66 Y.044 E.12172
G1 X16.616 Y.504 E.02223
G1 X16.382 Y2.901 E.11584
G1 X16.524 Y4.605 E.08224
G1 X12.805 Y4.39 E.17917
G1 X11.253 Y4.342 E.07468
G1 X6.475 Y4.337 E.22981
G1 X5.064 Y4.293 E.0679
G1 X3.005 Y4.334 E.09905
G1 X1.889 Y4.283 E.05373
G1 X-1.275 Y4.437 E.15236
G1 X-4.08 Y4.33 E.13501
G1 X-4.645 Y4.346 E.02719
G1 X-6.99 Y4.281 E.11283
G1 X-7.895 Y4.31 E.04355
G1 X-10.867 Y4.35 E.14296
G1 X-12.084 Y4.319 E.05855
G1 X-14.493 Y4.352 E.11588
G1 X-16.659 Y4.414 E.10422
G1 X-17 Y4.818 F7800
;TYPE:External perimeter
G1 F1800
G1 X-17.432 Y3.342 E.07397
G1 X-17.741 Y2.576 E.03973
G1 X-17.953 Y-.038 E.12614
G1 X-17.856 Y-2.696 E.12793
G1 X-17.196 Y-4.931 E.11208
G1 X-14.565 Y-4.765 E.12679
G1 X-11.004 Y-4.791 E.17128
G1 X-7.92 Y-4.729 E.14836
G1 X-5.303 Y-4.784 E.1259
G1 X-4.723 Y-4.759 E.02792
G1 X-1.724 Y-4.848 E.1443
G1 X1.883 Y-4.691 E.17365
G1 X2.66 Y-4.748 E.03747
G1 X5.005 Y-4.68 E.11283
G1 X6.352 Y-4.719 E.06481
G1 X8.002 Y-4.725 E.07936
G1 X9.239 Y-4.702 E.05951
G1 X11.157 Y-4.72 E.09225
G1 X12.769 Y-4.691 E.07754
G1 X14.025 Y-4.708 E.06041
G1 X16.645 Y-4.835 E.12616
G1 X16.7 Y-2.673 E.10402
G1 X16.731 Y-2.555 E.00587
G1 X17.047 Y.038 E.12564
G1 X17 Y.541 E.0243
G1 X16.766 Y2.869 E.11253
G1 X16.944 Y5.011 E.10338
G1 X12.783 Y4.775 E.20045
G1 X11.256 Y4.728 E.07348
G1 X6.469 Y4.722 E.23024
G1 X5.071 Y4.678 E.06727
G1 X3.012 Y4.719 E.09905
G1 X1.906 Y4.668 E.05325
G1 X-1.273 Y4.823 E.15308
G1 X-4.095 Y4.715 E.13583
G1 X-4.644 Y4.731 E.02642
G1 X-7.011 Y4.666 E.11389
G1 X-7.886 Y4.696 E.04211
G1 X-10.861 Y4.736 E.1431
G1 X-12.081 Y4.705 E.0587
G1 X-14.488 Y4.737 E.11578
G1 X-16.94 Y4.816 E.11799
G1 X-17.104 Y4.451 F7800
G1 E-2 F2400
G1 X-16.862 Y-.077 F7800
G1 E2 F2400
;TYPE:Solid infill
;WIDTH:0.510549
G1 F1200
G1 X-16.772 Y-2.491 E.13443
G1 X-16.731 Y-2.672 E.01033
;WIDTH:0.500798
G1 X-16.403 Y-3.786 E.06321
;WIDTH:0.497935
G1 X-15.96 Y-3.76 E.024
G1 X-16.036 Y-3.5 E.01465
;WIDTH:0.510549
G1 X-16.326 Y-2.474 E.05933
G1 X-16.419 Y-.061 E.13438
;WIDTH:0.507372
G1 X-16.418 Y-.035 E.00144
;WIDTH:0.507734
G1 X-16.229 Y2.253 E.12695
G1 X-16.202 Y2.389 E.00767
;WIDTH:0.485231
G1 X-16.026 Y2.935 E.03011
;WIDTH:0.463079
G1 X-15.831 Y3.708 E.03964
G1 X-16.21 Y3.719 E.01885
G1 X-16.413 Y3.03 E.03572
;WIDTH:0.507734
G1 X-16.668 Y2.322 E.04161
G1 X-16.849 Y.115 E.12245
G1 E-2 F2400
G1 X-9.268 Y3.654 F7800
G1 E2 F2400
;TYPE:Internal infill
;WIDTH:0.45
G1 F4800
G1 X-6.955 Y3.608 E.11127
G1 X-4.994 Y-3.71 E.36439
G1 X-3.728 Y-3.728 E.0609
G1 X3.646 Y3.646 E.50157
G1 X5.018 Y3.62 E.066
G1 X6.969 Y-3.66 E.3625
G1 X4.547 Y-3.633 E.1165
G1 X11.866 Y3.686 E.49783
G1 X10.994 Y3.668 E.04195
G1 X12.95 Y-3.633 E.36354
G1 X12.729 Y-3.632 E.01063
G1 X15.918 Y-.442 E.21695
G1 X15.817 Y-1.244 E.03888
G1 X-2.666 Y3.708 E.92032
G1 X-4.513 Y3.667 E.08886
G1 X-11.904 Y-3.724 E.50273
G1 X-10.977 Y-3.73 E.04459
G1 X-12.956 Y3.656 E.36777
G1 X-12.708 Y3.653 E.01193
G1 X-15.968 Y.393 E.22174
G1 X-15.896 Y1.265 E.04208
G1 X2.551 Y-3.678 E.91854
G1 X4.354 Y-3.639 E.08674
G1 E-2 F2400
G1 X-1.329 Y-3.77 F7800
G1 E2 F2400
G1 F4800
G1 X.983 Y-3.669 E.11131
G1 X-1.004 Y3.748 E.36931
G1 X1.307 Y3.636 E.11128
M106 S237.15
;LAYER_CHANGE
;Z:13.85
;HEIGHT:0.3
G1 E-2 F2400
G1 Z13.85 F7800
G1 Z13.85
G1 X-16.806 Y4.013
G1 E2 F2400
;TYPE:Perimeter
;WIDTH:0.45
G1 F3600
G1 X-17.007 Y3.344 E.0336
G1 X-17.384 Y2.412 E.04835
G1 X-17.583 Y-.056 E.11909
G1 X-17.494 Y-2.592 E.12205
G1 X-17.044 Y-4.114 E.07634
G1 X-16.997 Y-4.119 E.00227
G1 X-15.075 Y-4.008 E.0926
G1 X-10.903 Y-4.03 E.20066
G1 X-7.925 Y-3.968 E.14326
G1 X-4.728 Y-4.026 E.15379
G1 X-1.4 Y-4.125 E.16014
G1 X1.867 Y-3.986 E.15727
G1 X2.345 Y-4.014 E.02303
G1 X4.994 Y-3.937 E.12746
G1 X5.99 Y-3.964 E.04792
G1 X7.957 Y-3.971 E.09461
G1 X9.46 Y-3.944 E.0723
G1 X11.024 Y-3.959 E.07523
G1 X13.567 Y-3.914 E.12233
G1 X14.55 Y-3.937 E.04729
G1 X15.853 Y-4.004 E.06275
G1 X16.255 Y-2.763 E.06274
G1 X16.419 Y-2.347 E.02151
G1 X16.71 Y.054 E.11632
G1 X16.671 Y.472 E.02019
G1 X16.474 Y2.573 E.10149
G1 X16.146 Y4.187 E.07921
G1 X13.694 Y4.048 E.11812
G1 X11.162 Y3.97 E.12184
G1 X6.166 Y3.966 E.24029
G1 X5.067 Y3.935 E.05288
G1 X2.5 Y3.986 E.12349
G1 X1.893 Y3.954 E.02924
G1 X-1.277 Y4.107 E.15264
G1 X-4.441 Y3.986 E.15229
G1 X-7.293 Y3.917 E.13721
G1 X-10.841 Y3.971 E.17067
G1 X-12.199 Y3.932 E.06534
G1 X-14.009 Y3.964 E.08707
G1 X-14.588 Y3.945 E.02786
G1 X-16.748 Y4.013 E.10394
G1 X-17.089 Y4.418 F7800
G1 F3600
G1 X-17.364 Y3.488 E.04664
G1 X-17.763 Y2.502 E.05116
G1 X-17.969 Y-.047 E.123
G1 X-17.878 Y-2.655 E.12551
G1 X-17.321 Y-4.537 E.0944
G1 X-15.077 Y-4.393 E.10815
G1 X-10.9 Y-4.415 E.2009
G1 X-7.917 Y-4.354 E.1435
G1 X-4.74 Y-4.411 E.15283
G1 X-1.397 Y-4.511 E.16086
G1 X1.883 Y-4.371 E.1579
G1 X2.336 Y-4.4 E.02183
G1 X5.006 Y-4.323 E.12847
G1 X5.984 Y-4.35 E.04706
G1 X7.96 Y-4.357 E.09504
G1 X9.45 Y-4.33 E.07168
G1 X11.021 Y-4.344 E.07556
G1 X13.558 Y-4.3 E.12204
G1 X14.53 Y-4.322 E.04676
G1 X16.183 Y-4.408 E.07961
G1 X16.213 Y-4.142 E.01287
G1 X16.622 Y-2.882 E.06371
G1 X16.795 Y-2.452 E.02229
G1 X17.098 Y.049 E.12117
G1 X17.055 Y.508 E.02217
G1 X16.856 Y2.63 E.10251
G1 X16.469 Y4.591 E.09614
G1 X13.682 Y4.433 E.13426
G1 X11.162 Y4.356 E.12126
G1 X6.165 Y4.352 E.24034
G1 X5.075 Y4.321 E.05245
G1 X2.492 Y4.372 E.12426
G1 X1.91 Y4.339 E.02804
G1 X-1.275 Y4.493 E.15337
G1 X-4.456 Y4.371 E.15311
G1 X-7.303 Y4.303 E.13697
G1 X-10.843 Y4.357 E.17028
G1 X-12.21 Y4.317 E.06578
G1 X-14.002 Y4.349 E.0862
G1 X-14.576 Y4.33 E.02762
G1 X-17.029 Y4.416 E.11805
G1 X-17.372 Y4.824 F7800
;TYPE:External perimeter
G1 F1800
G1 X-17.722 Y3.633 E.05971
G1 X-18.143 Y2.592 E.05401
G1 X-18.355 Y-.038 E.1269
G1 X-18.261 Y-2.717 E.12893
G1 X-17.601 Y-4.952 E.11208
G1 X-16.951 Y-4.889 E.03141
G1 X-15.079 Y-4.779 E.09019
G1 X-10.897 Y-4.801 E.20114
G1 X-7.909 Y-4.739 E.14374
G1 X-4.753 Y-4.797 E.15182
G1 X-1.395 Y-4.897 E.16158
G1 X1.899 Y-4.756 E.15858
G1 X2.326 Y-4.786 E.02059
G1 X5.017 Y-4.708 E.12948
G1 X5.978 Y-4.736 E.04624
G1 X7.963 Y-4.743 E.09547
G1 X9.45 Y-4.715 E.07153
G1 X11.017 Y-4.73 E.07537
G1 X13.55 Y-4.685 E.12185
G1 X14.51 Y-4.707 E.04618
G1 X16.558 Y-4.813 E.09863
G1 X16.58 Y-4.261 E.02657
G1 X16.988 Y-3.001 E.0637
G1 X17.154 Y-2.598 E.02096
;TYPE:Overhang perimeter
;WIDTH:0.4
;HEIGHT:0.4
M106 S255
G1 F3600
G1 X17.485 Y.043 E.13906
G1 X17.438 Y.544 E.02629
G1 X17.238 Y2.686 E.1124
G1 X17.195 Y2.897 E.01125
M106 S237.15
;TYPE:External perimeter
;WIDTH:0.45
;HEIGHT:0.3
G1 F1800
G1 X16.852 Y4.585 E.08285
G1 X16.879 Y5.001 E.02005
G1 X13.67 Y4.819 E.15459
G1 X11.161 Y4.741 E.12073
G1 X6.165 Y4.738 E.24029
G1 X5.082 Y4.706 E.05211
G1 X2.484 Y4.757 E.12498
G1 X1.927 Y4.725 E.02683
G1 X-1.273 Y4.879 E.15409
G1 X-4.47 Y4.757 E.15388
G1 X-7.319 Y4.688 E.13707
G1 X-10.846 Y4.742 E.16966
G1 X-12.228 Y4.702 E.0665
G1 X-13.995 Y4.735 E.085
G1 X-14.563 Y4.715 E.02734
G1 X-16.869 Y4.789 E.11097
G1 X-17.312 Y4.82 E.02136
G1 X-17.478 Y4.456 F7800
G1 E-2 F2400
G1 X-9.276 Y3.658 F7800
G1 E2 F2400
;TYPE:Internal infill
;WIDTH:0.45
G1 F4800
G1 X-6.963 Y3.636 E.11125
G1 X-4.988 Y-3.732 E.36689
G1 X-3.762 Y-3.762 E.05898
G1 X3.674 Y3.674 E.50579
G1 X5.011 Y3.648 E.06432
G1 X6.974 Y-3.679 E.36483
G1 X4.518 Y-3.662 E.11813
G1 X11.883 Y3.703 E.50096
G1 X10.99 Y3.681 E.04296
G1 X12.95 Y-3.631 E.3641
G1 X12.727 Y-3.633 E.01073
G1 X15.525 Y-.836 E.19028
G1 X15.538 Y-1.169 E.01603
G1 X-2.849 Y3.757 E.91554
G1 X-4.485 Y3.696 E.07874
G1 X-11.915 Y-3.735 E.50541
G1 X-10.975 Y-3.74 E.04521
G1 X-12.956 Y3.655 E.36822
G1 X-12.71 Y3.651 E.01183
G1 X-16.406 Y-.046 E.25143
G1 X-16.29 Y1.371 E.06838
G1 X2.69 Y-3.715 E.94508
G1 X4.325 Y-3.668 E.07867
G1 E-2 F2400
G1 X-1.311 Y-3.828 F7800
G1 E2 F2400
G1 F4800
G1 X1 Y-3.733 E.11125
G1 X-1.02 Y3.805 E.37534
G1 X1.291 Y3.694 E.11128
G1 E-2 F2400
G1 X15.886 Y-3.006 F7800
G1 E2 F2400
;TYPE:Solid infill
;WIDTH:0.34388
G1 F1200
G1 X15.932 Y-2.994 E.00166
G1 X16.192 Y-2.264 E.02701
;WIDTH:0.389619
G1 X16.237 Y-1.694 E.02319
;WIDTH:0.435358
G1 X16.283 Y-1.124 E.02646
;WIDTH:0.481097
G1 X16.329 Y-.554 E.02972
;WIDTH:0.526837
G1 X16.375 Y.016 E.03298
;WIDTH:0.527363
G1 X16.35 Y.584 E.03283
;WIDTH:0.488416
G1 X16.323 Y1.085 E.02654
;WIDTH:0.44947
G1 X16.296 Y1.585 E.02405
;WIDTH:0.410524
G1 X16.268 Y2.086 E.02166
;WIDTH:0.42062
G1 X16.236 Y2.163 E.0037
;WIDTH:0.469662
G1 X16.204 Y2.24 E.00422
;WIDTH:0.518704
G1 X16.173 Y2.317 E.0047
;WIDTH:0.567746
G1 X16.141 Y2.395 E.00529
;WIDTH:0.616789
G1 X16.109 Y2.472 E.00575
G1 X16.079 Y2.394 E.00576
;WIDTH:0.567746
G1 X16.05 Y2.316 E.00522
;WIDTH:0.518704
G1 X16.021 Y2.237 E.00477
;WIDTH:0.469662
G1 X15.991 Y2.159 E.00422
;WIDTH:0.42062
G1 X15.962 Y2.081 E.0037
;WIDTH:0.410524
G1 X15.95 Y1.58 E.02164
;WIDTH:0.44947
G1 X15.939 Y1.078 E.02412
;WIDTH:0.488416
G1 X15.928 Y.577 E.0265
;WIDTH:0.527363
G1 X15.915 Y.034 E.03136
;WIDTH:0.526837
G1 X15.914 Y-.537 E.03294
;WIDTH:0.481097
G1 X15.914 Y-1.109 E.02973
;WIDTH:0.435358
G1 X15.914 Y-1.681 E.02647
;WIDTH:0.389619
G1 X15.913 Y-2.253 E.0232
;WIDTH:0.34388
G1 X15.897 Y-2.813 E.01953
G1 E-2 F2400
G1 X16.109 Y2.472 F7800
G1 E2 F2400
;WIDTH:0.616789
G1 F1200
G1 X16.084 Y2.706 E.01621
;WIDTH:0.577209
G1 X16.059 Y2.94 E.01505
G1 E-2 F2400
G1 X-16.811 Y-3.794 F7800
G1 E2 F2400
;WIDTH:0.499934
G1 F1200
G1 X-16.365 Y-3.768 E.02427
G1 X-16.443 Y-3.505 E.0149
;WIDTH:0.510557
G1 X-16.731 Y-2.496 E.05839
G1 X-16.822 Y-.062 E.13555
;WIDTH:0.507391
G1 X-16.82 Y-.036 E.00144
;WIDTH:0.50853
G1 X-16.63 Y2.268 E.12807
G1 X-16.596 Y2.425 E.0089
;WIDTH:0.483689
G1 X-16.341 Y3.13 E.03921
;WIDTH:0.466814
G1 X-16.174 Y3.698 E.02972
;WIDTH:0.46513
G1 X-16.586 Y3.711 E.0206
G1 X-16.63 Y3.564 E.00767
;WIDTH:0.480761
G1 X-16.823 Y2.985 E.0317
;WIDTH:0.50853
G1 X-17.07 Y2.338 E.03836
G1 X-17.26 Y.001 E.12989
;WIDTH:0.507391
G1 X-17.265 Y-.063 E.00355
;WIDTH:0.510557
G1 X-17.177 Y-2.512 E.13637
G1 X-17.135 Y-2.695 E.01045
;WIDTH:0.500831
G1 X-16.866 Y-3.609 E.05187
;LAYER_CHANGE
;Z:14.15
;HEIGHT:0.299999
G1 E-2 F2400
G1 Z14.15 F7800
G1 Z14.15
G1 X-17.179 Y4.017
G1 E2 F2400
;TYPE:Perimeter
;WIDTH:0.45
G1 F3600
G1 X-17.291 Y3.652 E.01836
G1 X-17.786 Y2.429 E.06346
G1 X-17.986 Y-.056 E.11991
G1 X-17.899 Y-2.614 E.1231
G1 X-17.447 Y-4.144 E.07673
G1 X-15.598 Y-4.022 E.08912
G1 X-13.964 Y-4.013 E.07859
G1 X-10.794 Y-4.039 E.15247
G1 X-7.907 Y-3.979 E.13888
G1 X-4.72 Y-4.043 E.15331
G1 X-1.333 Y-4.146 E.16298
G1 X5.042 Y-3.965 E.30674
G1 X7.92 Y-3.989 E.13843
G1 X9.644 Y-3.957 E.08293
G1 X10.934 Y-3.969 E.06205
G1 X11.989 Y-3.933 E.05077
G1 X14.314 Y-3.908 E.11183
G1 X16.253 Y-4.013 E.0934
G1 X16.596 Y-2.955 E.05349
G1 X16.858 Y-2.358 E.03136
G1 X17.148 Y.059 E.11708
G1 X17.109 Y.476 E.02014
G1 X16.913 Y2.586 E.10192
G1 X16.576 Y4.206 E.07958
G1 X14.586 Y4.092 E.09587
G1 X11.07 Y3.983 E.16919
G1 X5.79 Y3.982 E.25395
G1 X5.078 Y3.963 E.03426
G1 X2.324 Y4.017 E.13248
G1 X1.91 Y4.011 E.01991
G1 X.416 Y4.082 E.07194
G1 X-1.274 Y4.135 E.08132
G1 X-4.608 Y4.011 E.16046
G1 X-7.604 Y3.939 E.14414
G1 X-10.722 Y3.976 E.14998
G1 X-12.346 Y3.929 E.07814
G1 X-13.815 Y3.955 E.07066
G1 X-14.664 Y3.923 E.04086
G1 X-17.119 Y4.015 E.11816
G1 X-17.462 Y4.424 F7800
G1 F3600
G1 X-17.648 Y3.797 E.03146
G1 X-18.165 Y2.518 E.06635
G1 X-18.372 Y-.047 E.12377
G1 X-18.283 Y-2.676 E.12652
G1 X-17.727 Y-4.558 E.09439
G1 X-17.043 Y-4.492 E.03305
G1 X-15.596 Y-4.408 E.06971
G1 X-13.968 Y-4.398 E.0783
G1 X-10.792 Y-4.425 E.15276
G1 X-7.88 Y-4.364 E.14009
G1 X-4.737 Y-4.429 E.1512
G1 X-1.334 Y-4.532 E.16375
G1 X5.038 Y-4.35 E.3066
G1 X7.922 Y-4.375 E.13872
G1 X9.662 Y-4.343 E.0837
G1 X10.93 Y-4.355 E.06099
G1 X11.993 Y-4.319 E.05116
G1 X14.319 Y-4.294 E.11188
G1 X16.528 Y-4.414 E.1064
G1 X16.963 Y-3.074 E.06776
G1 X17.234 Y-2.463 E.03215
G1 X17.536 Y.054 E.12193
G1 X17.493 Y.512 E.02213
G1 X17.295 Y2.644 E.10298
G1 X16.886 Y4.611 E.09663
G1 X14.574 Y4.477 E.11139
G1 X11.07 Y4.369 E.16861
G1 X5.789 Y4.367 E.254
G1 X5.085 Y4.348 E.03387
G1 X2.331 Y4.403 E.13248
G1 X1.928 Y4.396 E.01939
G1 X.431 Y4.468 E.07208
G1 X-1.275 Y4.521 E.08209
G1 X-4.622 Y4.396 E.16109
G1 X-7.613 Y4.325 E.1439
G1 X-10.726 Y4.362 E.14974
G1 X-12.357 Y4.315 E.07848
G1 X-13.808 Y4.34 E.0698
G1 X-14.651 Y4.308 E.04057
G1 X-16.96 Y4.389 E.11112
G1 X-17.402 Y4.42 E.02131
G1 X-17.744 Y4.831 F7800
;TYPE:External perimeter
G1 F1800
G1 X-18.006 Y3.941 E.04462
G1 X-18.545 Y2.608 E.06916
G1 X-18.758 Y-.038 E.12768
G1 X-18.667 Y-2.738 E.12993
G1 X-18.006 Y-4.972 E.11205
G1 X-17.02 Y-4.877 E.04764
G1 X-15.594 Y-4.793 E.0687
G1 X-13.974 Y-4.784 E.07792
G1 X-10.789 Y-4.81 E.15319
G1 X-7.885 Y-4.75 E.1397
G1 X-4.745 Y-4.814 E.15105
G1 X-1.334 Y-4.918 E.16413
G1 X5.032 Y-4.736 E.30631
G1 X7.924 Y-4.76 E.1391
G1 X9.662 Y-4.728 E.08361
G1 X10.927 Y-4.74 E.06084
G1 X11.997 Y-4.704 E.05149
G1 X14.323 Y-4.679 E.11188
G1 X16.804 Y-4.815 E.11951
G1 X17.33 Y-3.193 E.08201
G1 X17.593 Y-2.603 E.03107
;TYPE:Overhang perimeter
;WIDTH:0.4
;HEIGHT:0.4
M106 S255
G1 F3600
G1 X17.924 Y.049 E.13963
G1 X17.877 Y.548 E.02619
G1 X17.677 Y2.701 E.11297
G1 X17.304 Y4.495 E.09573
M106 S237.15
;TYPE:External perimeter
;WIDTH:0.45
;HEIGHT:0.3
G1 F1800
G1 X17.196 Y5.015 E.02554
G1 X14.562 Y4.862 E.1269
G1 X11.07 Y4.755 E.16803
G1 X5.789 Y4.753 E.254
G1 X5.096 Y4.734 E.03334
G1 X2.339 Y4.788 E.13263
G1 X1.947 Y4.781 E.01886
G1 X.446 Y4.853 E.07228
G1 X-1.276 Y4.907 E.08286
G1 X-4.637 Y4.782 E.16176
G1 X-7.622 Y4.71 E.14361
G1 X-10.729 Y4.748 E.14945
G1 X-12.376 Y4.7 E.07925
G1 X-13.974 Y4.729 E.07687
G1 X-14.637 Y4.694 E.03193
G1 X-16.954 Y4.775 E.11151
G1 X-17.684 Y4.827 E.0352
G1 X-17.85 Y4.462 F7800
G1 X-16.122 Y3.685
;TYPE:Internal infill
;WIDTH:0.45
G1 F4800
G1 X-16.617 Y2.31 E.07029
G1 X-16.685 Y1.477 E.0402
G1 X2.782 Y-3.74 E.96934
G1 X4.489 Y-3.691 E.08213
G1 X11.9 Y3.72 E.50409
G1 X10.987 Y3.694 E.04393
G1 X12.95 Y-3.634 E.36488
G1 X12.725 Y-3.636 E.01082
G1 X15.825 Y-.536 E.21086
G1 X15.738 Y-1.223 E.03331
G1 X-2.946 Y3.784 E.93034
G1 X-4.453 Y3.727 E.07253
G1 X-11.921 Y-3.741 E.50796
G1 X-10.972 Y-3.748 E.04564
G1 X-12.955 Y3.651 E.36843
G1 X-12.714 Y3.646 E.01159
G1 X-16.796 Y-.436 E.27765
G1 X-16.72 Y-2.511 E.09987
G1 X-16.653 Y-2.738 E.01138
G1 E-2 F2400
G1 X-17.667 Y-.076 F7800
G1 E2 F2400
;TYPE:Solid infill
;WIDTH:0.510548
G1 F1200
G1 X-17.582 Y-2.534 E.13687
G1 X-17.541 Y-2.717 E.01044
;WIDTH:0.50084
G1 X-17.218 Y-3.809 E.06199
;WIDTH:0.499934
G1 X-16.773 Y-3.781 E.02422
G1 X-16.85 Y-3.52 E.01478
;WIDTH:0.510548
G1 X-17.136 Y-2.518 E.05799
G1 X-17.224 Y-.062 E.13676
;WIDTH:0.507397
G1 X-17.223 Y-.037 E.00138
;WIDTH:0.508599
G1 X-17.032 Y2.284 E.12903
G1 X-16.997 Y2.443 E.00902
;WIDTH:0.4837
G1 X-16.714 Y3.158 E.04022
;WIDTH:0.480691
G1 X-16.55 Y3.692 E.02901
;WIDTH:0.46671
G1 X-16.962 Y3.707 E.02069
;WIDTH:0.480691
G1 X-17.107 Y3.295 E.02268
;WIDTH:0.508599
G1 X-17.472 Y2.354 E.05592
G1 X-17.653 Y.116 E.1244
G1 E-2 F2400
G1 X-9.284 Y3.67 F7800
G1 E2 F2400
;TYPE:Internal infill
;WIDTH:0.45
G1 F4800
G1 X-6.97 Y3.665 E.1113
G1 X-4.984 Y-3.749 E.36916
G1 X-3.781 Y-3.781 E.05788
G1 X3.701 Y3.701 E.50892
G1 X5.004 Y3.675 E.06268
G1 X6.978 Y-3.692 E.36683
G1 X9.291 Y-3.675 E.11125
G1 E-2 F2400
G1 X16.328 Y.014 F7800
G1 E2 F2400
;TYPE:Solid infill
;WIDTH:0.546318
G1 F1200
G1 X15.992 Y-2.674 E.16283
G1 X15.967 Y-3.659 E.05923
G1 X16.018 Y-3.643 E.00321
G1 X16.316 Y-2.754 E.05636
G1 X16.533 Y-2.232 E.03398
G1 X16.799 Y-.046 E.13237
;WIDTH:0.5426
G1 X16.806 Y.109 E.00925
;WIDTH:0.543037
G1 X16.582 Y2.523 E.14474
G1 X16.499 Y2.988 E.0282
;WIDTH:0.518125
G1 X16.316 Y3.868 E.05087
G1 X16.124 Y3.857 E.01088
G1 X16.051 Y2.96 E.05093
;WIDTH:0.543037
G1 X16.317 Y.206 E.16518
G1 E-2 F2400
G1 X1.284 Y3.751 F7800
G1 E2 F2400
;TYPE:Internal infill
;WIDTH:0.45
G1 F4800
G1 X-1.028 Y3.838 E.11128
G1 X1.015 Y-3.79 E.37981
G1 X-1.297 Y-3.851 E.11124
;LAYER_CHANGE
;Z:14.45
;HEIGHT:0.3
G1 E-2 F2400
G1 Z14.45 F7800
G1 Z14.45
G1 X-17.552 Y4.024
G1 E2 F2400
;TYPE:Perimeter
;WIDTH:0.45
G1 F3600
G1 X-18.188 Y2.445 E.08187
G1 X-18.388 Y-.057 E.12072
G1 X-18.304 Y-2.635 E.12406
G1 X-17.853 Y-4.164 E.07667
G1 X-17.135 Y-4.096 E.03469
G1 X-16.111 Y-4.037 E.04933
G1 X-13.808 Y-4.023 E.11077
G1 X-10.687 Y-4.049 E.15011
G1 X-7.813 Y-3.989 E.13826
G1 X-4.689 Y-4.05 E.15028
G1 X-1.34 Y-4.16 E.16116
G1 X5.02 Y-3.993 E.306
G1 X7.88 Y-4.007 E.13756
G1 X9.855 Y-3.971 E.09501
G1 X11.286 Y-3.967 E.06883
G1 X12.152 Y-3.934 E.04168
G1 X14.494 Y-3.892 E.11266
G1 X16.654 Y-4.018 E.10407
G1 X16.933 Y-3.178 E.04257
G1 X17.297 Y-2.37 E.04262
G1 X17.586 Y.064 E.11789
G1 X17.548 Y.48 E.02009
G1 X17.352 Y2.604 E.10259
G1 X17.028 Y4.196 E.07814
G1 X14.62 Y4.072 E.11597
G1 X13.75 Y4.082 E.04185
G1 X10.979 Y3.997 E.13334
G1 X5.091 Y3.99 E.28319
G1 X1.943 Y4.044 E.15143
G1 X-1.282 Y4.144 E.15519
G1 X-4.999 Y4.008 E.17889
G1 X-7.741 Y3.955 E.13191
G1 X-10.604 Y3.981 E.13771
G1 X-12.493 Y3.927 E.09089
G1 X-13.641 Y3.946 E.05522
G1 X-14.74 Y3.901 E.0529
G1 X-17.492 Y4.021 E.13249
G1 X-17.834 Y4.431 F7800
G1 F3600
G1 X-17.932 Y4.105 E.01637
G1 X-18.567 Y2.535 E.08145
G1 X-18.774 Y-.048 E.12463
G1 X-18.688 Y-2.697 E.12747
G1 X-18.132 Y-4.579 E.09439
G1 X-17.112 Y-4.481 E.04928
G1 X-16.109 Y-4.422 E.04832
G1 X-13.811 Y-4.409 E.11053
G1 X-10.685 Y-4.434 E.15035
G1 X-7.844 Y-4.374 E.13667
G1 X-4.701 Y-4.436 E.1512
G1 X-1.342 Y-4.546 E.16164
G1 X5.03 Y-4.379 E.30658
G1 X7.882 Y-4.393 E.13717
G1 X9.862 Y-4.356 E.09525
G1 X11.301 Y-4.352 E.06921
G1 X12.156 Y-4.319 E.04115
G1 X14.472 Y-4.277 E.11141
G1 X16.93 Y-4.421 E.11842
G1 X17.262 Y-3.395 E.05187
G1 X17.672 Y-2.474 E.04849
G1 X17.974 Y.059 E.12269
G1 X17.932 Y.516 E.02207
G1 X17.734 Y2.661 E.10361
G1 X17.327 Y4.603 E.09543
G1 X14.625 Y4.458 E.13014
G1 X13.746 Y4.468 E.04228
G1 X10.979 Y4.382 E.13315
G1 X5.103 Y4.376 E.28262
G1 X1.949 Y4.429 E.15172
G1 X-1.283 Y4.53 E.15552
G1 X-5.007 Y4.394 E.17923
G1 X-7.748 Y4.34 E.13186
G1 X-10.608 Y4.367 E.13756
G1 X-12.504 Y4.312 E.09123
G1 X-13.634 Y4.332 E.05436
G1 X-14.725 Y4.286 E.05252
G1 X-17.058 Y4.376 E.11229
G1 X-17.774 Y4.426 E.03452
G1 X-18.117 Y4.837 F7800
;TYPE:External perimeter
G1 F1800
G1 X-18.289 Y4.25 E.02942
G1 X-18.947 Y2.625 E.08432
G1 X-19.16 Y-.039 E.12854
G1 X-19.072 Y-2.759 E.13089
G1 X-18.412 Y-4.993 E.11204
G1 X-17.096 Y-4.866 E.06359
G1 X-16.107 Y-4.808 E.04765
G1 X-13.817 Y-4.795 E.11014
G1 X-10.682 Y-4.82 E.15079
G1 X-7.831 Y-4.76 E.13715
G1 X-4.716 Y-4.821 E.14985
G1 X-1.343 Y-4.932 E.16232
G1 X5.04 Y-4.764 E.30711
G1 X7.885 Y-4.778 E.13684
G1 X9.87 Y-4.742 E.09549
G1 X11.316 Y-4.738 E.06955
G1 X12.16 Y-4.705 E.04062
G1 X14.449 Y-4.662 E.11011
G1 X17.205 Y-4.823 E.13278
G1 X17.629 Y-3.514 E.06618
G1 X18.032 Y-2.614 E.04743
;TYPE:Overhang perimeter
;WIDTH:0.4
;HEIGHT:0.4
M106 S255
G1 F3600
G1 X18.362 Y.054 E.14045
G1 X18.316 Y.551 E.02608
G1 X18.116 Y2.717 E.11364
G1 X17.728 Y4.583 E.09957
M106 S237.15
;TYPE:External perimeter
;WIDTH:0.45
;HEIGHT:0.3
G1 F1800
G1 X17.624 Y5.023 E.02175
G1 X17.184 Y4.976 E.02128
G1 X14.629 Y4.844 E.12305
G1 X13.742 Y4.853 E.04266
G1 X10.978 Y4.768 E.133
G1 X5.106 Y4.761 E.28242
G1 X1.956 Y4.815 E.15153
G1 X-1.284 Y4.916 E.15591
G1 X-5.014 Y4.78 E.17952
G1 X-7.759 Y4.726 E.13205
G1 X-10.612 Y4.753 E.13723
G1 X-12.516 Y4.698 E.09161
G1 X-13.627 Y4.718 E.05344
G1 X-14.711 Y4.672 E.05218
G1 X-17.031 Y4.76 E.11166
G1 X-18.057 Y4.833 E.04947
G1 X-18.222 Y4.469 F7800
G1 X-16.401 Y3.682
;TYPE:Internal infill
;WIDTH:0.45
G1 F4800
G1 X-16.517 Y3.687 E.00558
G1 X-17.019 Y2.326 E.06977
G1 X-17.079 Y1.582 E.0359
G1 X2.86 Y-3.76 E.99282
G1 X4.462 Y-3.718 E.07708
G1 X11.916 Y3.736 E.50701
G1 X10.983 Y3.708 E.04489
G1 X12.951 Y-3.636 E.36568
G1 X12.722 Y-3.639 E.01102
G1 X16.326 Y-.034 E.24517
G1 X16.169 Y-1.338 E.06317
G1 X-2.98 Y3.793 E.95349
G1 X-4.441 Y3.739 E.07032
G1 X-11.93 Y-3.749 E.50936
G1 X-10.97 Y-3.757 E.04617
G1 X-12.953 Y3.645 E.36857
G1 X-12.72 Y3.64 E.01121
G1 X-17.186 Y-.825 E.30374
G1 X-17.126 Y-2.532 E.08215
G1 X-16.954 Y-3.113 E.02914
G1 X-17.624 Y-3.828 F7800
;TYPE:Solid infill
;WIDTH:0.499931
G1 F1200
G1 X-17.182 Y-3.789 E.0241
G1 X-17.257 Y-3.534 E.01444
;WIDTH:0.510545
G1 X-17.541 Y-2.54 E.05753
G1 X-17.626 Y-.063 E.13792
;WIDTH:0.507406
G1 X-17.625 Y-.038 E.00138
;WIDTH:0.508697
G1 X-17.434 Y2.301 E.13005
G1 X-17.399 Y2.461 E.00908
;WIDTH:0.48373
G1 X-16.934 Y3.689 E.06868
;WIDTH:0.480072
G1 X-17.349 Y3.707 E.02154
;WIDTH:0.483522
G1 X-17.431 Y3.499 E.01169
;WIDTH:0.508697
G1 X-17.874 Y2.371 E.06716
G1 X-18.065 Y-.001 E.13188
;WIDTH:0.507404
G1 X-18.07 Y-.065 E.00355
;WIDTH:0.510545
G1 X-17.987 Y-2.555 E.13864
G1 X-17.946 Y-2.738 E.01044
;WIDTH:0.500853
G1 X-17.679 Y-3.643 E.05137
G1 E-2 F2400
G1 X-9.288 Y3.68 F7800
G1 E2 F2400
;TYPE:Internal infill
;WIDTH:0.45
G1 F4800
G1 X-6.975 Y3.681 E.11125
G1 X-4.982 Y-3.755 E.37027
G1 X-3.789 Y-3.789 E.0574
G1 X3.724 Y3.724 E.51103
G1 X4.996 Y3.703 E.06119
G1 X6.983 Y-3.714 E.36931
G1 X9.297 Y-3.692 E.1113
G1 E-2 F2400
G1 X16.435 Y-3.696 F7800
G1 E2 F2400
;TYPE:Solid infill
;WIDTH:0.489614
G1 F1200
G1 X16.487 Y-3.542 E.00862
;WIDTH:0.506062
G1 X16.742 Y-2.829 E.04171
;WIDTH:0.543044
G1 X16.969 Y-2.279 E.03552
G1 X17.238 Y-.038 E.13475
;WIDTH:0.542571
G1 X17.245 Y.114 E.00908
;WIDTH:0.543577
G1 X16.995 Y2.684 E.15433
;WIDTH:0.53859
G1 X16.759 Y3.848 E.07025
;WIDTH:0.538435
G1 X16.28 Y3.823 E.02836
G1 X16.335 Y3.553 E.01629
;WIDTH:0.543577
G1 X16.543 Y2.498 E.06427
G1 X16.768 Y.07 E.14574
;WIDTH:0.542571
G1 X16.766 Y.02 E.00298
;WIDTH:0.543044
G1 X16.498 Y-2.185 E.13261
G1 X16.447 Y-2.396 E.01296
;WIDTH:0.509442
G1 X16.238 Y-2.932 E.03194
;WIDTH:0.491907
G1 X15.998 Y-3.67 E.04138
;WIDTH:0.489614
G1 X16.242 Y-3.685 E.01297
G1 E-2 F2400
G1 X1.282 Y3.775 F7800
G1 E2 F2400
;TYPE:Internal infill
;WIDTH:0.45
G1 F4800
G1 X-1.031 Y3.847 E.1113
G1 X1.021 Y-3.809 E.38122
G1 X-1.292 Y-3.866 E.11128
;LAYER_CHANGE
;Z:14.75
;HEIGHT:0.3
G1 E-2 F2400
G1 Z14.75 F7800
G1 Z14.75
G1 X-17.935 Y4.031
G1 E2 F2400
;TYPE:Perimeter
;WIDTH:0.45
G1 F3600
G1 X-17.954 Y4.033 E.00092
G1 X-18.588 Y2.465 E.08135
G1 X-18.769 Y-.061 E.1218
G1 X-18.709 Y-2.66 E.12504
G1 X-18.258 Y-4.185 E.07649
G1 X-17.239 Y-4.087 E.04924
G1 X-16.624 Y-4.051 E.02963
G1 X-13.652 Y-4.034 E.14295
G1 X-10.58 Y-4.058 E.14776
G1 X-7.732 Y-3.998 E.13701
G1 X-4.638 Y-4.058 E.14884
G1 X-3.852 Y-4.102 E.03786
G1 X-1.354 Y-4.174 E.1202
G1 X1.888 Y-4.077 E.156
G1 X5.009 Y-4.01 E.15014
G1 X7.841 Y-4.025 E.13621
G1 X10.067 Y-3.984 E.10708
G1 X10.851 Y-3.991 E.03771
G1 X12.315 Y-3.934 E.07047
G1 X14.017 Y-3.916 E.08186
G1 X14.575 Y-3.874 E.02691
G1 X17.06 Y-4.012 E.1197
G1 X17.232 Y-3.499 E.02602
G1 X17.735 Y-2.381 E.05896
G1 X18.024 Y.069 E.11865
G1 X17.986 Y.483 E.02
G1 X17.791 Y2.62 E.10321
G1 X17.451 Y4.201 E.07778
G1 X14.757 Y4.055 E.12976
G1 X14.192 Y4.098 E.02725
G1 X10.886 Y4.01 E.15906
G1 X5.088 Y4.009 E.27886
G1 X1.918 Y4.054 E.15248
G1 X-1.29 Y4.153 E.15437
G1 X-5.238 Y4.011 E.19001
G1 X-8.06 Y3.96 E.13575
G1 X-10.488 Y3.987 E.11679
G1 X-12.64 Y3.924 E.10355
G1 X-13.906 Y3.925 E.06089
G1 X-14.816 Y3.879 E.04382
G1 X-17.163 Y3.976 E.11298
G1 X-17.875 Y4.027 E.03433
G1 X-18.198 Y4.425 F7800
G1 F3600
G1 X-18.216 Y4.414 E.00101
G1 X-18.969 Y2.553 E.09656
G1 X-19.155 Y-.052 E.12561
G1 X-19.093 Y-2.72 E.12836
G1 X-18.538 Y-4.599 E.09423
G1 X-17.202 Y-4.47 E.06456
G1 X-16.622 Y-4.437 E.02794
G1 X-13.655 Y-4.419 E.14271
G1 X-10.577 Y-4.444 E.14805
G1 X-7.739 Y-4.383 E.13653
G1 X-4.659 Y-4.443 E.14817
G1 X-3.868 Y-4.487 E.0381
G1 X-1.354 Y-4.56 E.12097
G1 X1.899 Y-4.463 E.15653
G1 X5.018 Y-4.395 E.15005
G1 X7.843 Y-4.411 E.13587
G1 X10.074 Y-4.37 E.10732
G1 X10.856 Y-4.377 E.03761
G1 X12.319 Y-4.32 E.07042
G1 X14.037 Y-4.302 E.08263
G1 X14.554 Y-4.259 E.02495
G1 X17.333 Y-4.42 E.13388
G1 X17.584 Y-3.657 E.03863
G1 X18.111 Y-2.485 E.06181
G1 X18.412 Y.064 E.12345
G1 X18.37 Y.518 E.02193
G1 X18.173 Y2.676 E.10422
G1 X17.959 Y3.728 E.05163
G1 X17.748 Y4.62 E.04409
G1 X17.246 Y4.568 E.02427
G1 X14.738 Y4.44 E.12078
G1 X14.205 Y4.484 E.02572
G1 X10.886 Y4.396 E.15969
G1 X5.092 Y4.394 E.27867
G1 X1.929 Y4.44 E.15215
G1 X-1.291 Y4.539 E.15494
G1 X-5.245 Y4.396 E.1903
G1 X-8.056 Y4.346 E.13522
G1 X-10.492 Y4.372 E.11717
G1 X-12.652 Y4.31 E.10393
G1 X-13.927 Y4.31 E.06132
G1 X-14.8 Y4.265 E.04204
G1 X-17.135 Y4.361 E.1124
G1 X-18.141 Y4.432 E.04851
G1 X-18.489 Y4.844 F7800
;TYPE:External perimeter
G1 F1800
G1 X-18.573 Y4.558 E.01434
G1 X-19.349 Y2.642 E.09942
G1 X-19.541 Y-.043 E.12947
G1 X-19.477 Y-2.78 E.13168
G1 X-18.817 Y-5.014 E.11204
G1 X-17.165 Y-4.854 E.07983
G1 X-16.62 Y-4.822 E.02626
G1 X-13.66 Y-4.805 E.14237
G1 X-10.575 Y-4.83 E.14838
G1 X-7.747 Y-4.769 E.13605
G1 X-4.68 Y-4.828 E.14754
G1 X-3.885 Y-4.873 E.0383
G1 X-1.353 Y-4.946 E.12183
G1 X1.911 Y-4.848 E.15706
G1 X5.026 Y-4.781 E.14986
G1 X7.846 Y-4.796 E.13563
G1 X10.081 Y-4.755 E.10751
G1 X10.862 Y-4.762 E.03756
G1 X12.32 Y-4.706 E.07018
G1 X13.859 Y-4.689 E.07403
G1 X14.533 Y-4.644 E.03249
G1 X17.606 Y-4.828 E.14807
G1 X17.935 Y-3.815 E.05123
G1 X18.471 Y-2.625 E.06277
;TYPE:Overhang perimeter
;WIDTH:0.4
;HEIGHT:0.4
M106 S255
G1 F3600
G1 X18.8 Y.059 E.14127
G1 X18.754 Y.554 E.02597
G1 X18.555 Y2.732 E.11426
G1 X18.276 Y4.063 E.07105
M106 S237.15
;TYPE:External perimeter
;WIDTH:0.45
;HEIGHT:0.3
G1 F1800
G1 X18.044 Y5.04 E.0483
G1 X17.226 Y4.953 E.03956
G1 X14.718 Y4.825 E.12078
G1 X14.218 Y4.87 E.02415
G1 X10.886 Y4.781 E.16031
G1 X5.095 Y4.78 E.27853
G1 X1.942 Y4.825 E.15166
G1 X-1.292 Y4.924 E.15562
G1 X-5.249 Y4.782 E.19044
G1 X-8.052 Y4.732 E.13484
G1 X-10.495 Y4.758 E.11751
G1 X-12.663 Y4.695 E.10432
G1 X-13.948 Y4.695 E.0618
G1 X-14.785 Y4.65 E.04031
G1 X-17.108 Y4.746 E.11182
G1 X-18.429 Y4.84 E.0637
G1 X-18.604 Y4.48 F7800
G1 E-2 F2400
G1 X-16.672 Y3.667 F7800
G1 E2 F2400
;TYPE:Internal infill
;WIDTH:0.45
G1 F4800
G1 X-16.895 Y3.676 E.01073
G1 X-17.421 Y2.342 E.06897
G1 X-17.474 Y1.688 E.03156
G1 X2.882 Y-3.766 E1.01359
G1 X4.448 Y-3.732 E.07534
G1 X11.929 Y3.748 E.50881
G1 X10.979 Y3.723 E.04571
G1 X12.952 Y-3.638 E.36654
G1 X12.72 Y-3.641 E.01116
G1 X16.746 Y.385 E.27384
G1 X16.776 Y.064 E.01551
G1 X16.594 Y-1.452 E.07344
G1 X-3.013 Y3.801 E.97629
G1 X-4.43 Y3.75 E.0682
G1 X-11.938 Y-3.758 E.51069
G1 X-10.968 Y-3.766 E.04666
G1 X-12.952 Y3.64 E.36876
G1 X-12.724 Y3.637 E.01097
G1 X-17.576 Y-1.216 E.33006
G1 X-17.567 Y-1.486 E.01299
G1 X-16.952 Y-3.781 E.11428
G1 X-14.639 Y-3.75 E.11126
G1 E-2 F2400
G1 X-18.456 Y-.069 F7800
G1 E2 F2400
;TYPE:Solid infill
;WIDTH:0.50977
G1 F1200
G1 X-18.391 Y-2.581 E.13959
G1 X-18.351 Y-2.759 E.01013
;WIDTH:0.500862
G1 X-18.03 Y-3.847 E.06176
;WIDTH:0.499931
G1 X-17.589 Y-3.805 E.02407
G1 X-17.663 Y-3.552 E.01432
;WIDTH:0.50977
G1 X-17.946 Y-2.568 E.05688
G1 X-18.024 Y-.067 E.139
;WIDTH:0.496871
G1 X-18.023 Y-.041 E.0014
;WIDTH:0.507768
G1 X-17.835 Y2.324 E.1312
G1 X-17.801 Y2.477 E.00867
;WIDTH:0.483731
G1 X-17.323 Y3.659 E.06669
;WIDTH:0.483608
G1 X-17.754 Y3.712 E.02271
;WIDTH:0.483731
G1 X-18.189 Y2.635 E.06075
;WIDTH:0.507768
G1 X-18.277 Y2.358 E.01607
G1 X-18.443 Y.123 E.12394
G1 E-2 F2400
G1 X-9.291 Y3.685 F7800
G1 E2 F2400
;TYPE:Internal infill
;WIDTH:0.45
G1 F4800
G1 X-6.977 Y3.69 E.1113
G1 X-4.98 Y-3.762 E.37106
G1 X-3.814 Y-3.814 E.05614
G1 X3.739 Y3.739 E.51375
G1 X4.991 Y3.721 E.06022
G1 X6.988 Y-3.731 E.37106
G1 X9.302 Y-3.709 E.1113
G1 E-2 F2400
G1 X17.204 Y.025 F7800
G1 E2 F2400
;TYPE:Solid infill
;WIDTH:0.543227
G1 F1200
G1 X16.937 Y-2.197 E.13366
G1 X16.884 Y-2.41 E.01311
;WIDTH:0.509441
G1 X16.629 Y-2.995 E.03542
;WIDTH:0.505869
G1 X16.403 Y-3.665 E.03894
;WIDTH:0.490571
G1 X16.841 Y-3.689 E.02332
G1 X16.893 Y-3.537 E.00854
;WIDTH:0.505869
G1 X17.04 Y-3.153 E.02264
;WIDTH:0.543227
G1 X17.408 Y-2.29 E.05603
G1 X17.676 Y-.032 E.1358
;WIDTH:0.542583
G1 X17.683 Y.118 E.00896
;WIDTH:0.543595
G1 X17.433 Y2.701 E.15511
;WIDTH:0.538112
G1 X17.191 Y3.847 E.06921
;WIDTH:0.535742
G1 X16.715 Y3.823 E.02802
G1 X16.771 Y3.553 E.01621
;WIDTH:0.543595
G1 X16.982 Y2.512 E.06349
G1 X17.194 Y.217 E.13776
G1 E-2 F2400
G1 X1.28 Y3.784 F7800
G1 E2 F2400
;TYPE:Internal infill
;WIDTH:0.45
G1 F4800
G1 X-1.033 Y3.855 E.1113
G1 X1.022 Y-3.814 E.38187
G1 X-1.291 Y-3.88 E.11129
M106 S234.6
;LAYER_CHANGE
;Z:15.05
;HEIGHT:0.3
G1 E-2 F2400
G1 Z15.05 F7800
G1 Z15.05
G1 X-18.321 Y4.039
G1 E2 F2400
;TYPE:Perimeter
;WIDTH:0.45
G1 F3600
G1 X-18.363 Y4.042 E.00203
G1 X-18.922 Y2.49 E.07934
G1 X-19.05 Y.355 E.10287
G1 X-19.104 Y-.099 E.02199
G1 X-19.044 Y-2.688 E.12456
G1 X-18.655 Y-4.205 E.07532
G1 X-17.222 Y-4.07 E.06923
G1 X-13.51 Y-4.044 E.17854
G1 X-10.476 Y-4.065 E.14593
G1 X-7.651 Y-4.007 E.1359
G1 X-4.609 Y-4.065 E.14634
G1 X-3.523 Y-4.126 E.05232
G1 X-1.364 Y-4.188 E.10388
G1 X1.877 Y-4.087 E.15596
G1 X4.97 Y-4.016 E.1488
G1 X7.834 Y-4.041 E.13775
G1 X10.749 Y-4.002 E.14021
G1 X12.45 Y-3.936 E.08187
G1 X13.703 Y-3.922 E.06027
G1 X14.66 Y-3.857 E.04613
G1 X17.46 Y-4.021 E.1349
G1 X17.531 Y-3.82 E.01025
G1 X18.174 Y-2.392 E.07532
G1 X18.462 Y.074 E.11941
G1 X18.426 Y.479 E.01956
G1 X18.239 Y2.54 E.09953
G1 X18.131 Y3.125 E.02861
G1 X17.871 Y4.218 E.05404
G1 X17.306 Y4.159 E.02732
G1 X14.834 Y4.036 E.11904
G1 X14.027 Y4.102 E.03894
G1 X10.796 Y4.023 E.15545
G1 X5.035 Y4.014 E.27708
G1 X1.903 Y4.064 E.15066
G1 X-1.297 Y4.161 E.15398
G1 X-5.477 Y4.013 E.20117
G1 X-8.235 Y3.967 E.13267
G1 X-10.395 Y3.991 E.10389
G1 X-12.788 Y3.922 E.11514
G1 X-13.437 Y3.932 E.03122
G1 X-14.892 Y3.858 E.07007
G1 X-17.24 Y3.962 E.11304
G1 X-18.262 Y4.035 E.04928
G1 X-18.594 Y4.445 F7800
G1 F3600
G1 X-18.62 Y4.447 E.00125
G1 X-19.304 Y2.568 E.09617
G1 X-19.435 Y.378 E.10552
G1 X-19.49 Y-.079 E.02214
G1 X-19.428 Y-2.741 E.12807
G1 X-18.943 Y-4.62 E.09334
G1 X-17.219 Y-4.456 E.08329
G1 X-13.507 Y-4.43 E.17854
G1 X-10.473 Y-4.451 E.14593
G1 X-7.658 Y-4.392 E.13542
G1 X-4.63 Y-4.45 E.14566
G1 X-3.539 Y-4.511 E.05256
G1 X-1.363 Y-4.574 E.1047
G1 X1.883 Y-4.473 E.1562
G1 X4.979 Y-4.402 E.14895
G1 X7.835 Y-4.427 E.13737
G1 X10.76 Y-4.388 E.14069
G1 X12.465 Y-4.321 E.08207
G1 X13.707 Y-4.308 E.05974
G1 X14.639 Y-4.242 E.04494
G1 X17.733 Y-4.428 E.14908
G1 X17.883 Y-3.978 E.02281
G1 X18.55 Y-2.496 E.07817
G1 X18.85 Y.069 E.12421
G1 X18.81 Y.514 E.02149
G1 X18.612 Y2.691 E.10514
G1 X18.507 Y3.208 E.02537
G1 X18.168 Y4.638 E.07068
G1 X17.287 Y4.544 E.04261
G1 X14.815 Y4.422 E.11904
G1 X14.04 Y4.488 E.03741
G1 X10.795 Y4.409 E.15612
G1 X5.041 Y4.4 E.27675
G1 X1.914 Y4.45 E.15042
G1 X-1.298 Y4.547 E.15456
G1 X-5.483 Y4.399 E.20141
G1 X-8.231 Y4.353 E.13219
G1 X-10.398 Y4.376 E.10423
G1 X-12.799 Y4.307 E.11553
G1 X-13.444 Y4.318 E.03103
G1 X-14.818 Y4.243 E.06618
G1 X-17.212 Y4.347 E.11525
G1 X-18.534 Y4.44 E.06374
G1 X-18.867 Y4.851 F7800
;TYPE:External perimeter
G1 F1800
G1 X-18.876 Y4.851 E.00043
G1 X-19.174 Y4.085 E.03953
G1 X-19.686 Y2.645 E.07351
G1 X-19.82 Y.401 E.10812
G1 X-19.876 Y-.06 E.02234
G1 X-19.813 Y-2.794 E.13153
G1 X-19.348 Y-4.609 E.09011
G1 X-19.222 Y-5.034 E.02132
G1 X-17.216 Y-4.842 E.09692
G1 X-13.504 Y-4.816 E.17854
G1 X-10.471 Y-4.837 E.14588
G1 X-7.665 Y-4.778 E.13499
G1 X-4.652 Y-4.835 E.14494
G1 X-3.555 Y-4.897 E.05285
G1 X-1.363 Y-4.96 E.10547
G1 X1.895 Y-4.858 E.15678
G1 X4.988 Y-4.787 E.1488
G1 X7.835 Y-4.813 E.13694
G1 X10.77 Y-4.773 E.14118
G1 X12.483 Y-4.706 E.08245
G1 X13.711 Y-4.693 E.05907
G1 X14.618 Y-4.627 E.04374
G1 X17.019 Y-4.76 E.11566
G1 X18.007 Y-4.836 E.04766
G1 X18.235 Y-4.136 E.03541
G1 X18.91 Y-2.636 E.07911
;TYPE:Overhang perimeter
;WIDTH:0.4
;HEIGHT:0.4
M106 S255
G1 F3600
G1 X19.238 Y.064 E.1421
G1 X19.194 Y.549 E.02544
G1 X18.994 Y2.747 E.11531
G1 X18.824 Y3.543 E.04252
M106 S234.6
;TYPE:External perimeter
;WIDTH:0.45
;HEIGHT:0.3
G1 F1800
G1 X18.465 Y5.057 E.07484
G1 X17.268 Y4.929 E.0579
G1 X14.795 Y4.807 E.11909
G1 X14.053 Y4.874 E.03583
G1 X10.795 Y4.795 E.15674
G1 X5.051 Y4.785 E.27627
G1 X1.927 Y4.835 E.15027
G1 X-1.299 Y4.933 E.15523
G1 X-5.49 Y4.784 E.2017
G1 X-8.226 Y4.738 E.13161
G1 X-10.402 Y4.762 E.10466
G1 X-12.81 Y4.693 E.11586
G1 X-13.451 Y4.704 E.03083
G1 X-14.839 Y4.628 E.06686
G1 X-17.185 Y4.731 E.11294
G1 X-18.807 Y4.846 E.07821
G1 X-19.009 Y4.501 F7800
G1 E-2 F2400
G1 X-18.422 Y-3.873 F7800
G1 E2 F2400
;TYPE:Solid infill
;WIDTH:0.487953
G1 F1200
G1 X-17.987 Y-3.831 E.02309
G1 X-18.333 Y-2.603 E.0674
;WIDTH:0.474896
G1 X-18.408 Y-.116 E.1274
;WIDTH:0.46372
G1 X-18.375 Y.305 E.02103
;WIDTH:0.474004
G1 X-18.217 Y2.371 E.10586
G1 X-18.191 Y2.489 E.00617
;WIDTH:0.479811
G1 X-17.716 Y3.691 E.06697
G1 X-18.158 Y3.722 E.02296
G1 X-18.56 Y2.63 E.06029
;WIDTH:0.474004
G1 X-18.626 Y2.4 E.01223
G1 X-18.76 Y.341 E.10542
;WIDTH:0.46372
G1 X-18.807 Y-.113 E.02273
;WIDTH:0.474896
G1 X-18.744 Y-2.614 E.1281
G1 X-18.716 Y-2.761 E.00766
;WIDTH:0.485131
G1 X-18.471 Y-3.686 E.05022
G1 X-17.514 Y-3.804 F7800
;TYPE:Internal infill
;WIDTH:0.45
G1 F4800
G1 X-17.571 Y-3.81 E.00276
G1 X-17.936 Y-2.575 E.06194
G1 X-17.967 Y-1.607 E.04658
G1 X-12.726 Y3.634 E.35649
G1 X-12.951 Y3.635 E.01082
G1 X-10.966 Y-3.773 E.36887
G1 X-11.946 Y-3.766 E.04714
G1 X-4.419 Y3.761 E.51198
G1 X-3.045 Y3.81 E.06613
G1 X17.019 Y-1.566 E.99905
G1 X17.214 Y.069 E.0792
G1 X17.148 Y.787 E.03468
G1 X12.717 Y-3.643 E.30136
G1 X12.952 Y-3.641 E.0113
G1 X10.975 Y3.738 E.36742
G1 X11.942 Y3.762 E.04652
G1 X4.441 Y-3.739 E.51021
G1 X2.912 Y-3.774 E.07356
G1 X-17.868 Y1.794 E1.0347
G1 X-18.001 Y.135 E.08005
G1 X-16.951 Y-3.783 E.19509
G1 X-14.638 Y-3.764 E.11125
G1 E-2 F2400
G1 X-9.293 Y3.69 F7800
G1 E2 F2400
G1 F4800
G1 X-6.979 Y3.698 E.1113
G1 X-4.979 Y-3.768 E.37175
G1 X-3.82 Y-3.82 E.0558
G1 X3.746 Y3.746 E.51463
G1 X4.99 Y3.726 E.05984
G1 X6.992 Y-3.745 E.37201
G1 X9.305 Y-3.732 E.11125
G1 E-2 F2400
G1 X17.249 Y-3.691 F7800
G1 E2 F2400
;TYPE:Solid infill
;WIDTH:0.510846
G1 F1200
G1 X17.39 Y-3.363 E.01988
;WIDTH:0.543401
G1 X17.85 Y-2.265 E.07113
G1 X18.114 Y-.027 E.13464
;WIDTH:0.54259
G1 X18.121 Y.123 E.00896
;WIDTH:0.543614
G1 X17.899 Y2.569 E.1468
G1 X17.87 Y2.72 E.00919
;WIDTH:0.537047
G1 X17.617 Y3.866 E.06919
;WIDTH:0.526331
G1 X17.158 Y3.83 E.02653
G1 X17.209 Y3.574 E.01504
;WIDTH:0.543614
G1 X17.421 Y2.526 E.06391
G1 X17.645 Y.08 E.14682
;WIDTH:0.54259
G1 X17.643 Y.03 E.00298
;WIDTH:0.543401
G1 X17.375 Y-2.209 E.13473
G1 X17.322 Y-2.424 E.01323
;WIDTH:0.510846
G1 X16.978 Y-3.19 E.04676
G1 X16.814 Y-3.666 E.02804
;WIDTH:0.50076
G1 X17.057 Y-3.68 E.01325
G1 E-2 F2400
G1 X1.277 Y3.794 F7800
G1 E2 F2400
;TYPE:Internal infill
;WIDTH:0.45
G1 F4800
G1 X-1.035 Y3.864 E.11125
G1 X1.025 Y-3.824 E.38281
G1 X-1.288 Y-3.896 E.1113
;LAYER_CHANGE
;Z:15.35
;HEIGHT:0.3
G1 E-2 F2400
G1 Z15.35 F7800
G1 Z15.35
G1 X-18.679 Y4.039
G1 E2 F2400
;TYPE:Perimeter
;WIDTH:0.45
G1 F3600
G1 X-19.235 Y2.48 E.07961
G1 X-19.342 Y.694 E.08605
G1 X-19.44 Y-.112 E.03905
G1 X-19.403 Y-2.076 E.09448
G1 X-19.367 Y-2.676 E.02891
G1 X-18.974 Y-4.211 E.07621
G1 X-17.609 Y-4.079 E.06596
G1 X-17.02 Y-4.048 E.02837
G1 X-15.454 Y-4.067 E.07532
G1 X-13.341 Y-4.055 E.10163
G1 X-10.375 Y-4.07 E.14266
G1 X-7.569 Y-4.016 E.13498
G1 X-4.616 Y-4.071 E.14205
G1 X-3.194 Y-4.15 E.0685
G1 X-1.246 Y-4.198 E.09372
G1 X1.862 Y-4.097 E.14956
G1 X4.931 Y-4.023 E.14765
G1 X8.017 Y-4.045 E.14843
G1 X10.66 Y-4.013 E.12713
G1 X12.613 Y-3.936 E.09401
G1 X13.555 Y-3.926 E.04531
G1 X14.741 Y-3.839 E.0572
G1 X17.88 Y-4.03 E.15125
G1 X18.612 Y-2.403 E.08581
G1 X18.901 Y.079 E.12018
G1 X18.865 Y.478 E.01927
G1 X18.671 Y2.635 E.10416
G1 X18.291 Y4.235 E.0791
G1 X17.347 Y4.135 E.04566
G1 X14.91 Y4.018 E.11735
G1 X13.861 Y4.106 E.05063
G1 X10.706 Y4.037 E.15178
G1 X4.989 Y4.02 E.27497
G1 X1.887 Y4.075 E.14922
G1 X-1.305 Y4.17 E.15359
G1 X-5.715 Y4.015 E.21224
G1 X-8.41 Y3.974 E.12964
G1 X-10.305 Y3.994 E.09115
G1 X-12.935 Y3.919 E.12655
G1 X-13.263 Y3.924 E.01578
G1 X-14.87 Y3.836 E.07741
G1 X-17.263 Y3.937 E.1152
G1 X-18.62 Y4.035 E.06544
G1 X-18.944 Y4.445 F7800
G1 F3600
G1 X-19.617 Y2.558 E.09636
G1 X-19.727 Y.716 E.08875
G1 X-19.826 Y-.092 E.03915
G1 X-19.789 Y-2.091 E.09616
G1 X-19.75 Y-2.736 E.03108
G1 X-19.266 Y-4.627 E.09388
G1 X-17.572 Y-4.463 E.08186
G1 X-17.024 Y-4.433 E.0264
G1 X-15.455 Y-4.453 E.07547
G1 X-13.343 Y-4.44 E.10158
G1 X-10.372 Y-4.455 E.1429
G1 X-7.577 Y-4.401 E.13445
G1 X-4.623 Y-4.457 E.1421
G1 X-3.21 Y-4.535 E.06806
G1 X-1.373 Y-4.588 E.08839
G1 X1.867 Y-4.483 E.15591
G1 X4.941 Y-4.409 E.14789
G1 X8.018 Y-4.431 E.148
G1 X10.67 Y-4.398 E.12756
G1 X12.628 Y-4.322 E.09424
G1 X13.559 Y-4.311 E.04478
G1 X14.721 Y-4.224 E.05604
G1 X17.127 Y-4.359 E.1159
G1 X18.134 Y-4.436 E.04857
G1 X18.988 Y-2.507 E.10146
G1 X19.288 Y.074 E.12497
G1 X19.249 Y.513 E.0212
G1 X19.052 Y2.697 E.10547
G1 X18.588 Y4.655 E.09678
G1 X17.329 Y4.521 E.0609
G1 X14.891 Y4.403 E.1174
G1 X13.875 Y4.492 E.04905
G1 X10.705 Y4.422 E.1525
G1 X4.996 Y4.405 E.27458
G1 X1.899 Y4.46 E.14898
G1 X-1.306 Y4.556 E.15422
G1 X-5.721 Y4.401 E.21248
G1 X-8.406 Y4.359 E.12915
G1 X-10.308 Y4.38 E.09149
G1 X-12.946 Y4.305 E.12693
G1 X-13.27 Y4.31 E.01559
G1 X-14.891 Y4.221 E.07808
G1 X-17.246 Y4.322 E.11337
G1 X-18.884 Y4.441 E.07899
G1 X-19.209 Y4.851 F7800
;TYPE:External perimeter
G1 F1800
G1 X-19.999 Y2.636 E.11311
G1 X-20.112 Y.739 E.0914
G1 X-20.212 Y-.072 E.0393
G1 X-20.174 Y-2.106 E.09785
G1 X-20.133 Y-2.796 E.03325
G1 X-19.551 Y-5.042 E.11159
G1 X-17.534 Y-4.847 E.09746
G1 X-17.029 Y-4.819 E.02433
G1 X-15.456 Y-4.838 E.07566
G1 X-13.347 Y-4.826 E.10144
G1 X-10.369 Y-4.841 E.14323
G1 X-7.584 Y-4.787 E.13397
G1 X-4.63 Y-4.842 E.1421
G1 X-3.226 Y-4.92 E.06763
G1 X-1.373 Y-4.974 E.08916
G1 X1.881 Y-4.868 E.15659
G1 X4.953 Y-4.794 E.1478
G1 X8.019 Y-4.816 E.14747
G1 X10.68 Y-4.784 E.12799
G1 X12.647 Y-4.707 E.09468
G1 X13.563 Y-4.697 E.04406
G1 X14.701 Y-4.609 E.0549
G1 X17.098 Y-4.744 E.11547
G1 X18.407 Y-4.844 E.06314
G1 X18.534 Y-4.458 E.01954
G1 X19.349 Y-2.647 E.09552
;TYPE:Overhang perimeter
;WIDTH:0.4
;HEIGHT:0.4
M106 S255
G1 F3600
G1 X19.676 Y.069 E.14292
G1 X19.633 Y.547 E.02507
G1 X19.434 Y2.759 E.11603
G1 X19.377 Y3.001 E.01299
M106 S234.6
;TYPE:External perimeter
;WIDTH:0.45
;HEIGHT:0.3
G1 F1800
G1 X18.885 Y5.074 E.10247
G1 X17.31 Y4.906 E.07618
G1 X14.873 Y4.788 E.11735
G1 X13.889 Y4.878 E.04752
G1 X10.704 Y4.808 E.15322
G1 X5.006 Y4.791 E.27406
G1 X1.913 Y4.846 E.14879
G1 X-1.307 Y4.942 E.15494
G1 X-5.727 Y4.786 E.21272
G1 X-8.401 Y4.745 E.12863
G1 X-10.312 Y4.766 E.09192
G1 X-12.957 Y4.69 E.12727
G1 X-13.277 Y4.696 E.01539
G1 X-14.912 Y4.606 E.07876
G1 X-17.229 Y4.708 E.11155
G1 X-19.149 Y4.847 E.09259
G1 X-19.334 Y4.492 F7800
G1 E-2 F2400
G1 X-19.155 Y-.127 F7800
G1 E2 F2400
;TYPE:Solid infill
;WIDTH:0.44543
G1 F1200
G1 X-19.117 Y-2.061 E.09193
G1 X-19.057 Y-2.769 E.03377
;WIDTH:0.445208
G1 X-18.757 Y-3.902 E.05567
G1 X-18.366 Y-3.864 E.01866
G1 X-18.706 Y-2.673 E.05883
;WIDTH:0.435397
G1 X-18.718 Y-2.599 E.00347
;WIDTH:0.44543
G1 X-18.778 Y-.132 E.11728
;WIDTH:0.440947
G1 X-18.776 Y-.048 E.00395
;WIDTH:0.434487
G1 X-18.716 Y.652 E.03243
;WIDTH:0.429706
G1 X-18.596 Y2.374 E.07865
G1 X-18.57 Y2.502 E.00595
;WIDTH:0.435109
G1 X-18.091 Y3.714 E.06026
G1 X-18.486 Y3.743 E.01831
G1 X-18.896 Y2.626 E.05502
;WIDTH:0.429706
G1 X-18.961 Y2.398 E.0108
G1 X-19.069 Y.68 E.07844
;WIDTH:0.418302
G1 X-19.07 Y.669 E.00049
;WIDTH:0.435497
G1 X-19.134 Y.064 E.02816
G1 E-2 F2400
G1 X-9.295 Y3.694 F7800
G1 E2 F2400
;TYPE:Internal infill
;WIDTH:0.45
G1 F4800
G1 X-6.981 Y3.706 E.1113
G1 X-4.977 Y-3.775 E.3725
G1 X-3.825 Y-3.825 E.05546
G1 X3.753 Y3.753 E.51545
G1 X4.989 Y3.731 E.05946
G1 X6.993 Y-3.748 E.3724
G1 X9.306 Y-3.74 E.11125
G1 E-2 F2400
G1 X14.629 Y3.749 F7800
G1 E2 F2400
G1 F4800
G1 X16.94 Y3.826 E.11121
G1 X17.5 Y1.735 E.10411
G1 X17.55 Y1.19 E.02632
G1 X12.715 Y-3.646 E.32891
G1 X12.953 Y-3.643 E.01145
G1 X10.971 Y3.753 E.36827
G1 X11.955 Y3.775 E.04734
G1 X4.434 Y-3.746 E.51157
G1 X2.941 Y-3.782 E.07183
G1 X-18.258 Y1.898 E1.05556
G1 X-18.303 Y1.262 E.03067
G1 X-16.958 Y-3.759 E.25001
G1 X-17.978 Y-3.824 E.04916
G1 X-18.34 Y-2.602 E.0613
G1 X-18.354 Y-1.993 E.0293
G1 X-12.725 Y3.636 E.38288
G1 X-12.949 Y3.63 E.01078
G1 X-10.964 Y-3.778 E.36887
G1 X-11.953 Y-3.773 E.04757
G1 X-4.409 Y3.772 E.51317
G1 X-3.076 Y3.818 E.06415
G1 X17.445 Y-1.68 E1.0218
G1 X17.374 Y-2.281 E.02911
G1 X16.782 Y-3.673 E.07275
G1 X16.587 Y-3.661 E.0094
G1 E-2 F2400
G1 X18.081 Y.036 F7800
G1 E2 F2400
;TYPE:Solid infill
;WIDTH:0.543457
G1 F1200
G1 X17.813 Y-2.22 E.13575
G1 X17.76 Y-2.436 E.01329
;WIDTH:0.509479
G1 X17.338 Y-3.374 E.0571
;WIDTH:0.509282
G1 X17.222 Y-3.669 E.01759
G1 X17.681 Y-3.697 E.02552
G1 X17.744 Y-3.557 E.00852
;WIDTH:0.509479
G1 X18.166 Y-2.618 E.05715
;WIDTH:0.543457
G1 X18.289 Y-2.276 E.02172
G1 X18.553 Y-.021 E.13566
;WIDTH:0.542602
G1 X18.559 Y.127 E.00883
;WIDTH:0.543622
G1 X18.34 Y2.564 E.14626
G1 X18.305 Y2.741 E.01078
;WIDTH:0.534826
G1 X18.04 Y3.881 E.06867
;WIDTH:0.523352
G1 X17.586 Y3.833 E.02613
G1 X17.639 Y3.584 E.01457
;WIDTH:0.543622
G1 X17.863 Y2.521 E.06493
G1 X18.07 Y.228 E.13762
G1 E-2 F2400
G1 X1.275 Y3.804 F7800
G1 E2 F2400
;TYPE:Internal infill
;WIDTH:0.45
G1 F4800
G1 X-1.038 Y3.873 E.1113
G1 X1.028 Y-3.835 E.38381
G1 X-1.285 Y-3.908 E.1113
;LAYER_CHANGE
;Z:15.65
;HEIGHT:0.299999
G1 E-2 F2400
G1 Z15.65 F7800
G1 Z15.65
G1 X-18.989 Y4.032
G1 E2 F2400
;TYPE:Perimeter
;WIDTH:0.45
G1 F3600
G1 X-19.548 Y2.47 E.07979
G1 X-19.64 Y.971 E.07223
G1 X-19.775 Y-.124 E.05306
G1 X-19.746 Y-1.687 E.07519
G1 X-19.687 Y-2.682 E.04794
G1 X-19.294 Y-4.216 E.07616
G1 X-17.962 Y-4.087 E.06436
G1 X-16.779 Y-4.023 E.05698
G1 X-13.273 Y-4.066 E.16864
G1 X-10.274 Y-4.074 E.14424
G1 X-7.488 Y-4.025 E.13402
G1 X-4.587 Y-4.078 E.13955
G1 X-2.864 Y-4.173 E.083
G1 X-1.384 Y-4.216 E.07121
G1 X1.845 Y-4.108 E.15539
G1 X4.892 Y-4.03 E.1466
G1 X8.201 Y-4.049 E.15915
G1 X10.571 Y-4.022 E.114
G1 X12.777 Y-3.937 E.10618
G1 X13.407 Y-3.93 E.0303
G1 X14.831 Y-3.821 E.06869
G1 X17.232 Y-3.958 E.11567
G1 X18.329 Y-4.042 E.05292
G1 X18.517 Y-3.602 E.02301
G1 X18.945 Y-2.468 E.0583
G1 X19.243 Y.101 E.12439
G1 X19.003 Y2.664 E.12381
G1 X18.712 Y4.252 E.07765
G1 X17.388 Y4.112 E.06403
G1 X14.851 Y4.002 E.12214
G1 X13.696 Y4.11 E.05579
G1 X10.559 Y4.048 E.15091
G1 X4.965 Y4.025 E.26905
G1 X1.883 Y4.085 E.14826
G1 X-1.312 Y4.179 E.15373
G1 X-5.954 Y4.017 E.2234
G1 X-8.585 Y3.98 E.12655
G1 X-10.215 Y3.998 E.0784
G1 X-13.066 Y3.917 E.13718
G1 X-15.037 Y3.814 E.09493
G1 X-17.328 Y3.912 E.11029
G1 X-18.93 Y4.029 E.07726
G1 X-19.253 Y4.44 F7800
G1 F3600
G1 X-19.93 Y2.548 E.09665
G1 X-20.022 Y1.018 E.07372
G1 X-20.161 Y-.104 E.05438
G1 X-20.132 Y-1.702 E.07687
G1 X-20.069 Y-2.742 E.05011
G1 X-19.574 Y-4.631 E.09392
G1 X-17.925 Y-4.471 E.07968
G1 X-16.784 Y-4.408 E.05496
G1 X-13.276 Y-4.452 E.16874
G1 X-10.271 Y-4.46 E.14453
G1 X-7.495 Y-4.41 E.13354
G1 X-4.594 Y-4.464 E.13955
G1 X-2.881 Y-4.559 E.08252
G1 X-1.383 Y-4.602 E.07208
G1 X1.85 Y-4.493 E.15558
G1 X4.902 Y-4.416 E.14684
G1 X8.202 Y-4.434 E.15872
G1 X10.58 Y-4.407 E.11438
G1 X12.792 Y-4.322 E.10647
G1 X13.411 Y-4.315 E.02977
G1 X14.809 Y-4.206 E.06744
G1 X17.202 Y-4.342 E.11528
G1 X18.575 Y-4.448 E.06623
G1 X18.875 Y-3.747 E.03667
G1 X19.324 Y-2.546 E.06167
G1 X19.632 Y.088 E.12755
G1 X19.385 Y2.715 E.12691
G1 X19.132 Y4.152 E.07018
G1 X19.009 Y4.672 E.0257
G1 X17.37 Y4.497 E.07928
G1 X14.887 Y4.386 E.11954
G1 X13.71 Y4.496 E.05686
G1 X10.558 Y4.434 E.15163
G1 X4.964 Y4.411 E.26905
G1 X1.89 Y4.47 E.14788
G1 X-1.313 Y4.565 E.15412
G1 X-5.959 Y4.403 E.22359
G1 X-8.58 Y4.366 E.12607
G1 X-10.218 Y4.384 E.07879
G1 X-13.082 Y4.303 E.1378
G1 X-15.02 Y4.199 E.09335
G1 X-17.3 Y4.296 E.10976
G1 X-19.193 Y4.435 E.09129
G1 X-19.517 Y4.846 F7800
;TYPE:External perimeter
G1 F1800
G1 X-20.312 Y2.626 E.11341
G1 X-20.405 Y1.066 E.07516
G1 X-20.547 Y-.083 E.05568
G1 X-20.517 Y-1.717 E.0786
G1 X-20.452 Y-2.802 E.05228
G1 X-20.01 Y-4.529 E.08574
G1 X-19.849 Y-5.045 E.026
G1 X-17.888 Y-4.854 E.09476
G1 X-16.789 Y-4.794 E.05294
G1 X-13.279 Y-4.837 E.16883
G1 X-10.268 Y-4.846 E.14482
G1 X-7.502 Y-4.796 E.13306
G1 X-4.602 Y-4.849 E.1395
G1 X-2.897 Y-4.944 E.08213
G1 X-1.382 Y-4.988 E.0729
G1 X1.863 Y-4.879 E.15616
G1 X4.915 Y-4.801 E.14684
G1 X8.203 Y-4.82 E.15814
G1 X10.59 Y-4.793 E.11481
G1 X12.807 Y-4.708 E.10671
G1 X13.415 Y-4.701 E.02924
G1 X14.787 Y-4.591 E.0662
G1 X17.173 Y-4.727 E.11494
G1 X18.821 Y-4.853 E.07949
G1 X19.232 Y-3.892 E.05027
G1 X19.704 Y-2.624 E.06507
G1 X19.947 Y-.435 E.10593
G1 X20.02 Y.075 E.02478
G1 X19.768 Y2.767 E.13004
G1 X19.51 Y4.23 E.07145
G1 X19.305 Y5.092 E.04262
G1 X17.352 Y4.882 E.09447
G1 X14.923 Y4.77 E.11695
G1 X13.724 Y4.882 E.05792
G1 X10.559 Y4.819 E.15226
G1 X4.961 Y4.797 E.26925
G1 X1.898 Y4.856 E.14735
G1 X-1.315 Y4.95 E.1546
G1 X-5.965 Y4.789 E.22378
G1 X-8.576 Y4.751 E.12559
G1 X-10.222 Y4.769 E.07917
G1 X-13.098 Y4.688 E.13838
G1 X-15.004 Y4.584 E.09181
G1 X-17.272 Y4.681 E.10918
G1 X-19.457 Y4.841 E.10537
G1 X-19.642 Y4.487 F7800
G1 E-2 F2400
G1 X-18.72 Y-.009 F7800
G1 E2 F2400
;TYPE:Internal infill
;WIDTH:0.45
G1 F4800
G1 X-18.682 Y-2.321 E.11121
G1 X-12.723 Y3.638 E.40532
G1 X-12.95 Y3.631 E.01092
G1 X-10.963 Y-3.783 E.36917
G1 X-11.961 Y-3.78 E.048
G1 X-4.398 Y3.782 E.51439
G1 X-3.108 Y3.827 E.06208
G1 X17.871 Y-1.794 E1.04461
G1 X18.046 Y-.301 E.0723
G1 X16.946 Y3.802 E.20431
G1 X17.579 Y3.841 E.0305
G1 X17.863 Y2.58 E.06217
G1 X17.953 Y1.593 E.04767
G1 X12.71 Y-3.65 E.35662
G1 X12.954 Y-3.646 E.01174
G1 X10.967 Y3.767 E.36913
G1 X11.967 Y3.787 E.04811
G1 X4.428 Y-3.753 E.51283
G1 X2.969 Y-3.79 E.0702
G1 X-18.582 Y1.985 E1.0731
G1 X-18.566 Y2.244 E.01248
G1 X-16.962 Y-3.743 E.29811
G1 X-14.649 Y-3.76 E.11125
G1 E-2 F2400
G1 X-19.088 Y-3.923 F7800
G1 E2 F2400
;TYPE:Solid infill
;WIDTH:0.415898
G1 F1200
G1 X-18.734 Y-3.889 E.01559
G1 X-18.785 Y-3.69 E.00901
;WIDTH:0.416682
G1 X-19.038 Y-2.697 E.04503
;WIDTH:0.42714
G1 X-19.05 Y-2.607 E.00411
;WIDTH:0.44456
G1 X-19.113 Y-.144 E.11683
;WIDTH:0.441165
G1 X-19.057 Y.37 E.0243
;WIDTH:0.435719
G1 X-19.009 Y.997 E.02912
;WIDTH:0.418231
G1 X-18.926 Y2.368 E.06062
G1 X-18.899 Y2.521 E.00686
;WIDTH:0.396087
G1 X-18.466 Y3.733 E.05325
G1 X-18.809 Y3.758 E.01423
G1 X-19.211 Y2.633 E.04943
;WIDTH:0.418231
G1 X-19.278 Y2.415 E.01007
G1 X-19.362 Y1.019 E.06172
;WIDTH:0.417494
G1 X-19.362 Y1.008 E.00048
;WIDTH:0.435719
G1 X-19.427 Y.404 E.02814
;WIDTH:0.441165
G1 X-19.49 Y-.139 E.02569
;WIDTH:0.44456
G1 X-19.46 Y-1.68 E.07309
G1 X-19.379 Y-2.785 E.05254
;WIDTH:0.416682
G1 X-19.136 Y-3.736 E.04313
G1 E-2 F2400
G1 X-9.297 Y3.699 F7800
G1 E2 F2400
;TYPE:Internal infill
;WIDTH:0.45
G1 F4800
G1 X-6.983 Y3.713 E.1113
G1 X-4.975 Y-3.782 E.3732
G1 X-3.83 Y-3.83 E.05512
G1 X3.759 Y3.759 E.51619
G1 X4.987 Y3.736 E.05907
G1 X6.994 Y-3.753 E.37291
G1 X9.307 Y-3.747 E.11125
G1 E-2 F2400
G1 X18.124 Y-3.709 F7800
G1 E2 F2400
;TYPE:Solid infill
;WIDTH:0.505233
G1 F1200
G1 X18.569 Y-2.601 E.06565
;WIDTH:0.494098
G1 X18.64 Y-2.4 E.01143
G1 X18.918 Y-.006 E.12917
;WIDTH:0.495712
G1 X18.929 Y.109 E.00622
G1 X18.696 Y2.614 E.13535
;WIDTH:0.490971
G1 X18.677 Y2.735 E.00652
;WIDTH:0.511304
G1 X18.459 Y3.904 E.06629
G1 X18.002 Y3.855 E.02562
G1 X18.272 Y2.575 E.07292
;WIDTH:0.495712
G1 X18.495 Y.044 E.13669
;WIDTH:0.494098
G1 X18.216 Y-2.322 E.12769
G1 X18.185 Y-2.44 E.00654
;WIDTH:0.505233
G1 X17.649 Y-3.672 E.07388
G1 X17.932 Y-3.694 E.01561
G1 E-2 F2400
G1 X1.273 Y3.813 F7800
G1 E2 F2400
;TYPE:Internal infill
;WIDTH:0.45
G1 F4800
G1 X-1.04 Y3.881 E.1113
G1 X1.03 Y-3.846 E.38475
G1 X-1.282 Y-3.922 E.11126
;LAYER_CHANGE
;Z:15.95
;HEIGHT:0.3
G1 E-2 F2400
G1 Z15.95 F7800
G1 Z15.95
G1 X-19.298 Y4.028
G1 E2 F2400
;TYPE:Perimeter
;WIDTH:0.45
G1 F3600
G1 X-19.861 Y2.46 E.08013
G1 X-19.932 Y1.31 E.05542
G1 X-20.11 Y-.135 E.07002
G1 X-20.089 Y-1.298 E.05595
G1 X-20.015 Y-2.53 E.05936
G1 X-19.937 Y-2.959 E.02097
G1 X-19.597 Y-4.22 E.06282
G1 X-18.276 Y-4.091 E.06384
G1 X-16.538 Y-3.997 E.08371
G1 X-13.594 Y-4.034 E.14161
G1 X-12.621 Y-4.072 E.04683
G1 X-10.171 Y-4.079 E.11784
G1 X-7.407 Y-4.034 E.13296
G1 X-4.559 Y-4.085 E.137
G1 X-2.535 Y-4.197 E.0975
G1 X-1.394 Y-4.23 E.0549
G1 X1.828 Y-4.118 E.15506
G1 X4.853 Y-4.037 E.14554
G1 X8.384 Y-4.053 E.16983
G1 X10.483 Y-4.028 E.10096
G1 X13.415 Y-3.933 E.14109
G1 X14.914 Y-3.803 E.07237
G1 X17.271 Y-3.935 E.11354
G1 X18.688 Y-4.044 E.06835
G1 X19.119 Y-2.925 E.05767
G1 X19.265 Y-2.463 E.0233
G1 X19.503 Y-.383 E.10069
G1 X19.581 Y.101 E.02358
G1 X19.333 Y2.662 E.12375
G1 X19.049 Y4.258 E.07797
G1 X17.425 Y4.087 E.07854
G1 X14.929 Y3.984 E.12015
G1 X13.531 Y4.114 E.06753
G1 X10.161 Y4.052 E.16211
G1 X4.921 Y4.031 E.25203
G1 X-1.318 Y4.187 E.30017
G1 X-6.192 Y4.02 E.23456
G1 X-8.737 Y3.987 E.12242
G1 X-10.125 Y4.002 E.06676
G1 X-12.928 Y3.923 E.13487
G1 X-15.108 Y3.792 E.10504
G1 X-17.366 Y3.885 E.10869
G1 X-19.238 Y4.024 E.09028
G1 X-19.561 Y4.434 F7800
G1 F3600
G1 X-20.243 Y2.538 E.09691
G1 X-20.315 Y1.357 E.05691
G1 X-20.497 Y-.115 E.07134
G1 X-20.474 Y-1.313 E.05763
G1 X-20.388 Y-2.749 E.06919
G1 X-20.061 Y-4.026 E.0634
G1 X-19.872 Y-4.634 E.03062
G1 X-18.254 Y-4.476 E.07819
G1 X-16.543 Y-4.383 E.08241
G1 X-13.599 Y-4.419 E.14161
G1 X-12.629 Y-4.457 E.04669
G1 X-10.169 Y-4.465 E.11832
G1 X-7.414 Y-4.419 E.13252
G1 X-4.566 Y-4.471 E.137
G1 X-2.552 Y-4.582 E.09701
G1 X-1.393 Y-4.616 E.05577
G1 X1.834 Y-4.503 E.1553
G1 X4.863 Y-4.422 E.14574
G1 X8.385 Y-4.438 E.1694
G1 X10.491 Y-4.414 E.1013
G1 X13.439 Y-4.318 E.14186
G1 X14.892 Y-4.188 E.07016
G1 X17.249 Y-4.32 E.11354
G1 X18.944 Y-4.451 E.08177
G1 X19.479 Y-3.064 E.0715
G1 X19.644 Y-2.542 E.02633
G1 X19.883 Y-.444 E.10156
G1 X19.97 Y.088 E.02593
G1 X19.715 Y2.715 E.12694
G1 X19.366 Y4.68 E.09599
G1 X17.407 Y4.473 E.09475
G1 X14.965 Y4.368 E.11756
G1 X13.545 Y4.5 E.06859
G1 X10.157 Y4.437 E.16298
G1 X4.919 Y4.417 E.25193
G1 X-1.32 Y4.573 E.30017
G1 X-6.197 Y4.405 E.23471
G1 X-8.741 Y4.372 E.12237
G1 X-10.128 Y4.387 E.06671
G1 X-12.946 Y4.308 E.13559
G1 X-15.092 Y4.177 E.10341
G1 X-17.338 Y4.269 E.10812
G1 X-19.502 Y4.43 E.10437
G1 X-19.825 Y4.841 F7800
;TYPE:External perimeter
G1 F1800
G1 X-20.625 Y2.616 E.11372
G1 X-20.697 Y1.404 E.0584
G1 X-20.883 Y-.095 E.07265
G1 X-20.86 Y-1.328 E.05931
G1 X-20.771 Y-2.809 E.07136
G1 X-20.432 Y-4.132 E.06569
G1 X-20.146 Y-5.048 E.04615
G1 X-18.233 Y-4.861 E.09245
G1 X-16.548 Y-4.769 E.08116
G1 X-13.604 Y-4.805 E.14161
G1 X-12.637 Y-4.843 E.04655
G1 X-10.166 Y-4.85 E.11885
G1 X-7.421 Y-4.805 E.13204
G1 X-4.573 Y-4.856 E.137
G1 X-2.568 Y-4.968 E.09658
G1 X-1.392 Y-5.001 E.05658
G1 X1.847 Y-4.889 E.15588
G1 X4.874 Y-4.808 E.14564
G1 X8.386 Y-4.824 E.16892
G1 X10.5 Y-4.8 E.10168
G1 X13.464 Y-4.703 E.14263
G1 X14.871 Y-4.573 E.06796
G1 X17.227 Y-4.705 E.11349
G1 X19.201 Y-4.858 E.09523
G1 X19.87 Y-3.123 E.08944
G1 X20.023 Y-2.62 E.02529
G1 X20.264 Y-.506 E.10233
G1 X20.358 Y.076 E.02835
G1 X20.097 Y2.767 E.13004
G1 X19.683 Y5.101 E.11401
G1 X17.39 Y4.858 E.1109
G1 X15.001 Y4.751 E.11502
G1 X13.56 Y4.886 E.06961
G1 X10.154 Y4.823 E.16384
G1 X4.918 Y4.802 E.25184
G1 X-1.322 Y4.959 E.30022
G1 X-6.202 Y4.791 E.23485
G1 X-8.746 Y4.758 E.12237
G1 X-10.132 Y4.773 E.06667
G1 X-12.963 Y4.694 E.13621
G1 X-15.077 Y4.562 E.10187
G1 X-17.309 Y4.654 E.10744
G1 X-19.765 Y4.836 E.11845
G1 X-19.951 Y4.482 F7800
G1 E-2 F2400
G1 X-19.826 Y-.15 F7800
G1 E2 F2400
;TYPE:Solid infill
;WIDTH:0.440875
G1 F1200
G1 X-19.805 Y-1.283 E.05321
;WIDTH:0.44065
G1 X-19.764 Y-2.1 E.03839
;WIDTH:0.423875
G1 X-19.703 Y-2.772 E.03026
;WIDTH:0.415986
G1 X-19.439 Y-3.785 E.04591
;WIDTH:0.412488
G1 X-19.401 Y-3.929 E.00647
G1 X-19.052 Y-3.895 E.01522
G1 X-19.102 Y-3.698 E.00882
;WIDTH:0.415986
G1 X-19.362 Y-2.684 E.04591
;WIDTH:0.423843
G1 X-19.374 Y-2.607 E.00349
;WIDTH:0.424031
G1 X-19.406 Y-2.071 E.02409
;WIDTH:0.44065
G1 X-19.429 Y-1.276 E.03733
;WIDTH:0.440875
G1 X-19.446 Y-.094 E.05551
;WIDTH:0.43639
G1 X-19.349 Y.709 E.03753
;WIDTH:0.435146
G1 X-19.307 Y1.262 E.02565
;WIDTH:0.418364
G1 X-19.239 Y2.357 E.04844
;WIDTH:0.418242
G1 X-19.212 Y2.511 E.0069
;WIDTH:0.395886
G1 X-18.85 Y3.523 E.04444
;WIDTH:0.394542
G1 X-18.778 Y3.728 E.00895
G1 X-19.119 Y3.753 E.01408
G1 X-19.161 Y3.635 E.00516
;WIDTH:0.395886
G1 X-19.524 Y2.623 E.04445
;WIDTH:0.418242
G1 X-19.591 Y2.404 E.01011
;WIDTH:0.418364
G1 X-19.66 Y1.284 E.04954
;WIDTH:0.418699
G1 X-19.661 Y1.273 E.00049
;WIDTH:0.435146
G1 X-19.718 Y.743 E.02465
;WIDTH:0.439647
G1 X-19.802 Y.041 E.03309
G1 X-19.065 Y-.323 F7800
;TYPE:Internal infill
;WIDTH:0.45
G1 F4800
G1 X-18.996 Y-2.635 E.11125
G1 X-12.721 Y3.64 E.42682
G1 X-12.95 Y3.632 E.01102
G1 X-10.962 Y-3.787 E.36942
G1 X-11.965 Y-3.784 E.04824
G1 X-4.388 Y3.792 E.51534
G1 X-3.139 Y3.835 E.06011
G1 X18.297 Y-1.909 E1.06737
G1 X18.351 Y-1.442 E.02261
G1 X16.953 Y3.777 E.25987
G1 X18 Y3.857 E.0505
G1 X18.304 Y2.575 E.06337
G1 X18.357 Y1.996 E.02796
G1 X12.693 Y-3.667 E.38522
G1 X12.957 Y-3.659 E.0127
G1 X10.965 Y3.777 E.37026
G1 X11.976 Y3.796 E.04863
G1 X4.419 Y-3.761 E.51402
G1 X3.022 Y-3.804 E.06722
G1 X-18.889 Y2.067 E1.09102
G1 X-18.869 Y2.406 E.01633
G1 X-18.721 Y2.821 E.02119
G1 X-16.965 Y-3.731 E.32625
G1 X-14.652 Y-3.732 E.11125
G1 E-2 F2400
G1 X-9.299 Y3.704 F7800
G1 E2 F2400
G1 F4800
G1 X-6.985 Y3.72 E.1113
G1 X-4.973 Y-3.788 E.37385
G1 X-3.835 Y-3.835 E.05478
G1 X3.77 Y3.77 E.51728
G1 X4.986 Y3.742 E.0585
G1 X6.995 Y-3.757 E.3734
G1 X9.309 Y-3.753 E.1113
G1 E-2 F2400
G1 X18.841 Y-.468 F7800
G1 E2 F2400
;TYPE:Solid infill
;WIDTH:0.434105
G1 F1200
G1 X18.623 Y-2.347 E.08723
;WIDTH:0.442416
G1 X18.519 Y-2.639 E.01462
;WIDTH:0.466274
G1 X18.056 Y-3.698 E.05794
G1 X18.49 Y-3.731 E.02182
G1 X18.988 Y-2.406 E.07095
;WIDTH:0.434105
G1 X19.202 Y-.512 E.0879
;WIDTH:0.428231
G1 X19.203 Y-.503 E.00041
;WIDTH:0.445389
G1 X19.29 Y.134 E.03055
G1 X19.054 Y2.617 E.11853
;WIDTH:0.435822
G1 X19.037 Y2.718 E.00474
;WIDTH:0.463626
G1 X18.806 Y3.935 E.06168
G1 X18.395 Y3.892 E.02058
G1 X18.676 Y2.643 E.06375
;WIDTH:0.435822
G1 X18.684 Y2.582 E.00285
;WIDTH:0.445389
G1 X18.907 Y.052 E.1207
;WIDTH:0.43871
G1 X18.865 Y-.277 E.01549
G1 E-2 F2400
G1 X1.27 Y3.833 F7800
G1 E2 F2400
;TYPE:Internal infill
;WIDTH:0.45
G1 F4800
G1 X-1.043 Y3.891 E.11128
G1 X1.036 Y-3.865 E.38621
G1 X-1.277 Y-3.936 E.1113
M106 S232.05
;LAYER_CHANGE
;Z:16.25
;HEIGHT:0.3
G1 E-2 F2400
G1 Z16.25 F7800
G1 Z16.25
G1 X-19.607 Y4.023
G1 E2 F2400
;TYPE:Perimeter
;WIDTH:0.45
G1 F3600
G1 X-20.174 Y2.449 E.08047
G1 X-20.224 Y1.648 E.0386
G1 X-20.446 Y-.147 E.08699
G1 X-20.432 Y-.909 E.03666
G1 X-20.325 Y-2.695 E.08605
G1 X-20.113 Y-3.523 E.04111
G1 X-19.894 Y-4.223 E.03528
G1 X-18.629 Y-4.099 E.06113
G1 X-16.298 Y-3.972 E.11228
G1 X-13.996 Y-4.002 E.11073
G1 X-12.854 Y-4.067 E.05502
G1 X-12.068 Y-4.078 E.03781
G1 X-10.069 Y-4.084 E.09615
G1 X-7.326 Y-4.043 E.13194
G1 X-4.531 Y-4.092 E.13445
G1 X-2.206 Y-4.221 E.112
G1 X-1.403 Y-4.244 E.03864
G1 X4.81 Y-4.044 E.29898
G1 X8.567 Y-4.056 E.1807
G1 X10.391 Y-4.035 E.08773
G1 X13.266 Y-3.937 E.13836
G1 X14.996 Y-3.785 E.08353
G1 X17.307 Y-3.908 E.11131
G1 X19.03 Y-4.041 E.08312
G1 X19.371 Y-3.158 E.04553
G1 X19.584 Y-2.459 E.03515
G1 X19.756 Y-.912 E.07486
G1 X19.918 Y.094 E.04901
G1 X19.859 Y.615 E.02522
G1 X19.662 Y2.664 E.099
G1 X19.372 Y4.252 E.07764
G1 X17.457 Y4.062 E.09256
G1 X15.006 Y3.965 E.11798
G1 X13.366 Y4.118 E.07922
G1 X9.756 Y4.055 E.17365
G1 X4.876 Y4.037 E.23471
G1 X-1.326 Y4.196 E.29839
G1 X-6.409 Y4.022 E.24462
G1 X-8.913 Y3.993 E.12044
G1 X-10.035 Y4.005 E.05397
G1 X-12.145 Y3.947 E.10152
G1 X-13.045 Y3.907 E.04333
G1 X-14.204 Y3.819 E.0559
G1 X-15.18 Y3.77 E.047
G1 X-17.404 Y3.858 E.10705
G1 X-19.547 Y4.018 E.10336
G1 X-19.87 Y4.429 F7800
G1 F3600
G1 X-20.556 Y2.528 E.0972
G1 X-20.607 Y1.695 E.04014
G1 X-20.832 Y-.127 E.0883
G1 X-20.817 Y-.924 E.03834
G1 X-20.708 Y-2.755 E.08822
G1 X-20.484 Y-3.629 E.0434
G1 X-20.169 Y-4.637 E.05079
G1 X-18.608 Y-4.484 E.07544
G1 X-16.303 Y-4.358 E.11103
G1 X-14.018 Y-4.387 E.10991
G1 X-12.868 Y-4.452 E.0554
G1 X-12.071 Y-4.463 E.03834
G1 X-10.067 Y-4.469 E.09639
G1 X-7.332 Y-4.428 E.13156
G1 X-4.537 Y-4.478 E.13445
G1 X-2.222 Y-4.606 E.11151
G1 X-1.402 Y-4.63 E.03946
G1 X4.822 Y-4.429 E.29951
G1 X8.568 Y-4.442 E.18017
G1 X10.4 Y-4.421 E.08812
G1 X13.291 Y-4.322 E.13913
G1 X14.975 Y-4.17 E.08132
G1 X17.286 Y-4.293 E.11131
G1 X19.287 Y-4.448 E.09653
G1 X19.736 Y-3.284 E.06001
G1 X19.963 Y-2.537 E.03755
G1 X20.139 Y-.955 E.07656
G1 X20.307 Y.084 E.05062
G1 X20.242 Y.658 E.02778
G1 X20.044 Y2.716 E.09944
G1 X19.688 Y4.674 E.09572
G1 X17.977 Y4.489 E.08277
G1 X17.44 Y4.447 E.02591
G1 X15.042 Y4.349 E.11543
G1 X13.381 Y4.504 E.08024
G1 X9.751 Y4.441 E.17462
G1 X4.875 Y4.422 E.23452
G1 X-1.328 Y4.582 E.29844
G1 X-6.422 Y4.408 E.24515
G1 X-8.917 Y4.379 E.12001
G1 X-10.038 Y4.391 E.05392
G1 X-12.155 Y4.332 E.10186
G1 X-13.077 Y4.292 E.04439
G1 X-14.225 Y4.204 E.05538
G1 X-15.165 Y4.155 E.04527
G1 X-17.376 Y4.243 E.10643
G1 X-19.81 Y4.425 E.11739
G1 X-20.133 Y4.836 F7800
;TYPE:External perimeter
G1 F1800
G1 X-20.938 Y2.606 E.11403
G1 X-20.989 Y1.743 E.04158
G1 X-21.218 Y-.106 E.08961
G1 X-21.203 Y-.939 E.04007
G1 X-21.09 Y-2.815 E.09039
G1 X-20.855 Y-3.734 E.04562
G1 X-20.444 Y-5.051 E.06636
G1 X-18.586 Y-4.869 E.08979
G1 X-16.307 Y-4.743 E.10978
G1 X-14.04 Y-4.772 E.10904
G1 X-12.881 Y-4.837 E.05583
G1 X-12.074 Y-4.849 E.03882
G1 X-10.064 Y-4.855 E.09667
G1 X-7.339 Y-4.814 E.13108
G1 X-4.544 Y-4.863 E.13445
G1 X-2.239 Y-4.991 E.11103
G1 X-1.401 Y-5.015 E.04032
G1 X4.834 Y-4.815 E.30004
G1 X8.57 Y-4.828 E.17969
G1 X10.409 Y-4.806 E.08846
G1 X13.316 Y-4.707 E.1399
G1 X14.955 Y-4.555 E.07917
G1 X17.266 Y-4.679 E.11131
G1 X19.544 Y-4.855 E.10989
G1 X20.101 Y-3.41 E.07448
G1 X20.343 Y-2.615 E.03997
G1 X20.523 Y-.998 E.07825
G1 X20.696 Y.075 E.05227
G1 X20.625 Y.702 E.03035
G1 X20.427 Y2.768 E.09982
G1 X20.003 Y5.096 E.11381
G1 X17.935 Y4.872 E.10005
G1 X17.423 Y4.833 E.0247
G1 X15.078 Y4.733 E.11289
G1 X13.395 Y4.89 E.0813
G1 X9.748 Y4.827 E.17543
G1 X4.873 Y4.808 E.23447
G1 X-1.329 Y4.968 E.29839
G1 X-6.435 Y4.793 E.24573
G1 X-8.922 Y4.764 E.11962
G1 X-10.042 Y4.777 E.05387
G1 X-12.166 Y4.718 E.1022
G1 X-13.109 Y4.676 E.0454
G1 X-15.149 Y4.541 E.09833
G1 X-17.347 Y4.627 E.1058
G1 X-20.073 Y4.831 E.13148
G1 X-20.26 Y4.477 F7800
G1 E-2 F2400
G1 X-19.704 Y-3.935 F7800
G1 E2 F2400
;TYPE:Solid infill
;WIDTH:0.406334
G1 F1200
G1 X-19.367 Y-3.902 E.01444
;WIDTH:0.416006
G1 X-19.511 Y-3.357 E.02472
;WIDTH:0.423843
G1 X-19.693 Y-2.614 E.0343
;WIDTH:0.424033
G1 X-19.749 Y-1.682 E.04188
;WIDTH:0.440694
G1 X-19.781 Y-.105 E.07403
;WIDTH:0.43639
G1 X-19.642 Y1.037 E.05338
;WIDTH:0.435137
G1 X-19.599 Y1.6 E.02611
;WIDTH:0.418496
G1 X-19.525 Y2.501 E.03993
;WIDTH:0.395743
G1 X-19.16 Y3.518 E.04466
;WIDTH:0.394396
G1 X-19.087 Y3.722 E.00892
G1 X-19.428 Y3.747 E.01407
G1 X-19.471 Y3.629 E.00517
;WIDTH:0.395743
G1 X-19.837 Y2.613 E.04463
;WIDTH:0.418244
G1 X-19.905 Y2.368 E.01122
;WIDTH:0.418828
G1 X-19.953 Y1.612 E.03349
;WIDTH:0.435137
G1 X-20.01 Y1.082 E.02465
;WIDTH:0.43639
G1 X-20.151 Y-.06 E.05339
;WIDTH:0.440876
G1 X-20.147 Y-.902 E.03954
;WIDTH:0.440694
G1 X-20.107 Y-1.711 E.03802
;WIDTH:0.423875
G1 X-20.023 Y-2.778 E.04799
;WIDTH:0.416372
G1 X-19.85 Y-3.453 E.03059
;WIDTH:0.416006
G1 X-19.76 Y-3.751 E.01365
G1 E-2 F2400
G1 X-9.3 Y3.708 F7800
G1 E2 F2400
;TYPE:Internal infill
;WIDTH:0.45
G1 F4800
G1 X-6.987 Y3.726 E.11125
G1 X-4.971 Y-3.795 E.3745
G1 X-3.841 Y-3.841 E.05439
G1 X3.775 Y3.775 E.51803
G1 X4.984 Y3.748 E.05816
G1 X6.996 Y-3.762 E.37394
G1 X9.31 Y-3.759 E.1113
G1 E-2 F2400
G1 X14.65 Y3.713 F7800
G1 E2 F2400
G1 F4800
G1 X15.119 Y3.672 E.02264
G1 X16.96 Y3.752 E.08863
G1 X18.589 Y-2.327 E.30269
G1 X18.627 Y-1.997 E.01598
G1 X-3.17 Y3.844 E1.08535
G1 X-4.378 Y3.802 E.05814
G1 X-11.969 Y-3.789 E.51633
G1 X-10.961 Y-3.792 E.04848
G1 X-12.948 Y3.625 E.36931
G1 X-12.719 Y3.642 E.01104
G1 X-19.251 Y-2.891 E.44433
G1 X-19.007 Y-3.845 E.04736
G1 X-16.968 Y-3.719 E.09826
G1 X-18.853 Y3.314 E.3502
G1 X-19.182 Y2.395 E.04695
G1 X-19.197 Y2.15 E.01181
G1 X3.049 Y-3.811 E1.1077
G1 X4.413 Y-3.767 E.06564
G1 X11.985 Y3.805 E.51504
G1 X10.962 Y3.787 E.04921
G1 X12.957 Y-3.658 E.37071
G1 X12.693 Y-3.667 E.0127
G1 X18.665 Y2.304 E.40617
G1 X18.858 Y.001 E.11115
G1 E-2 F2400
G1 X18.845 Y-3.748 F7800
G1 E2 F2400
;TYPE:Solid infill
;WIDTH:0.428611
G1 F1200
G1 X19.11 Y-3.061 E.03345
;WIDTH:0.42763
G1 X19.313 Y-2.403 E.0312
;WIDTH:0.423008
G1 X19.484 Y-.884 E.06837
;WIDTH:0.419008
G1 X19.485 Y-.876 E.00036
;WIDTH:0.440365
G1 X19.625 Y.155 E.04879
G1 X19.526 Y1.068 E.04307
;WIDTH:0.432961
G1 X19.366 Y2.733 E.07689
;WIDTH:0.429216
G1 X19.176 Y3.786 E.04869
;WIDTH:0.426166
G1 X19.146 Y3.95 E.00752
G1 X18.786 Y3.914 E.01633
G1 X18.82 Y3.722 E.0088
;WIDTH:0.429216
G1 X19.007 Y2.668 E.04871
;WIDTH:0.432961
G1 X19.161 Y1.031 E.07559
;WIDTH:0.438567
G1 X19.249 Y.077 E.04471
G1 X19.132 Y-.842 E.04324
;WIDTH:0.423008
G1 X18.94 Y-2.462 E.07297
;WIDTH:0.42763
G1 X18.767 Y-2.942 E.02312
;WIDTH:0.428611
G1 X18.465 Y-3.718 E.03783
G1 X18.653 Y-3.733 E.00857
G1 E-2 F2400
G1 X1.268 Y3.84 F7800
G1 E2 F2400
;TYPE:Internal infill
;WIDTH:0.45
G1 F4800
G1 X-1.045 Y3.899 E.11128
G1 X1.039 Y-3.876 E.38715
G1 X-1.274 Y-3.95 E.1113
;LAYER_CHANGE
;Z:16.55
;HEIGHT:0.299999
G1 E-2 F2400
G1 Z16.55 F7800
G1 Z16.55
G1 X-19.916 Y4.017
G1 E2 F2400
;TYPE:Perimeter
;WIDTH:0.45
G1 F3600
G1 X-20.487 Y2.439 E.08071
G1 X-20.516 Y1.987 E.02178
G1 X-20.75 Y.098 E.09155
G1 X-20.775 Y-.52 E.02975
G1 X-20.654 Y-2.543 E.09747
G1 X-20.535 Y-3.126 E.02862
G1 X-20.192 Y-4.225 E.05537
G1 X-18.982 Y-4.107 E.05847
G1 X-16.057 Y-3.947 E.14089
G1 X-14.44 Y-3.968 E.07778
G1 X-12.704 Y-4.067 E.08363
G1 X-11.502 Y-4.083 E.05782
G1 X-9.967 Y-4.088 E.07383
G1 X-7.244 Y-4.052 E.13098
G1 X-4.502 Y-4.099 E.1319
G1 X-1.402 Y-4.257 E.14929
G1 X4.771 Y-4.051 E.29707
G1 X8.75 Y-4.06 E.19138
G1 X10.3 Y-4.042 E.07455
G1 X13.122 Y-3.941 E.13582
G1 X15.077 Y-3.767 E.0944
G1 X17.369 Y-3.883 E.11038
G1 X19.373 Y-4.038 E.09667
G1 X19.602 Y-3.445 E.03057
G1 X19.853 Y-2.619 E.04152
G1 X19.923 Y-2.283 E.01651
G1 X20.04 Y-1.237 E.05062
G1 X20.256 Y.094 E.06485
G1 X20.197 Y.615 E.02522
G1 X19.991 Y2.668 E.09924
G1 X19.709 Y4.25 E.07729
G1 X18.374 Y4.105 E.06459
G1 X17.489 Y4.037 E.04269
G1 X15.084 Y3.946 E.11575
G1 X13.212 Y4.121 E.09043
G1 X9.351 Y4.059 E.18572
G1 X4.831 Y4.042 E.2174
G1 X-1.334 Y4.205 E.29662
G1 X-6.647 Y4.025 E.25568
G1 X-9.089 Y4 E.11746
G1 X-9.945 Y4.009 E.04117
G1 X-12.65 Y3.935 E.13015
G1 X-14.341 Y3.794 E.08161
G1 X-15.251 Y3.748 E.04382
G1 X-17.442 Y3.831 E.10546
G1 X-19.856 Y4.013 E.11643
G1 X-20.178 Y4.424 F7800
G1 F3600
G1 X-20.869 Y2.518 E.09751
G1 X-20.899 Y2.034 E.02332
G1 X-21.132 Y.146 E.0915
G1 X-21.16 Y-.535 E.03278
G1 X-21.027 Y-2.761 E.10725
G1 X-20.906 Y-3.231 E.02334
G1 X-20.467 Y-4.64 E.07098
G1 X-18.961 Y-4.492 E.07278
G1 X-16.062 Y-4.333 E.13964
G1 X-14.462 Y-4.353 E.07696
G1 X-12.718 Y-4.452 E.08402
G1 X-11.505 Y-4.469 E.05835
G1 X-9.965 Y-4.474 E.07407
G1 X-7.251 Y-4.437 E.13055
G1 X-4.509 Y-4.485 E.1319
G1 X-1.405 Y-4.643 E.14948
G1 X4.783 Y-4.436 E.29779
G1 X8.752 Y-4.446 E.1909
G1 X10.309 Y-4.428 E.07489
G1 X13.147 Y-4.326 E.13659
G1 X15.058 Y-4.152 E.09229
G1 X17.339 Y-4.268 E.10985
G1 X19.63 Y-4.445 E.11052
G1 X19.966 Y-3.571 E.04504
G1 X20.222 Y-2.732 E.04219
G1 X20.306 Y-2.326 E.01994
G1 X20.421 Y-1.298 E.04975
G1 X20.645 Y.085 E.06738
G1 X20.58 Y.658 E.02774
G1 X20.374 Y2.719 E.09962
G1 X20.017 Y4.671 E.09544
G1 X18.333 Y4.489 E.08147
G1 X17.473 Y4.422 E.04149
G1 X15.12 Y4.33 E.11326
G1 X13.227 Y4.507 E.09144
G1 X9.346 Y4.444 E.18669
G1 X4.83 Y4.428 E.21721
G1 X-1.336 Y4.59 E.29667
G1 X-6.66 Y4.41 E.25621
G1 X-9.093 Y4.385 E.11703
G1 X-9.949 Y4.395 E.04117
G1 X-12.671 Y4.32 E.13097
G1 X-14.373 Y4.178 E.08214
G1 X-15.237 Y4.133 E.04161
G1 X-17.413 Y4.216 E.10473
G1 X-20.119 Y4.419 E.13051
G1 X-20.441 Y4.83 F7800
;TYPE:External perimeter
G1 F1800
G1 X-21.25 Y2.597 E.11423
G1 X-21.282 Y2.081 E.02487
G1 X-21.554 Y-.118 E.10657
G1 X-21.546 Y-.55 E.02078
G1 X-21.41 Y-2.821 E.10942
G1 X-21.278 Y-3.337 E.02562
G1 X-20.741 Y-5.055 E.08657
G1 X-18.94 Y-4.877 E.08704
G1 X-16.067 Y-4.718 E.13839
G1 X-14.484 Y-4.738 E.07614
G1 X-12.732 Y-4.838 E.0844
G1 X-11.508 Y-4.855 E.05888
G1 X-9.963 Y-4.859 E.07431
G1 X-7.258 Y-4.823 E.13011
G1 X-4.516 Y-4.87 E.1319
G1 X-1.409 Y-5.029 E.14963
G1 X4.796 Y-4.822 E.2986
G1 X8.754 Y-4.831 E.19037
G1 X10.318 Y-4.813 E.07523
G1 X13.172 Y-4.711 E.13736
G1 X15.038 Y-4.537 E.09014
G1 X17.31 Y-4.652 E.10942
G1 X19.886 Y-4.851 E.12427
G1 X20.331 Y-3.697 E.05949
G1 X20.591 Y-2.844 E.04289
G1 X20.689 Y-2.369 E.02333
G1 X20.802 Y-1.36 E.04883
G1 X21.034 Y.076 E.06996
G1 X20.963 Y.701 E.03025
G1 X20.756 Y2.77 E.10001
G1 X20.496 Y4.245 E.07204
G1 X20.325 Y5.093 E.04161
G1 X18.291 Y4.872 E.0984
G1 X17.457 Y4.807 E.04023
G1 X15.156 Y4.714 E.11076
G1 X13.242 Y4.893 E.09246
G1 X9.343 Y4.83 E.18755
G1 X4.828 Y4.813 E.21716
G1 X-1.337 Y4.976 E.29662
G1 X-6.673 Y4.795 E.25679
G1 X-9.097 Y4.771 E.11659
G1 X-9.952 Y4.78 E.04112
G1 X-12.693 Y4.705 E.13188
G1 X-14.405 Y4.563 E.08262
G1 X-15.222 Y4.519 E.03935
G1 X-17.384 Y4.6 E.10406
G1 X-20.382 Y4.826 E.1446
G1 X-20.568 Y4.472 F7800
G1 E-2 F2400
G1 X-20.496 Y-.188 F7800
G1 E2 F2400
;TYPE:Solid infill
;WIDTH:0.440531
G1 F1200
G1 X-20.445 Y-1.305 E.05246
;WIDTH:0.420164
G1 X-20.445 Y-1.318 E.00058
;WIDTH:0.42377
G1 X-20.371 Y-2.641 E.0594
G1 X-20.272 Y-3.056 E.01912
;WIDTH:0.416997
G1 X-20.005 Y-3.942 E.0407
;WIDTH:0.398215
G1 X-19.675 Y-3.91 E.0138
G1 X-19.724 Y-3.721 E.00813
;WIDTH:0.42377
G1 X-20.012 Y-2.621 E.05097
G1 X-20.089 Y-1.3 E.05931
;WIDTH:0.420164
G1 X-20.09 Y-1.293 E.00031
;WIDTH:0.440531
G1 X-20.117 Y-.116 E.05523
;WIDTH:0.436393
G1 X-19.941 Y1.303 E.06635
G1 X-19.891 Y1.938 E.02955
;WIDTH:0.418239
G1 X-19.838 Y2.491 E.02452
;WIDTH:0.395598
G1 X-19.47 Y3.512 E.04483
;WIDTH:0.394253
G1 X-19.396 Y3.716 E.00893
G1 X-19.737 Y3.742 E.01407
G1 X-19.78 Y3.624 E.00517
;WIDTH:0.395598
G1 X-20.149 Y2.603 E.04485
;WIDTH:0.402323
G1 X-20.178 Y2.514 E.00395
;WIDTH:0.418543
G1 X-20.245 Y1.95 E.02509
;WIDTH:0.436294
G1 X-20.477 Y.004 E.09091
G1 X-19.727 Y-.85 F7800
;TYPE:Internal infill
;WIDTH:0.45
G1 F4800
G1 X-19.638 Y-2.631 E.08577
G1 X-19.504 Y-3.144 E.0255
G1 X-12.722 Y3.639 E.46134
G1 X-12.947 Y3.62 E.01086
G1 X-10.96 Y-3.796 E.36927
G1 X-11.968 Y-3.788 E.04848
G1 X-4.368 Y3.812 E.51694
G1 X-3.201 Y3.852 E.05616
G1 X18.935 Y-2.079 E1.10222
G1 X18.901 Y-2.388 E.01495
G1 X18.738 Y-2.885 E.02516
G1 X16.967 Y3.726 E.32918
G1 X18.745 Y3.855 E.08574
G1 X18.966 Y2.606 E.06101
G1 X12.693 Y-3.667 E.42668
G1 X12.957 Y-3.658 E.0127
G1 X10.96 Y3.795 E.37111
G1 X11.992 Y3.812 E.04964
G1 X4.407 Y-3.774 E.51596
G1 X3.075 Y-3.818 E.0641
G1 X-19.504 Y2.232 E1.12428
G1 X-19.495 Y2.384 E.00732
G1 X-19.036 Y3.661 E.06527
G1 X-18.944 Y3.654 E.00444
G1 X-16.972 Y-3.708 E.36657
G1 X-14.659 Y-3.675 E.11126
G1 E-2 F2400
G1 X-9.302 Y3.713 F7800
G1 E2 F2400
G1 F4800
G1 X-6.988 Y3.732 E.1113
G1 X-4.97 Y-3.802 E.37513
G1 X-3.843 Y-3.843 E.05424
G1 X3.78 Y3.78 E.51851
G1 X4.983 Y3.754 E.05787
G1 X6.998 Y-3.767 E.37449
G1 X9.311 Y-3.764 E.11125
G1 E-2 F2400
G1 X-1.271 Y-3.964 F7800
G1 E2 F2400
G1 F4800
G1 X1.041 Y-3.886 E.11126
G1 X-1.047 Y3.908 E.38808
G1 X1.266 Y3.847 E.11129
G1 E-2 F2400
G1 X19.486 Y-.553 F7800
G1 E2 F2400
;TYPE:Solid infill
;WIDTH:0.4377
G1 F1200
G1 X19.411 Y-1.159 E.02843
;WIDTH:0.422917
G1 X19.279 Y-2.342 E.05323
;WIDTH:0.422644
G1 X19.253 Y-2.485 E.00649
;WIDTH:0.423354
G1 X19.003 Y-3.232 E.03527
G1 X18.816 Y-3.718 E.02331
G1 X19.189 Y-3.747 E.01675
G1 X19.466 Y-2.967 E.03706
;WIDTH:0.422644
G1 X19.633 Y-2.399 E.02646
;WIDTH:0.422917
G1 X19.767 Y-1.199 E.054
;WIDTH:0.423134
G1 X19.769 Y-1.19 E.00041
;WIDTH:0.4377
G1 X19.856 Y-.604 E.02758
;WIDTH:0.441036
G1 X19.963 Y.153 E.03592
G1 X19.824 Y1.425 E.06011
;WIDTH:0.432799
G1 X19.697 Y2.73 E.06025
;WIDTH:0.430334
G1 X19.482 Y3.944 E.05627
G1 X19.118 Y3.905 E.01671
G1 X19.337 Y2.667 E.05738
;WIDTH:0.432799
G1 X19.46 Y1.395 E.05872
;WIDTH:0.441036
G1 X19.585 Y.067 E.06266
;WIDTH:0.438459
G1 X19.517 Y-.363 E.02031
;LAYER_CHANGE
;Z:16.85
;HEIGHT:0.300001
G1 E-2 F2400
G1 Z16.85 F7800
G1 Z16.85
G1 X-20.223 Y4.012
G1 E2 F2400
;TYPE:Perimeter
;WIDTH:0.45
G1 F3600
G1 X-20.225 Y4.012 E.0001
G1 X-20.81 Y2.401 E.08243
G1 X-21.114 Y-.147 E.12342
G1 X-20.965 Y-2.684 E.12223
G1 X-20.487 Y-4.228 E.07774
G1 X-19.335 Y-4.115 E.05567
G1 X-15.882 Y-3.923 E.16633
G1 X-14.885 Y-3.934 E.04796
G1 X-12.557 Y-4.067 E.11215
G1 X-9.861 Y-4.093 E.12967
G1 X-7.163 Y-4.061 E.12977
G1 X-4.474 Y-4.106 E.12935
G1 X-1.411 Y-4.271 E.14753
G1 X4.731 Y-4.058 E.29559
G1 X8.933 Y-4.064 E.2021
G1 X10.208 Y-4.049 E.06133
G1 X12.986 Y-3.946 E.1337
G1 X15.159 Y-3.749 E.10494
G1 X17.408 Y-3.856 E.10829
G1 X19.716 Y-4.035 E.11134
G1 X19.832 Y-3.732 E.0156
G1 X20.173 Y-2.615 E.05617
G1 X20.242 Y-2.279 E.0165
G1 X20.318 Y-1.609 E.03243
G1 X20.594 Y.095 E.08302
G1 X20.535 Y.614 E.02512
G1 X20.321 Y2.669 E.09937
G1 X20.027 Y4.246 E.07716
G1 X18.562 Y4.091 E.07085
G1 X17.521 Y4.011 E.05022
G1 X15.289 Y3.924 E.10743
G1 X13.056 Y4.123 E.10783
G1 X10.258 Y4.1 E.13458
G1 X8.946 Y4.062 E.06313
G1 X4.787 Y4.048 E.20003
G1 X-1.342 Y4.213 E.29489
G1 X-6.884 Y4.027 E.2667
G1 X-9.848 Y4.013 E.14256
G1 X-12.519 Y3.941 E.12851
G1 X-15.322 Y3.726 E.13521
G1 X-17.48 Y3.804 E.10386
G1 X-20.163 Y4.007 E.12941
G1 X-20.487 Y4.419 F7800
G1 F3600
G1 X-21.188 Y2.491 E.09867
G1 X-21.501 Y-.136 E.12724
G1 X-21.347 Y-2.753 E.12609
G1 X-20.763 Y-4.643 E.09514
G1 X-19.314 Y-4.5 E.07003
G1 X-15.861 Y-4.308 E.16633
G1 X-14.907 Y-4.319 E.04589
G1 X-12.569 Y-4.452 E.11263
G1 X-9.861 Y-4.478 E.13025
G1 X-7.17 Y-4.446 E.12944
G1 X-4.481 Y-4.492 E.12935
G1 X-1.414 Y-4.657 E.14773
G1 X4.745 Y-4.443 E.29641
G1 X8.935 Y-4.449 E.20152
G1 X10.218 Y-4.435 E.06171
G1 X13.011 Y-4.331 E.13443
G1 X15.14 Y-4.134 E.10283
G1 X17.378 Y-4.241 E.10776
G1 X19.972 Y-4.442 E.12514
G1 X20.197 Y-3.858 E.0301
G1 X20.542 Y-2.727 E.05687
G1 X20.626 Y-2.322 E.01989
G1 X20.699 Y-1.67 E.03155
G1 X20.983 Y.086 E.08555
G1 X20.918 Y.657 E.02764
G1 X20.703 Y2.72 E.09976
G1 X20.336 Y4.667 E.09529
G1 X18.532 Y4.476 E.08725
G1 X17.506 Y4.397 E.04949
G1 X15.274 Y4.31 E.10743
G1 X13.077 Y4.508 E.1061
G1 X10.25 Y4.485 E.13597
G1 X8.941 Y4.448 E.06298
G1 X4.785 Y4.433 E.19989
G1 X-1.344 Y4.599 E.29489
G1 X-6.897 Y4.412 E.26723
G1 X-9.854 Y4.398 E.14222
G1 X-12.539 Y4.326 E.12919
G1 X-15.308 Y4.111 E.13358
G1 X-17.451 Y4.189 E.10314
G1 X-20.427 Y4.414 E.14354
G1 X-20.749 Y4.825 F7800
;TYPE:External perimeter
G1 F1800
G1 X-21.566 Y2.58 E.1149
G1 X-21.888 Y-.124 E.13097
G1 X-21.729 Y-2.822 E.12999
G1 X-21.038 Y-5.058 E.11256
G1 X-19.293 Y-4.885 E.08434
G1 X-15.839 Y-4.693 E.16638
G1 X-14.929 Y-4.704 E.04377
G1 X-12.582 Y-4.838 E.11307
G1 X-9.86 Y-4.864 E.13092
G1 X-7.176 Y-4.832 E.1291
G1 X-4.487 Y-4.877 E.12935
G1 X-1.418 Y-5.043 E.14782
G1 X4.758 Y-4.828 E.29722
G1 X8.937 Y-4.835 E.201
G1 X10.227 Y-4.82 E.06205
G1 X13.037 Y-4.716 E.13524
G1 X15.122 Y-4.519 E.10073
G1 X17.349 Y-4.625 E.10723
G1 X20.229 Y-4.848 E.13893
G1 X20.562 Y-3.984 E.04454
G1 X20.911 Y-2.84 E.05753
G1 X21.009 Y-2.364 E.02337
G1 X21.079 Y-1.732 E.03058
G1 X21.372 Y.077 E.08814
G1 X21.302 Y.701 E.0302
G1 X21.086 Y2.771 E.1001
G1 X20.907 Y3.785 E.04952
G1 X20.644 Y5.088 E.06393
G1 X18.502 Y4.86 E.1036
G1 X17.491 Y4.782 E.04877
G1 X15.258 Y4.695 E.10748
G1 X13.097 Y4.894 E.10438
G1 X12.505 Y4.901 E.02848
G1 X10.242 Y4.871 E.10885
G1 X8.937 Y4.834 E.06279
G1 X4.784 Y4.819 E.19975
G1 X-1.345 Y4.985 E.29489
G1 X-6.91 Y4.798 E.26781
G1 X-9.86 Y4.784 E.14189
G1 X-12.559 Y4.711 E.12986
G1 X-15.295 Y4.497 E.13199
G1 X-17.422 Y4.573 E.10237
G1 X-20.69 Y4.821 E.15763
G1 X-20.877 Y4.467 F7800
G1 E-2 F2400
G1 X-20.303 Y-3.95 F7800
G1 E2 F2400
;TYPE:Solid infill
;WIDTH:0.3881
G1 F1200
G1 X-19.973 Y-3.918 E.01339
G1 X-20.099 Y-3.513 E.01713
;WIDTH:0.423777
G1 X-20.333 Y-2.591 E.04264
G1 X-20.434 Y-.911 E.07544
;WIDTH:0.423307
G1 X-20.434 Y-.903 E.00036
;WIDTH:0.436802
G1 X-20.453 Y-.128 E.03601
;WIDTH:0.440522
G1 X-20.15 Y2.48 E.12318
;WIDTH:0.395458
G1 X-19.779 Y3.507 E.04509
;WIDTH:0.394113
G1 X-19.706 Y3.711 E.00891
G1 X-20.047 Y3.737 E.01406
G1 X-20.089 Y3.619 E.00515
;WIDTH:0.395458
G1 X-20.462 Y2.593 E.04508
;WIDTH:0.424027
G1 X-20.542 Y2.316 E.01293
;WIDTH:0.440522
G1 X-20.822 Y-.083 E.11331
;WIDTH:0.438846
G1 X-20.792 Y-.932 E.03968
;WIDTH:0.423777
G1 X-20.692 Y-2.612 E.07544
G1 X-20.648 Y-2.796 E.00848
;WIDTH:0.409357
G1 X-20.358 Y-3.765 E.04352
G1 E-2 F2400
G1 X-9.303 Y3.726 F7800
G1 E2 F2400
;TYPE:Internal infill
;WIDTH:0.45
G1 F4800
G1 X-6.99 Y3.737 E.11125
G1 X-4.968 Y-3.808 E.37569
G1 X-3.85 Y-3.85 E.05381
G1 X3.785 Y3.785 E.51932
G1 X4.981 Y3.759 E.05754
G1 X6.999 Y-3.772 E.37499
G1 X9.313 Y-3.77 E.1113
G1 E-2 F2400
G1 X14.663 Y3.689 F7800
G1 E2 F2400
G1 F4800
G1 X15.27 Y3.634 E.02931
G1 X16.973 Y3.701 E.08197
G1 X18.878 Y-3.408 E.35398
G1 X19.22 Y-2.384 E.05193
G1 X19.245 Y-2.162 E.01074
G1 X-3.233 Y3.86 E1.11924
G1 X-4.358 Y3.822 E.05414
G1 X-11.963 Y-3.783 E.51728
G1 X-10.96 Y-3.793 E.04824
G1 X-12.946 Y3.618 E.36902
G1 X-12.726 Y3.635 E.01061
G1 X-19.762 Y-3.401 E.47858
G1 X-19.666 Y-3.713 E.0157
G1 X-19.263 Y-3.821 E.02007
G1 X-16.975 Y-3.696 E.11021
G1 X-18.936 Y3.624 E.36448
G1 X-19.346 Y3.655 E.01978
G1 X-19.812 Y2.314 E.06828
G1 X3.101 Y-3.825 E1.14091
G1 X4.4 Y-3.78 E.06251
G1 X12.005 Y3.825 E.51728
G1 X10.954 Y3.816 E.05055
G1 X12.957 Y-3.658 E.37216
G1 X12.693 Y-3.667 E.0127
G1 X19.245 Y2.885 E.44566
G1 X19.49 Y.585 E.11125
G1 E-2 F2400
G1 X19.53 Y-3.747 F7800
G1 E2 F2400
;TYPE:Solid infill
;WIDTH:0.417141
G1 F1200
G1 X19.691 Y-3.254 E.02282
;WIDTH:0.422643
G1 X19.954 Y-2.377 E.04091
;WIDTH:0.423187
G1 X20.046 Y-1.562 E.0367
;WIDTH:0.437695
G1 X20.134 Y-.976 E.02759
;WIDTH:0.442628
G1 X20.301 Y.147 E.05356
;WIDTH:0.444533
G1 X20.043 Y2.624 E.11808
;WIDTH:0.433207
G1 X20.025 Y2.735 E.00517
;WIDTH:0.429438
G1 X19.834 Y3.775 E.04815
;WIDTH:0.428346
G1 X19.803 Y3.941 E.00767
G1 X19.441 Y3.902 E.01653
G1 X19.476 Y3.71 E.00886
;WIDTH:0.429438
G1 X19.666 Y2.669 E.04818
;WIDTH:0.433207
G1 X19.676 Y2.588 E.00375
;WIDTH:0.444533
G1 X19.922 Y.057 E.12057
;WIDTH:0.438462
G1 X19.764 Y-.925 E.04641
;WIDTH:0.437695
G1 X19.689 Y-1.531 E.02843
;WIDTH:0.422973
G1 X19.572 Y-2.48 E.04277
;WIDTH:0.408392
G1 X19.361 Y-3.165 E.03075
;WIDTH:0.417141
G1 X19.154 Y-3.718 E.02598
G1 X19.338 Y-3.732 E.00812
G1 E-2 F2400
G1 X1.264 Y3.854 F7800
G1 E2 F2400
;TYPE:Internal infill
;WIDTH:0.45
G1 F4800
G1 X-1.049 Y3.916 E.11129
G1 X1.044 Y-3.897 E.38903
G1 X-1.268 Y-3.977 E.11127
;LAYER_CHANGE
;Z:17.15
;HEIGHT:0.299999
G1 E-2 F2400
G1 Z17.15 F7800
G1 Z17.15
G1 X-20.531 Y4.007
G1 E2 F2400
;TYPE:Perimeter
;WIDTH:0.45
G1 F3600
G1 X-20.533 Y4.007 E.0001
G1 X-21.096 Y2.402 E.08181
G1 X-21.385 Y-.149 E.12348
G1 X-21.253 Y-2.435 E.11013
G1 X-21.199 Y-2.78 E.0168
G1 X-20.787 Y-4.231 E.07255
G1 X-19.92 Y-4.145 E.0419
G1 X-15.536 Y-3.898 E.21119
G1 X-12.407 Y-4.067 E.15071
G1 X-9.758 Y-4.097 E.12742
G1 X-7.085 Y-4.069 E.12857
G1 X-4.605 Y-4.101 E.11929
G1 X-1.414 Y-4.282 E.15372
G1 X4.693 Y-4.064 E.29391
G1 X10.122 Y-4.056 E.26112
G1 X12.849 Y-3.951 E.13126
G1 X15.24 Y-3.731 E.11548
G1 X17.447 Y-3.83 E.10626
G1 X20.045 Y-4.031 E.12533
G1 X20.063 Y-4.019 E.00104
G1 X20.493 Y-2.61 E.07085
G1 X20.932 Y.098 E.13195
G1 X20.877 Y.607 E.02462
G1 X20.653 Y2.651 E.0989
G1 X20.341 Y4.241 E.07793
G1 X19.057 Y4.102 E.06212
G1 X17.593 Y3.988 E.07063
G1 X15.364 Y3.906 E.10728
G1 X13.487 Y4.087 E.0907
G1 X12.932 Y4.123 E.02675
G1 X11.949 Y4.136 E.04728
G1 X10.164 Y4.112 E.08586
G1 X8.532 Y4.066 E.07852
G1 X4.742 Y4.053 E.18229
G1 X-1.346 Y4.222 E.29292
G1 X-4.631 Y4.088 E.15813
G1 X-7.115 Y4.024 E.11951
G1 X-9.759 Y4.016 E.12717
G1 X-12.392 Y3.946 E.12668
G1 X-13.391 Y3.881 E.04815
G1 X-15.393 Y3.704 E.09666
G1 X-17.518 Y3.777 E.10227
G1 X-20.471 Y4.002 E.14244
G1 X-20.795 Y4.414 F7800
G1 F3600
G1 X-21.474 Y2.486 E.09831
G1 X-21.772 Y-.139 E.12706
G1 X-21.629 Y-2.623 E.11967
G1 X-21.291 Y-3.911 E.06405
G1 X-21.062 Y-4.646 E.03703
G1 X-19.898 Y-4.53 E.05626
G1 X-15.556 Y-4.283 E.20917
G1 X-12.42 Y-4.452 E.15105
G1 X-9.758 Y-4.483 E.12804
G1 X-7.09 Y-4.455 E.12833
G1 X-4.61 Y-4.487 E.11929
G1 X-1.418 Y-4.668 E.15377
G1 X4.706 Y-4.45 E.29473
G1 X10.13 Y-4.441 E.26088
G1 X12.875 Y-4.336 E.13212
G1 X15.223 Y-4.116 E.11343
G1 X17.417 Y-4.214 E.10563
G1 X20.315 Y-4.439 E.1398
G1 X20.428 Y-4.145 E.01515
G1 X20.922 Y-2.524 E.0815
G1 X20.976 Y-2.042 E.02333
G1 X21.321 Y.088 E.10378
G1 X21.26 Y.649 E.02714
G1 X21.034 Y2.71 E.09972
G1 X20.651 Y4.662 E.09567
G1 X19.045 Y4.488 E.0777
G1 X17.563 Y4.373 E.07149
G1 X15.35 Y4.291 E.10651
G1 X13.526 Y4.471 E.08815
G1 X12.946 Y4.509 E.02796
G1 X11.949 Y4.522 E.04796
G1 X10.156 Y4.498 E.08624
G1 X8.531 Y4.452 E.07819
G1 X4.741 Y4.439 E.18229
G1 X-1.348 Y4.608 E.29297
G1 X-4.641 Y4.473 E.15851
G1 X-7.125 Y4.41 E.11951
G1 X-9.764 Y4.402 E.12693
G1 X-12.409 Y4.331 E.12726
G1 X-13.422 Y4.266 E.04882
G1 X-15.38 Y4.09 E.09455
G1 X-17.489 Y4.162 E.10149
G1 X-20.735 Y4.409 E.15657
G1 X-21.057 Y4.82 F7800
;TYPE:External perimeter
G1 F1800
G1 X-21.542 Y3.492 E.068
G1 X-21.853 Y2.57 E.0468
G1 X-22.158 Y-.128 E.13059
G1 X-22.014 Y-2.645 E.12126
G1 X-21.943 Y-2.983 E.01661
G1 X-21.661 Y-4.019 E.05164
G1 X-21.336 Y-5.061 E.0525
G1 X-19.876 Y-4.915 E.07057
G1 X-15.599 Y-4.668 E.20605
G1 X-12.432 Y-4.838 E.15254
G1 X-9.758 Y-4.868 E.12862
G1 X-7.095 Y-4.841 E.12809
G1 X-4.615 Y-4.872 E.11929
G1 X-1.422 Y-5.054 E.15382
G1 X4.72 Y-4.835 E.2956
G1 X10.137 Y-4.827 E.26054
G1 X12.901 Y-4.72 E.13304
G1 X15.206 Y-4.502 E.11136
G1 X17.388 Y-4.599 E.10505
G1 X20.571 Y-4.845 E.15355
G1 X20.793 Y-4.271 E.0296
G1 X21.301 Y-2.602 E.08391
G1 X21.357 Y-2.104 E.0241
G1 X21.711 Y.078 E.10632
G1 X21.643 Y.691 E.02966
G1 X21.416 Y2.768 E.10049
G1 X20.962 Y5.084 E.11351
G1 X19.003 Y4.871 E.09478
G1 X17.533 Y4.757 E.07091
G1 X15.335 Y4.676 E.10579
G1 X13.462 Y4.865 E.09054
G1 X12.96 Y4.894 E.02418
G1 X11.949 Y4.908 E.04863
G1 X10.148 Y4.883 E.08663
G1 X8.53 Y4.837 E.07785
G1 X4.739 Y4.825 E.18233
G1 X-1.351 Y4.994 E.29302
G1 X-4.648 Y4.859 E.15871
G1 X-7.135 Y4.795 E.11966
G1 X-9.77 Y4.788 E.12673
G1 X-12.427 Y4.717 E.12784
G1 X-13.452 Y4.65 E.0494
G1 X-15.367 Y4.475 E.09249
G1 X-17.459 Y4.546 E.10068
G1 X-20.998 Y4.816 E.17071
G1 X-21.185 Y4.462 F7800
G1 E-2 F2400
G1 X-21.115 Y-.189 F7800
G1 E2 F2400
;TYPE:Solid infill
;WIDTH:0.406086
G1 F1200
G1 X-20.979 Y-2.587 E.10237
;WIDTH:0.401494
G1 X-20.949 Y-2.728 E.00606
;WIDTH:0.389482
G1 X-20.817 Y-3.212 E.02034
;WIDTH:0.387354
G1 X-20.602 Y-3.953 E.03108
G1 X-20.271 Y-3.92 E.0134
G1 X-20.518 Y-3.114 E.03396
;WIDTH:0.401494
G1 X-20.643 Y-2.568 E.02355
;WIDTH:0.406086
G1 X-20.772 Y-.142 E.10354
;WIDTH:0.415982
G1 X-20.46 Y2.467 E.11523
;WIDTH:0.392484
G1 X-20.014 Y3.706 E.05389
G1 X-20.355 Y3.732 E.014
G1 X-20.762 Y2.576 E.05015
;WIDTH:0.391852
G1 X-20.789 Y2.491 E.00364
;WIDTH:0.415982
G1 X-20.865 Y2.021 E.02088
G1 X-21.099 Y.003 E.08909
G1 E-2 F2400
G1 X-9.304 Y3.729 F7800
G1 E2 F2400
;TYPE:Internal infill
;WIDTH:0.45
G1 F4800
G1 X-6.99 Y3.738 E.1113
G1 X-4.968 Y-3.807 E.37569
G1 X-3.854 Y-3.854 E.05363
G1 X3.79 Y3.79 E.51994
G1 X4.98 Y3.765 E.05725
G1 X6.999 Y-3.771 E.37524
G1 X9.313 Y-3.768 E.1113
G1 E-2 F2400
G1 X14.671 Y3.682 F7800
G1 E2 F2400
G1 F4800
G1 X15.345 Y3.616 E.03257
G1 X16.98 Y3.676 E.07869
G1 X18.945 Y-3.656 E.36509
G1 X19.119 Y-3.669 E.00839
G1 X19.555 Y-2.245 E.07163
G1 X-3.217 Y3.856 E1.13388
G1 X-4.371 Y3.809 E.05555
G1 X-11.963 Y-3.783 E.5164
G1 X-10.96 Y-3.794 E.04824
G1 X-12.947 Y3.62 E.36917
G1 X-12.726 Y3.635 E.01065
G1 X-19.991 Y-3.626 E.49402
G1 X-19.274 Y-3.818 E.0357
G1 X-16.977 Y-3.687 E.11066
G1 X-18.928 Y3.595 E.36259
G1 X-19.655 Y3.65 E.03507
G1 X-20.11 Y2.394 E.06425
G1 X3.123 Y-3.831 E1.15684
G1 X4.395 Y-3.786 E.06122
G1 X12.026 Y3.846 E.51909
G1 X10.949 Y3.834 E.0518
G1 X12.955 Y-3.65 E.37266
G1 X12.693 Y-3.667 E.01263
G1 X19.527 Y3.167 E.46484
G1 X19.795 Y.87 E.11123
G1 E-2 F2400
G1 X20.051 Y-1.232 F7800
G1 E2 F2400
;TYPE:Solid infill
;WIDTH:0.438407
G1 F1200
G1 X19.967 Y-1.902 E.0315
;WIDTH:0.422755
G1 X19.892 Y-2.476 E.02587
;WIDTH:0.409344
G1 X19.598 Y-3.44 E.04336
;WIDTH:0.411616
G1 X19.493 Y-3.717 E.01283
G1 X19.864 Y-3.746 E.01612
G1 X19.928 Y-3.541 E.0093
;WIDTH:0.409344
G1 X20.222 Y-2.577 E.04336
;WIDTH:0.412142
G1 X20.239 Y-2.516 E.00275
;WIDTH:0.422958
G1 X20.324 Y-1.935 E.02626
;WIDTH:0.438407
G1 X20.629 Y-.002 E.09129
;WIDTH:0.442856
G1 X20.64 Y.149 E.00715
;WIDTH:0.443925
G1 X20.375 Y2.601 E.11675
;WIDTH:0.433797
G1 X20.352 Y2.739 E.00645
;WIDTH:0.428039
G1 X20.153 Y3.783 E.04821
;WIDTH:0.41772
G1 X20.121 Y3.942 E.00715
G1 X19.772 Y3.905 E.01547
G1 X19.805 Y3.719 E.00833
;WIDTH:0.428039
G1 X19.994 Y2.673 E.04821
;WIDTH:0.433797
G1 X20.008 Y2.564 E.00506
;WIDTH:0.443925
G1 X20.263 Y.109 E.11684
;WIDTH:0.442856
G1 X20.26 Y.058 E.00241
;WIDTH:0.438468
G1 X20.082 Y-1.041 E.05195
G1 E-2 F2400
G1 X1.261 Y3.861 F7800
G1 E2 F2400
;TYPE:Internal infill
;WIDTH:0.45
G1 F4800
G1 X-1.052 Y3.925 E.11129
G1 X1.046 Y-3.905 E.38988
G1 X-1.266 Y-3.987 E.11127
;LAYER_CHANGE
;Z:17.45
;HEIGHT:0.300001
G1 E-2 F2400
G1 Z17.45 F7800
G1 Z17.45
G1 X-20.807 Y3.997
G1 E2 F2400
;TYPE:Perimeter
;WIDTH:0.45
G1 F3600
G1 X-21.354 Y2.383 E.08196
G1 X-21.645 Y-.151 E.12268
G1 X-21.493 Y-2.642 E.12003
G1 X-21.35 Y-3.051 E.02084
G1 X-21.03 Y-4.225 E.05853
G1 X-20.024 Y-4.126 E.04862
G1 X-15.822 Y-3.89 E.20242
G1 X-15.333 Y-3.896 E.02352
G1 X-12.255 Y-4.067 E.14827
G1 X-9.658 Y-4.102 E.12492
G1 X-7.045 Y-4.061 E.12569
G1 X-4.839 Y-4.088 E.10611
G1 X-1.412 Y-4.29 E.16511
G1 X4.654 Y-4.071 E.29194
G1 X10.03 Y-4.063 E.25857
G1 X12.713 Y-3.955 E.12915
G1 X15.321 Y-3.713 E.12597
G1 X17.486 Y-3.803 E.10422
G1 X20.379 Y-4.027 E.13956
G1 X20.869 Y-2.419 E.08085
G1 X21.27 Y.096 E.12249
G1 X21.213 Y.606 E.02468
G1 X20.983 Y2.649 E.09888
G1 X20.664 Y4.237 E.0779
G1 X19.413 Y4.102 E.06052
G1 X17.627 Y3.963 E.08616
G1 X15.439 Y3.887 E.1053
G1 X13.466 Y4.085 E.09537
G1 X12.791 Y4.124 E.03252
G1 X11.398 Y4.142 E.067
G1 X8.127 Y4.07 E.15736
G1 X4.697 Y4.059 E.16497
G1 X-1.352 Y4.232 E.29105
G1 X-4.293 Y4.111 E.14157
G1 X-4.859 Y4.072 E.02729
G1 X-7.109 Y4.009 E.10826
G1 X-9.674 Y4.02 E.12337
G1 X-12.258 Y3.952 E.12432
G1 X-13.462 Y3.874 E.05803
G1 X-15.323 Y3.699 E.0899
G1 X-15.693 Y3.687 E.01781
G1 X-17.555 Y3.75 E.08961
G1 X-20.748 Y3.993 E.15402
G1 X-21.077 Y4.405 F7800
G1 F3600
G1 X-21.732 Y2.468 E.09835
G1 X-22.032 Y-.141 E.12631
G1 X-21.875 Y-2.72 E.12427
G1 X-21.722 Y-3.152 E.02204
G1 X-21.317 Y-4.641 E.07422
G1 X-20.002 Y-4.511 E.06356
G1 X-15.801 Y-4.275 E.20237
G1 X-15.355 Y-4.281 E.02145
G1 X-12.269 Y-4.453 E.14866
G1 X-9.658 Y-4.487 E.12559
G1 X-7.05 Y-4.447 E.12545
G1 X-4.844 Y-4.474 E.10611
G1 X-1.417 Y-4.676 E.16511
G1 X4.668 Y-4.457 E.29286
G1 X10.038 Y-4.448 E.25828
G1 X12.739 Y-4.34 E.13001
G1 X15.305 Y-4.098 E.12396
G1 X17.457 Y-4.187 E.10359
G1 X20.654 Y-4.43 E.15421
G1 X21.246 Y-2.506 E.09682
G1 X21.66 Y.088 E.12634
G1 X21.596 Y.649 E.02716
G1 X21.364 Y2.708 E.09966
G1 X20.973 Y4.658 E.09566
G1 X19.383 Y4.486 E.07692
G1 X17.597 Y4.348 E.08616
G1 X15.426 Y4.272 E.10448
G1 X13.497 Y4.469 E.09326
G1 X12.805 Y4.509 E.03334
G1 X11.396 Y4.528 E.06777
G1 X8.126 Y4.455 E.15731
G1 X4.696 Y4.445 E.16497
G1 X-1.354 Y4.618 E.2911
G1 X-4.309 Y4.496 E.14225
G1 X-4.87 Y4.458 E.02704
G1 X-7.315 Y4.389 E.11764
G1 X-9.677 Y4.406 E.11361
G1 X-12.275 Y4.337 E.125
G1 X-13.493 Y4.258 E.0587
G1 X-15.359 Y4.082 E.09015
G1 X-15.68 Y4.072 E.01545
G1 X-17.526 Y4.135 E.08884
G1 X-21.017 Y4.4 E.16839
G1 X-21.346 Y4.812 F7800
;TYPE:External perimeter
G1 F1800
G1 X-22.11 Y2.553 E.1147
G1 X-22.419 Y-.131 E.12994
G1 X-22.256 Y-2.799 E.12856
G1 X-22.094 Y-3.253 E.02318
G1 X-21.603 Y-5.057 E.08992
G1 X-19.98 Y-4.896 E.07844
G1 X-15.779 Y-4.66 E.20237
G1 X-15.376 Y-4.666 E.01939
G1 X-12.282 Y-4.838 E.14904
G1 X-9.657 Y-4.873 E.12626
G1 X-7.054 Y-4.833 E.12521
G1 X-4.849 Y-4.859 E.10606
G1 X-1.421 Y-5.062 E.16516
G1 X4.682 Y-4.842 E.29372
G1 X10.046 Y-4.834 E.25799
G1 X12.765 Y-4.725 E.13088
G1 X15.29 Y-4.484 E.122
G1 X17.427 Y-4.572 E.10287
G1 X20.914 Y-4.842 E.16821
G1 X21.023 Y-4.558 E.01463
G1 X21.623 Y-2.593 E.09882
G1 X22.049 Y.079 E.13014
G1 X21.979 Y.693 E.02972
G1 X21.745 Y2.768 E.10043
G1 X21.281 Y5.08 E.11342
G1 X19.359 Y4.871 E.09299
G1 X17.568 Y4.732 E.0864
G1 X15.412 Y4.658 E.10376
G1 X13.528 Y4.854 E.0911
G1 X12.818 Y4.895 E.03421
G1 X11.394 Y4.914 E.0685
G1 X8.124 Y4.841 E.15731
G1 X4.695 Y4.83 E.16492
G1 X-1.357 Y5.004 E.2912
G1 X-4.325 Y4.881 E.14287
G1 X-4.88 Y4.843 E.02676
G1 X-7.312 Y4.775 E.11702
G1 X-9.681 Y4.791 E.11394
G1 X-12.293 Y4.723 E.12567
G1 X-13.524 Y4.643 E.05933
G1 X-15.395 Y4.466 E.09039
G1 X-15.667 Y4.457 E.01309
G1 X-17.497 Y4.519 E.08807
G1 X-21.286 Y4.807 E.18276
G1 X-21.466 Y4.45 F7800
G1 E-2 F2400
G1 X-20.849 Y-3.963 F7800
G1 E2 F2400
;TYPE:Solid infill
;WIDTH:0.35859
G1 F1200
G1 X-20.546 Y-3.933 E.01117
G1 X-20.599 Y-3.761 E.0066
;WIDTH:0.367478
G1 X-20.946 Y-2.553 E.04751
;WIDTH:0.370231
G1 X-21.086 Y-.128 E.09266
;WIDTH:0.374468
G1 X-20.772 Y2.419 E.09925
;WIDTH:0.372804
G1 X-20.31 Y3.708 E.05267
G1 X-20.632 Y3.733 E.01242
G1 X-21.051 Y2.516 E.04951
;WIDTH:0.374468
G1 X-21.107 Y2.328 E.00759
G1 X-21.388 Y-.092 E.09422
;WIDTH:0.370234
G1 X-21.249 Y-2.571 E.09472
;WIDTH:0.367478
G1 X-21.121 Y-2.992 E.01663
;WIDTH:0.355852
G1 X-20.901 Y-3.777 E.02964
G1 E-2 F2400
G1 X-17.175 Y-3.679 F7800
G1 E2 F2400
;TYPE:Internal infill
;WIDTH:0.45
G1 F4800
G1 X-19.345 Y-3.799 E.10453
G1 X-20.312 Y-3.54 E.04815
G1 X-20.215 Y-3.855 E.01585
G1 X-12.729 Y3.632 E.50922
G1 X-12.946 Y3.618 E.01046
G1 X-10.96 Y-3.795 E.36911
G1 X-11.962 Y-3.782 E.0482
G1 X-4.362 Y3.818 E.51694
G1 X-3.248 Y3.864 E.05363
G1 X19.864 Y-2.328 E1.15081
G1 X19.454 Y-3.665 E.06726
G1 X18.936 Y-3.625 E.02499
G1 X16.987 Y3.652 E.36233
G1 X19.324 Y3.805 E.11264
G1 X19.756 Y3.689 E.02151
G1 X19.802 Y3.442 E.01208
G1 X12.694 Y-3.666 E.48348
G1 X12.953 Y-3.642 E.01251
G1 X10.947 Y3.843 E.37271
G1 X11.399 Y3.853 E.02174
G1 X12.025 Y3.845 E.03011
G1 X4.389 Y-3.791 E.51939
G1 X3.143 Y-3.836 E.05997
G1 X-20.391 Y2.47 E1.17184
G1 X-19.965 Y3.643 E.06002
G1 X-18.92 Y3.564 E.0504
G1 X-16.982 Y-3.668 E.36011
G1 X-15.754 Y-3.6 E.05915
G1 X-14.671 Y-3.643 E.05213
G1 E-2 F2400
G1 X-9.3 Y3.728 F7800
G1 E2 F2400
G1 F4800
G1 X-6.986 Y3.723 E.1113
G1 X-4.971 Y-3.797 E.37445
G1 X-3.856 Y-3.856 E.0537
G1 X3.795 Y3.795 E.52041
G1 X4.978 Y3.771 E.05691
G1 X7.001 Y-3.778 E.37589
G1 X9.314 Y-3.775 E.11125
G1 E-2 F2400
G1 X-1.264 Y-3.995 F7800
G1 E2 F2400
G1 F4800
G1 X1.048 Y-3.912 E.11127
G1 X-1.054 Y3.934 E.39067
G1 X1.259 Y3.868 E.11129
G1 E-2 F2400
G1 X20.183 Y-3.74 F7800
G1 E2 F2400
;TYPE:Solid infill
;WIDTH:0.413804
G1 F1200
G1 X20.54 Y-2.575 E.0531
;WIDTH:0.425667
G1 X20.601 Y-2.344 E.01077
;WIDTH:0.440772
G1 X20.968 Y0 E.11138
;WIDTH:0.442484
G1 X20.977 Y.15 E.00709
G1 X20.706 Y2.597 E.1161
;WIDTH:0.433223
G1 X20.68 Y2.744 E.00687
;WIDTH:0.42754
G1 X20.477 Y3.779 E.04777
;WIDTH:0.418984
G1 X20.445 Y3.938 E.00717
G1 X20.094 Y3.9 E.01561
G1 X20.128 Y3.712 E.00845
;WIDTH:0.42754
G1 X20.323 Y2.676 E.04775
;WIDTH:0.433223
G1 X20.339 Y2.557 E.00552
;WIDTH:0.442484
G1 X20.598 Y.059 E.11843
;WIDTH:0.440772
G1 X20.33 Y-1.604 E.07908
G1 X20.211 Y-2.472 E.04113
;WIDTH:0.413804
G1 X19.824 Y-3.712 E.05661
G1 X19.991 Y-3.725 E.0073
;LAYER_CHANGE
;Z:17.75
;HEIGHT:0.299999
G1 E-2 F2400
G1 Z17.75 F7800
G1 Z17.75
G1 X-21.06 Y3.981
G1 E2 F2400
;TYPE:Perimeter
;WIDTH:0.45
G1 F3600
G1 X-21.612 Y2.364 E.08218
G1 X-21.905 Y-.158 E.12212
G1 X-21.818 Y-1.73 E.07572
G1 X-21.748 Y-2.621 E.04299
G1 X-21.502 Y-3.316 E.03546
G1 X-21.259 Y-4.21 E.04456
G1 X-20.293 Y-4.119 E.04667
G1 X-16.178 Y-3.889 E.19823
G1 X-15.152 Y-3.903 E.04935
G1 X-12.106 Y-4.067 E.14671
G1 X-10.289 Y-4.093 E.0874
G1 X-7.007 Y-4.052 E.15787
G1 X-5.073 Y-4.075 E.09303
G1 X-1.412 Y-4.297 E.1764
G1 X1.231 Y-4.196 E.12721
G1 X2.06 Y-4.145 E.03995
G1 X4.614 Y-4.074 E.12289
G1 X9.939 Y-4.07 E.25611
G1 X12.576 Y-3.96 E.12694
G1 X15.402 Y-3.695 E.13652
G1 X17.519 Y-3.776 E.10189
G1 X20.697 Y-4.015 E.15328
G1 X21.148 Y-2.419 E.07977
G1 X21.542 Y.103 E.12277
G1 X21.489 Y.595 E.0238
G1 X21.298 Y2.355 E.08515
G1 X20.984 Y4.233 E.09158
G1 X19.769 Y4.101 E.05878
G1 X17.662 Y3.938 E.10164
G1 X15.514 Y3.868 E.10337
G1 X13.531 Y4.074 E.09589
G1 X12.649 Y4.125 E.04249
G1 X10.843 Y4.149 E.08687
G1 X7.742 Y4.073 E.14919
G1 X4.652 Y4.065 E.14862
G1 X-1.149 Y4.235 E.27913
G1 X-4.274 Y4.113 E.15042
G1 X-5.087 Y4.056 E.0392
G1 X-7.489 Y3.984 E.11558
G1 X-10.318 Y4.005 E.13607
G1 X-12.124 Y3.958 E.08689
G1 X-13.534 Y3.866 E.06796
G1 X-15.432 Y3.688 E.09169
G1 X-16.04 Y3.67 E.02926
G1 X-17.591 Y3.723 E.07464
G1 X-21 Y3.977 E.16442
G1 X-21.328 Y4.388 F7800
G1 F3600
G1 X-21.99 Y2.45 E.0985
G1 X-22.292 Y-.146 E.1257
G1 X-22.203 Y-1.756 E.07755
G1 X-22.128 Y-2.703 E.04569
G1 X-21.873 Y-3.42 E.0366
G1 X-21.545 Y-4.625 E.06007
G1 X-20.271 Y-4.504 E.06155
G1 X-16.157 Y-4.274 E.19818
G1 X-15.173 Y-4.288 E.04733
G1 X-12.119 Y-4.453 E.1471
G1 X-10.289 Y-4.478 E.08802
G1 X-7.012 Y-4.437 E.15762
G1 X-5.078 Y-4.461 E.09303
G1 X-1.416 Y-4.683 E.17645
G1 X1.246 Y-4.581 E.12813
G1 X2.07 Y-4.531 E.0397
G1 X4.625 Y-4.459 E.12294
G1 X9.947 Y-4.455 E.25597
G1 X12.603 Y-4.345 E.12785
G1 X15.388 Y-4.081 E.13455
G1 X17.492 Y-4.16 E.10127
G1 X20.971 Y-4.426 E.16782
G1 X21.172 Y-3.791 E.03203
G1 X21.526 Y-2.5 E.06438
G1 X21.931 Y.094 E.12627
G1 X21.872 Y.637 E.02627
G1 X21.68 Y2.407 E.08563
G1 X21.388 Y4.175 E.08619
G1 X21.292 Y4.654 E.0235
G1 X19.739 Y4.486 E.07513
G1 X17.632 Y4.322 E.10165
G1 X15.502 Y4.254 E.1025
G1 X13.563 Y4.458 E.09377
G1 X12.663 Y4.51 E.04336
G1 X10.841 Y4.534 E.08764
G1 X7.733 Y4.459 E.14953
G1 X4.651 Y4.45 E.14823
G1 X-1.137 Y4.621 E.2785
G1 X-4.289 Y4.498 E.15172
G1 X-5.099 Y4.442 E.03905
G1 X-7.486 Y4.369 E.11486
G1 X-10.321 Y4.391 E.13636
G1 X-12.142 Y4.343 E.08761
G1 X-13.565 Y4.251 E.06858
G1 X-15.444 Y4.073 E.09078
G1 X-16.027 Y4.056 E.02805
G1 X-17.562 Y4.108 E.07387
G1 X-21.269 Y4.383 E.17878
G1 X-21.597 Y4.794 F7800
;TYPE:External perimeter
G1 F1800
G1 X-22.368 Y2.535 E.1148
G1 X-22.679 Y-.134 E.12924
G1 X-22.588 Y-1.782 E.07938
G1 X-22.509 Y-2.784 E.04834
G1 X-22.245 Y-3.523 E.03774
G1 X-21.832 Y-5.039 E.07557
G1 X-20.25 Y-4.889 E.07643
G1 X-16.136 Y-4.659 E.19818
G1 X-15.196 Y-4.673 E.04522
G1 X-12.132 Y-4.838 E.14758
G1 X-10.289 Y-4.864 E.08865
G1 X-7.017 Y-4.823 E.15738
G1 X-5.082 Y-4.846 E.09307
G1 X-1.42 Y-5.069 E.17646
G1 X1.26 Y-4.966 E.12899
G1 X2.081 Y-4.916 E.03956
G1 X4.647 Y-4.844 E.12346
G1 X9.956 Y-4.841 E.25534
G1 X12.629 Y-4.73 E.12867
G1 X15.373 Y-4.466 E.13259
G1 X17.464 Y-4.545 E.10064
G1 X19.725 Y-4.706 E.10902
G1 X21.246 Y-4.837 E.07343
G1 X21.542 Y-3.9 E.04726
G1 X21.903 Y-2.581 E.06577
G1 X22.32 Y.084 E.12974
G1 X22.255 Y.679 E.02879
G1 X22.062 Y2.459 E.08611
G1 X21.766 Y4.254 E.0875
G1 X21.6 Y5.076 E.04033
G1 X19.709 Y4.87 E.09149
G1 X17.602 Y4.707 E.10164
G1 X15.489 Y4.639 E.10168
G1 X13.595 Y4.843 E.09162
G1 X12.677 Y4.896 E.04423
G1 X10.839 Y4.92 E.08841
G1 X7.723 Y4.844 E.14991
G1 X4.65 Y4.836 E.1478
G1 X-1.126 Y5.006 E.27793
G1 X-4.303 Y4.884 E.15292
G1 X-5.111 Y4.827 E.03896
G1 X-7.484 Y4.755 E.11419
G1 X-10.325 Y4.776 E.13665
G1 X-12.159 Y4.728 E.08824
G1 X-13.596 Y4.635 E.06926
G1 X-15.457 Y4.459 E.08991
G1 X-16.014 Y4.441 E.0268
G1 X-17.534 Y4.492 E.07315
G1 X-21.537 Y4.79 E.19306
G1 X-21.718 Y4.433 F7800
G1 X-20.796 Y3.581
;TYPE:Solid infill
;WIDTH:0.630117
G1 F1200
G1 X-21.182 Y2.462 E.08352
;WIDTH:0.656255
G1 X-21.227 Y2.277 E.01406
;WIDTH:0.661293
G1 X-21.502 Y-.114 E.17918
;WIDTH:0.666699
G1 X-21.506 Y-.17 E.00422
;WIDTH:0.669331
G1 X-21.363 Y-2.539 E.17907
;WIDTH:0.651227
G1 X-21.271 Y-2.851 E.02381
;WIDTH:0.616214
G1 X-21.178 Y-3.163 E.02241
;WIDTH:0.586209
G1 X-20.993 Y-3.826 E.0448
G1 E-2 F2400
G1 X-20.967 Y.253 F7800
G1 E2 F2400
;TYPE:Internal infill
;WIDTH:0.45
G1 F4800
G1 X-20.732 Y2.32 E.10006
G1 X-20.655 Y2.54 E.01121
G1 X3.106 Y-3.827 E1.18314
G1 X4.389 Y-3.791 E.06173
G1 X12.024 Y3.844 E.51932
G1 X10.943 Y3.858 E.052
G1 X12.95 Y-3.634 E.37305
G1 X12.703 Y-3.657 E.01193
G1 X20.068 Y3.708 E.50096
G1 X20.09 Y3.6 E.0053
G1 X19.405 Y3.783 E.0341
G1 X16.993 Y3.627 E.11625
G1 X18.927 Y-3.591 E.35941
G1 X19.787 Y-3.656 E.04148
G1 X20.167 Y-2.41 E.06265
G1 X-3.24 Y3.862 E1.16551
G1 X-4.333 Y3.821 E.05261
G1 X-11.96 Y-3.78 E.5179
G1 X-10.96 Y-3.794 E.0481
G1 X-12.945 Y3.615 E.36892
G1 X-12.732 Y3.628 E.01026
G1 X-20.183 Y-3.823 E.50681
G1 X-20.515 Y-3.849 E.01602
G1 X-20.627 Y-3.456 E.01965
G1 X-19.414 Y-3.781 E.0604
G1 X-16.988 Y-3.647 E.11686
G1 X-18.911 Y3.531 E.35741
G1 X-16.602 Y3.4 E.11123
G1 E-2 F2400
G1 X-9.296 Y3.709 F7800
G1 E2 F2400
G1 F4800
G1 X-6.982 Y3.709 E.1113
G1 X-4.973 Y-3.791 E.37344
G1 X-3.859 Y-3.859 E.05368
G1 X3.8 Y3.8 E.52096
G1 X4.976 Y3.776 E.05657
G1 X7.002 Y-3.783 E.37639
G1 X9.316 Y-3.781 E.1113
G1 E-2 F2400
G1 X-1.264 Y-4.002 F7800
G1 E2 F2400
G1 F4800
G1 X1.049 Y-3.913 E.11133
G1 X-1.057 Y3.943 E.39119
G1 X1.256 Y3.875 E.1113
G1 E-2 F2400
G1 X20.92 Y.066 F7800
G1 E2 F2400
;TYPE:Solid infill
;WIDTH:0.411412
G1 F1200
G1 X20.523 Y-2.465 E.11089
;WIDTH:0.405806
G1 X20.152 Y-3.705 E.05512
G1 X20.504 Y-3.732 E.01503
G1 X20.841 Y-2.55 E.05234
;WIDTH:0.411412
G1 X21.257 Y.011 E.1123
;WIDTH:0.409558
G1 X21.266 Y.148 E.00591
G1 X21.032 Y2.313 E.09375
G1 X20.971 Y2.713 E.01742
;WIDTH:0.415269
G1 X20.761 Y3.935 E.05426
G1 X20.406 Y3.897 E.01563
G1 X20.642 Y2.653 E.05541
;WIDTH:0.409509
G1 X20.907 Y.257 E.10377
;LAYER_CHANGE
;Z:18.05
;HEIGHT:0.299999
G1 E-2 F2400
G1 Z18.05 F7800
G1 Z18.05
G1 X-21.305 Y3.964
G1 E2 F2400
;TYPE:Perimeter
;WIDTH:0.45
G1 F3600
G1 X-21.871 Y2.338 E.08281
G1 X-22.165 Y-.162 E.12107
G1 X-22.101 Y-1.328 E.05616
G1 X-22 Y-2.609 E.0618
G1 X-21.651 Y-3.592 E.05017
G1 X-21.487 Y-4.195 E.03006
G1 X-20.562 Y-4.111 E.04467
G1 X-16.254 Y-3.89 E.20747
G1 X-14.971 Y-3.909 E.06171
G1 X-11.957 Y-4.067 E.14516
G1 X-9.853 Y-4.058 E.1012
G1 X-9.007 Y-4.077 E.0407
G1 X-6.97 Y-4.042 E.09799
G1 X-5.307 Y-4.062 E.07999
G1 X-1.411 Y-4.304 E.18775
G1 X1.777 Y-4.173 E.15346
G1 X2.306 Y-4.128 E.02553
G1 X4.565 Y-4.065 E.10869
G1 X7.299 Y-4.055 E.1315
G1 X9.852 Y-4.076 E.12279
G1 X12.442 Y-3.964 E.12469
G1 X15.625 Y-3.679 E.1537
G1 X17.557 Y-3.749 E.09298
G1 X20.961 Y-4.003 E.16418
G1 X21.408 Y-2.397 E.08018
G1 X21.713 Y-.404 E.09697
G1 X21.81 Y.122 E.02573
G1 X21.611 Y1.957 E.08877
G1 X21.235 Y4.22 E.11033
G1 X20.099 Y4.098 E.05495
G1 X17.651 Y3.91 E.11809
G1 X15.719 Y3.851 E.09297
G1 X13.6 Y4.062 E.10242
G1 X12.508 Y4.125 E.05261
G1 X10.288 Y4.155 E.10678
G1 X7.363 Y4.075 E.14073
G1 X4.853 Y4.05 E.12073
G1 X-1.157 Y4.246 E.28921
G1 X-4.261 Y4.115 E.14942
G1 X-5.323 Y4.04 E.05121
G1 X-7.659 Y3.964 E.11241
G1 X-11.176 Y3.985 E.16916
G1 X-11.99 Y3.963 E.03916
G1 X-13.606 Y3.859 E.07788
G1 X-15.482 Y3.681 E.09063
G1 X-16.616 Y3.661 E.05455
G1 X-17.627 Y3.696 E.04865
G1 X-21.245 Y3.96 E.17448
G1 X-21.575 Y4.37 F7800
G1 F3600
G1 X-22.249 Y2.427 E.09891
G1 X-22.552 Y-.15 E.1248
G1 X-22.486 Y-1.354 E.058
G1 X-22.38 Y-2.691 E.06451
G1 X-22.023 Y-3.693 E.05116
G1 X-21.774 Y-4.609 E.04566
G1 X-20.541 Y-4.496 E.05955
G1 X-16.259 Y-4.276 E.20622
G1 X-14.991 Y-4.294 E.06099
G1 X-11.97 Y-4.453 E.1455
G1 X-9.848 Y-4.444 E.10206
G1 X-9.008 Y-4.463 E.04041
G1 X-6.975 Y-4.428 E.09779
G1 X-5.311 Y-4.448 E.08004
G1 X-1.415 Y-4.691 E.18775
G1 X1.81 Y-4.557 E.15525
G1 X2.318 Y-4.513 E.02452
G1 X4.576 Y-4.45 E.10864
G1 X7.301 Y-4.44 E.13106
G1 X9.859 Y-4.462 E.12304
G1 X12.468 Y-4.349 E.1256
G1 X15.611 Y-4.064 E.15179
G1 X17.53 Y-4.134 E.09236
G1 X21.247 Y-4.415 E.17928
G1 X21.786 Y-2.478 E.0967
G1 X22.093 Y-.474 E.09751
G1 X22.199 Y.107 E.02841
G1 X21.993 Y2.007 E.09192
G1 X21.553 Y4.642 E.12849
G1 X20.07 Y4.482 E.07174
G1 X17.639 Y4.296 E.11726
G1 X15.707 Y4.237 E.09297
G1 X13.631 Y4.447 E.10036
G1 X12.522 Y4.511 E.05343
G1 X10.286 Y4.54 E.10755
G1 X7.353 Y4.461 E.14112
G1 X4.849 Y4.436 E.12044
G1 X-1.147 Y4.631 E.28854
G1 X-4.276 Y4.5 E.15063
G1 X-5.333 Y4.426 E.05096
G1 X-7.656 Y4.35 E.11179
G1 X-11.18 Y4.371 E.1695
G1 X-12.008 Y4.349 E.03984
G1 X-13.637 Y4.243 E.07851
G1 X-15.495 Y4.067 E.08976
G1 X-16.603 Y4.047 E.0533
G1 X-17.599 Y4.081 E.04793
G1 X-21.516 Y4.366 E.18889
G1 X-21.846 Y4.777 F7800
;TYPE:External perimeter
G1 F1800
G1 X-22.273 Y3.498 E.06485
G1 X-22.627 Y2.516 E.05021
G1 X-22.939 Y-.138 E.12853
G1 X-22.87 Y-1.38 E.05983
G1 X-22.761 Y-2.772 E.06716
G1 X-22.395 Y-3.795 E.05226
G1 X-22.061 Y-5.022 E.06116
G1 X-20.52 Y-4.881 E.07443
G1 X-16.265 Y-4.661 E.20492
G1 X-15.012 Y-4.68 E.06027
G1 X-11.982 Y-4.838 E.14593
G1 X-9.839 Y-4.83 E.10307
G1 X-9.009 Y-4.849 E.03993
G1 X-6.979 Y-4.813 E.09765
G1 X-5.316 Y-4.833 E.07999
G1 X-1.42 Y-5.077 E.18775
G1 X1.728 Y-4.951 E.15153
G1 X2.329 Y-4.899 E.02901
G1 X4.587 Y-4.836 E.10864
G1 X7.302 Y-4.826 E.13058
G1 X9.866 Y-4.848 E.12332
G1 X12.494 Y-4.734 E.12652
G1 X15.597 Y-4.449 E.14987
G1 X17.501 Y-4.518 E.09164
G1 X19.842 Y-4.683 E.11287
G1 X21.532 Y-4.826 E.08157
G1 X22.164 Y-2.559 E.11319
G1 X22.472 Y-.543 E.09809
G1 X22.588 Y.093 E.03109
G1 X22.376 Y2.056 E.09496
G1 X22.273 Y2.744 E.03346
G1 X21.871 Y5.064 E.11325
G1 X20.04 Y4.867 E.08857
G1 X17.63 Y4.681 E.11626
G1 X15.696 Y4.622 E.09306
G1 X13.662 Y4.831 E.09834
G1 X12.535 Y4.896 E.05429
G1 X10.283 Y4.926 E.10832
G1 X7.342 Y4.846 E.1415
G1 X4.845 Y4.821 E.1201
G1 X-1.136 Y5.017 E.28782
G1 X-4.29 Y4.886 E.15183
G1 X-5.342 Y4.811 E.05073
G1 X-7.654 Y4.735 E.11126
G1 X-11.184 Y4.756 E.16978
G1 X-12.025 Y4.734 E.04046
G1 X-13.668 Y4.628 E.07919
G1 X-15.507 Y4.452 E.08885
G1 X-16.59 Y4.432 E.0521
G1 X-17.571 Y4.465 E.04721
G1 X-21.786 Y4.772 E.20326
G1 X-21.965 Y4.414 F7800
G1 E-2 F2400
G1 X-21.215 Y-1.117 F7800
G1 E2 F2400
;TYPE:Internal infill
;WIDTH:0.45
G1 F4800
G1 X-21.127 Y-2.568 E.06992
G1 X-20.874 Y-3.389 E.04132
G1 X-19.482 Y-3.762 E.06931
G1 X-16.993 Y-3.627 E.11989
G1 X-18.903 Y3.499 E.35483
G1 X-20.545 Y3.619 E.07919
G1 X-20.889 Y2.603 E.05159
G1 X3.072 Y-3.817 E1.19309
G1 X4.4 Y-3.78 E.0639
G1 X12.023 Y3.843 E.51851
G1 X10.943 Y3.857 E.05195
G1 X12.949 Y-3.628 E.37271
G1 X12.711 Y-3.649 E.01149
G1 X20.176 Y3.815 E.50773
G1 X20.367 Y3.836 E.00924
G1 X20.433 Y3.508 E.01609
G1 X19.488 Y3.761 E.04705
G1 X17 Y3.601 E.11991
G1 X18.919 Y-3.56 E.35657
G1 X20.107 Y-3.648 E.0573
G1 X20.461 Y-2.488 E.05833
G1 X-3.245 Y3.864 E1.1804
G1 X-4.36 Y3.821 E.05367
G1 X-11.958 Y-3.778 E.51684
G1 X-10.965 Y-3.774 E.04776
G1 X-12.944 Y3.612 E.36777
G1 X-12.735 Y3.625 E.01007
G1 X-20.16 Y-3.799 E.50501
G1 X-21.224 Y-3.816 F7800
;TYPE:Solid infill
;WIDTH:0.608093
G1 F1200
G1 X-21.44 Y-3.081 E.05195
;WIDTH:0.650335
G1 X-21.616 Y-2.527 E.04248
;WIDTH:0.672801
G1 X-21.766 Y-.174 E.17892
;WIDTH:0.667107
G1 X-21.762 Y-.115 E.00445
;WIDTH:0.661187
G1 X-21.487 Y2.248 E.17708
;WIDTH:0.655951
G1 X-21.439 Y2.441 E.01467
;WIDTH:0.618233
G1 X-21.048 Y3.577 E.08299
G1 E-2 F2400
G1 X-9.292 Y3.685 F7800
G1 E2 F2400
;TYPE:Internal infill
;WIDTH:0.45
G1 F4800
G1 X-6.979 Y3.696 E.11125
G1 X-4.972 Y-3.793 E.37291
G1 X-3.862 Y-3.862 E.05349
G1 X3.795 Y3.795 E.52082
G1 X4.98 Y3.762 E.05702
G1 X6.998 Y-3.767 E.3749
G1 X9.311 Y-3.783 E.11125
G1 E-2 F2400
G1 X-1.262 Y-4.009 F7800
G1 E2 F2400
G1 F4800
G1 X1.049 Y-3.917 E.11124
G1 X-1.059 Y3.952 E.39182
G1 X1.254 Y3.877 E.11131
G1 E-2 F2400
G1 X20.774 Y-3.735 F7800
G1 E2 F2400
;TYPE:Solid infill
;WIDTH:0.375742
G1 F1200
G1 X21.122 Y-2.511 E.04942
;WIDTH:0.369642
G1 X21.165 Y-2.344 E.00657
G1 X21.462 Y-.416 E.07427
;WIDTH:0.362642
G1 X21.463 Y-.412 E.00015
;WIDTH:0.375786
G1 X21.555 Y.131 E.02139
;WIDTH:0.378501
G1 X21.36 Y1.92 E.07051
G1 X21.241 Y2.7 E.03091
;WIDTH:0.37721
G1 X21.026 Y3.943 E.04922
G1 X20.708 Y3.909 E.01248
G1 X20.952 Y2.647 E.05015
;WIDTH:0.358504
G1 X20.954 Y2.634 E.00048
;WIDTH:0.378501
G1 X21.243 Y.119 E.09918
;WIDTH:0.375786
G1 X21.168 Y-.368 E.01914
;WIDTH:0.369642
G1 X20.837 Y-2.427 E.0794
;WIDTH:0.375742
G1 X20.452 Y-3.711 E.05206
G1 X20.582 Y-3.721 E.00506
M106 S234.6
;LAYER_CHANGE
;Z:18.35
;HEIGHT:0.300001
G1 E-2 F2400
G1 Z18.35 F7800
G1 Z18.35
G1 X-21.556 Y3.942
G1 E2 F2400
;TYPE:Perimeter
;WIDTH:0.45
G1 F3600
G1 X-22.129 Y2.32 E.08274
G1 X-22.425 Y-.165 E.12036
G1 X-22.252 Y-2.597 E.11727
G1 X-21.964 Y-3.401 E.04108
G1 X-21.715 Y-4.18 E.03933
G1 X-20.832 Y-4.103 E.04263
G1 X-16.824 Y-3.886 E.19305
G1 X-14.79 Y-3.916 E.09784
G1 X-12.069 Y-4.056 E.13104
G1 X-9.982 Y-4.031 E.10038
G1 X-8.638 Y-4.062 E.06466
G1 X-6.932 Y-4.032 E.08207
G1 X-5.54 Y-4.049 E.06696
G1 X-1.41 Y-4.312 E.19904
G1 X1.564 Y-4.191 E.14316
G1 X2.554 Y-4.111 E.04777
G1 X4.51 Y-4.056 E.09411
G1 X6.563 Y-4.057 E.09874
G1 X7.181 Y-4.026 E.02976
G1 X10.037 Y-4.07 E.13738
G1 X12.31 Y-3.969 E.10943
G1 X13.58 Y-3.863 E.06129
G1 X15.383 Y-3.681 E.08716
G1 X15.991 Y-3.664 E.02925
G1 X17.595 Y-3.722 E.0772
G1 X21.228 Y-3.987 E.1752
G1 X21.669 Y-2.377 E.08029
G1 X21.907 Y-.813 E.07609
G1 X22.079 Y.128 E.04601
G1 X22.021 Y.658 E.02564
G1 X21.924 Y1.553 E.0433
G1 X21.498 Y4.206 E.12923
G1 X20.376 Y4.088 E.05426
G1 X17.685 Y3.885 E.1298
G1 X16.088 Y3.836 E.07685
G1 X15.484 Y3.854 E.02906
G1 X13.665 Y4.051 E.088
G1 X12.367 Y4.126 E.06253
G1 X9.88 Y4.159 E.11963
G1 X7.307 Y4.056 E.12385
G1 X5.071 Y4.033 E.10755
G1 X2.574 Y4.112 E.12016
G1 X1.718 Y4.17 E.04127
G1 X-1.357 Y4.26 E.14796
G1 X-2.709 Y4.175 E.06515
G1 X-4.323 Y4.114 E.07768
G1 X-5.553 Y4.024 E.05932
G1 X-6.856 Y3.992 E.06269
G1 X-7.828 Y3.944 E.04681
G1 X-11.963 Y3.962 E.19888
G1 X-13.678 Y3.851 E.08266
G1 X-15.532 Y3.674 E.08958
G1 X-16.67 Y3.637 E.05476
G1 X-17.672 Y3.67 E.04822
G1 X-19.791 Y3.841 E.10225
G1 X-20.678 Y3.874 E.04269
G1 X-21.497 Y3.938 E.03951
G1 X-21.827 Y4.35 F7800
G1 F3600
G1 X-22.507 Y2.409 E.09892
G1 X-22.812 Y-.153 E.12409
G1 X-22.768 Y-.952 E.03849
G1 X-22.632 Y-2.678 E.08327
G1 X-22.174 Y-3.964 E.06566
G1 X-22.003 Y-4.593 E.03135
G1 X-20.811 Y-4.488 E.05755
G1 X-16.829 Y-4.272 E.1918
G1 X-14.809 Y-4.301 E.09716
G1 X-12.077 Y-4.442 E.13157
G1 X-9.978 Y-4.417 E.10096
G1 X-8.64 Y-4.448 E.06437
G1 X-6.937 Y-4.418 E.08192
G1 X-5.545 Y-4.435 E.06696
G1 X-1.414 Y-4.698 E.19909
G1 X1.58 Y-4.576 E.14412
G1 X2.566 Y-4.496 E.04758
G1 X4.521 Y-4.442 E.09406
G1 X6.562 Y-4.443 E.09817
G1 X7.176 Y-4.412 E.02957
G1 X10.043 Y-4.455 E.13791
G1 X12.335 Y-4.354 E.11034
G1 X13.615 Y-4.247 E.06178
G1 X15.421 Y-4.064 E.08731
G1 X15.977 Y-4.049 E.02675
G1 X17.569 Y-4.107 E.07662
G1 X20.157 Y-4.285 E.12477
G1 X21.506 Y-4.398 E.06511
G1 X22.047 Y-2.457 E.09691
G1 X22.288 Y-.871 E.07716
G1 X22.468 Y.113 E.04811
G1 X22.405 Y.699 E.02835
G1 X22.307 Y1.602 E.04369
G1 X22.147 Y2.671 E.05199
G1 X21.813 Y4.627 E.09544
G1 X20.346 Y4.472 E.07095
G1 X17.674 Y4.27 E.12888
G1 X16.077 Y4.222 E.07684
G1 X15.531 Y4.237 E.02627
G1 X13.697 Y4.435 E.08872
G1 X12.38 Y4.512 E.06345
G1 X9.875 Y4.545 E.12049
G1 X7.292 Y4.441 E.12433
G1 X5.067 Y4.419 E.10702
G1 X2.586 Y4.498 E.11939
G1 X1.737 Y4.556 E.04093
G1 X-1.364 Y4.646 E.14921
G1 X-2.723 Y4.56 E.06549
G1 X-4.345 Y4.499 E.07807
G1 X-5.563 Y4.41 E.05874
G1 X-6.866 Y4.377 E.06269
G1 X-7.826 Y4.33 E.04623
G1 X-11.975 Y4.348 E.19955
G1 X-13.709 Y4.236 E.08357
G1 X-15.545 Y4.06 E.08871
G1 X-16.683 Y4.022 E.05476
G1 X-17.641 Y4.054 E.0461
G1 X-19.76 Y4.225 E.10225
G1 X-20.648 Y4.258 E.04274
G1 X-21.767 Y4.346 E.05399
G1 X-22.097 Y4.758 F7800
;TYPE:External perimeter
G1 F1800
G1 X-22.429 Y3.765 E.05036
G1 X-22.884 Y2.499 E.0647
G1 X-23.199 Y-.141 E.12788
G1 X-23.153 Y-.978 E.04032
G1 X-23.013 Y-2.76 E.08597
G1 X-22.546 Y-4.065 E.06666
G1 X-22.29 Y-5.005 E.04686
G1 X-20.79 Y-4.873 E.07242
G1 X-16.835 Y-4.657 E.19051
G1 X-14.829 Y-4.686 E.09649
G1 X-12.085 Y-4.827 E.13215
G1 X-9.973 Y-4.803 E.10159
G1 X-8.641 Y-4.833 E.06408
G1 X-6.942 Y-4.804 E.08173
G1 X-5.549 Y-4.82 E.067
G1 X-1.419 Y-5.084 E.19904
G1 X1.596 Y-4.962 E.14513
G1 X2.578 Y-4.882 E.04739
G1 X4.532 Y-4.827 E.09402
G1 X6.562 Y-4.828 E.09764
G1 X7.17 Y-4.798 E.02928
G1 X10.048 Y-4.841 E.13844
G1 X12.359 Y-4.739 E.11126
G1 X13.65 Y-4.631 E.06231
G1 X15.463 Y-4.448 E.08764
G1 X15.963 Y-4.435 E.02406
G1 X17.54 Y-4.491 E.0759
G1 X20.122 Y-4.669 E.12448
G1 X21.776 Y-4.807 E.07983
G1 X21.924 Y-4.364 E.02246
G1 X22.424 Y-2.537 E.0911
G1 X22.67 Y-.929 E.07824
G1 X22.858 Y.099 E.05026
G1 X22.788 Y.741 E.03106
G1 X22.689 Y1.651 E.04403
G1 X22.528 Y2.731 E.05252
G1 X22.213 Y4.606 E.09144
G1 X22.111 Y5.047 E.02177
G1 X20.317 Y4.857 E.08677
G1 X17.664 Y4.656 E.12797
G1 X16.065 Y4.607 E.07694
G1 X15.569 Y4.621 E.02387
G1 X13.729 Y4.82 E.08901
G1 X12.394 Y4.897 E.06432
G1 X9.87 Y4.93 E.12141
G1 X7.277 Y4.827 E.12481
G1 X5.063 Y4.804 E.10649
G1 X2.572 Y4.884 E.11987
G1 X1.756 Y4.941 E.03934
G1 X-1.371 Y5.032 E.15046
G1 X-2.738 Y4.946 E.06588
G1 X-4.366 Y4.885 E.07836
G1 X-5.573 Y4.795 E.05821
G1 X-6.875 Y4.763 E.06264
G1 X-7.825 Y4.715 E.04575
G1 X-11.987 Y4.734 E.20018
G1 X-13.739 Y4.62 E.08444
G1 X-15.557 Y4.445 E.08784
G1 X-16.696 Y4.408 E.05481
G1 X-17.61 Y4.438 E.04398
G1 X-19.729 Y4.61 E.10225
G1 X-20.618 Y4.643 E.04279
G1 X-22.037 Y4.754 E.06846
G1 X-22.215 Y4.395 F7800
G1 X-21.302 Y3.556
;TYPE:Solid infill
;WIDTH:0.617615
G1 F1200
G1 X-21.697 Y2.422 E.08286
;WIDTH:0.655843
G1 X-21.745 Y2.23 E.0146
;WIDTH:0.661093
G1 X-22.023 Y-.122 E.17627
;WIDTH:0.665953
G1 X-21.931 Y-1.734 E.12115
;WIDTH:0.645829
G1 X-21.87 Y-2.515 E.05681
;WIDTH:0.645723
G1 X-21.606 Y-3.304 E.06033
;WIDTH:0.610831
G1 X-21.453 Y-3.802 E.03551
G1 X-20.136 Y-3.776 F7800
;TYPE:Internal infill
;WIDTH:0.45
G1 F4800
G1 X-12.738 Y3.622 E.5032
G1 X-12.944 Y3.609 E.00993
G1 X-10.971 Y-3.754 E.36663
G1 X-11.946 Y-3.765 E.0469
G1 X-4.358 Y3.822 E.51609
G1 X-3.251 Y3.865 E.05328
G1 X20.724 Y-2.559 E1.19379
G1 X20.423 Y-3.637 E.05383
G1 X18.91 Y-3.528 E.07296
G1 X17.007 Y3.576 E.35372
G1 X15.467 Y3.565 E.07407
G1 X14.698 Y3.648 E.0372
G1 E-2 F2400
G1 X9.306 Y-3.769 F7800
G1 E2 F2400
G1 F4800
G1 X6.993 Y-3.748 E.11125
G1 X4.985 Y3.746 E.37315
G1 X3.784 Y3.784 E.05779
G1 X-3.866 Y-3.866 E.52034
G1 X-4.971 Y-3.795 E.05326
G1 X-6.979 Y3.697 E.37306
G1 X-9.292 Y3.661 E.11126
G1 E-2 F2400
G1 X1.251 Y3.895 F7800
G1 E2 F2400
G1 F4800
G1 X-1.062 Y3.962 E.11129
G1 X1.051 Y-3.922 E.39258
G1 X-1.261 Y-4.016 E.11129
G1 E-2 F2400
G1 X-21.485 Y-1.058 F7800
G1 E2 F2400
G1 F4800
G1 X-21.383 Y-2.543 E.07159
G1 X-21.117 Y-3.324 E.03968
G1 X-19.55 Y-3.744 E.07803
G1 X-16.999 Y-3.606 E.12287
G1 X-18.897 Y3.479 E.35278
G1 X-20.801 Y3.594 E.09174
G1 X-21.118 Y2.664 E.04726
G1 X3.037 Y-3.808 E1.20275
G1 X4.41 Y-3.77 E.06606
G1 X12.022 Y3.841 E.51773
G1 X10.944 Y3.856 E.05185
G1 X12.948 Y-3.625 E.3725
G1 X12.716 Y-3.645 E.0112
G1 X20.14 Y3.78 E.50501
G1 X19.576 Y3.737 E.02721
G1 X20.746 Y3.424 E.05825
G1 X21.058 Y1.132 E.11125
G1 E-2 F2400
G1 X21.176 Y3.784 F7800
G1 E2 F2400
;TYPE:Solid infill
;WIDTH:0.644149
G1 F1200
G1 X21.405 Y2.374 E.1033
;WIDTH:0.682799
G1 X21.522 Y1.5 E.06802
;WIDTH:0.684494
G1 X21.668 Y.142 E.10564
G1 X21.525 Y-.747 E.06964
;WIDTH:0.647779
G1 X21.523 Y-.756 E.00067
;WIDTH:0.653969
G1 X21.249 Y-2.463 E.12713
;WIDTH:0.642573
G1 X20.94 Y-3.578 E.08344
M106 S229.5
;LAYER_CHANGE
;Z:18.65
;HEIGHT:0.299999
G1 E-2 F2400
G1 Z18.65 F7800
G1 Z18.65
G1 X-21.807 Y3.925
G1 E2 F2400
;TYPE:Perimeter
;WIDTH:0.45
G1 F3600
G1 X-22.387 Y2.302 E.0829
G1 X-22.684 Y-.159 E.11922
G1 X-22.503 Y-2.586 E.11705
G1 X-21.94 Y-4.178 E.08122
G1 X-21.101 Y-4.095 E.04055
G1 X-17.18 Y-3.885 E.18886
G1 X-14.607 Y-3.923 E.12377
G1 X-12.554 Y-4.029 E.09887
G1 X-10.111 Y-4.005 E.11751
G1 X-8.27 Y-4.046 E.08857
G1 X-6.767 Y-4.024 E.0723
G1 X-5.723 Y-4.038 E.05022
G1 X-1.408 Y-4.319 E.20798
G1 X1.548 Y-4.197 E.14229
G1 X2.806 Y-4.094 E.06071
G1 X4.456 Y-4.048 E.07939
G1 X6.466 Y-4.037 E.09668
G1 X7.049 Y-3.998 E.0281
G1 X9.138 Y-4.036 E.10049
G1 X10.895 Y-4.03 E.08451
G1 X12.17 Y-3.973 E.06138
G1 X15.44 Y-3.673 E.15794
G1 X16.356 Y-3.649 E.04407
G1 X17.642 Y-3.696 E.06189
G1 X21.471 Y-3.97 E.18463
G1 X21.786 Y-2.878 E.05466
G1 X21.962 Y-2.14 E.03649
G1 X22.116 Y-1.133 E.049
G1 X22.348 Y.133 E.0619
G1 X22.29 Y.662 E.0256
G1 X22.238 Y1.148 E.02351
G1 X22.022 Y2.597 E.07046
G1 X21.743 Y4.191 E.07783
G1 X20.622 Y4.076 E.0542
G1 X19.997 Y4.049 E.03009
G1 X17.72 Y3.86 E.10989
G1 X16.456 Y3.821 E.06082
G1 X15.529 Y3.848 E.0446
G1 X13.733 Y4.04 E.08687
G1 X12.225 Y4.127 E.07265
G1 X10.784 Y4.146 E.06931
G1 X9.38 Y4.125 E.06754
G1 X7.24 Y4.036 E.10302
G1 X5.227 Y4.018 E.09682
G1 X4.535 Y4.055 E.03333
G1 X2.815 Y4.101 E.08276
G1 X1.701 Y4.178 E.05371
G1 X-1.363 Y4.27 E.14743
G1 X-3.007 Y4.166 E.07923
G1 X-4.31 Y4.117 E.06271
G1 X-5.737 Y4.011 E.06882
G1 X-7.996 Y3.924 E.10873
G1 X-12.463 Y3.927 E.21485
G1 X-13.749 Y3.844 E.06198
G1 X-15.582 Y3.668 E.08857
G1 X-17.017 Y3.621 E.06906
G1 X-17.712 Y3.643 E.03344
G1 X-19.852 Y3.821 E.10328
G1 X-20.946 Y3.859 E.05265
G1 X-21.747 Y3.921 E.03864
G1 X-22.077 Y4.333 F7800
G1 F3600
G1 X-22.765 Y2.392 E.09905
G1 X-23.072 Y-.15 E.12315
G1 X-22.884 Y-2.667 E.1214
G1 X-22.564 Y-3.561 E.04567
G1 X-22.229 Y-4.585 E.05182
G1 X-21.08 Y-4.48 E.05549
G1 X-17.186 Y-4.271 E.18756
G1 X-14.627 Y-4.308 E.12309
G1 X-12.562 Y-4.414 E.09945
G1 X-10.107 Y-4.39 E.11808
G1 X-8.271 Y-4.432 E.08833
G1 X-6.771 Y-4.41 E.07215
G1 X-5.748 Y-4.423 E.04921
G1 X-1.413 Y-4.706 E.20894
G1 X1.564 Y-4.582 E.14331
G1 X2.817 Y-4.479 E.06047
G1 X4.466 Y-4.433 E.07934
G1 X6.494 Y-4.422 E.09754
G1 X7.042 Y-4.383 E.02642
G1 X9.135 Y-4.421 E.10068
G1 X10.905 Y-4.416 E.08513
G1 X12.197 Y-4.358 E.0622
G1 X15.475 Y-4.057 E.15832
G1 X16.342 Y-4.034 E.04171
G1 X17.612 Y-4.081 E.06112
G1 X19.87 Y-4.251 E.10891
G1 X20.436 Y-4.271 E.02724
G1 X21.74 Y-4.379 E.06293
G1 X21.931 Y-3.808 E.02896
G1 X22.158 Y-2.98 E.04129
G1 X22.343 Y-2.198 E.03865
G1 X22.495 Y-1.202 E.04846
G1 X22.737 Y.119 E.06459
G1 X22.674 Y.704 E.0283
G1 X22.62 Y1.197 E.02385
G1 X22.403 Y2.658 E.07104
G1 X22.16 Y4.099 E.07029
G1 X22.041 Y4.61 E.02523
G1 X20.605 Y4.461 E.06944
G1 X19.973 Y4.434 E.03042
G1 X17.708 Y4.245 E.10932
G1 X16.445 Y4.207 E.06077
G1 X15.575 Y4.231 E.04186
G1 X13.764 Y4.424 E.0876
G1 X12.239 Y4.512 E.07347
G1 X10.783 Y4.532 E.07004
G1 X9.369 Y4.51 E.06802
G1 X7.224 Y4.422 E.10325
G1 X5.248 Y4.403 E.09504
G1 X4.551 Y4.441 E.03357
G1 X2.826 Y4.487 E.083
G1 X1.72 Y4.563 E.05332
G1 X-1.37 Y4.656 E.14869
G1 X-3.031 Y4.551 E.08005
G1 X-4.331 Y4.502 E.06257
G1 X-5.766 Y4.395 E.06921
G1 X-7.995 Y4.31 E.10729
G1 X-12.476 Y4.313 E.21552
G1 X-13.78 Y4.228 E.06285
G1 X-15.595 Y4.053 E.0877
G1 X-17.03 Y4.006 E.06906
G1 X-17.68 Y4.027 E.03128
G1 X-19.83 Y4.206 E.10377
G1 X-20.916 Y4.243 E.05226
G1 X-22.017 Y4.328 E.05311
G1 X-22.348 Y4.741 F7800
;TYPE:External perimeter
G1 F1800
G1 X-23.142 Y2.481 E.11521
G1 X-23.459 Y-.142 E.12708
G1 X-23.264 Y-2.748 E.12569
G1 X-22.696 Y-4.336 E.08112
G1 X-22.518 Y-4.991 E.03265
G1 X-21.059 Y-4.865 E.07043
G1 X-17.195 Y-4.656 E.18612
G1 X-14.647 Y-4.693 E.12256
G1 X-12.57 Y-4.8 E.10003
G1 X-10.103 Y-4.776 E.11866
G1 X-8.272 Y-4.818 E.08809
G1 X-6.776 Y-4.795 E.07196
G1 X-5.773 Y-4.808 E.04824
G1 X-1.418 Y-5.092 E.20991
G1 X1.58 Y-4.968 E.14432
G1 X2.828 Y-4.865 E.06023
G1 X4.477 Y-4.819 E.07934
G1 X6.523 Y-4.806 E.09841
G1 X7.035 Y-4.769 E.02469
G1 X9.132 Y-4.807 E.10087
G1 X10.914 Y-4.801 E.08571
G1 X12.223 Y-4.743 E.06302
G1 X15.51 Y-4.441 E.15876
G1 X16.328 Y-4.42 E.03936
G1 X17.583 Y-4.465 E.0604
G1 X19.857 Y-4.637 E.10968
G1 X20.404 Y-4.655 E.02632
G1 X22.01 Y-4.788 E.07751
G1 X22.301 Y-3.92 E.04403
G1 X22.53 Y-3.082 E.04178
G1 X22.725 Y-2.256 E.04082
G1 X22.875 Y-1.272 E.04787
G1 X23.127 Y.105 E.06733
G1 X23.057 Y.745 E.03097
G1 X23.003 Y1.246 E.02424
G1 X22.783 Y2.718 E.07158
G1 X22.539 Y4.175 E.07105
G1 X22.34 Y5.028 E.04213
G1 X20.588 Y4.847 E.08471
G1 X19.948 Y4.818 E.03081
G1 X17.696 Y4.631 E.10869
G1 X16.433 Y4.592 E.06077
G1 X15.613 Y4.615 E.03945
G1 X13.796 Y4.809 E.08789
G1 X12.253 Y4.898 E.07434
G1 X10.783 Y4.917 E.07071
G1 X9.358 Y4.896 E.06854
G1 X7.209 Y4.807 E.10345
G1 X5.269 Y4.788 E.09331
G1 X4.566 Y4.826 E.03386
G1 X2.836 Y4.872 E.08324
G1 X1.74 Y4.949 E.05284
G1 X-1.376 Y5.042 E.14994
G1 X-3.055 Y4.936 E.08091
G1 X-4.353 Y4.887 E.06247
G1 X-5.794 Y4.78 E.0695
G1 X-7.995 Y4.695 E.10594
G1 X-12.488 Y4.698 E.2161
G1 X-13.811 Y4.612 E.06377
G1 X-15.607 Y4.439 E.08678
G1 X-17.043 Y4.391 E.06911
G1 X-17.648 Y4.412 E.02912
G1 X-19.807 Y4.592 E.1042
G1 X-20.887 Y4.627 E.05197
G1 X-22.288 Y4.736 E.06759
G1 X-22.471 Y4.381 F7800
G1 E-2 F2400
G1 X-21.749 Y-.991 F7800
G1 E2 F2400
;TYPE:Internal infill
;WIDTH:0.45
G1 F4800
G1 X-21.635 Y-2.531 E.07427
G1 X-21.375 Y-3.255 E.037
G1 X-19.617 Y-3.726 E.08754
G1 X-17.001 Y-3.599 E.12597
G1 X-18.89 Y3.451 E.35104
G1 X-21.045 Y3.577 E.10383
G1 X-21.343 Y2.725 E.04341
G1 X3.003 Y-3.799 E1.21227
G1 X4.421 Y-3.759 E.06823
G1 X12.02 Y3.84 E.51688
G1 X10.944 Y3.855 E.05176
G1 X12.945 Y-3.612 E.37181
G1 X12.729 Y-3.632 E.01043
G1 X20.126 Y3.765 E.50314
G1 E-2 F2400
G1 X21.335 Y1.065 F7800
G1 E2 F2400
G1 F4800
G1 X21.004 Y3.354 E.11124
G1 X19.616 Y3.726 E.06911
G1 X17.014 Y3.55 E.12543
G1 X18.902 Y-3.496 E.35084
G1 X20.683 Y-3.622 E.08587
G1 X20.961 Y-2.622 E.04992
G1 X-3.257 Y3.867 E1.20589
G1 X-4.046 Y3.837 E.03798
G1 X-3.934 Y3.725 E.00762
G1 X-4.212 Y3.447 E.01891
G1 X-4.775 Y3.405 E.02715
G1 X-11.913 Y-3.733 E.48552
G1 X-10.979 Y-3.724 E.04492
G1 X-12.943 Y3.606 E.36498
G1 X-12.741 Y3.619 E.00974
G1 X-20.113 Y-3.753 E.50143
G1 X-21.689 Y-3.791 F7800
;TYPE:Solid infill
;WIDTH:0.614273
G1 F1200
G1 X-22.085 Y-2.653 E.08264
;WIDTH:0.645009
G1 X-22.121 Y-2.505 E.01103
G1 X-22.211 Y-1.338 E.08476
;WIDTH:0.664015
G1 X-22.283 Y-.125 E.09088
;WIDTH:0.661001
G1 X-22.003 Y2.211 E.17507
;WIDTH:0.655827
G1 X-21.956 Y2.397 E.01415
;WIDTH:0.618919
G1 X-21.552 Y3.536 E.08359
G1 E-2 F2400
G1 X-9.896 Y3.624 F7800
G1 E2 F2400
;WIDTH:0.431371
G1 F1200
G1 X-8.108 Y3.626 E.08184
;WIDTH:0.438303
G1 X-7.972 Y3.629 E.00634
;WIDTH:0.439047
G1 X-6.859 Y3.687 E.05208
;WIDTH:0.440221
G1 X-5.958 Y3.711 E.04225
;WIDTH:0.449881
G1 X-4.562 Y3.808 E.06728
G1 E-2 F2400
G1 X-9.186 Y3.25 F7800
G1 E2 F2400
;TYPE:Internal infill
;WIDTH:0.45
G1 F4800
G1 X-6.874 Y3.305 E.11123
G1 X-4.971 Y-3.798 E.35368
G1 X-3.87 Y-3.87 E.05307
G1 X3.786 Y3.786 E.52075
G1 X4.986 Y3.742 E.05775
G1 X6.983 Y-3.711 E.37111
G1 X9.296 Y-3.746 E.11126
G1 E-2 F2400
G1 X-1.259 Y-4.024 F7800
G1 E2 F2400
G1 F4800
G1 X1.053 Y-3.928 E.1113
G1 X-1.064 Y3.972 E.39337
G1 X1.248 Y3.902 E.11125
G1 E-2 F2400
G1 X21.485 Y-2.525 F7800
G1 E2 F2400
;TYPE:Solid infill
;WIDTH:0.636109
G1 F1200
G1 X21.523 Y-2.464 E.00512
;WIDTH:0.590021
G1 X21.561 Y-2.402 E.00477
;WIDTH:0.543934
G1 X21.599 Y-2.341 E.0043
;WIDTH:0.497846
G1 X21.637 Y-2.279 E.00393
;WIDTH:0.451759
G1 X21.675 Y-2.218 E.00347
;WIDTH:0.405671
G1 X21.713 Y-2.156 E.0031
;WIDTH:0.359631
G1 X21.876 Y-1.088 E.03978
;WIDTH:0.36842
G1 X21.979 Y-.504 E.02249
;WIDTH:0.374746
G1 X22.094 Y.143 E.02544
G1 X21.989 Y1.116 E.03788
;WIDTH:0.373866
G1 X21.867 Y1.997 E.03433
;WIDTH:0.359966
G1 X21.574 Y3.79 E.06698
;WIDTH:0.358391
G1 X21.551 Y3.926 E.00506
G1 X21.259 Y3.896 E.01076
G1 X21.284 Y3.742 E.00572
;WIDTH:0.359966
G1 X21.58 Y1.948 E.06703
;WIDTH:0.373866
G1 X21.778 Y.089 E.07216
;WIDTH:0.368543
G1 X21.679 Y-.452 E.02086
;WIDTH:0.36842
G1 X21.584 Y-1.047 E.02285
;WIDTH:0.359631
G1 X21.421 Y-2.112 E.03968
;WIDTH:0.409272
G1 X21.433 Y-2.186 E.00322
;WIDTH:0.458961
G1 X21.444 Y-2.26 E.00368
;WIDTH:0.508649
G1 X21.456 Y-2.335 E.00421
;WIDTH:0.551136
G1 X21.466 Y-2.398 E.00387
;WIDTH:0.593622
G1 X21.475 Y-2.462 E.00427
;WIDTH:0.636109
G1 X21.485 Y-2.525 E.00455
G1 X21.195 Y-3.565 E.07699
;LAYER_CHANGE
;Z:18.95
;HEIGHT:0.300001
G1 E-2 F2400
G1 Z18.95 F7800
G1 Z18.95
G1 X-22.062 Y3.908
G1 E2 F2400
;TYPE:Perimeter
;WIDTH:0.45
G1 F3600
G1 X-22.071 Y3.909 E.00044
G1 X-22.645 Y2.287 E.08275
G1 X-22.944 Y-.161 E.11862
G1 X-22.756 Y-2.572 E.11631
G1 X-22.19 Y-4.153 E.08077
G1 X-21.37 Y-4.087 E.03957
G1 X-17.537 Y-3.884 E.18461
G1 X-14.425 Y-3.93 E.14969
G1 X-13.039 Y-4.001 E.06675
G1 X-10.24 Y-3.978 E.13463
G1 X-9.264 Y-3.985 E.04694
G1 X-7.795 Y-4.029 E.07069
G1 X-5.955 Y-4.025 E.0885
G1 X-1.407 Y-4.327 E.21922
G1 X1.626 Y-4.199 E.14601
G1 X3.055 Y-4.076 E.06898
G1 X4.401 Y-4.039 E.06476
G1 X6.066 Y-4.028 E.08008
G1 X6.914 Y-3.969 E.04088
G1 X8.507 Y-3.998 E.07663
G1 X9.374 Y-3.978 E.04171
G1 X11.75 Y-3.99 E.11428
G1 X13.72 Y-3.838 E.09503
G1 X15.483 Y-3.667 E.08519
G1 X16.661 Y-3.634 E.05668
G1 X17.684 Y-3.67 E.04923
G1 X19.417 Y-3.807 E.08361
G1 X20.746 Y-3.873 E.064
G1 X21.704 Y-3.951 E.04623
G1 X22.039 Y-2.884 E.05379
G1 X22.207 Y-2.223 E.0328
G1 X22.32 Y-1.482 E.03605
G1 X22.617 Y.139 E.07926
G1 X22.56 Y.667 E.02554
G1 X22.277 Y2.584 E.0932
G1 X22.11 Y3.577 E.04843
G1 X21.971 Y4.174 E.02948
G1 X20.899 Y4.066 E.05182
G1 X19.999 Y4.027 E.04333
G1 X17.663 Y3.832 E.11274
G1 X16.769 Y3.806 E.04302
G1 X15.581 Y3.841 E.05716
G1 X13.8 Y4.028 E.08613
G1 X12.174 Y4.122 E.07834
G1 X11.706 Y4.132 E.02251
G1 X9.975 Y4.086 E.08328
G1 X8.98 Y4.091 E.04786
G1 X7.142 Y4.016 E.08847
G1 X5.445 Y4.001 E.08162
G1 X4.511 Y4.051 E.04499
G1 X3.03 Y4.092 E.07126
G1 X1.684 Y4.186 E.0649
G1 X-1.369 Y4.28 E.14691
G1 X-3.329 Y4.155 E.09446
G1 X-4.297 Y4.119 E.04659
G1 X-5.968 Y3.995 E.08059
G1 X-8.175 Y3.904 E.10624
G1 X-12.96 Y3.892 E.23014
G1 X-13.821 Y3.836 E.0415
G1 X-15.632 Y3.661 E.08751
G1 X-17.365 Y3.604 E.0834
G1 X-18.09 Y3.641 E.03492
G1 X-19.862 Y3.797 E.08556
G1 X-21.215 Y3.843 E.06511
G1 X-22.002 Y3.904 E.03797
G1 X-22.33 Y4.316 F7800
G1 F3600
G1 X-22.336 Y4.316 E.00029
G1 X-23.023 Y2.376 E.09899
G1 X-23.332 Y-.153 E.12254
G1 X-23.136 Y-2.654 E.12066
G1 X-22.46 Y-4.562 E.09736
G1 X-21.35 Y-4.472 E.05356
G1 X-17.542 Y-4.27 E.18341
G1 X-14.444 Y-4.315 E.14902
G1 X-13.047 Y-4.387 E.06728
G1 X-10.237 Y-4.363 E.13516
G1 X-9.277 Y-4.37 E.04617
G1 X-7.788 Y-4.415 E.07165
G1 X-5.981 Y-4.41 E.08691
G1 X-1.412 Y-4.713 E.22024
G1 X1.651 Y-4.584 E.14745
G1 X3.066 Y-4.462 E.06831
G1 X4.411 Y-4.424 E.06472
G1 X6.094 Y-4.413 E.08095
G1 X6.907 Y-4.355 E.0392
G1 X8.5 Y-4.384 E.07663
G1 X9.372 Y-4.364 E.04195
G1 X11.764 Y-4.376 E.11505
G1 X13.753 Y-4.222 E.09595
G1 X15.52 Y-4.051 E.08538
G1 X16.671 Y-4.019 E.05538
G1 X17.653 Y-4.054 E.04726
G1 X19.89 Y-4.229 E.10792
G1 X20.715 Y-4.257 E.0397
G1 X21.974 Y-4.36 E.06076
G1 X22.296 Y-3.399 E.04875
G1 X22.588 Y-2.281 E.05558
G1 X22.7 Y-1.551 E.03552
G1 X23.006 Y.125 E.08194
G1 X22.943 Y.709 E.02825
G1 X22.658 Y2.645 E.09412
G1 X22.488 Y3.653 E.04917
G1 X22.27 Y4.592 E.04636
G1 X20.882 Y4.451 E.0671
G1 X19.974 Y4.411 E.04371
G1 X17.651 Y4.217 E.11212
G1 X16.779 Y4.192 E.04196
G1 X15.618 Y4.225 E.05586
G1 X13.832 Y4.413 E.08637
G1 X12.196 Y4.507 E.07882
G1 X11.703 Y4.518 E.02372
G1 X9.996 Y4.471 E.08213
G1 X8.973 Y4.477 E.0492
G1 X7.156 Y4.402 E.08747
G1 X5.466 Y4.386 E.08129
G1 X4.527 Y4.437 E.04523
G1 X3.057 Y4.477 E.07073
G1 X1.704 Y4.571 E.06523
G1 X-1.375 Y4.666 E.14816
G1 X-3.353 Y4.54 E.09533
G1 X-4.318 Y4.504 E.04645
G1 X-5.996 Y4.379 E.08093
G1 X-8.172 Y4.29 E.10475
G1 X-12.974 Y4.277 E.23096
G1 X-13.852 Y4.22 E.04232
G1 X-15.645 Y4.046 E.08664
G1 X-17.378 Y3.989 E.0834
G1 X-18.056 Y4.025 E.03266
G1 X-19.838 Y4.182 E.08604
G1 X-21.185 Y4.228 E.06482
G1 X-22.27 Y4.311 E.05234
G1 X-22.599 Y4.723 F7800
;TYPE:External perimeter
G1 F1800
G1 X-22.601 Y4.723 E.0001
G1 X-23.4 Y2.464 E.11525
G1 X-23.719 Y-.144 E.12637
G1 X-23.516 Y-2.735 E.125
G1 X-23.184 Y-3.663 E.0474
G1 X-22.748 Y-4.972 E.06636
G1 X-21.329 Y-4.858 E.06847
G1 X-17.548 Y-4.656 E.18211
G1 X-14.464 Y-4.7 E.14834
G1 X-13.056 Y-4.773 E.06781
G1 X-10.234 Y-4.749 E.13573
G1 X-9.29 Y-4.756 E.0454
G1 X-7.782 Y-4.8 E.07256
G1 X-6.006 Y-4.795 E.08542
G1 X-1.417 Y-5.099 E.2212
G1 X1.675 Y-4.969 E.14885
G1 X3.077 Y-4.847 E.06769
G1 X4.424 Y-4.81 E.06481
G1 X6.123 Y-4.797 E.08172
G1 X6.9 Y-4.74 E.03747
G1 X8.493 Y-4.769 E.07663
G1 X9.37 Y-4.749 E.04219
G1 X11.778 Y-4.761 E.11582
G1 X13.786 Y-4.606 E.09687
G1 X15.557 Y-4.435 E.08558
G1 X16.681 Y-4.405 E.05408
G1 X17.623 Y-4.438 E.04533
G1 X19.876 Y-4.614 E.10869
G1 X20.684 Y-4.642 E.03889
G1 X22.244 Y-4.769 E.07528
G1 X22.662 Y-3.522 E.06326
G1 X22.969 Y-2.339 E.05878
G1 X23.079 Y-1.621 E.03494
G1 X23.396 Y.111 E.08469
G1 X23.326 Y.75 E.03092
G1 X23.039 Y2.705 E.09504
G1 X22.867 Y3.729 E.04994
G1 X22.568 Y5.01 E.06327
G1 X20.865 Y4.837 E.08233
G1 X19.949 Y4.796 E.0441
G1 X17.64 Y4.603 E.11144
G1 X16.79 Y4.577 E.0409
G1 X15.656 Y4.608 E.05456
G1 X13.863 Y4.797 E.08671
G1 X12.218 Y4.892 E.07925
G1 X11.7 Y4.904 E.02492
G1 X9.985 Y4.857 E.08252
G1 X8.966 Y4.863 E.04901
G1 X7.14 Y4.787 E.0879
G1 X5.487 Y4.771 E.07951
G1 X4.542 Y4.822 E.04552
G1 X3.084 Y4.862 E.07015
G1 X1.723 Y4.956 E.06562
G1 X-1.382 Y5.052 E.14941
G1 X-3.378 Y4.925 E.09619
G1 X-4.34 Y4.889 E.0463
G1 X-6.025 Y4.764 E.08127
G1 X-8.168 Y4.675 E.10316
G1 X-12.989 Y4.663 E.23187
G1 X-13.883 Y4.605 E.04309
G1 X-15.657 Y4.432 E.08573
G1 X-17.39 Y4.375 E.0834
G1 X-18.022 Y4.409 E.03044
G1 X-19.815 Y4.568 E.08658
G1 X-21.156 Y4.612 E.06453
G1 X-22.539 Y4.719 E.06672
G1 X-22.725 Y4.364 F7800
G1 X-21.813 Y3.513
;TYPE:Solid infill
;WIDTH:0.621853
G1 F1200
G1 X-22.215 Y2.38 E.08359
;WIDTH:0.655709
G1 X-22.261 Y2.197 E.01392
;WIDTH:0.660865
G1 X-22.543 Y-.128 E.17424
G1 X-22.496 Y-.93 E.05977
;WIDTH:0.645061
G1 X-22.496 Y-.937 E.00051
;WIDTH:0.645639
G1 X-22.374 Y-2.49 E.11294
G1 X-22.337 Y-2.64 E.0112
;WIDTH:0.614251
G1 X-21.937 Y-3.762 E.08169
G1 X-20.091 Y-3.73 F7800
;TYPE:Internal infill
;WIDTH:0.45
G1 F4800
G1 X-12.757 Y3.603 E.49882
G1 X-12.942 Y3.603 E.0089
G1 X-10.987 Y-3.695 E.36338
G1 X-11.882 Y-3.702 E.04305
G1 X-8.127 Y.054 E.25544
G1 X-6.938 Y-1.135 E.08087
G1 X-21.571 Y2.786 E.72863
G1 X-21.47 Y3.071 E.01454
G1 X-20.995 Y3.546 E.03231
G1 X-18.882 Y3.421 E.10181
G1 X-17 Y-3.603 E.34975
G1 X-19.682 Y-3.709 E.1291
G1 X-21.649 Y-3.182 E.09794
G1 X-21.887 Y-2.518 E.03393
G1 X-22.013 Y-.914 E.07738
G1 E-2 F2400
G1 X-10.278 Y-3.682 F7800
G1 E2 F2400
;TYPE:Solid infill
;WIDTH:0.433533
G1 F1200
G1 X-9.278 Y-3.684 E.04604
;WIDTH:0.428425
G1 X-9.096 Y-3.688 E.00827
;WIDTH:0.422359
G1 X-7.899 Y-3.728 E.05347
;WIDTH:0.450001
G1 X-6.206 Y-3.727 E.08143
;WIDTH:0.449757
G1 X-1.606 Y-4.028 E.22158
;WIDTH:0.454101
G1 X-1.447 Y-4.032 E.00773
G1 X-.988 Y-3.815 F7800
;TYPE:Internal infill
;WIDTH:0.45
G1 F4800
G1 X-1.043 Y-4.022 E.0103
G1 X1.054 Y-3.934 E.10095
G1 X-1.067 Y3.981 E.39412
G1 X1.246 Y3.91 E.1113
G1 E-2 F2400
G1 X-4.056 Y3.841 F7800
G1 E2 F2400
;TYPE:Solid infill
;WIDTH:0.444719
G1 F1200
G1 X-3.31 Y3.877 E.03543
;WIDTH:0.438417
G1 X-1.658 Y3.977 E.07721
;WIDTH:0.448703
G1 X-1.465 Y3.985 E.00926
G1 E-2 F2400
G1 X-4.778 Y3.964 F7800
G1 E2 F2400
;TYPE:Bridge infill
;WIDTH:0.420456
;HEIGHT:0.4
M106 S255
G1 F3600
G1 X-4.532 Y3.718 E.02008
G1 X-4.684 Y3.566 E.01241
G1 X-.435 Y-.683 E.34687
G1 X-.616 Y-.864 E.01478
G1 X-5.208 Y3.729 E.37491
G1 X-5.828 Y3.683 E.03589
G1 X-5.039 Y2.894 E.06441
G1 X-5.371 Y2.561 E.02714
G1 X-6.47 Y3.66 E.08972
G1 X-7.111 Y3.636 E.03703
G1 X-5.704 Y2.229 E.11486
G1 X-6.037 Y1.896 E.02718
G1 X-7.744 Y3.603 E.13935
G1 X-8.39 Y3.583 E.03731
G1 X-2.511 Y-2.296 E.47994
G1 X-3.419 Y-2.052 E.05427
G1 X-9.053 Y3.582 E.45994
G1 X-9.717 Y3.58 E.03833
G1 X-4.471 Y-1.666 E.42826
G1 X-5.381 Y-1.207 E.05883
G1 X-5.534 Y-1.268 E.00951
G1 X-7.615 Y.813 E.16988
G1 X-7.948 Y.48 E.02718
G1 X-5.855 Y-1.613 E.17086
M106 S229.5
G1 X-6.801 Y-1.272 F7800
;TYPE:Internal infill
;WIDTH:0.45
;HEIGHT:0.3
G1 F4800
G1 X-6.122 Y-1.951 E.04618
G1 X-5.529 Y-1.715 E.0307
G1 X-5.074 Y-3.411 E.08446
G1 X-3.516 Y-3.516 E.0751
G1 X-2.682 Y-2.682 E.05673
G1 X-4.178 Y-2.281 E.07449
G1 X-4.861 Y-1.937 E.03678
G1 E-2 F2400
G1 X-2.809 Y.463 F7800
G1 E2 F2400
G1 F4800
G1 X-1.173 Y-1.173 E.11128
G1 X-1.855 Y-1.855 E.04639
G1 X-1.769 Y-1.94 E.00582
G1 X-2.058 Y-2.443 E.0279
G1 X2.981 Y-3.793 E.25091
G1 X4.431 Y-3.749 E.06977
G1 X12.017 Y3.837 E.51599
G1 X10.954 Y3.816 E.05114
G1 X12.943 Y-3.608 E.36966
G1 X12.737 Y-3.623 E.00993
G1 X20.102 Y3.742 E.50096
G1 X21.677 Y3.763 F7800
;TYPE:Solid infill
;WIDTH:0.656675
G1 F1200
G1 X22.036 Y1.571 E.16409
;WIDTH:0.683794
G1 X22.149 Y.691 E.06854
;WIDTH:0.685082
G1 X22.206 Y.154 E.04181
G1 X22.031 Y-.838 E.07798
;WIDTH:0.672131
G1 X21.935 Y-1.41 E.04397
;WIDTH:0.655055
G1 X21.806 Y-2.252 E.06276
;WIDTH:0.654715
G1 X21.572 Y-3.141 E.06769
;WIDTH:0.636703
G1 X21.445 Y-3.558 E.03112
G1 E-2 F2400
G1 X21.612 Y.994 F7800
G1 E2 F2400
;TYPE:Internal infill
;WIDTH:0.45
G1 F4800
G1 X21.272 Y3.283 E.1113
G1 X19.681 Y3.709 E.07922
G1 X17.021 Y3.523 E.12825
G1 X18.896 Y-3.476 E.3485
G1 X20.95 Y-3.6 E.09897
G1 X21.2 Y-2.686 E.04558
G1 X-2.145 Y3.569 E1.16242
G1 X-3.989 Y3.462 E.08884
G1 X-.264 Y-.264 E.2534
G1 X3.782 Y3.782 E.2752
G1 X4.987 Y3.737 E.058
G1 X6.975 Y-3.682 E.36942
G1 X9.288 Y-3.691 E.11125
M106 S216.75
;LAYER_CHANGE
;Z:19.25
;HEIGHT:0.299999
G1 E-2 F2400
G1 Z19.25 F7800
G1 Z19.25
G1 X-22.313 Y3.891
G1 E2 F2400
;TYPE:Perimeter
;WIDTH:0.45
G1 F3600
G1 X-22.323 Y3.892 E.00048
G1 X-22.88 Y2.292 E.08148
G1 X-23.137 Y-.176 E.11934
G1 X-22.972 Y-2.636 E.11858
G1 X-22.44 Y-4.14 E.07673
G1 X-21.639 Y-4.08 E.03863
G1 X-17.892 Y-3.884 E.18046
G1 X-14.277 Y-3.936 E.17389
G1 X-13.524 Y-3.974 E.03626
G1 X-10.37 Y-3.951 E.1517
G1 X-9.194 Y-3.959 E.05656
G1 X-7.522 Y-4.016 E.08046
G1 X-6.188 Y-4.012 E.06416
G1 X-1.406 Y-4.334 E.23052
G1 X1.608 Y-4.205 E.1451
G1 X3.305 Y-4.059 E.08192
G1 X4.373 Y-4.03 E.05139
G1 X5.516 Y-4.031 E.05497
G1 X6.69 Y-3.943 E.05662
G1 X8.169 Y-3.962 E.07114
G1 X9.182 Y-3.933 E.04874
G1 X12.356 Y-3.944 E.15266
G1 X15.538 Y-3.66 E.15365
G1 X17.026 Y-3.619 E.07159
G1 X18.418 Y-3.692 E.06704
G1 X19.863 Y-3.819 E.06977
G1 X21.025 Y-3.859 E.05592
G1 X21.938 Y-3.932 E.04405
G1 X22.315 Y-2.809 E.05697
G1 X22.454 Y-2.3 E.02538
G1 X22.857 Y-.024 E.11117
G1 X22.868 Y.31 E.01607
G1 X22.436 Y3.138 E.13759
G1 X22.199 Y4.157 E.05032
G1 X21.177 Y4.056 E.04939
G1 X20.001 Y4.005 E.05661
G1 X17.789 Y3.809 E.10681
G1 X17.137 Y3.791 E.03137
G1 X15.625 Y3.835 E.07275
G1 X13.868 Y4.017 E.08496
G1 X12.355 Y4.104 E.07289
G1 X10.099 Y4.05 E.10854
G1 X8.591 Y4.058 E.07253
G1 X7.074 Y3.996 E.07302
G1 X5.664 Y3.984 E.06782
G1 X4.487 Y4.048 E.05669
G1 X3.286 Y4.081 E.05779
G1 X1.668 Y4.194 E.07801
G1 X-1.375 Y4.289 E.14643
G1 X-3.651 Y4.145 E.10969
G1 X-4.284 Y4.121 E.03047
G1 X-6.198 Y3.979 E.09231
G1 X-7.64 Y3.914 E.06943
G1 X-8.347 Y3.884 E.03403
G1 X-9.29 Y3.889 E.04536
G1 X-10.299 Y3.864 E.04854
G1 X-11.563 Y3.876 E.0608
G1 X-13.355 Y3.858 E.08619
G1 X-13.893 Y3.829 E.02591
G1 X-15.682 Y3.654 E.08646
G1 X-17.64 Y3.59 E.09422
G1 X-19.867 Y3.773 E.10747
G1 X-21.483 Y3.828 E.07777
G1 X-22.253 Y3.887 E.03714
G1 X-22.581 Y4.298 F7800
G1 F3600
G1 X-22.588 Y4.299 E.00034
G1 X-23.259 Y2.372 E.09814
G1 X-23.524 Y-.169 E.12288
G1 X-23.349 Y-2.727 E.12332
G1 X-22.705 Y-4.547 E.09285
G1 X-21.619 Y-4.465 E.05238
G1 X-17.898 Y-4.269 E.17922
G1 X-14.283 Y-4.321 E.17389
G1 X-13.533 Y-4.359 E.03612
G1 X-10.367 Y-4.336 E.15228
G1 X-9.207 Y-4.345 E.05579
G1 X-7.527 Y-4.401 E.08085
G1 X-6.255 Y-4.396 E.06118
G1 X-1.411 Y-4.721 E.2335
G1 X1.633 Y-4.59 E.14654
G1 X3.315 Y-4.445 E.0812
G1 X4.373 Y-4.415 E.05091
G1 X5.53 Y-4.416 E.05565
G1 X6.091 Y-4.375 E.02705
G1 X7.189 Y-4.334 E.05285
G1 X8.18 Y-4.347 E.04767
G1 X9.18 Y-4.319 E.04812
G1 X12.372 Y-4.33 E.15353
G1 X15.573 Y-4.044 E.15457
G1 X17.036 Y-4.004 E.07039
G1 X18.385 Y-4.076 E.06497
G1 X19.84 Y-4.204 E.07025
G1 X20.994 Y-4.243 E.05554
G1 X22.208 Y-4.341 E.05858
G1 X22.684 Y-2.921 E.07203
G1 X22.831 Y-2.385 E.02673
G1 X23.276 Y.129 E.12279
G1 X23.252 Y.352 E.01079
G1 X22.815 Y3.211 E.13911
G1 X22.498 Y4.574 E.06731
G1 X21.192 Y4.444 E.06312
G1 X19.975 Y4.389 E.05859
G1 X17.777 Y4.195 E.10613
G1 X17.147 Y4.176 E.03031
G1 X15.662 Y4.219 E.07145
G1 X13.899 Y4.401 E.08524
G1 X12.362 Y4.49 E.07405
G1 X10.09 Y4.435 E.10931
G1 X8.584 Y4.444 E.07243
G1 X7.07 Y4.382 E.07288
G1 X5.685 Y4.369 E.06662
G1 X4.503 Y4.433 E.05693
G1 X3.313 Y4.466 E.05726
G1 X1.687 Y4.579 E.07839
G1 X-1.381 Y4.675 E.14763
G1 X-3.676 Y4.53 E.1106
G1 X-4.305 Y4.506 E.03027
G1 X-6.244 Y4.363 E.09351
G1 X-8.343 Y4.27 E.10105
G1 X-13.359 Y4.243 E.24126
G1 X-13.924 Y4.213 E.02721
G1 X-15.695 Y4.04 E.08558
G1 X-17.652 Y3.975 E.09418
G1 X-19.844 Y4.158 E.10579
G1 X-21.454 Y4.212 E.07748
G1 X-22.521 Y4.294 E.05147
G1 X-22.85 Y4.706 F7800
;TYPE:External perimeter
G1 F1800
G1 X-22.852 Y4.706 E.0001
G1 X-23.639 Y2.451 E.11487
G1 X-23.911 Y-.161 E.12631
G1 X-23.726 Y-2.818 E.1281
G1 X-22.977 Y-4.955 E.10891
G1 X-21.599 Y-4.85 E.06647
G1 X-17.903 Y-4.655 E.17801
G1 X-14.289 Y-4.707 E.17384
G1 X-13.541 Y-4.745 E.03602
G1 X-10.364 Y-4.722 E.15281
G1 X-9.224 Y-4.73 E.05483
G1 X-7.533 Y-4.787 E.08138
G1 X-6.254 Y-4.782 E.06152
G1 X-1.416 Y-5.107 E.23322
G1 X1.658 Y-4.975 E.14798
G1 X3.326 Y-4.83 E.08053
G1 X4.371 Y-4.801 E.05028
G1 X5.544 Y-4.802 E.05642
G1 X6.119 Y-4.759 E.02773
G1 X7.182 Y-4.719 E.05116
G1 X8.191 Y-4.732 E.04853
G1 X9.179 Y-4.704 E.04754
G1 X12.389 Y-4.716 E.15439
G1 X15.607 Y-4.428 E.15539
G1 X17.047 Y-4.39 E.06928
G1 X18.353 Y-4.46 E.0629
G1 X19.816 Y-4.589 E.07064
G1 X20.963 Y-4.628 E.0552
G1 X22.478 Y-4.749 E.0731
G1 X23.053 Y-3.033 E.08704
G1 X23.207 Y-2.469 E.02812
G1 X23.665 Y.116 E.12627
G1 X23.635 Y.393 E.0134
G1 X23.194 Y3.284 E.14066
G1 X22.797 Y4.991 E.08429
G1 X21.154 Y4.828 E.07941
G1 X19.949 Y4.774 E.05801
G1 X17.766 Y4.58 E.10541
G1 X17.158 Y4.562 E.02926
G1 X15.7 Y4.602 E.07015
G1 X13.93 Y4.786 E.08559
G1 X12.368 Y4.876 E.07525
G1 X10.081 Y4.821 E.11003
G1 X8.577 Y4.83 E.07234
G1 X7.066 Y4.767 E.07274
G1 X5.705 Y4.754 E.06546
G1 X4.518 Y4.818 E.05717
G1 X3.34 Y4.85 E.05668
G1 X1.706 Y4.964 E.07878
G1 X-1.387 Y5.061 E.14884
G1 X-3.7 Y4.915 E.11147
G1 X-4.327 Y4.891 E.03018
G1 X-6.261 Y4.748 E.09327
G1 X-8.339 Y4.655 E.10004
G1 X-13.363 Y4.629 E.24164
G1 X-13.955 Y4.597 E.02851
G1 X-15.707 Y4.425 E.08467
G1 X-17.665 Y4.361 E.09422
G1 X-19.821 Y4.544 E.10407
G1 X-21.425 Y4.597 E.07719
G1 X-22.79 Y4.701 E.06584
G1 X-22.975 Y4.346 F7800
G1 E-2 F2400
G1 X-22.263 Y-.836 F7800
G1 E2 F2400
;TYPE:Internal infill
;WIDTH:0.45
G1 F4800
G1 X-22.138 Y-2.509 E.08069
G1 X-21.923 Y-3.108 E.03061
G1 X-19.751 Y-3.69 E.10815
G1 X-20.067 Y-3.707 E.01522
G1 X-12.789 Y3.571 E.49504
G1 X-12.933 Y3.57 E.00693
G1 X-10.992 Y-3.676 E.36079
G1 X-11.859 Y-3.679 E.0417
G1 X-10.232 Y-2.052 E.11067
G1 X-9.936 Y-.946 E.05507
G1 X-10.588 Y-.771 E.03247
G1 X-10.434 Y-.198 E.02854
G1 X-21.798 Y2.847 E.56585
G1 X-21.856 Y2.685 E.00828
G1 X-21.019 Y3.522 E.05693
G1 X-18.877 Y3.402 E.10318
G1 X-16.998 Y-3.608 E.34906
G1 X-14.685 Y-3.641 E.11126
G1 E-2 F2400
G1 X-22.186 Y-3.751 F7800
G1 E2 F2400
;TYPE:Solid infill
;WIDTH:0.609076
G1 F1200
G1 X-22.585 Y-2.628 E.08097
;WIDTH:0.617845
G1 X-22.605 Y-2.554 E.00529
G1 X-22.772 Y-.183 E.16408
;WIDTH:0.599524
G1 X-22.768 Y-.124 E.00395
;WIDTH:0.634623
G1 X-22.505 Y2.211 E.16712
G1 X-22.466 Y2.362 E.01109
;WIDTH:0.621283
G1 X-22.065 Y3.496 E.08355
G1 E-2 F2400
G1 X-11.545 Y3.565 F7800
G1 E2 F2400
;WIDTH:0.428771
G1 F1200
G1 X-9.411 Y3.579 E.09699
G1 X-8.935 Y3.763 F7800
;TYPE:Bridge infill
;WIDTH:0.410715
;HEIGHT:0.4
M106 S255
G1 F3600
G1 X-10.071 Y-.477 E.24178
G1 X-9.626 Y-.596 E.02537
G1 X-8.711 Y2.82 E.19479
G1 X-8.334 Y2.443 E.02937
G1 X-9.964 Y-3.64 E.34688
G1 X-9.487 Y-3.638 E.02627
G1 X-7.958 Y2.067 E.32533
G1 X-7.582 Y1.691 E.02929
G1 X-9.012 Y-3.644 E.30423
G1 X-8.539 Y-3.66 E.02607
G1 X-7.145 Y1.541 E.29659
M106 S216.75
G1 X-7.038 Y.161 F7800
M106 S255
G1 F3600
G1 X-8.066 Y-3.676 E.2188
G1 X-7.593 Y-3.692 E.02607
G1 X-6.722 Y-.441 E.18539
G1 X-6.346 Y-.817 E.02929
G1 X-7.117 Y-3.693 E.16401
G1 X-6.639 Y-3.691 E.02633
G1 X-5.97 Y-1.194 E.14239
G1 X-5.438 Y-.988 E.03142
G1 X-6.163 Y-3.692 E.1542
G1 X-5.694 Y-3.724 E.02589
G1 X-5.003 Y-1.146 E.14701
G1 X-4.583 Y-1.357 E.02589
G1 X-5.226 Y-3.755 E.13675
G1 X-4.757 Y-3.787 E.02589
G1 X-4.163 Y-1.569 E.12648
G1 X-3.948 Y-1.678 E.01328
G1 X-3.731 Y-1.736 E.01237
G1 X-4.342 Y-4.018 E.13012
M106 S216.75
G1 E-2 F2400
G1 X-8.621 Y3.155 F7800
G1 E2 F2400
M106 S255
G1 F3600
G1 X-8.511 Y3.563 E.02328
G1 X-8.031 Y3.575 E.02645
G1 X-8.143 Y3.157 E.02384
M106 S216.75
G1 E-2 F2400
G1 X-5.897 Y2.641 F7800
G1 E2 F2400
M106 S255
G1 F3600
G1 X-6.185 Y1.566 E.0613
G1 X-5.808 Y1.19 E.02933
G1 X-5.35 Y2.901 E.09756
G1 X-4.711 Y3.54 E.04978
G1 X-5.188 Y3.505 E.02634
G1 X-5.126 Y3.736 E.01317
G1 X-4.64 Y3.772 E.02684
G1 X-5.432 Y.814 E.16867
G1 X-5.056 Y.438 E.02929
G1 X-4.153 Y3.806 E.19207
G1 X-3.669 Y3.835 E.02671
G1 X-4.68 Y.062 E.21515
G1 X-4.304 Y-.314 E.02929
G1 X-3.184 Y3.863 E.2382
G1 X-2.7 Y3.891 E.0267
G1 X-3.928 Y-.691 E.26129
G1 X-3.551 Y-1.067 E.02933
G1 X-2.215 Y3.919 E.28432
G1 X-1.731 Y3.947 E.0267
G1 X-3.82 Y-3.85 E.44462
G1 X-3.352 Y-3.881 E.02583
G1 X-1.363 Y3.541 E.42324
G1 X-.918 Y3.421 E.02539
G1 X-2.883 Y-3.913 E.41822
G1 X-2.415 Y-3.945 E.02584
G1 X-1.97 Y-2.285 E.09466
G1 X-1.525 Y-2.404 E.02537
G1 X-1.946 Y-3.976 E.08964
G1 X-1.477 Y-4.008 E.02589
G1 X-1.027 Y-2.328 E.0958
M106 S216.75
G1 X-1.05 Y-4.033 F7800
;TYPE:Solid infill
;WIDTH:0.444689
;HEIGHT:0.3
G1 F1200
G1 X1.567 Y-3.92 E.12425
;WIDTH:0.445507
G1 X1.59 Y-3.919 E.00109
;WIDTH:0.449621
G1 X3.328 Y-3.77 E.08382
;WIDTH:0.450005
G1 X5.098 Y-3.738 E.08515
;WIDTH:0.440481
G1 X5.511 Y-3.722 E.01939
;WIDTH:0.412145
G1 X6.605 Y-3.642 E.04758
;WIDTH:0.423701
G1 X8.071 Y-3.65 E.0657
;WIDTH:0.404381
G1 X8.987 Y-3.624 E.03886
;WIDTH:0.404859
G1 X9.488 Y-3.622 E.02128
G1 E-2 F2400
G1 X4.219 Y-3.359 F7800
G1 E2 F2400
;TYPE:Internal infill
;WIDTH:0.45
G1 F4800
G1 X1.911 Y-3.506 E.11123
G1 X-.716 Y-2.802 E.13081
G1 X-.563 Y-2.23 E.02848
G1 X-1.867 Y-1.88 E.06494
G1 X3.403 Y3.403 E.3589
G1 X5.093 Y3.34 E.08134
G1 X6.864 Y-3.268 E.32904
G1 X4.825 Y-3.355 E.09816
G1 X11.591 Y3.411 E.46022
G1 X11.67 Y3.413 E.0038
G1 X11.683 Y3.503 E.00437
G1 X11.986 Y3.806 E.02061
G1 X13.845 Y3.729 E.08949
G1 X15.658 Y3.542 E.08766
G1 X17.025 Y3.506 E.06577
G1 X18.888 Y-3.443 E.34603
G1 X20.974 Y-3.567 E.10051
G1 X21.297 Y-3.243 E.022
G1 X21.435 Y-2.749 E.02467
G1 X-.523 Y3.134 E1.09335
G1 X-.682 Y2.544 E.02939
G1 X.955 Y-3.564 E.30414
G1 E-2 F2400
G1 X-4.052 Y-1.157 F7800
G1 E2 F2400
;TYPE:Solid infill
;WIDTH:0.45
G1 F1200
G1 X-6.023 Y.814 E.13406
;WIDTH:0.48219
G1 X-6.273 Y1.041 E.0176
;WIDTH:0.514381
G1 X-6.523 Y1.268 E.01895
G1 X-6.534 Y1.121 E.00827
;WIDTH:0.48219
G1 X-6.546 Y.973 E.00774
;WIDTH:0.45
G1 X-7.046 Y.473 E.03401
G1 X-5.865 Y-.708 E.08033
G1 X-5.43 Y-.535 E.02252
G1 X-5.272 Y-.542 E.00761
G1 X-4.224 Y-1.071 E.05646
G1 X-5.748 Y-.143 F7800
;WIDTH:0.643143
G1 F1200
G1 X-6.364 Y.473 E.06289
G1 X-6.523 Y1.268 F7800
;WIDTH:0.514381
G1 F1200
G1 X-6.912 Y1.657 E.03088
;WIDTH:0.517791
G1 X-6.938 Y1.686 E.0022
G1 X-6.914 Y1.819 E.00764
;WIDTH:0.483895
G1 X-6.889 Y1.953 E.00713
;WIDTH:0.45
G1 X-5.734 Y3.108 E.07856
G1 X-5.872 Y3.225 E.0087
G1 X-5.908 Y3.711 E.02344
G1 X-7.241 Y3.643 E.0642
G1 X-7.239 Y3.137 E.02434
G1 X-7.296 Y3 E.00714
G1 X-7.431 Y2.943 E.00705
G1 X-8.241 Y2.941 E.03896
G1 X-7.443 Y2.143 E.05428
;WIDTH:0.498581
G1 X-7.081 Y1.816 E.02642
;WIDTH:0.45
G1 X-7.071 Y2.279 E.02227
;WIDTH:0.3975
G1 X-6.819 Y2.523 E.01457
;WIDTH:0.431677
G1 X-6.53 Y2.844 E.01979
;WIDTH:0.477853
G1 X-6.242 Y3.165 E.02224
G1 X-6.278 Y3.286 E.00651
G1 X-6.84 Y3.261 E.02901
G1 X-6.842 Y3.082 E.00923
G1 X-6.979 Y2.884 E.01242
;WIDTH:0.434354
G1 X-7.117 Y2.687 E.0111
;WIDTH:0.3975
G1 X-7.387 Y2.596 E.01184
G1 X-7.207 Y2.415 E.01061
G1 E-2 F2400
G1 X-1.085 Y3.996 F7800
G1 E2 F2400
;WIDTH:0.442753
G1 F1200
G1 X1.632 Y3.909 E.12829
;WIDTH:0.443413
G1 X2.333 Y3.861 E.03322
;WIDTH:0.446133
G1 X2.72 Y3.832 E.01848
G1 X2.937 Y3.738 E.01126
;WIDTH:0.449435
G1 X3.468 Y3.786 E.02561
G1 X4.451 Y3.757 E.04723
;WIDTH:0.445677
G1 X4.478 Y3.756 E.00128
;WIDTH:0.445071
G1 X5.726 Y3.691 E.05934
;WIDTH:0.444681
G1 X5.95 Y3.686 E.01063
;WIDTH:0.431009
G1 X7.043 Y3.698 E.04998
;WIDTH:0.433125
G1 X8.6 Y3.752 E.07165
;WIDTH:0.414827
G1 X10.105 Y3.743 E.06578
;WIDTH:0.414599
G1 X10.198 Y3.744 E.00406
;WIDTH:0.411899
G1 X11.353 Y3.769 E.05007
G1 E-2 F2400
G1 X8.753 Y3.383 F7800
G1 E2 F2400
;TYPE:Internal infill
;WIDTH:0.45
G1 F4800
G1 X11.066 Y3.398 E.11125
G1 X12.942 Y-3.602 E.34856
G1 X12.741 Y-3.62 E.00971
G1 X20.079 Y3.719 E.49916
G1 X19.746 Y3.692 E.01607
G1 X21.543 Y3.21 E.08948
G1 X21.89 Y.923 E.11126
G1 E-2 F2400
G1 X21.686 Y-3.551 F7800
G1 E2 F2400
;TYPE:Solid infill
;WIDTH:0.638245
G1 F1200
G1 X21.948 Y-2.697 E.06394
;WIDTH:0.656599
G1 X22.071 Y-2.214 E.03682
;WIDTH:0.681469
G1 X22.467 Y.075 E.17879
;WIDTH:0.683449
G1 X22.474 Y.161 E.00666
G1 X22.348 Y1.153 E.07721
;WIDTH:0.638543
G1 X22.346 Y1.166 E.00094
;WIDTH:0.638252
G1 X22.128 Y2.617 E.10502
;WIDTH:0.636047
G1 X21.917 Y3.763 E.08308
M106 S191.25
;LAYER_CHANGE
;Z:19.55
;HEIGHT:0.299999
G1 E-2 F2400
G1 Z19.55 F7800
G1 Z19.55
G1 X-22.547 Y3.873
G1 E2 F2400
;TYPE:Perimeter
;WIDTH:0.45
G1 F3600
G1 X-23.059 Y2.269 E.08098
G1 X-23.318 Y-.196 E.11921
G1 X-23.189 Y-2.183 E.09577
G1 X-23.091 Y-2.926 E.03605
G1 X-22.68 Y-4.127 E.06105
G1 X-21.909 Y-4.072 E.03718
G1 X-18.184 Y-3.88 E.1794
G1 X-14.027 Y-3.947 E.19996
G1 X-10.5 Y-3.924 E.16964
G1 X-9.15 Y-3.933 E.06493
G1 X-7.228 Y-3.998 E.09249
G1 X-6.421 Y-4 E.03881
G1 X-1.405 Y-4.342 E.24181
G1 X1.59 Y-4.212 E.14418
G1 X3.497 Y-4.045 E.09207
G1 X5.11 Y-4.022 E.07759
G1 X6.644 Y-3.912 E.07397
G1 X7.552 Y-3.929 E.04368
G1 X8.99 Y-3.888 E.06919
G1 X12.849 Y-3.896 E.1856
G1 X15.587 Y-3.654 E.1322
G1 X17.391 Y-3.604 E.0868
G1 X18.081 Y-3.639 E.03323
G1 X19.872 Y-3.796 E.08647
G1 X21.304 Y-3.845 E.06891
G1 X22.169 Y-3.913 E.04173
G1 X22.719 Y-2.253 E.08411
G1 X23.138 Y.128 E.11628
G1 X23.052 Y.721 E.02882
G1 X22.764 Y2.696 E.096
G1 X22.427 Y4.14 E.07132
G1 X21.454 Y4.046 E.04702
G1 X20.003 Y3.983 E.06985
G1 X18.046 Y3.803 E.09452
G1 X17.505 Y3.776 E.02605
G1 X15.669 Y3.828 E.08834
G1 X13.936 Y4.006 E.08379
G1 X12.867 Y4.067 E.0515
G1 X10.191 Y4.014 E.12873
G1 X8.201 Y4.025 E.09571
G1 X7.368 Y3.991 E.0401
G1 X5.882 Y3.967 E.07148
G1 X4.408 Y4.046 E.071
G1 X3.542 Y4.07 E.04167
G1 X1.651 Y4.202 E.09117
G1 X-1.382 Y4.299 E.14595
G1 X-4.259 Y4.124 E.13863
G1 X-6.429 Y3.963 E.10466
G1 X-8.462 Y3.865 E.09789
G1 X-13.948 Y3.821 E.26387
G1 X-15.669 Y3.652 E.08317
G1 X-17.4 Y3.593 E.0833
G1 X-18.124 Y3.595 E.03482
G1 X-19.875 Y3.749 E.08454
G1 X-21.752 Y3.812 E.09033
G1 X-22.487 Y3.868 E.03545
G1 X-22.822 Y4.28 F7800
G1 F3600
G1 X-23.439 Y2.349 E.0975
G1 X-23.705 Y-.188 E.12269
G1 X-23.573 Y-2.221 E.09799
G1 X-23.469 Y-3.014 E.03847
G1 X-22.948 Y-4.533 E.07724
G1 X-21.888 Y-4.457 E.05111
G1 X-18.19 Y-4.265 E.1781
G1 X-14.029 Y-4.332 E.20016
G1 X-10.497 Y-4.309 E.16988
G1 X-9.153 Y-4.319 E.06464
G1 X-7.241 Y-4.383 E.09201
G1 X-6.447 Y-4.384 E.03819
G1 X-1.41 Y-4.728 E.24283
G1 X1.615 Y-4.596 E.14563
G1 X3.568 Y-4.427 E.09428
G1 X5.127 Y-4.408 E.07499
G1 X6.637 Y-4.298 E.07282
G1 X7.554 Y-4.314 E.04411
G1 X8.989 Y-4.274 E.06905
G1 X12.866 Y-4.282 E.18647
G1 X15.621 Y-4.038 E.13302
G1 X17.401 Y-3.989 E.08564
G1 X18.047 Y-4.023 E.03111
G1 X19.849 Y-4.181 E.087
G1 X21.273 Y-4.23 E.06853
G1 X22.44 Y-4.322 E.0563
G1 X23.094 Y-2.347 E.10006
G1 X23.529 Y.122 E.12058
G1 X23.433 Y.777 E.03184
G1 X23.143 Y2.767 E.09672
G1 X22.726 Y4.556 E.08835
G1 X21.468 Y4.434 E.06079
G1 X19.977 Y4.367 E.07178
G1 X18.024 Y4.188 E.09433
G1 X17.516 Y4.161 E.02447
G1 X15.706 Y4.212 E.08709
G1 X13.966 Y4.39 E.08412
G1 X12.874 Y4.453 E.05261
G1 X10.183 Y4.4 E.12945
G1 X8.194 Y4.411 E.09567
G1 X7.352 Y4.376 E.04053
G1 X5.903 Y4.352 E.0697
G1 X4.418 Y4.431 E.07152
G1 X3.569 Y4.454 E.04085
G1 X1.67 Y4.587 E.09156
G1 X-1.388 Y4.685 E.14715
G1 X-4.285 Y4.509 E.13959
G1 X-6.457 Y4.348 E.10475
G1 X-8.481 Y4.251 E.09746
G1 X-13.969 Y4.207 E.26396
G1 X-15.707 Y4.035 E.084
G1 X-17.412 Y3.978 E.08205
G1 X-18.091 Y3.979 E.03266
G1 X-19.852 Y4.134 E.08503
G1 X-21.723 Y4.197 E.09004
G1 X-22.762 Y4.276 E.05012
G1 X-23.096 Y4.688 F7800
;TYPE:External perimeter
G1 F1800
G1 X-23.818 Y2.428 E.11411
G1 X-24.092 Y-.181 E.12617
G1 X-23.957 Y-2.259 E.10016
G1 X-23.846 Y-3.103 E.04094
G1 X-23.217 Y-4.939 E.09334
G1 X-21.868 Y-4.842 E.06505
G1 X-18.196 Y-4.651 E.17685
G1 X-14.031 Y-4.718 E.20035
G1 X-10.495 Y-4.695 E.17007
G1 X-9.156 Y-4.705 E.0644
G1 X-7.254 Y-4.768 E.09153
G1 X-6.473 Y-4.769 E.03756
G1 X-1.415 Y-5.114 E.24384
G1 X1.64 Y-4.981 E.14707
G1 X3.577 Y-4.813 E.09351
G1 X5.143 Y-4.793 E.07533
G1 X6.631 Y-4.683 E.07176
G1 X7.556 Y-4.7 E.0445
G1 X8.988 Y-4.659 E.0689
G1 X12.883 Y-4.668 E.18734
G1 X15.655 Y-4.422 E.13385
G1 X17.412 Y-4.375 E.08454
G1 X18.011 Y-4.407 E.02885
G1 X19.825 Y-4.566 E.08758
G1 X21.243 Y-4.614 E.06824
G1 X22.711 Y-4.73 E.07083
G1 X23.469 Y-2.442 E.11593
G1 X23.919 Y.117 E.12497
G1 X23.815 Y.833 E.0348
G1 X23.522 Y2.839 E.09751
G1 X23.025 Y4.973 E.10538
G1 X21.431 Y4.818 E.07703
G1 X19.95 Y4.752 E.0713
G1 X18.103 Y4.578 E.08923
G1 X17.526 Y4.547 E.02779
G1 X15.743 Y4.596 E.08579
G1 X13.997 Y4.775 E.08442
G1 X12.881 Y4.839 E.05376
G1 X10.176 Y4.785 E.13013
G1 X8.187 Y4.797 E.09567
G1 X7.336 Y4.762 E.04096
G1 X5.924 Y4.737 E.06792
G1 X4.429 Y4.817 E.07201
G1 X3.596 Y4.839 E.04008
G1 X1.69 Y4.972 E.09189
G1 X-1.393 Y5.071 E.14836
G1 X-4.311 Y4.893 E.14061
G1 X-6.486 Y4.732 E.1049
G1 X-8.499 Y4.636 E.09693
G1 X-13.989 Y4.592 E.26406
G1 X-15.745 Y4.419 E.08487
G1 X-17.425 Y4.363 E.08085
G1 X-18.058 Y4.363 E.03045
G1 X-19.829 Y4.519 E.08551
G1 X-21.694 Y4.581 E.08975
G1 X-23.036 Y4.683 E.06473
G1 X-23.21 Y4.323 F7800
G1 X-22.297 Y3.502
;TYPE:Solid infill
;WIDTH:0.573571
G1 F1200
G1 X-22.69 Y2.333 E.07833
;WIDTH:0.556007
G1 X-22.723 Y2.198 E.00852
G1 X-22.989 Y-.134 E.14392
;WIDTH:0.522481
G1 X-22.991 Y-.203 E.00394
;WIDTH:0.547511
G1 X-22.853 Y-2.15 E.11762
;WIDTH:0.583457
G1 X-22.743 Y-2.844 E.04549
;WIDTH:0.594631
G1 X-22.427 Y-3.749 E.0634
G1 E-2 F2400
G1 X-22.032 Y2.909 F7800
G1 E2 F2400
;TYPE:Internal infill
;WIDTH:0.45
G1 F4800
G1 X-12.7 Y.409 E.46466
G1 X-12.628 Y.141 E.01335
G1 X-12.114 Y-.102 E.02735
G1 X-12.442 Y-.553 E.02682
G1 X-12.207 Y-1.432 E.04376
G1 E-2 F2400
G1 X-10.868 Y-3.43 F7800
G1 E2 F2400
G1 F4800
G1 X-10.206 Y-3.467 E.03189
G1 X-10.122 Y-3.637 E.00912
G1 X-11.002 Y-3.638 E.04233
G1 X-11.06 Y-3.42 E.01085
G1 X-11.572 Y-3.392 E.02466
G1 X-11.823 Y-3.643 E.01707
G1 X-16.998 Y-3.61 E.2489
G1 X-18.868 Y3.37 E.34755
G1 X-19.893 Y3.461 E.04949
G1 X-21.042 Y3.499 E.05529
G1 X-22.251 Y2.289 E.08227
G1 X-22.572 Y-.169 E.11923
G1 X-22.39 Y-2.494 E.11217
G1 X-22.197 Y-3.035 E.02763
G1 X-19.796 Y-3.678 E.11955
G1 X-20.053 Y-3.692 E.01238
G1 X-12.819 Y3.541 E.49201
G1 X-12.925 Y3.54 E.0051
G1 X-12.862 Y3.304 E.01175
G1 X-12.483 Y3.544 E.02158
G1 X-12.627 Y3.543 E.00693
G1 X-12.491 Y3.284 F7800
;TYPE:Bridge infill
;WIDTH:0.400254
;HEIGHT:0.4
M106 S255
G1 F3600
G1 X-11.539 Y3.519 E.0513
G1 X-9.599 Y3.535 E.10149
G1 X-12.887 Y2.722 E.17718
G1 X-12.771 Y2.287 E.02355
G1 X-9.252 Y3.157 E.18963
G1 X-9.345 Y2.67 E.02594
G1 X-12.654 Y1.852 E.17831
G1 X-12.537 Y1.417 E.02356
G1 X-9.332 Y2.209 E.1727
G1 X-9.275 Y1.76 E.02368
G1 X-12.421 Y.982 E.16953
G1 X-12.304 Y.547 E.02356
G1 X-9.375 Y1.271 E.15783
G1 X-9.508 Y.775 E.02686
G1 X-11.794 Y.209 E.12319
G1 X-11.479 Y.06 E.01823
G1 X-11.689 Y-.228 E.01865
G1 X-9.641 Y.278 E.11035
G1 X-9.774 Y-.219 E.02691
G1 X-11.955 Y-.758 E.11752
G1 X-11.838 Y-1.193 E.02356
G1 X-9.159 Y-.531 E.14436
G1 X-9.292 Y-1.027 E.02686
G1 X-11.722 Y-1.628 E.13095
G1 X-11.605 Y-2.063 E.02356
G1 X-9.425 Y-1.524 E.11747
G1 X-9.558 Y-2.021 E.02691
G1 X-11.488 Y-2.498 E.104
G1 X-11.372 Y-2.933 E.02355
G1 X-9.691 Y-2.517 E.09059
G1 X-9.825 Y-3.014 E.02693
G1 X-10.678 Y-3.225 E.04597
M106 S191.25
G1 X-9.337 Y-2.809 F7800
;TYPE:Solid infill
;WIDTH:0.45
;HEIGHT:0.3
G1 F1200
G1 X-8.87 Y-1.068 E.0867
G1 X-8.763 Y-1.389 E.01627
G1 X-8.571 Y-1.707 E.01787
G1 X-8.125 Y-2.21 E.03233
G1 X-7.636 Y-2.525 E.02798
G1 X-7.111 Y-2.661 E.02608
G1 X-6.557 Y-2.64 E.02666
G1 X-6.139 Y-2.526 E.02084
G1 X-7.186 Y-3.574 E.07125
G1 X-7.198 Y-3.709 E.00652
G1 X-8.353 Y-3.671 E.05558
G1 X-8.355 Y-3.165 E.02434
G1 X-8.445 Y-3.022 E.00813
G1 X-8.662 Y-2.993 E.01053
G1 X-9.387 Y-2.995 E.03487
G1 X-9.661 Y-3.593 E.03164
;WIDTH:0.545943
G1 X-9.395 Y-3.62 E.01606
;WIDTH:0.499814
G1 X-9.129 Y-3.647 E.01452
G1 X-8.664 Y-2.438 F7800
;WIDTH:0.787561
G1 F1200
G1 X-8.557 Y-2.495 E.01094
;WIDTH:0.737597
G1 X-8.451 Y-2.552 E.01011
;WIDTH:0.687633
G1 X-8.344 Y-2.609 E.00942
;WIDTH:0.63767
G1 X-8.238 Y-2.666 E.00861
;WIDTH:0.587706
G1 X-8.131 Y-2.722 E.00788
;WIDTH:0.537743
G1 X-8.062 Y-2.852 E.00869
;WIDTH:0.505487
G1 X-7.993 Y-2.982 E.0081
;WIDTH:0.473232
G1 X-7.964 Y-3.294 E.01598
;WIDTH:0.457833
G1 X-7.463 Y-3.311 E.0246
G1 X-7.202 Y-3.039 E.0185
G1 X-7.678 Y-2.926 E.02401
;WIDTH:0.506712
G1 X-7.955 Y-2.801 E.01677
G1 E-2 F2400
G1 X-9.335 Y-.048 F7800
G1 E2 F2400
;WIDTH:0.374348
G1 F1200
G1 X-8.968 Y-.146 E.01469
G1 X-9.091 Y.864 E.03934
G1 X-9.285 Y.139 E.02902
G1 E-2 F2400
G1 X-4.134 Y2.004 F7800
G1 E2 F2400
;WIDTH:0.404381
G1 F1200
G1 X-4.588 Y1.622 E.02516
;WIDTH:0.45
G1 X-4.444 Y1.349 E.01485
G1 X-3.559 Y2.235 E.06023
G1 X-3.287 Y2.331 E.01387
;WIDTH:0.404381
G1 X-3.459 Y2.493 E.01002
G1 X-2.637 Y3.837 F7800
;WIDTH:0.641227
G1 F1200
G1 X-2.561 Y3.864 E.0058
;WIDTH:0.597627
G1 X-2.484 Y3.89 E.00541
;WIDTH:0.554027
G1 X-2.408 Y3.917 E.00493
;WIDTH:0.510428
G1 X-2.331 Y3.943 E.00452
;WIDTH:0.466828
G1 X-2.255 Y3.97 E.00405
;WIDTH:0.427189
G1 X-2.237 Y3.969 E.00082
;WIDTH:0.45
G1 X-2.275 Y3.519 E.02172
G1 X-3.187 Y2.607 E.06203
G1 X-2.092 Y3.157 F7800
G1 F1200
G1 X-4.358 Y.891 E.15413
G1 X-4.271 Y.432 E.02247
G1 X-1.73 Y2.973 E.17284
G1 X-1.538 Y3.024 E.00955
;WIDTH:0.404381
G1 X-1.649 Y2.481 E.0235
;WIDTH:0.45
G1 X-1.84 Y2.317 E.01211
G1 X-4.234 Y-.077 E.16284
G1 E-2 F2400
G1 X-5.553 Y-2.111 F7800
G1 E2 F2400
;WIDTH:0.404381
G1 F1200
G1 X-5.291 Y-1.863 E.0153
G1 X-4.556 Y-1.018 E.04749
;WIDTH:0.45
G1 X-4.358 Y-.745 E.01622
G1 X-2.04 Y1.572 E.15763
G1 X-2.24 Y.827 E.0371
G1 X-6.777 Y-3.71 E.3086
G1 X-6.244 Y-3.722 E.02564
G1 X-2.439 Y.082 E.25878
G1 X-2.639 Y-.662 E.03705
G1 X-5.733 Y-3.757 E.21048
G1 X-5.223 Y-3.792 E.02459
G1 X-2.838 Y-1.407 E.16222
G1 X-3.038 Y-2.152 E.0371
G1 X-4.712 Y-3.827 E.1139
G1 X-2.284 Y-3.992 E.11705
G1 X-2.293 Y-3.535 E.02198
G1 X-2.134 Y-3.401 E.01
G1 X-1.973 Y-3.394 E.00775
G1 X-1.862 Y-2.98 E.02062
G1 X-2.996 Y-2.655 E.05674
G1 X-4.065 Y-3.725 E.07275
G1 X-3.312 Y-3.528 F7800
;WIDTH:0.46504
G1 F1200
G1 X-2.688 Y-3.571 E.03126
G1 X-2.668 Y-3.418 E.00771
G1 X-2.456 Y-3.228 E.01423
G1 X-2.894 Y-3.11 E.02267
G1 X-3.176 Y-3.392 E.01993
G1 E-2 F2400
G1 X-6.021 Y-2.271 F7800
G1 E2 F2400
;TYPE:Top solid infill
;WIDTH:0.402076
G1 F900
G1 X-5.477 Y-1.727 E.0324
G1 X-4.949 Y-1.09 E.03485
G1 X-4.742 Y-.729 E.01753
G1 X-4.63 Y-.403 E.01452
G1 X-6.481 Y-2.254 E.11026
G1 X-6.744 Y-2.304 E.01128
G1 X-7.011 Y-2.307 E.01125
G1 X-4.594 Y.111 E.144
G1 X-4.656 Y.526 E.01767
G1 X-7.413 Y-2.23 E.16419
G1 X-7.722 Y-2.062 E.01481
G1 X-4.732 Y.928 E.1781
G1 X-4.808 Y1.33 E.01723
G1 X-7.987 Y-1.849 E.18936
G1 X-8.203 Y-1.588 E.01427
G1 X-3.163 Y3.452 E.30021
G1 X-3.104 Y3.668 E.00943
G1 X-3.103 Y3.93 E.01104
G1 X-3.167 Y3.926 E.0027
G1 X-8.401 Y-1.309 E.3118
G1 X-8.542 Y-.972 E.01539
G1 X-3.675 Y3.895 E.28991
G1 X-4.184 Y3.864 E.02148
G1 X-8.61 Y-.562 E.26364
G1 X-8.646 Y-.121 E.01864
G1 X-4.699 Y3.826 E.23511
G1 X-5.215 Y3.788 E.02179
G1 X-8.695 Y.308 E.20729
G1 X-8.749 Y.732 E.018
G1 X-5.731 Y3.75 E.17977
G1 X-6.246 Y3.712 E.02175
G1 X-8.803 Y1.156 E.15228
G1 X-8.856 Y1.579 E.01796
G1 X-6.753 Y3.683 E.1253
G1 X-7.254 Y3.659 E.02113
G1 X-8.91 Y2.003 E.09864
G1 X-8.956 Y2.435 E.0183
G1 X-7.756 Y3.635 E.07148
G1 X-8.258 Y3.611 E.02117
G1 X-9.089 Y2.78 E.0495
G1 E-2 F2400
G1 X.616 Y4.116 F7800
G1 E2 F2400
;TYPE:Bridge infill
;WIDTH:0.406355
;HEIGHT:0.4
M106 S255
G1 F3600
G1 X-1.697 Y3.544 E.12847
G1 X-1.688 Y3.395 E.00805
G1 X-1.157 Y3.252 E.02965
G1 X-1.17 Y3.204 E.00268
G1 X1.574 Y3.882 E.1524
G1 X2.613 Y3.812 E.05615
G1 X2.493 Y3.64 E.01131
G1 X-1.305 Y2.701 E.21095
G1 X-1.44 Y2.197 E.02813
G1 X4.682 Y3.711 E.34003
G1 X5.943 Y3.644 E.06809
G1 X6.332 Y3.649 E.02098
G1 X-1.575 Y1.694 E.43917
G1 X-1.71 Y1.19 E.02813
G1 X8.452 Y3.703 E.56442
G1 X10.323 Y3.695 E.10088
G1 X-1.845 Y.687 E.67583
G1 X-1.98 Y.183 E.02813
G1 X11.254 Y3.455 E.73504
G1 X11.195 Y3.041 E.02255
G1 X11.102 Y2.948 E.00709
G1 X-2.115 Y-.32 E.7341
G1 X-2.249 Y-.824 E.02812
G1 X10.477 Y2.323 E.70683
G1 X9.853 Y1.699 E.04758
G1 X-2.384 Y-1.327 E.67967
G1 X-2.519 Y-1.83 E.02808
G1 X10.823 Y1.468 E.74103
G1 X11.284 Y1.461 E.02486
G1 X11.365 Y1.132 E.01827
G1 X-2.654 Y-2.334 E.77864
G1 X-1.743 Y-2.579 E.05086
G1 X9.917 Y.304 E.64762
G1 X10.829 Y.06 E.0509
G1 X-1.427 Y-2.971 E.68073
G1 X-1.562 Y-3.474 E.02808
G1 X11.742 Y-.185 E.73892
G1 X12.132 Y-.289 E.02176
G1 X12.276 Y-.523 E.01481
G1 X-1.767 Y-3.995 E.77997
G1 X-1.402 Y-4.02 E.01973
G1 X.339 Y-3.944 E.09396
G1 X12.415 Y-.959 E.67071
G1 X12.533 Y-1.4 E.02461
G1 X2.939 Y-3.772 E.53287
G1 X3.5 Y-3.723 E.03036
G1 X5.139 Y-3.698 E.08838
G1 X12.651 Y-1.84 E.41724
G1 X12.769 Y-2.281 E.02461
G1 X7.417 Y-3.605 E.29727
G1 X9.468 Y-3.568 E.1106
G1 X13.084 Y-2.674 E.20084
M106 S191.25
G1 X11.59 Y-3.604 F7800
;TYPE:Internal infill
;WIDTH:0.45
;HEIGHT:0.3
G1 F4800
G1 X11.078 Y-3.603 E.02463
G1 X12.826 Y-3.171 E.0866
G1 X12.941 Y-3.598 E.02127
G1 X12.753 Y-3.607 E.00905
G1 X13.309 Y-3.052 E.03778
G1 X13.402 Y-3.029 E.00461
G1 X13.387 Y-2.973 E.00279
G1 X20.056 Y3.695 E.45358
G1 X19.812 Y3.674 E.01178
G1 X21.808 Y3.139 E.09939
G1 X22.161 Y.852 E.1113
G1 E-2 F2400
G1 X22.148 Y3.751 F7800
G1 E2 F2400
;TYPE:Solid infill
;WIDTH:0.618046
G1 F1200
G1 X22.266 Y3.187 E.03979
;WIDTH:0.643773
G1 X22.388 Y2.6 E.04333
;WIDTH:0.643028
G1 X22.659 Y.76 E.13423
;WIDTH:0.662719
G1 X22.733 Y.165 E.04475
G1 X22.729 Y.08 E.00635
;WIDTH:0.671779
G1 X22.337 Y-2.156 E.17198
;WIDTH:0.65723
G1 X22.175 Y-2.713 E.04289
;WIDTH:0.614812
G1 X22.013 Y-3.27 E.03982
;WIDTH:0.573009
G1 X21.922 Y-3.542 E.0182
G1 E-2 F2400
G1 X19.334 Y3.629 F7800
G1 E2 F2400
;TYPE:Internal infill
;WIDTH:0.45
G1 F4800
G1 X17.568 Y3.487 E.08521
G1 X17.027 Y3.501 E.02603
G1 X18.881 Y-3.419 E.34457
G1 X20.996 Y-3.545 E.1019
G1 X21.675 Y-2.814 E.04799
G1 X12.695 Y-.407 E.44715
G1 X12.4 Y.071 E.02702
G1 X11.923 Y.199 E.02375
G1 X11.748 Y.855 E.03265
G1 X11.849 Y.909 E.00551
G1 X11.613 Y1.874 E.04778
G1 X11.474 Y1.876 E.00669
G1 X11.294 Y2.549 E.03351
G1 X11.589 Y2.844 E.02007
G1 X11.683 Y3.503 E.03202
G1 X11.94 Y3.76 E.01748
G1 X12.861 Y3.778 E.04431
G1 X14.25 Y3.683 E.06696
M106 S155.55
;LAYER_CHANGE
;Z:19.85
;HEIGHT:0.300001
G1 E-2 F2400
G1 Z19.85 F7800
G1 Z19.85
G1 X-22.713 Y3.849
G1 E2 F2400
;TYPE:Perimeter
;WIDTH:0.45
G1 F3600
G1 X-22.726 Y3.85 E.00063
G1 X-23.239 Y2.246 E.081
G1 X-23.499 Y-.216 E.11907
G1 X-23.395 Y-1.828 E.07769
G1 X-23.315 Y-2.598 E.03723
G1 X-23.216 Y-3.195 E.02911
G1 X-22.901 Y-4.115 E.04677
G1 X-22.133 Y-4.061 E.03703
G1 X-18.478 Y-3.876 E.17602
G1 X-14.541 Y-3.935 E.18938
G1 X-13.965 Y-3.917 E.02772
G1 X-10.617 Y-3.897 E.16103
G1 X-9.056 Y-3.908 E.07508
G1 X-6.653 Y-3.987 E.11564
G1 X-1.405 Y-4.349 E.25301
G1 X1.572 Y-4.218 E.14332
G1 X3.746 Y-4.028 E.10496
G1 X4.71 Y-4.013 E.04637
G1 X6.51 Y-3.884 E.0868
G1 X7.027 Y-3.893 E.02487
G1 X8.799 Y-3.843 E.08526
G1 X13.343 Y-3.848 E.21855
G1 X15.636 Y-3.647 E.11071
G1 X17.648 Y-3.592 E.09681
G1 X19.879 Y-3.773 E.10766
G1 X21.582 Y-3.831 E.08196
G1 X22.402 Y-3.895 E.03956
G1 X22.886 Y-2.427 E.07434
G1 X23.305 Y.128 E.12453
G1 X23.236 Y.665 E.02604
G1 X22.998 Y2.532 E.09052
G1 X22.655 Y4.123 E.07828
G1 X21.732 Y4.037 E.04459
G1 X20.001 Y3.96 E.08334
G1 X17.74 Y3.764 E.10915
G1 X15.779 Y3.818 E.09435
G1 X14.003 Y3.994 E.08584
G1 X13.374 Y4.031 E.03031
G1 X11.705 Y4.017 E.08028
G1 X10.267 Y3.978 E.06919
G1 X7.719 Y3.989 E.12255
G1 X6.937 Y3.957 E.03764
G1 X6.107 Y3.95 E.03992
G1 X3.798 Y4.059 E.11118
G1 X1.634 Y4.209 E.10433
G1 X-1.387 Y4.309 E.14538
G1 X-3.269 Y4.189 E.0907
G1 X-3.565 Y3.725 E.02647
G1 X-3.823 Y3.456 E.01793
G1 X-5.756 Y2.096 E.11368
G1 X-5.391 Y.156 E.09494
G1 X-5.378 Y.071 E.00414
G1 X-5.401 Y-.249 E.01543
G1 X-5.598 Y-.64 E.02106
G1 X-6.103 Y-1.246 E.03794
G1 X-6.363 Y-1.464 E.01632
G1 X-6.722 Y-1.584 E.01821
G1 X-7.041 Y-1.572 E.01535
G1 X-7.407 Y-1.41 E.01925
G1 X-7.622 Y-1.197 E.01456
G1 X-7.752 Y-.952 E.01334
G1 X-7.805 Y-.701 E.01234
G1 X-7.857 Y-.021 E.0328
G1 X-8.162 Y2.381 E.11646
G1 X-8.134 Y2.76 E.01828
G1 X-8.051 Y3.058 E.01488
G1 X-7.88 Y3.484 E.02208
G1 X-7.596 Y3.899 E.02419
G1 X-8.661 Y3.844 E.05129
G1 X-10.519 Y3.81 E.08938
G1 X-11.336 Y3.817 E.0393
G1 X-14.315 Y3.784 E.14329
G1 X-15.782 Y3.641 E.07089
G1 X-17.191 Y3.595 E.0678
G1 X-18.424 Y3.597 E.0593
G1 X-19.882 Y3.725 E.07039
G1 X-22.004 Y3.796 E.10212
G1 X-22.653 Y3.845 E.0313
G1 X-22.999 Y4.257 F7800
G1 F3600
G1 X-23.001 Y4.258 E.00011
G1 X-23.618 Y2.326 E.09755
G1 X-23.886 Y-.208 E.12256
G1 X-23.779 Y-1.86 E.07962
G1 X-23.698 Y-2.65 E.0382
G1 X-23.592 Y-3.29 E.0312
G1 X-23.17 Y-4.52 E.06254
G1 X-22.113 Y-4.446 E.05096
G1 X-18.484 Y-4.262 E.17477
G1 X-14.547 Y-4.32 E.18938
G1 X-13.96 Y-4.302 E.02825
G1 X-10.62 Y-4.282 E.16065
G1 X-9.068 Y-4.294 E.07465
G1 X-6.68 Y-4.371 E.11491
G1 X-1.409 Y-4.736 E.25412
G1 X1.598 Y-4.603 E.14477
G1 X3.78 Y-4.412 E.10535
G1 X4.727 Y-4.399 E.04555
G1 X6.503 Y-4.269 E.08565
G1 X7.029 Y-4.279 E.0253
G1 X8.798 Y-4.228 E.08512
G1 X13.36 Y-4.234 E.21942
G1 X15.67 Y-4.031 E.11153
G1 X17.658 Y-3.977 E.09565
G1 X19.856 Y-4.158 E.10607
G1 X21.552 Y-4.216 E.08162
G1 X22.673 Y-4.303 E.05408
G1 X23.261 Y-2.52 E.0903
G1 X23.694 Y.121 E.12872
G1 X23.619 Y.713 E.0287
G1 X23.379 Y2.596 E.0913
G1 X22.955 Y4.539 E.09565
G1 X21.715 Y4.422 E.0599
G1 X19.976 Y4.345 E.08372
G1 X17.751 Y4.15 E.10742
G1 X15.789 Y4.204 E.0944
G1 X14.034 Y4.379 E.08483
G1 X13.384 Y4.416 E.03131
G1 X11.698 Y4.403 E.08109
G1 X10.267 Y4.364 E.06885
G1 X7.703 Y4.374 E.12332
G1 X6.933 Y4.342 E.03707
G1 X6.126 Y4.335 E.03882
G1 X3.825 Y4.443 E.11079
G1 X1.654 Y4.595 E.10467
G1 X-1.393 Y4.695 E.14663
G1 X-3.488 Y4.562 E.10097
G1 X-3.89 Y3.933 E.0359
G1 X-4.045 Y3.771 E.01078
G1 X-6.181 Y2.269 E.12559
G1 X-5.77 Y.085 E.10689
G1 X-5.776 Y-.158 E.01169
G1 X-5.894 Y-.393 E.01265
G1 X-6.4 Y-.999 E.03797
G1 X-6.555 Y-1.13 E.00976
G1 X-6.771 Y-1.202 E.01095
G1 X-6.962 Y-1.194 E.00919
G1 X-7.182 Y-1.097 E.01156
G1 X-7.311 Y-.969 E.00874
G1 X-7.42 Y-.672 E.01522
G1 X-7.473 Y.018 E.03328
G1 X-7.779 Y2.429 E.11689
G1 X-7.763 Y2.657 E.01099
G1 X-7.561 Y3.266 E.03086
G1 X-6.838 Y4.324 E.06163
G1 X-8.668 Y4.23 E.08813
G1 X-10.516 Y4.196 E.0889
G1 X-11.336 Y4.203 E.03944
G1 X-14.336 Y4.17 E.1443
G1 X-15.795 Y4.026 E.07051
G1 X-17.192 Y3.98 E.06723
G1 X-18.392 Y3.981 E.05772
G1 X-19.859 Y4.11 E.07083
G1 X-21.975 Y4.181 E.10183
G1 X-22.939 Y4.253 E.04649
G1 X-23.292 Y4.666 F7800
;TYPE:External perimeter
G1 F1800
G1 X-23.358 Y4.405 E.01295
G1 X-23.998 Y2.405 E.101
G1 X-24.273 Y-.2 E.12599
G1 X-24.163 Y-1.892 E.08155
G1 X-24.08 Y-2.701 E.03911
G1 X-23.967 Y-3.385 E.03334
G1 X-23.439 Y-4.926 E.07835
G1 X-22.094 Y-4.831 E.06485
G1 X-18.49 Y-4.647 E.17357
G1 X-14.552 Y-4.706 E.18943
G1 X-10.625 Y-4.668 E.18888
G1 X-9.081 Y-4.679 E.07426
G1 X-6.708 Y-4.756 E.11419
G1 X-1.414 Y-5.122 E.25523
G1 X1.623 Y-4.987 E.14621
G1 X3.813 Y-4.797 E.10573
G1 X4.744 Y-4.784 E.04478
G1 X6.496 Y-4.655 E.08449
G1 X7.031 Y-4.664 E.02574
G1 X8.798 Y-4.614 E.08502
G1 X13.377 Y-4.62 E.22023
G1 X15.704 Y-4.415 E.11235
G1 X17.669 Y-4.363 E.09454
G1 X19.833 Y-4.543 E.10444
G1 X21.523 Y-4.6 E.08133
G1 X22.945 Y-4.71 E.0686
G1 X23.637 Y-2.612 E.10625
G1 X24.084 Y.115 E.13291
G1 X24.001 Y.762 E.03137
G1 X23.759 Y2.66 E.09203
G1 X23.254 Y4.954 E.11298
G1 X21.698 Y4.807 E.07517
G1 X19.95 Y4.73 E.08415
G1 X17.762 Y4.535 E.10565
G1 X15.8 Y4.589 E.0944
G1 X14.064 Y4.763 E.08391
G1 X13.393 Y4.802 E.03233
G1 X11.691 Y4.788 E.08186
G1 X10.268 Y4.749 E.06847
G1 X7.687 Y4.759 E.12414
G1 X6.144 Y4.72 E.07424
G1 X3.852 Y4.828 E.11036
G1 X1.673 Y4.98 E.10506
G1 X-1.399 Y5.081 E.14783
G1 X-3.708 Y4.934 E.11128
G1 X-4.267 Y4.087 E.04881
G1 X-6.625 Y2.428 E.13867
G1 X-6.569 Y2.244 E.00925
G1 X-6.149 Y.014 E.10914
G1 X-6.19 Y-.146 E.00794
G1 X-6.696 Y-.752 E.03797
G1 X-6.819 Y-.819 E.00674
G1 X-6.956 Y-.785 E.00679
G1 X-7.036 Y-.643 E.00784
G1 X-7.089 Y.057 E.03376
G1 X-7.391 Y2.554 E.12097
G1 X-7.243 Y3.049 E.02485
G1 X-6.07 Y4.764 E.09993
G1 X-8.675 Y4.616 E.12549
G1 X-10.512 Y4.581 E.08837
G1 X-11.336 Y4.589 E.03963
G1 X-14.357 Y4.555 E.14531
G1 X-15.808 Y4.412 E.07013
G1 X-17.192 Y4.366 E.0666
G1 X-18.36 Y4.365 E.05618
G1 X-19.836 Y4.495 E.07127
G1 X-21.947 Y4.565 E.10159
G1 X-23.232 Y4.662 E.06198
G1 X-23.392 Y4.295 F7800
G1 E-2 F2400
G1 X-22.732 Y-.679 F7800
G1 E2 F2400
;TYPE:Internal infill
;WIDTH:0.45
G1 F4800
G1 X-22.608 Y-2.555 E.09043
G1 X-22.463 Y-2.963 E.02083
G1 X-19.862 Y-3.661 E.12953
G1 X-20.03 Y-3.67 E.00809
G1 X-12.849 Y3.511 E.48844
G1 X-12.917 Y3.511 E.00327
G1 X-11.96 Y-.063 E.17795
G1 X-11.938 Y.205 E.01293
G1 X-22.253 Y2.969 E.51362
G1 X-22.516 Y2.214 E.03845
G1 X-22.538 Y2.003 E.0102
G1 X-21.066 Y3.475 E.10012
G1 X-18.862 Y3.347 E.10618
G1 X-16.998 Y-3.609 E.34636
G1 X-11.795 Y-3.614 E.25025
G1 X-11.349 Y-3.169 E.0303
G1 X-11.562 Y-2.449 E.03611
G1 X-11.574 Y-1.637 E.03906
G1 X-11.769 Y-.916 E.03592
G1 E-2 F2400
G1 X-10.807 Y-3.731 F7800
G1 E2 F2400
;TYPE:Solid infill
;WIDTH:0.404381
G1 F1200
G1 X-11.161 Y-2.889 E.03873
G1 X-11.248 Y-2.403 E.02094
G1 X-11.259 Y-1.588 E.03456
;WIDTH:0.454375
G1 X-11.297 Y-1.307 E.01379
;WIDTH:0.504369
G1 X-11.335 Y-1.026 E.01556
;WIDTH:0.554363
G1 X-11.374 Y-.744 E.0174
;WIDTH:0.604357
G1 X-11.412 Y-.463 E.0191
;WIDTH:0.627991
G1 X-11.47 Y.044 E.03587
G1 X-11.43 Y.331 E.02037
;WIDTH:0.604596
G1 X-11.405 Y.538 E.01405
;WIDTH:0.564553
G1 X-11.381 Y.745 E.013
;WIDTH:0.52451
G1 X-11.357 Y.952 E.01196
;WIDTH:0.484467
G1 X-11.332 Y1.159 E.01092
;WIDTH:0.444424
G1 X-11.308 Y1.366 E.00988
;WIDTH:0.404381
G1 X-11.356 Y2.265 E.03818
G1 X-11.268 Y2.899 E.02714
G1 X-11.038 Y3.657 E.03359
G1 E-2 F2400
G1 X-.558 Y4.168 F7800
G1 E2 F2400
;TYPE:Top solid infill
;WIDTH:0.405825
G1 F900
G1 X-.048 Y3.658 E.03072
G1 X-.181 Y3.309 E.01591
G1 X-.901 Y4.028 E.04333
G1 X-1.399 Y4.043 E.02122
G1 X-.372 Y3.016 E.06185
G1 X-.594 Y2.755 E.01459
G1 X-1.853 Y4.014 E.07583
G1 X-2.307 Y3.986 E.01937
G1 X-.816 Y2.495 E.0898
G1 X-1.038 Y2.234 E.01459
G1 X-2.761 Y3.957 E.10377
G1 X-3.118 Y3.934 E.01523
G1 X-3.158 Y3.871 E.00318
G1 X-1.26 Y1.973 E.11431
G1 X-1.312 Y1.911 E.00345
G1 X-1.376 Y1.606 E.01327
G1 X-3.347 Y3.577 E.11871
G1 X-3.578 Y3.326 E.01453
G1 X-1.396 Y1.143 E.13144
G1 X-1.338 Y.603 E.02313
G1 X-3.85 Y3.115 E.15129
G1 X-4.134 Y2.915 E.01479
G1 X-1.284 Y.066 E.17162
G1 X-1.293 Y-.408 E.02019
G1 X-4.417 Y2.716 E.18815
G1 X-4.7 Y2.516 E.01476
G1 X-1.307 Y-.877 E.20435
G1 X-1.319 Y-1.25 E.01589
G1 X-1.286 Y-1.381 E.00575
G1 X-4.984 Y2.317 E.22272
G1 X-5.267 Y2.117 E.01476
G1 X-.611 Y-2.538 E.28039
G1 X-.125 Y-3.102 E.03171
G1 X-.013 Y-3.266 E.00846
G1 X.126 Y-3.565 E.01404
G1 X.197 Y-3.83 E.01168
G1 X-5.431 Y1.798 E.33896
G1 X-5.319 Y1.203 E.02578
G1 X-.089 Y-4.027 E.31499
G1 X-.551 Y-4.047 E.01969
G1 X-5.207 Y.608 E.28039
G1 X-5.115 Y.033 E.0248
G1 X-1.014 Y-4.068 E.24699
G1 X-1.485 Y-4.079 E.02006
G1 X-5.173 Y-.392 E.22209
G1 X-5.231 Y-.556 E.00741
G1 X-5.333 Y-.714 E.00801
G1 X-2.004 Y-4.043 E.20049
G1 X-2.523 Y-4.007 E.02216
G1 X-5.543 Y-.987 E.18188
G1 X-5.763 Y-1.25 E.0146
G1 X-3.041 Y-3.972 E.16394
G1 X-3.56 Y-3.936 E.02216
G1 X-5.998 Y-1.498 E.14683
G1 X-6.231 Y-1.694 E.01297
G1 X-6.271 Y-1.708 E.0018
G1 X-4.079 Y-3.9 E.13202
G1 X-4.598 Y-3.864 E.02216
G1 X-6.762 Y-1.699 E.13036
G1 E-2 F2400
G1 X-8.027 Y3.429 F7800
G1 E2 F2400
G1 F900
G1 X-8.202 Y3.603 E.01051
G1 X-8.662 Y3.58 E.01961
G1 X-8.285 Y3.204 E.02268
G1 X-8.39 Y2.826 E.01671
G1 X-9.136 Y3.571 E.0449
G1 X-9.61 Y3.562 E.02019
G1 X-8.423 Y2.376 E.07146
G1 X-8.358 Y1.828 E.0235
G1 X-10.084 Y3.554 E.10395
G1 X-10.559 Y3.547 E.02023
G1 X-8.287 Y1.275 E.13684
G1 X-8.217 Y.721 E.02378
G1 X-10.888 Y3.392 E.16087
G1 X-10.999 Y3.02 E.01653
G1 X-8.147 Y.168 E.17177
G1 X-8.095 Y-.367 E.02289
G1 X-11.093 Y2.632 E.18059
G1 X-11.11 Y2.391 E.01029
G1 X-11.1 Y2.156 E.01002
G1 X-8.031 Y-.913 E.18484
G1 X-8.001 Y-1.041 E.0056
G1 X-7.853 Y-1.329 E.01379
G1 X-7.562 Y-1.626 E.01771
G1 X-7.179 Y-1.811 E.01811
G1 X-7.126 Y-1.819 E.00228
G1 X-5.116 Y-3.828 E.12103
G1 X-5.635 Y-3.792 E.02216
G1 X-11.07 Y1.642 E.3273
G1 X-11.039 Y1.129 E.02189
G1 X-6.154 Y-3.756 E.29421
G1 X-6.671 Y-3.722 E.02206
G1 X-11.008 Y.615 E.2612
G1 X-10.99 Y.314 E.01284
G1 X-11.015 Y.139 E.00753
G1 X-7.17 Y-3.705 E.23154
G1 X-7.67 Y-3.689 E.0213
G1 X-10.987 Y-.372 E.19977
G1 X-10.97 Y-.871 E.02126
G1 X-8.169 Y-3.673 E.16873
G1 X-8.668 Y-3.657 E.02126
G1 X-10.966 Y-1.359 E.1384
G1 X-10.961 Y-1.846 E.02074
G1 X-9.164 Y-3.643 E.10823
G1 X-9.651 Y-3.64 E.02074
G1 X-10.957 Y-2.334 E.07866
G1 X-10.938 Y-2.655 E.01369
G1 X-10.894 Y-2.88 E.00976
G1 X-9.985 Y-3.788 E.05472
G1 E-2 F2400
G1 X.673 Y-3.937 F7800
G1 E2 F2400
;TYPE:Solid infill
;WIDTH:0.549123
G1 F1200
G1 X.63 Y-3.979 E.00363
G1 X.572 Y-3.964 E.00362
G1 X.556 Y-3.905 E.0037
G1 X.599 Y-3.862 E.00368
G1 X.657 Y-3.878 E.00364
;WIDTH:0.45
G1 X1.251 Y-3.942 E.02873
G1 X-.279 Y-2.393 E.10472
;WIDTH:0.422673
G1 X-.866 Y-1.761 E.03855
;WIDTH:0.45
G1 X-.956 Y-1.19 E.0278
G1 X1.765 Y-3.911 E.18508
G1 X2.267 Y-3.867 E.02424
G1 X-.94 Y-.66 E.21814
G1 X-.924 Y-.131 E.02545
G1 X2.768 Y-3.823 E.25113
G1 X3.27 Y-3.78 E.02423
G1 X-.959 Y.45 E.28769
G1 X-1.024 Y1.06 E.0295
G1 X3.773 Y-3.737 E.32629
G1 X4.311 Y-3.73 E.02588
G1 X-1.011 Y1.592 E.362
G1 X-.814 Y1.94 E.01923
G1 X4.84 Y-3.714 E.38458
G1 X5.348 Y-3.676 E.0245
G1 X-.563 Y2.235 E.40206
G1 X-.312 Y2.53 E.01863
G1 X5.855 Y-3.638 E.41951
G1 X6.363 Y-3.601 E.0245
G1 X-.062 Y2.824 E.43702
G1 X.148 Y3.16 E.01906
G1 X6.91 Y-3.602 E.45994
G1 X7.445 Y-3.592 E.02574
G1 X.298 Y3.555 E.48613
G1 X.266 Y4.125 E.02746
;WIDTH:0.404381
G1 X.225 Y4.136 E.0018
G1 X.206 Y4.065 E.00312
G1 X.277 Y4.084 E.00312
;WIDTH:0.45
G1 X.439 Y3.959 E.00984
G1 X7.975 Y-3.577 E.51259
G1 X8.506 Y-3.562 E.02555
G1 X1.003 Y3.941 E.51034
G1 X1.567 Y3.922 E.02714
G1 X9.043 Y-3.554 E.50851
G1 X9.54 Y-3.679 E.02465
;WIDTH:0.404381
G1 X9.469 Y-3.698 E.00312
G1 X9.488 Y-3.627 E.00312
G1 X9.529 Y-3.638 E.0018
;WIDTH:0.45
G1 X9.453 Y-3.419 E.01115
G1 X2.151 Y3.883 E.49667
G1 X2.737 Y3.843 E.02825
G1 X9.575 Y-2.995 E.46511
G1 X9.697 Y-2.571 E.02122
G1 X3.323 Y3.802 E.43352
G1 X3.907 Y3.764 E.02815
G1 X9.719 Y-2.048 E.39533
G1 X9.728 Y-1.512 E.02578
G1 X4.479 Y3.737 E.35703
G1 X5.051 Y3.711 E.02754
G1 X9.737 Y-.976 E.31877
G1 X9.746 Y-.439 E.02583
G1 X5.623 Y3.684 E.28044
G1 X6.192 Y3.66 E.02739
G1 X9.753 Y.099 E.24221
G1 X9.74 Y.657 E.02685
G1 X6.732 Y3.666 E.20463
G1 X7.262 Y3.68 E.0255
G1 X9.727 Y1.215 E.16767
G1 X9.714 Y1.774 E.02689
G1 X7.786 Y3.702 E.13114
G1 E-2 F2400
G1 X9.568 Y2.472 F7800
G1 E2 F2400
;WIDTH:0.459319
G1 F1200
G1 X9.069 Y2.971 E.03476
;WIDTH:0.492481
G1 X8.385 Y3.679 E.05256
G1 X9.103 Y3.674 E.03834
G1 X9.14 Y3.455 E.01186
;WIDTH:0.473842
G1 X9.376 Y3.215 E.01719
;WIDTH:0.459319
G1 X9.662 Y2.759 E.02651
G1 X9.704 Y2.336 E.02094
G1 E-2 F2400
G1 X14.72 Y3.632 F7800
G1 E2 F2400
;TYPE:Internal infill
;WIDTH:0.45
G1 F4800
G1 X15.747 Y3.53 E.04964
G1 X17.028 Y3.495 E.06163
G1 X18.877 Y-3.402 E.34344
G1 X21.019 Y-3.522 E.10318
G1 X22.006 Y-2.535 E.06713
G1 X21.902 Y-2.875 E.0171
G1 X10.135 Y.279 E.58593
G1 X10.097 Y1.917 E.0788
G1 X11.91 Y3.73 E.12332
G1 X10.983 Y3.708 E.0446
G1 X12.93 Y-3.559 E.36185
G1 X12.802 Y-3.559 E.00616
G1 X20.033 Y3.672 E.49184
G1 X19.87 Y3.658 E.00787
G1 X22.072 Y3.068 E.10964
G1 X22.417 Y.78 E.11129
G1 E-2 F2400
G1 X22.155 Y-3.525 F7800
G1 E2 F2400
;TYPE:Solid infill
;WIDTH:0.571693
G1 F1200
G1 X22.383 Y-2.838 E.0458
;WIDTH:0.594451
G1 X22.54 Y-2.311 E.03635
;WIDTH:0.592325
G1 X22.95 Y.095 E.16071
;WIDTH:0.562011
G1 X22.951 Y.172 E.00478
;WIDTH:0.611345
G1 X22.633 Y2.47 E.15826
G1 X22.512 Y3.139 E.04638
;WIDTH:0.5795
G1 X22.378 Y3.741 E.03962
G1 E-2 F2400
G1 X-22.657 Y-3.75 F7800
G1 E2 F2400
;WIDTH:0.569835
G1 F1200
G1 X-22.879 Y-3.11 E.04271
;WIDTH:0.564613
G1 X-22.942 Y-2.864 E.01584
;WIDTH:0.522109
G1 X-23.004 Y-2.617 E.01454
;WIDTH:0.512427
G1 X-23.178 Y-.222 E.13419
;WIDTH:0.510645
G1 X-23.175 Y-.15 E.00401
;WIDTH:0.501487
G1 X-22.93 Y2.181 E.12778
;WIDTH:0.500099
G1 X-22.896 Y2.332 E.00841
;WIDTH:0.505195
G1 X-22.501 Y3.516 E.06862
M106 S168.3
;LAYER_CHANGE
;Z:20.15
;HEIGHT:0.299999
G1 E-2 F2400
G1 Z20.15 F7800
G1 Z20.15
G1 X22.84 Y4.102
G1 E2 F2400
;TYPE:Perimeter
;WIDTH:0.45
G1 F3600
G1 X22.009 Y4.027 E.04013
G1 X20.004 Y3.938 E.09653
G1 X18.074 Y3.771 E.09317
G1 X17.494 Y3.766 E.0279
G1 X15.758 Y3.816 E.08353
G1 X13.87 Y3.993 E.0912
G1 X11.56 Y3.975 E.11111
G1 X10.363 Y3.942 E.05759
G1 X7.478 Y3.959 E.13876
G1 X6.323 Y3.933 E.05557
G1 X4.054 Y4.047 E.10927
G1 X1.617 Y4.217 E.1175
G1 X-.019 Y4.272 E.07873
G1 X-.752 Y3.789 E.04222
G1 X-2.045 Y2.269 E.09598
G1 X-2.221 Y1.426 E.04142
G1 X-2.073 Y-.043 E.07101
G1 X-2.112 Y-1.334 E.06212
G1 X-1.878 Y-2.28 E.04687
G1 X-.786 Y-3.546 E.08041
G1 X.475 Y-4.272 E.06998
G1 X1.555 Y-4.224 E.052
G1 X3.995 Y-4.011 E.1178
G1 X4.311 Y-4.004 E.0152
G1 X6.332 Y-3.855 E.09747
G1 X8.607 Y-3.798 E.10945
G1 X13.838 Y-3.801 E.25159
G1 X15.686 Y-3.64 E.08922
G1 X17.409 Y-3.593 E.0829
G1 X18.171 Y-3.599 E.03665
G1 X19.889 Y-3.75 E.08295
G1 X21.861 Y-3.818 E.0949
G1 X22.624 Y-3.876 E.0368
G1 X23 Y-2.71 E.05892
G1 X23.172 Y-1.694 E.04956
G1 X23.468 Y.123 E.08854
G1 X23.397 Y.665 E.02629
G1 X23.225 Y1.984 E.06398
G1 X23.176 Y2.532 E.02646
G1 X22.858 Y4.051 E.07464
G1 X23.15 Y4.518 F7800
G1 F3600
G1 X21.992 Y4.412 E.05593
G1 X19.977 Y4.323 E.09701
G1 X18.071 Y4.157 E.09202
G1 X17.505 Y4.152 E.02722
G1 X15.794 Y4.2 E.08233
G1 X13.886 Y4.379 E.09217
G1 X11.554 Y4.36 E.11216
G1 X10.363 Y4.328 E.0573
G1 X7.48 Y4.345 E.13866
G1 X6.342 Y4.318 E.05475
G1 X4.081 Y4.432 E.10888
G1 X1.637 Y4.602 E.11783
G1 X-.129 Y4.661 E.08499
G1 X-1.01 Y4.08 E.05076
G1 X-2.402 Y2.444 E.10331
G1 X-2.61 Y1.445 E.04908
G1 X-2.458 Y-.032 E.07141
G1 X-2.499 Y-1.375 E.06462
G1 X-2.23 Y-2.462 E.05386
G1 X-1.035 Y-3.847 E.08798
G1 X.38 Y-4.662 E.07854
G1 X1.58 Y-4.609 E.05777
G1 X4.029 Y-4.395 E.11824
G1 X4.328 Y-4.39 E.01438
G1 X6.342 Y-4.241 E.09713
G1 X8.607 Y-4.183 E.10897
G1 X13.854 Y-4.186 E.25236
G1 X15.719 Y-4.025 E.09003
G1 X17.419 Y-3.978 E.0818
G1 X18.137 Y-3.983 E.03453
G1 X19.866 Y-4.135 E.08348
G1 X21.832 Y-4.202 E.09461
G1 X22.898 Y-4.283 E.05142
G1 X23.375 Y-2.802 E.07483
G1 X23.858 Y.117 E.1423
G1 X23.78 Y.715 E.02901
G1 X23.609 Y2.018 E.06321
G1 X23.558 Y2.588 E.02752
G1 X23.166 Y4.464 E.09218
G1 X23.46 Y4.934 F7800
;TYPE:External perimeter
G1 F1800
G1 X21.975 Y4.797 E.07173
G1 X19.951 Y4.708 E.09744
G1 X18.067 Y4.542 E.09096
G1 X17.518 Y4.537 E.02641
G1 X15.831 Y4.584 E.08117
G1 X13.903 Y4.765 E.09314
G1 X11.547 Y4.746 E.11332
G1 X10.364 Y4.713 E.05692
G1 X7.482 Y4.73 E.13862
G1 X6.362 Y4.704 E.05388
G1 X4.108 Y4.817 E.10855
G1 X1.657 Y4.987 E.11817
G1 X-.239 Y5.051 E.09124
G1 X-1.269 Y4.372 E.05934
G1 X-2.76 Y2.619 E.11069
G1 X-3 Y1.465 E.05669
G1 X-2.844 Y-.02 E.07182
G1 X-2.886 Y-1.416 E.06717
G1 X-2.582 Y-2.645 E.06089
G1 X-1.284 Y-4.149 E.09555
G1 X.285 Y-5.052 E.08707
G1 X1.605 Y-4.993 E.06355
G1 X4.062 Y-4.779 E.11862
G1 X4.345 Y-4.775 E.01361
G1 X6.352 Y-4.626 E.0968
G1 X8.607 Y-4.569 E.10849
G1 X13.871 Y-4.572 E.25318
G1 X15.752 Y-4.409 E.09081
G1 X17.429 Y-4.364 E.08069
G1 X18.103 Y-4.368 E.03242
G1 X19.843 Y-4.52 E.08401
G1 X21.802 Y-4.587 E.09428
G1 X23.172 Y-4.691 E.06608
G1 X23.751 Y-2.894 E.09081
G1 X24.248 Y.111 E.14649
G1 X24.162 Y.765 E.03173
G1 X23.993 Y2.052 E.06243
G1 X23.94 Y2.645 E.02863
G1 X23.473 Y4.877 E.10968
G1 X23.074 Y4.897 F7800
G1 X22.581 Y3.743
;TYPE:Solid infill
;WIDTH:0.539369
G1 F1200
G1 X22.811 Y2.706 E.06293
;WIDTH:0.515835
G1 X22.918 Y1.91 E.04522
;WIDTH:0.499325
G1 X22.919 Y1.901 E.00049
;WIDTH:0.499043
G1 X23.161 Y.144 E.09615
;WIDTH:0.476263
G1 X23.157 Y.082 E.00319
;WIDTH:0.497555
G1 X22.758 Y-2.252 E.12793
;WIDTH:0.530556
G1 X22.568 Y-2.881 E.0382
;WIDTH:0.563557
G1 X22.379 Y-3.51 E.04089
G1 E-2 F2400
G1 X16.558 Y-3.327 F7800
G1 E2 F2400
;TYPE:Internal infill
;WIDTH:0.45
G1 F4800
G1 X18.129 Y-3.307 E.07557
G1 X18.868 Y-3.371 E.03568
G1 X17.03 Y3.49 E.34163
G1 X15.792 Y3.524 E.05957
G1 X14.721 Y3.623 E.05173
G1 E-2 F2400
G1 X11.042 Y2.862 F7800
G1 E2 F2400
G1 F4800
G1 X11.868 Y3.688 E.05618
G1 X10.993 Y3.67 E.04209
G1 X12.917 Y-3.511 E.35756
G1 X12.85 Y-3.511 E.00322
G1 X20.009 Y3.648 E.48695
G1 X19.934 Y3.641 E.00362
G1 X22.312 Y3.004 E.11841
G1 X22.763 Y.133 E.13978
G1 X22.349 Y-2.191 E.11354
G1 X21.041 Y-3.5 E.089
G1 X21.905 Y-3.532 E.04158
G1 X22.105 Y-2.929 E.03056
G1 X11.027 Y.039 E.55161
G1 X11.008 Y-1.103 E.05493
G1 X11.12 Y-2.268 E.05629
G1 X10.644 Y-2.721 F7800
;TYPE:Top solid infill
;WIDTH:0.408611
G1 F900
G1 X9.831 Y-3.534 E.04936
G1 X9.345 Y-3.534 E.02087
G1 X10.536 Y-2.342 E.07235
G1 X10.528 Y-1.864 E.02053
G1 X8.858 Y-3.534 E.1014
G1 X8.365 Y-3.54 E.02117
G1 X10.536 Y-1.369 E.13182
G1 X10.544 Y-.874 E.02126
G1 X7.866 Y-3.552 E.1626
G1 X7.366 Y-3.565 E.02147
G1 X10.553 Y-.378 E.19351
G1 X10.559 Y.114 E.02113
G1 X6.867 Y-3.578 E.22417
G1 X6.367 Y-3.59 E.02147
G1 X10.548 Y.59 E.25383
G1 X10.537 Y1.066 E.02044
G1 X5.845 Y-3.626 E.28489
G1 X5.319 Y-3.665 E.02265
G1 X10.526 Y1.542 E.31616
G1 X10.515 Y2.018 E.02044
G1 X4.793 Y-3.704 E.34743
G1 X4.269 Y-3.741 E.02255
G1 X10.528 Y2.518 E.38004
G1 X10.509 Y2.722 E.0088
G1 X10.461 Y2.937 E.00946
G1 X3.757 Y-3.766 E.40702
G1 X3.226 Y-3.811 E.02288
G1 X10.313 Y3.276 E.43031
G1 X10.12 Y3.57 E.0151
G1 X2.694 Y-3.856 E.45089
G1 X2.162 Y-3.901 E.02292
G1 X9.745 Y3.682 E.46043
G1 X9.261 Y3.685 E.02078
G1 X1.63 Y-3.946 E.46334
G1 X1.11 Y-3.979 E.02237
G1 X8.777 Y3.687 E.4655
G1 X8.293 Y3.69 E.02078
G1 X.601 Y-4.002 E.46704
G1 X.54 Y-4.005 E.00262
G1 X.268 Y-3.848 E.01348
G1 X7.809 Y3.693 E.45788
G1 X7.322 Y3.693 E.02091
G1 X-.041 Y-3.67 E.44707
G1 X-.35 Y-3.492 E.01531
G1 X1.738 Y-1.404 E.12678
G1 X1.771 Y-1.422 E.00161
G1 X2.034 Y-1.181 E.01532
G1 X3.427 Y-.065 E.07663
G1 X3.241 Y.099 E.01065
G1 X6.823 Y3.68 E.21746
G1 X6.324 Y3.669 E.02143
G1 X2.988 Y.333 E.20256
G1 X2.748 Y.579 E.01476
G1 X5.861 Y3.692 E.18902
G1 X5.397 Y3.716 E.01995
G1 X2.508 Y.826 E.17545
G1 X2.268 Y1.073 E.01479
G1 X4.934 Y3.739 E.16187
G1 X4.47 Y3.762 E.01995
G1 X1.922 Y1.214 E.15471
G1 E-2 F2400
G1 X1.548 Y-1.107 F7800
G1 E2 F2400
G1 F900
G1 X-.647 Y-3.302 E.13328
G1 X-.873 Y-3.041 E.01482
G1 X1.212 Y-.957 E.12657
G1 X1.13 Y-.865 E.00529
G1 X1.028 Y-.654 E.01006
G1 X-1.098 Y-2.78 E.12909
G1 X-1.324 Y-2.518 E.01486
G1 X.868 Y-.327 E.13306
G1 X.708 Y0 E.01563
G1 X-1.549 Y-2.257 E.13704
G1 X-1.637 Y-2.156 E.00575
G1 X-1.696 Y-1.917 E.01057
G1 X.938 Y.717 E.15993
G1 X1.13 Y1.208 E.02264
G1 X1.255 Y1.455 E.01189
G1 X1.727 Y1.751 E.02392
G1 X1.826 Y1.605 E.00757
G1 X4.007 Y3.786 E.13243
G1 X3.552 Y3.818 E.01958
G1 X-1.792 Y-1.526 E.32448
G1 X-1.846 Y-1.306 E.00973
G1 X-1.84 Y-1.088 E.00936
G1 X3.097 Y3.849 E.29977
G1 X2.642 Y3.881 E.01958
G1 X-1.825 Y-.586 E.27123
G1 X-1.811 Y-.085 E.02152
G1 X2.187 Y3.913 E.24275
G1 X1.732 Y3.944 E.01958
G1 X-1.846 Y.366 E.21725
G1 X-1.892 Y.808 E.01908
G1 X1.265 Y3.965 E.19169
G1 X.794 Y3.98 E.02023
G1 X-1.937 Y1.25 E.16579
G1 X-1.953 Y1.413 E.00703
G1 X-1.873 Y1.801 E.01701
G1 X.323 Y3.996 E.13331
G1 X.056 Y4.005 E.01147
G1 X-.563 Y3.597 E.03183
G1 X-1.929 Y2.231 E.08294
G1 E-2 F2400
G1 X1.073 Y.074 F7800
G1 E2 F2400
;TYPE:Solid infill
;WIDTH:0.45
G1 F1200
G1 X1.409 Y-.614 E.03683
G1 X1.717 Y-.982 E.02308
G1 X2.87 Y-.049 E.07134
G1 X2.264 Y.561 E.04136
G1 X1.627 Y1.263 E.04559
G1 X1.554 Y1.216 E.00418
G1 X1.46 Y1.061 E.00872
G1 X1.144 Y.254 E.04168
G1 X1.548 Y.093 E.02092
;WIDTH:0.548105
G1 X1.774 Y-.37 E.03108
G1 X2.217 Y-.015 E.03425
G1 X1.71 Y.508 E.04395
G1 X1.618 Y.273 E.01523
G1 E-2 F2400
G1 X10.645 Y3.092 F7800
G1 E2 F2400
;WIDTH:0.404381
G1 F1200
G1 X10.802 Y2.628 E.02077
G1 X10.804 Y2.104 E.02222
G1 X10.755 Y1.195 E.0386
G1 X10.78 Y.073 E.04759
G1 X10.763 Y-1.112 E.05026
G1 X10.809 Y-2.129 E.04317
G1 X10.775 Y-2.629 E.02125
G1 X10.511 Y-3.61 E.04308
G1 E-2 F2400
G1 X-22.911 Y3.829 F7800
G1 E2 F2400
;TYPE:Perimeter
;WIDTH:0.45
G1 F3600
G1 X-23.419 Y2.223 E.08102
G1 X-23.68 Y-.236 E.11893
G1 X-23.601 Y-1.459 E.05894
G1 X-23.486 Y-2.58 E.0542
G1 X-23.336 Y-3.48 E.04388
G1 X-23.123 Y-4.101 E.03158
G1 X-18.772 Y-3.872 E.20956
G1 X-14.682 Y-3.924 E.19673
G1 X-13.806 Y-3.886 E.04217
G1 X-9.593 Y-3.878 E.20263
G1 X-10.058 Y-2.882 E.05287
G1 X-10.166 Y-2.43 E.02235
G1 X-10.182 Y-.646 E.08581
G1 X-10.233 Y-.075 E.02757
G1 X-10.195 Y.254 E.01593
G1 X-10.319 Y2.331 E.10007
G1 X-10.281 Y2.665 E.01617
G1 X-10.086 Y3.293 E.03163
G1 X-9.863 Y3.805 E.02686
G1 X-10.614 Y3.783 E.03614
G1 X-14.102 Y3.763 E.16776
G1 X-14.661 Y3.748 E.0269
G1 X-15.832 Y3.634 E.05659
G1 X-16.953 Y3.598 E.05394
G1 X-18.646 Y3.595 E.08143
G1 X-19.889 Y3.701 E.06
G1 X-22.097 Y3.771 E.10625
G1 X-22.852 Y3.826 E.03641
G1 X-23.204 Y4.238 F7800
G1 F3600
G1 X-23.307 Y3.84 E.01977
G1 X-23.798 Y2.303 E.0776
G1 X-24.067 Y-.228 E.12242
G1 X-23.985 Y-1.491 E.06087
G1 X-23.868 Y-2.631 E.05512
G1 X-23.711 Y-3.575 E.04603
G1 X-23.392 Y-4.507 E.04738
G1 X-18.778 Y-4.258 E.22224
G1 X-14.665 Y-4.309 E.19784
G1 X-13.804 Y-4.272 E.04145
G1 X-10.75 Y-4.255 E.14689
G1 X-8.972 Y-4.269 E.08552
G1 X-9.621 Y-2.942 E.07105
G1 X-9.78 Y-2.426 E.02597
G1 X-9.799 Y-.385 E.09817
G1 X-9.848 Y-.052 E.01619
G1 X-9.806 Y.21 E.01276
G1 X-9.934 Y2.354 E.1033
G1 X-9.911 Y2.554 E.00968
G1 X-9.732 Y3.139 E.02942
G1 X-9.266 Y4.209 E.05613
G1 X-10.616 Y4.168 E.06496
G1 X-14.108 Y4.149 E.16796
G1 X-14.685 Y4.133 E.02776
G1 X-15.845 Y4.019 E.05606
G1 X-16.953 Y3.983 E.05332
G1 X-18.646 Y3.981 E.08143
G1 X-19.865 Y4.086 E.05885
G1 X-22.07 Y4.156 E.10611
G1 X-23.145 Y4.234 E.05184
G1 X-23.499 Y4.646 F7800
;TYPE:External perimeter
G1 F1800
G1 X-23.674 Y3.957 E.03419
G1 X-24.177 Y2.383 E.07948
G1 X-24.454 Y-.22 E.1259
G1 X-24.37 Y-1.523 E.0628
G1 X-24.25 Y-2.682 E.05604
G1 X-24.087 Y-3.669 E.04811
G1 X-23.661 Y-4.912 E.0632
G1 X-22.655 Y-4.841 E.04851
G1 X-18.783 Y-4.644 E.18647
G1 X-14.648 Y-4.695 E.19889
G1 X-13.802 Y-4.657 E.04073
G1 X-10.755 Y-4.641 E.14655
G1 X-9.016 Y-4.654 E.08364
G1 X-8.344 Y-4.676 E.03234
G1 X-9.274 Y-2.773 E.10187
G1 X-9.394 Y-2.423 E.0178
G1 X-9.414 Y-.381 E.09822
G1 X-9.457 Y-.068 E.0152
G1 X-9.417 Y.165 E.01137
G1 X-9.549 Y2.377 E.10658
G1 X-9.379 Y2.985 E.03036
G1 X-8.669 Y4.613 E.08542
G1 X-10.618 Y4.554 E.09378
G1 X-14.114 Y4.534 E.16815
G1 X-14.709 Y4.519 E.02863
G1 X-15.858 Y4.405 E.05553
G1 X-16.954 Y4.369 E.05274
G1 X-18.647 Y4.367 E.08143
G1 X-19.842 Y4.471 E.05769
G1 X-22.042 Y4.541 E.10587
G1 X-23.439 Y4.642 E.06737
G1 X-23.592 Y4.272 F7800
G1 X-22.691 Y3.513
;TYPE:Solid infill
;WIDTH:0.473537
G1 F1200
G1 X-23.077 Y2.303 E.06481
;WIDTH:0.499581
G1 X-23.11 Y2.158 E.00807
;WIDTH:0.501405
G1 X-23.357 Y-.17 E.12761
;WIDTH:0.510573
G1 X-23.283 Y-1.432 E.07035
;WIDTH:0.509873
G1 X-23.221 Y-2.177 E.04154
;WIDTH:0.481111
G1 X-23.124 Y-2.904 E.03812
;WIDTH:0.518228
G1 X-23.063 Y-3.15 E.01435
;WIDTH:0.557775
G1 X-23.002 Y-3.396 E.0156
G1 X-22.884 Y-3.741 E.02244
G1 E-2 F2400
G1 X-22.921 Y-.596 F7800
G1 E2 F2400
;TYPE:Internal infill
;WIDTH:0.45
G1 F4800
G1 X-22.821 Y-2.147 E.07475
G1 X-22.71 Y-2.898 E.03651
G1 X-19.932 Y-3.642 E.13832
G1 X-20.006 Y-3.646 E.00356
G1 X-12.876 Y3.484 E.48497
G1 X-12.559 Y2.173 E.06487
G1 X-12.678 Y.403 E.08532
G1 X-22.432 Y3.016 E.48568
G1 X-22.695 Y2.193 E.04156
G1 X-22.736 Y1.805 E.01877
G1 X-21.091 Y3.45 E.11189
G1 X-18.856 Y3.324 E.10767
G1 X-16.998 Y-3.608 E.34517
G1 X-14.685 Y-3.635 E.11125
G1 E-2 F2400
G1 X-12.239 Y-1.789 F7800
G1 E2 F2400
;TYPE:Solid infill
;WIDTH:0.404381
G1 F1200
G1 X-12.338 Y-1.256 E.02299
G1 X-11.987 Y-2.553 F7800
;WIDTH:0.587672
G1 F1200
G1 X-11.896 Y-3.041 E.0324
G1 X-11.703 Y-3.522 E.03383
G1 X-11.376 Y-3.544 E.02139
;WIDTH:0.542005
G1 X-11.108 Y-3.567 E.01602
;WIDTH:0.494738
G1 X-10.841 Y-3.59 E.01438
;WIDTH:0.447472
G1 X-10.045 Y-3.594 E.03803
;WIDTH:0.43585
G1 X-10.237 Y-3.228 E.01915
;WIDTH:0.447472
G1 X-10.833 Y-3.207 E.0285
;WIDTH:0.494738
G1 X-11.038 Y-3.157 E.01133
;WIDTH:0.542005
G1 X-11.244 Y-3.107 E.01263
;WIDTH:0.587672
G1 X-11.652 Y-2.862 E.03106
G1 X-11.846 Y-2.684 E.01718
G1 X-10.835 Y-2.995 F7800
;TYPE:Top solid infill
;WIDTH:0.406617
G1 F900
G1 X-10.406 Y-2.566 E.0259
G1 X-10.43 Y-2.439 E.00552
G1 X-10.433 Y-2.109 E.01409
G1 X-11.063 Y-2.739 E.03803
G1 X-11.354 Y-2.546 E.01491
G1 X-10.437 Y-1.629 E.05536
G1 X-10.442 Y-1.15 E.02045
G1 X-11.618 Y-2.326 E.07099
G1 X-11.827 Y-2.051 E.01474
G1 X-10.446 Y-.671 E.08334
G1 X-10.449 Y-.36 E.01328
G1 X-10.472 Y-.212 E.00639
G1 X-11.985 Y-1.725 E.09133
G1 X-12.088 Y-1.345 E.01681
G1 X-10.461 Y.283 E.09825
G1 X-10.489 Y.739 E.0195
G1 X-12.191 Y-.963 E.10274
G1 X-12.292 Y-.58 E.01691
G1 X-10.516 Y1.196 E.10721
G1 X-10.543 Y1.653 E.01954
G1 X-12.338 Y-.142 E.10836
G1 X-12.347 Y-.06 E.00352
G1 X-12.319 Y.361 E.01801
G1 X-10.571 Y2.109 E.10552
G1 X-10.583 Y2.322 E.00911
G1 X-10.561 Y2.515 E.00829
G1 X-10.654 Y2.51 E.00398
G1 X-12.145 Y1.018 E.09004
G1 X-12.019 Y1.435 E.01859
G1 X-11.873 Y1.719 E.01363
G1 X-11.699 Y1.949 E.01231
G1 X-11.067 Y2.581 E.03815
G1 X-12.186 Y1.905 F7800
;TYPE:Solid infill
;WIDTH:0.45
G1 F1200
G1 X-11.778 Y2.374 E.0299
G1 X-11.298 Y2.703 E.02799
;WIDTH:0.492118
G1 X-11.094 Y2.797 E.01198
;WIDTH:0.534236
G1 X-10.889 Y2.891 E.01322
;WIDTH:0.575417
G1 X-10.559 Y2.939 E.02126
G1 X-10.399 Y3.442 E.03364
G1 X-10.983 Y3.458 E.03724
;WIDTH:0.534236
G1 X-11.399 Y3.475 E.0244
;WIDTH:0.492118
G1 X-11.815 Y3.493 E.02221
;WIDTH:0.45
G1 X-12.13 Y2.495 E.05033
G1 X-12.167 Y2.097 E.01922
G1 X-11.53 Y3.014 F7800
;WIDTH:0.529647
G1 F1200
G1 X-11.571 Y3.055 E.00336
G1 X-11.556 Y3.111 E.00336
G1 X-11.5 Y3.126 E.00336
G1 X-11.458 Y3.085 E.00341
G1 X-11.473 Y3.029 E.00336
M106 S198.9
;LAYER_CHANGE
;Z:20.45
;HEIGHT:0.300001
G1 E-2 F2400
G1 Z20.45 F7800
G1 Z20.45
G1 X23.028 Y4.081
G1 E2 F2400
;TYPE:Perimeter
;WIDTH:0.45
G1 F3600
G1 X22.388 Y4.024 E.0309
G1 X20.005 Y3.916 E.11473
G1 X18.514 Y3.779 E.07201
G1 X17.249 Y3.768 E.06084
G1 X15.866 Y3.806 E.06654
G1 X14.311 Y3.956 E.07514
G1 X11.399 Y3.932 E.14006
G1 X10.457 Y3.906 E.04532
G1 X8.159 Y3.912 E.11053
G1 X8.917 Y3.622 E.03903
G1 X9.354 Y3.287 E.02648
G1 X9.683 Y2.779 E.02911
G1 X9.746 Y2.357 E.02052
G1 X9.721 Y2.157 E.00969
G1 X9.769 Y.036 E.10204
G1 X9.742 Y-2.212 E.10813
G1 X9.713 Y-2.574 E.01747
G1 X9.482 Y-3.405 E.04148
G1 X9.331 Y-3.749 E.01807
G1 X14.264 Y-3.76 E.23726
G1 X15.791 Y-3.631 E.07371
G1 X17.17 Y-3.594 E.06635
G1 X18.404 Y-3.599 E.05935
G1 X19.899 Y-3.727 E.07217
G1 X22.224 Y-3.809 E.11189
G1 X22.836 Y-3.854 E.02951
G1 X23.131 Y-2.919 E.04716
G1 X23.284 Y-2.193 E.03569
G1 X23.4 Y-1.309 E.04288
G1 X23.632 Y.121 E.06968
G1 X23.561 Y.661 E.0262
G1 X23.44 Y1.59 E.04506
G1 X23.358 Y2.514 E.04462
G1 X23.044 Y4.028 E.07437
G1 X23.338 Y4.497 F7800
G1 F3600
G1 X22.37 Y4.409 E.04675
G1 X19.978 Y4.301 E.11516
G1 X18.511 Y4.165 E.07086
G1 X17.26 Y4.153 E.06017
G1 X15.876 Y4.191 E.06659
G1 X14.328 Y4.342 E.07481
G1 X11.389 Y4.317 E.14136
G1 X10.458 Y4.292 E.04479
G1 X7.691 Y4.298 E.13308
;WIDTH:0.469733
G1 X7.029 Y4.269 E.0335
G1 X7.525 Y3.741 E.03663
;WIDTH:0.45
G1 X8.779 Y3.262 E.06456
G1 X9.042 Y3.061 E.01592
G1 X9.324 Y2.639 E.02441
G1 X9.361 Y2.386 E.0123
G1 X9.335 Y2.178 E.01008
G1 X9.384 Y.066 E.10161
G1 X9.341 Y-2.471 E.12204
G1 X9.071 Y-3.405 E.04676
G1 X8.708 Y-4.137 E.0393
G1 X14.279 Y-4.146 E.26795
G1 X15.802 Y-4.016 E.07352
G1 X17.181 Y-3.979 E.06635
G1 X18.402 Y-3.985 E.05873
G1 X19.875 Y-4.112 E.07111
G1 X22.195 Y-4.193 E.11165
G1 X23.11 Y-4.261 E.04413
G1 X23.508 Y-3.002 E.06351
G1 X23.667 Y-2.243 E.0373
G1 X23.78 Y-1.371 E.04229
G1 X24.022 Y.115 E.07241
G1 X23.944 Y.712 E.02896
G1 X23.824 Y1.624 E.04424
G1 X23.74 Y2.57 E.04568
G1 X23.353 Y4.442 E.09194
G1 E-2 F2400
G1 X6.131 Y4.295 F7800
G1 E2 F2400
;WIDTH:0.512638
G1 F900
G1 X5.179 Y4.35 E.05331
G1 X4.823 Y4.393 E.02005
;WIDTH:0.46743
G1 X4.467 Y4.436 E.01803
G1 X4.663 Y4.318 E.0115
;WIDTH:0.512638
G1 X4.86 Y4.2 E.01284
G1 X5.074 Y3.843 E.02327
G1 X6.076 Y4.271 E.06092
G1 X4.369 Y4.446 F7800
;WIDTH:0.422223
G1 F900
G1 X4.467 Y4.436 E.0044
G1 E-2 F2400
G1 X3.694 Y-.863 F7800
G1 E2 F2400
;WIDTH:0.45
G1 F900
G1 X4.576 Y-.026 E.05848
G1 X3.579 Y.859 E.06412
G1 X2.621 Y1.842 E.06602
G1 X2.379 Y2.27 E.02365
G1 X2.407 Y2.847 E.02778
G1 X2.694 Y3.299 E.02575
G1 X.649 Y2.008 E.11632
G1 X.408 Y1.531 E.0257
G1 X-.182 Y.024 E.07784
G1 X.468 Y-1.309 E.07133
G1 X1.01 Y-1.918 E.03921
G1 X1.941 Y-2.38 E.04999
G1 X2.039 Y-2.334 E.00521
G1 X2.538 Y-1.789 E.03554
G1 X3.647 Y-.901 E.06833
G1 X3.948 Y-1.154 F7800
G1 F900
G1 X5.147 Y-.016 E.07951
G1 X3.855 Y1.128 E.083
G1 X2.897 Y2.111 E.06602
G1 X2.752 Y2.368 E.01419
G1 X2.766 Y2.706 E.01627
G1 X2.848 Y2.861 E.00843
G1 X3.874 Y4.233 E.0824
G1 X3.901 Y4.267 E.00209
G1 X4.369 Y4.446 E.0241
G1 X3.782 Y4.462 E.02824
G1 X2.007 Y3.313 E.1017
G1 X.354 Y2.278 E.0938
G1 X.056 Y1.689 E.03175
G1 X-.603 Y.007 E.08689
G1 X.144 Y-1.526 E.08202
G1 X.77 Y-2.228 E.04524
G1 X1.818 Y-2.769 E.05673
G1 X2.178 Y-2.759 E.01732
G1 X2.779 Y-2.09 E.04325
G1 X3.901 Y-1.192 E.06912
G1 E-2 F2400
G1 X23.649 Y4.913 F7800
G1 E2 F2400
;TYPE:External perimeter
G1 F1800
G1 X22.353 Y4.794 E.0626
G1 X19.951 Y4.686 E.11564
G1 X18.507 Y4.55 E.06976
G1 X17.273 Y4.539 E.05935
G1 X15.887 Y4.577 E.06669
G1 X14.346 Y4.727 E.07447
G1 X11.378 Y4.703 E.14276
G1 X10.459 Y4.678 E.04422
G1 X7.692 Y4.684 E.13308
;WIDTH:0.469733
G1 X7.03 Y4.676 E.03347
;WIDTH:0.510223
G1 X6.919 Y4.656 E.00627
;WIDTH:0.550714
G1 X6.807 Y4.636 E.0069
;WIDTH:0.591205
G1 X6.696 Y4.616 E.00741
G1 X6.551 Y4.637 E.00963
;WIDTH:0.560016
G1 X6.405 Y4.657 E.00911
;WIDTH:0.528828
G1 X5.804 Y4.712 E.03496
;WIDTH:0.489414
G1 X5.203 Y4.766 E.03199
;WIDTH:0.45
G1 X3.678 Y4.854 E.07347
G1 X1.804 Y3.642 E.10734
G1 X.058 Y2.547 E.09912
G1 X-.296 Y1.847 E.03773
G1 X-1.024 Y-.01 E.09593
G1 X-.179 Y-1.743 E.09273
G1 X.529 Y-2.538 E.0512
G1 X1.729 Y-3.158 E.06496
G1 X2.357 Y-3.139 E.03022
G1 X3.02 Y-2.391 E.04807
G1 X4.201 Y-1.445 E.07278
G1 X5.718 Y-.006 E.10057
G1 X4.131 Y1.397 E.10188
G1 X3.125 Y2.466 E.0706
G1 X3.157 Y2.63 E.00804
G1 X4.183 Y4.002 E.0824
G1 X4.348 Y4.079 E.00876
G1 X4.503 Y3.986 E.00869
G1 X4.904 Y3.317 E.03751
G1 X5.418 Y3.537 E.02689
;WIDTH:0.489414
G1 X5.965 Y3.792 E.03199
;WIDTH:0.528828
G1 X6.512 Y4.047 E.03496
;WIDTH:0.560016
G1 X6.581 Y4.07 E.0045
;WIDTH:0.591205
G1 X6.649 Y4.093 E.00472
G1 X6.681 Y4.055 E.00326
;WIDTH:0.550714
G1 X6.713 Y4.017 E.00301
;WIDTH:0.510223
G1 X6.745 Y3.978 E.00281
;WIDTH:0.469733
G1 X7.312 Y3.409 E.04061
;WIDTH:0.45
G1 X8.642 Y2.902 E.06846
G1 X8.729 Y2.835 E.00528
G1 X8.964 Y2.5 E.01968
G1 X8.949 Y2.199 E.0145
G1 X8.998 Y.049 E.10343
G1 X8.97 Y-2.368 E.11626
G1 X8.726 Y-3.234 E.04327
G1 X8.081 Y-4.533 E.06976
G1 X10.966 Y-4.514 E.13876
G1 X14.295 Y-4.532 E.16012
G1 X15.812 Y-4.402 E.07323
G1 X17.194 Y-4.365 E.06649
G1 X18.4 Y-4.371 E.05801
G1 X19.851 Y-4.497 E.07005
G1 X22.166 Y-4.578 E.11141
G1 X23.384 Y-4.669 E.05874
G1 X23.885 Y-3.085 E.0799
G1 X24.049 Y-2.293 E.0389
G1 X24.161 Y-1.433 E.04171
G1 X24.412 Y.109 E.07514
G1 X24.326 Y.762 E.03168
G1 X24.209 Y1.658 E.04346
G1 X24.122 Y2.627 E.04679
G1 X23.661 Y4.854 E.10938
G1 X23.262 Y4.876 F7800
G1 E-2 F2400
G1 X22.864 Y.657 F7800
G1 E2 F2400
;TYPE:Internal infill
;WIDTH:0.45
G1 F4800
G1 X22.531 Y2.945 E.1112
G1 X19.984 Y3.624 E.12678
G1 X12.893 Y-3.467 E.48232
G1 X11.914 Y.235 E.18417
G1 X12.01 Y1.041 E.03904
G1 X12.021 Y2.393 E.06503
G1 X11.954 Y2.802 E.01993
G1 X11.661 Y3.48 E.03552
G1 X11.827 Y3.646 E.01129
G1 X14.298 Y3.667 E.11885
G1 X15.837 Y3.517 E.07437
G1 X17.031 Y3.485 E.05745
G1 X18.862 Y-3.349 E.34028
G1 X21.062 Y-3.478 E.10599
G1 X22.588 Y-1.952 E.1038
G1 X22.525 Y-2.339 E.01886
G1 X22.312 Y-2.984 E.03267
G1 X11.924 Y-.201 E.51725
G1 E-2 F2400
G1 X9.759 Y-3.459 F7800
G1 E2 F2400
;TYPE:Solid infill
;WIDTH:0.45
G1 F1200
G1 X11.298 Y-3.463 E.07402
G1 X11.497 Y-2.849 E.03104
G1 X11.633 Y-2.188 E.03246
G1 X11.624 Y-1.062 E.05416
G1 X11.527 Y-.106 E.04622
G1 X11.527 Y.249 E.01707
G1 X11.625 Y1.104 E.04139
G1 X11.626 Y2.424 E.06349
G1 X11.495 Y2.954 E.02626
G1 X11.262 Y3.383 E.02348
G1 X11.062 Y3.633 E.0154
G1 X9.426 Y3.62 E.07869
G1 X9.604 Y3.435 E.01235
G1 X9.945 Y2.889 E.03096
G1 X10.027 Y2.405 E.02361
G1 X10.011 Y2.142 E.01267
G1 X10.059 Y.063 E.10002
G1 X10.022 Y-2.132 E.10559
G1 X9.99 Y-2.657 E.0253
G1 X9.812 Y-3.274 E.03089
G1 X10.271 Y-3.075 E.02406
G1 X11.027 Y-3.077 E.03636
G1 X11.125 Y-2.75 E.01642
G1 X11.247 Y-2.166 E.02869
G1 X11.239 Y-1.083 E.05209
G1 X11.143 Y-.145 E.04535
G1 X11.144 Y.295 E.02116
G1 X11.239 Y1.085 E.03827
G1 X11.251 Y2.328 E.05979
G1 X11.13 Y2.83 E.02484
G1 X10.96 Y3.142 E.01709
G1 X10.88 Y3.243 E.0062
G1 X10.185 Y3.232 E.03343
G1 X10.319 Y3.001 E.01284
G1 X10.409 Y2.456 E.02657
G1 X10.397 Y2.123 E.01603
G1 X10.444 Y.053 E.09959
G1 X10.408 Y-2.133 E.10515
G1 X10.382 Y-2.634 E.02413
G1 X10.318 Y-2.888 E.0126
G1 X10.751 Y-2.703 E.02265
;WIDTH:0.470136
G1 X10.788 Y-2.438 E.01354
;WIDTH:0.515053
G1 X10.825 Y-2.174 E.01498
;WIDTH:0.517737
G1 X10.832 Y-1.105 E.06045
;WIDTH:0.492691
G1 X10.819 Y-.797 E.01647
;WIDTH:0.456291
G1 X10.806 Y-.489 E.01507
;WIDTH:0.419892
G1 X10.793 Y-.181 E.01367
;WIDTH:0.387233
G1 X10.792 Y.337 E.02086
;WIDTH:0.424063
G1 X10.805 Y.595 E.01159
;WIDTH:0.460893
G1 X10.817 Y.853 E.01277
;WIDTH:0.497723
G1 X10.83 Y1.112 E.01402
;WIDTH:0.529815
G1 X10.811 Y2.51 E.08116
G1 E-2 F2400
G1 X2.28 Y2.224 F7800
G1 E2 F2400
;TYPE:Top solid infill
;WIDTH:0.419619
G1 F900
G1 X1.977 Y2.528 E.01902
G1 X1.668 Y2.334 E.01617
G1 X4.108 Y-.106 E.15289
G1 X3.85 Y-.351 E.01576
G1 X1.359 Y2.141 E.15612
G1 X1.05 Y1.947 E.01617
G1 X3.593 Y-.595 E.15931
G1 X3.32 Y-.825 E.01582
G1 X.792 Y1.703 E.1584
G1 X.627 Y1.365 E.01667
G1 X3.041 Y-1.048 E.15123
G1 X2.762 Y-1.272 E.01585
G1 X.486 Y1.004 E.14261
G1 X.344 Y.644 E.01715
G1 X2.483 Y-1.495 E.13403
G1 X2.217 Y-1.732 E.01579
G1 X.203 Y.283 E.12623
G1 X.106 Y.035 E.0118
G1 X.257 Y-.274 E.01524
G1 X1.982 Y-1.999 E.10809
G1 X1.907 Y-2.084 E.00502
G1 X1.199 Y-1.718 E.03531
G1 X.407 Y-.926 E.04963
G1 E-2 F2400
G1 X22.597 Y-3.5 F7800
G1 E2 F2400
;TYPE:Solid infill
;WIDTH:0.542815
G1 F1200
G1 X22.798 Y-2.883 E.03872
;WIDTH:0.538075
G1 X22.962 Y-2.218 E.04047
;WIDTH:0.503905
G1 X23.102 Y-1.266 E.05275
;WIDTH:0.472147
G1 X23.103 Y-1.259 E.00036
;WIDTH:0.472035
G1 X23.324 Y.087 E.06935
;WIDTH:0.472505
G1 X23.15 Y1.51 E.07298
;WIDTH:0.499323
G1 X23.034 Y2.544 E.05644
;WIDTH:0.501417
G1 X22.782 Y3.743 E.06678
G1 E-2 F2400
G1 X-23.117 Y3.809 F7800
G1 E2 F2400
;TYPE:Perimeter
;WIDTH:0.45
G1 F900
G1 X-23.255 Y3.274 E.02657
G1 X-23.598 Y2.2 E.05423
G1 X-23.861 Y-.255 E.11875
G1 X-23.807 Y-1.089 E.0402
G1 X-23.656 Y-2.561 E.07117
G1 X-23.462 Y-3.732 E.05709
G1 X-23.345 Y-4.089 E.01807
G1 X-22.311 Y-4.018 E.04985
G1 X-19.066 Y-3.869 E.15624
G1 X-15.161 Y-3.922 E.18783
G1 X-13.647 Y-3.856 E.07289
G1 X-10.657 Y-3.855 E.14381
G1 X-10.735 Y-3.631 E.01141
G1 X-11.112 Y-2.794 E.04415
G1 X-11.197 Y-2.407 E.01906
G1 X-11.205 Y-1.586 E.03949
G1 X-11.59 Y-.081 E.07472
G1 X-11.551 Y.252 E.01613
G1 X-11.211 Y1.384 E.05685
G1 X-11.265 Y2.289 E.0436
G1 X-11.226 Y2.622 E.01613
G1 X-10.888 Y3.755 E.05687
G1 X-14.213 Y3.733 E.15992
G1 X-15.131 Y3.7 E.04418
G1 X-15.882 Y3.627 E.03629
G1 X-16.714 Y3.6 E.04004
G1 X-18.948 Y3.597 E.10745
G1 X-19.895 Y3.677 E.04571
G1 X-22.191 Y3.747 E.11048
G1 X-23.059 Y3.807 E.04185
G1 X-23.411 Y4.217 F7800
G1 F3600
G1 X-23.622 Y3.391 E.041
G1 X-23.978 Y2.28 E.05611
G1 X-24.248 Y-.247 E.12223
G1 X-24.192 Y-1.121 E.04212
G1 X-24.038 Y-2.612 E.07209
G1 X-23.831 Y-3.859 E.0608
G1 X-23.614 Y-4.494 E.03228
G1 X-22.293 Y-4.403 E.06369
G1 X-19.072 Y-4.254 E.15508
G1 X-15.155 Y-4.307 E.18841
G1 X-13.647 Y-4.241 E.0726
G1 X-10.113 Y-4.24 E.16997
G1 X-10.371 Y-3.503 E.03756
G1 X-10.76 Y-2.636 E.0457
G1 X-10.811 Y-2.403 E.01147
G1 X-10.82 Y-1.533 E.04185
G1 X-11.205 Y-.059 E.07327
G1 X-11.181 Y.141 E.00969
G1 X-10.822 Y1.339 E.06015
G1 X-10.88 Y2.312 E.04688
G1 X-10.857 Y2.512 E.00968
G1 X-10.354 Y4.151 E.08246
G1 X-14.224 Y4.118 E.18614
G1 X-15.169 Y4.084 E.04548
G1 X-15.895 Y4.013 E.03508
G1 X-16.715 Y3.986 E.03946
G1 X-18.949 Y3.983 E.10745
G1 X-19.872 Y4.062 E.04456
G1 X-22.164 Y4.131 E.11029
G1 X-23.353 Y4.214 E.05733
G1 X-23.705 Y4.626 F7800
;TYPE:External perimeter
G1 F1800
G1 X-23.99 Y3.509 E.05544
G1 X-24.357 Y2.36 E.05801
G1 X-24.635 Y-.239 E.12572
G1 X-24.576 Y-1.154 E.0441
G1 X-24.421 Y-2.664 E.07301
G1 X-24.207 Y-3.954 E.06289
G1 X-23.883 Y-4.899 E.04805
G1 X-22.275 Y-4.788 E.07752
G1 X-19.077 Y-4.64 E.15398
G1 X-15.149 Y-4.693 E.18894
G1 X-13.647 Y-4.627 E.07231
G1 X-9.57 Y-4.626 E.19609
G1 X-10.007 Y-3.376 E.06369
G1 X-10.426 Y-2.4 E.05109
G1 X-10.434 Y-1.48 E.04425
G1 X-10.813 Y-.076 E.06994
G1 X-10.812 Y.03 E.0051
G1 X-10.433 Y1.294 E.06347
G1 X-10.487 Y2.402 E.05335
G1 X-10.06 Y3.833 E.07182
G1 X-9.797 Y4.55 E.03673
G1 X-10.727 Y4.527 E.04474
G1 X-14.234 Y4.504 E.16868
G1 X-15.207 Y4.467 E.04683
G1 X-15.908 Y4.398 E.03388
G1 X-16.715 Y4.372 E.03883
G1 X-18.949 Y4.369 E.10745
G1 X-19.849 Y4.447 E.04345
G1 X-22.137 Y4.516 E.11009
G1 X-23.646 Y4.621 E.07275
G1 X-23.798 Y4.252 F7800
G1 E-2 F2400
G1 X-23.107 Y-.544 F7800
G1 E2 F2400
;TYPE:Internal infill
;WIDTH:0.45
G1 F4800
G1 X-22.899 Y-2.847 E.11122
G1 X-19.98 Y-3.62 E.14523
G1 X-12.902 Y3.453 E.48127
G1 X-12.853 Y3.269 E.00916
G1 X-13.063 Y2.389 E.04351
G1 X-13.185 Y.539 E.08917
G1 X-22.591 Y3.059 E.46835
G1 X-22.875 Y2.169 E.04493
G1 X-22.934 Y1.606 E.02723
G1 X-21.116 Y3.424 E.12366
G1 X-18.852 Y3.308 E.10903
G1 X-16.998 Y-3.608 E.34438
G1 X-14.685 Y-3.611 E.11125
G1 E-2 F2400
G1 X-11.274 Y-3.566 F7800
G1 E2 F2400
;TYPE:Solid infill
;WIDTH:0.45
G1 F1200
G1 X-12.383 Y-3.566 E.05334
G1 X-12.589 Y-2.457 E.05425
G1 X-12.838 Y-.072 E.11533
G1 X-12.681 Y2.33 E.11577
G1 X-12.404 Y3.456 E.05577
G1 X-11.277 Y3.463 E.05421
G1 X-11.483 Y2.774 E.03459
G1 X-11.553 Y2.273 E.02433
G1 X-11.509 Y1.527 E.03594
G1 X-11.534 Y1.314 E.01031
G1 X-11.826 Y.339 E.04895
G1 X-11.864 Y-.026 E.01765
G1 X-11.836 Y-.358 E.01602
G1 X-11.494 Y-1.626 E.06317
G1 X-11.486 Y-2.4 E.03723
G1 X-11.371 Y-2.922 E.02571
G1 X-11.081 Y-3.566 E.03397
G1 X-11.659 Y-3.193 E.03309
;WIDTH:0.425266
G1 X-11.748 Y-2.964 E.01106
;WIDTH:0.425531
G1 X-11.86 Y-2.376 E.02696
;WIDTH:0.457275
G1 X-11.889 Y-1.655 E.03536
G1 X-12.026 Y-1.051 E.03035
;WIDTH:0.407716
G1 X-12.164 Y-.446 E.02657
;WIDTH:0.358195
G1 X-12.203 Y-.052 E.01451
;WIDTH:0.369179
G1 X-12.157 Y.438 E.01871
;WIDTH:0.407802
G1 X-12.078 Y.769 E.01458
;WIDTH:0.446425
G1 X-11.999 Y1.099 E.01617
;WIDTH:0.485048
G1 X-11.911 Y1.503 E.02169
G1 X-11.919 Y1.921 E.02194
;WIDTH:0.458487
G1 X-11.926 Y2.34 E.0206
;WIDTH:0.431927
G1 X-11.83 Y2.877 E.02501
;WIDTH:0.404201
G1 X-11.765 Y3.097 E.00972
G1 X-12.124 Y3.095 E.01522
;WIDTH:0.406748
G1 X-12.205 Y2.785 E.01368
;WIDTH:0.438971
G1 X-12.306 Y2.241 E.02585
;WIDTH:0.485048
G1 X-12.331 Y1.504 E.03869
G1 X-12.372 Y1.166 E.01786
;WIDTH:0.446425
G1 X-12.414 Y.829 E.01618
;WIDTH:0.407802
G1 X-12.455 Y.492 E.01454
;WIDTH:0.369179
G1 X-12.493 Y.057 E.0166
;WIDTH:0.358157
G1 X-12.452 Y-.5 E.02046
;WIDTH:0.407716
G1 X-12.363 Y-1.113 E.02653
;WIDTH:0.457275
G1 X-12.274 Y-1.726 E.03035
G1 X-12.189 Y-2.589 E.0425
;WIDTH:0.425266
G1 X-12.073 Y-3.193 E.02768
G1 X-11.852 Y-3.193 E.00995
G1 E-2 F2400
G1 X-23.106 Y-3.729 F7800
G1 E2 F2400
;WIDTH:0.557215
G1 F1200
G1 X-23.173 Y-3.47 E.01644
;WIDTH:0.517579
G1 X-23.241 Y-3.212 E.01508
;WIDTH:0.477943
G1 X-23.342 Y-2.606 E.03169
;WIDTH:0.480289
G1 X-23.425 Y-1.833 E.04033
;WIDTH:0.509993
G1 X-23.489 Y-1.063 E.04294
;WIDTH:0.510577
G1 X-23.538 Y-.189 E.04872
;WIDTH:0.501351
G1 X-23.29 Y2.134 E.12733
;WIDTH:0.499507
G1 X-22.969 Y3.18 E.05938
;WIDTH:0.490781
G1 X-22.881 Y3.485 E.01688
M106 S224.4
;LAYER_CHANGE
;Z:20.75
;HEIGHT:0.299999
G1 E-2 F2400
G1 Z20.75 F7800
G1 Z20.75
G1 X23.218 Y4.068
G1 E2 F2400
;TYPE:Perimeter
;WIDTH:0.45
G1 F3600
G1 X22.274 Y3.992 E.04555
G1 X20.381 Y3.91 E.09113
G1 X18.823 Y3.786 E.07517
G1 X17.04 Y3.769 E.08576
G1 X15.909 Y3.8 E.05442
G1 X14.824 Y3.904 E.05242
G1 X14.218 Y3.925 E.02916
G1 X9.902 Y3.875 E.2076
G1 X10.013 Y3.705 E.00977
G1 X10.57 Y3.007 E.04295
G1 X10.76 Y2.604 E.02143
G1 X10.773 Y2.28 E.0156
G1 X10.66 Y1.418 E.04181
G1 X10.636 Y.979 E.02115
G1 X10.657 Y.047 E.04484
G1 X10.638 Y-1.12 E.05614
G1 X10.75 Y-2.159 E.05026
G1 X10.721 Y-2.52 E.01742
G1 X10.394 Y-3.699 E.05885
G1 X14.818 Y-3.71 E.21278
G1 X15.84 Y-3.624 E.04933
G1 X16.962 Y-3.595 E.05398
G1 X18.717 Y-3.603 E.08441
G1 X19.908 Y-3.704 E.05749
G1 X23.047 Y-3.832 E.1511
G1 X23.233 Y-3.253 E.02925
G1 X23.453 Y-2.255 E.04915
G1 X23.623 Y-.951 E.06325
G1 X23.796 Y.118 E.05208
G1 X23.725 Y.658 E.0262
G1 X23.656 Y1.196 E.02609
G1 X23.539 Y2.496 E.06278
G1 X23.23 Y4.009 E.07427
G1 X23.527 Y4.48 F7800
G1 F3600
G1 X22.257 Y4.377 E.06128
G1 X20.076 Y4.283 E.105
G1 X18.819 Y4.172 E.06069
G1 X17.036 Y4.155 E.08576
G1 X15.919 Y4.185 E.05374
G1 X14.862 Y4.287 E.05107
G1 X14.218 Y4.311 E.031
G1 X10.552 Y4.256 E.17634
G1 X9.162 Y4.265 E.06686
G1 X9.213 Y4.223 E.00318
G1 X9.7 Y3.478 E.04281
G1 X10.269 Y2.766 E.04384
G1 X10.383 Y2.524 E.01287
G1 X10.391 Y2.33 E.00934
G1 X10.278 Y1.468 E.04181
G1 X10.251 Y.97 E.02399
G1 X10.272 Y.053 E.04412
G1 X10.252 Y-1.137 E.05724
G1 X10.367 Y-2.2 E.05142
G1 X10.349 Y-2.417 E.01047
G1 X9.997 Y-3.687 E.06339
G1 X9.848 Y-4.085 E.02044
G1 X12.303 Y-4.083 E.11808
G1 X14.313 Y-4.108 E.09668
G1 X14.851 Y-4.094 E.02588
G1 X15.85 Y-4.01 E.04822
G1 X16.961 Y-3.98 E.05345
G1 X18.715 Y-3.989 E.08436
G1 X19.884 Y-4.089 E.05643
G1 X22.66 Y-4.19 E.1336
G1 X23.321 Y-4.239 E.03188
G1 X23.606 Y-3.354 E.04472
G1 X23.833 Y-2.322 E.05082
G1 X24.005 Y-1.001 E.06407
G1 X24.186 Y.112 E.05423
G1 X24.108 Y.708 E.02891
G1 X24.04 Y1.23 E.02532
G1 X23.922 Y2.552 E.06384
G1 X23.539 Y4.422 E.09181
G1 X23.836 Y4.893 F7800
;TYPE:External perimeter
G1 F1800
G1 X22.241 Y4.762 E.07697
G1 X20.059 Y4.668 E.10504
G1 X18.816 Y4.557 E.06002
G1 X17.029 Y4.541 E.08595
G1 X15.93 Y4.571 E.05288
G1 X14.9 Y4.671 E.04977
G1 X14.217 Y4.697 E.03287
G1 X10.554 Y4.642 E.1762
G1 X7.86 Y4.658 E.12957
G1 X8.218 Y4.308 E.02408
G1 X8.798 Y4.087 E.02985
G1 X8.891 Y4.012 E.00575
G1 X9.387 Y3.252 E.04365
G1 X9.968 Y2.525 E.04476
G1 X10.008 Y2.38 E.00723
G1 X9.895 Y1.519 E.04177
G1 X9.865 Y.962 E.02683
G1 X9.889 Y-1.371 E.11222
G1 X9.978 Y-2.314 E.04556
G1 X9.626 Y-3.584 E.06339
G1 X9.287 Y-4.471 E.04567
G1 X12.296 Y-4.468 E.14472
G1 X14.308 Y-4.494 E.09678
G1 X14.884 Y-4.479 E.02771
G1 X15.86 Y-4.395 E.04712
G1 X16.956 Y-4.366 E.05273
G1 X18.714 Y-4.374 E.08455
G1 X19.86 Y-4.474 E.05533
G1 X22.631 Y-4.575 E.13336
G1 X23.595 Y-4.646 E.04649
G1 X23.979 Y-3.455 E.06019
G1 X24.214 Y-2.388 E.05255
G1 X24.387 Y-1.05 E.06489
G1 X24.576 Y.106 E.05634
G1 X24.49 Y.759 E.03168
G1 X24.424 Y1.264 E.0245
G1 X24.304 Y2.608 E.0649
G1 X23.848 Y4.834 E.10929
G1 X23.449 Y4.859 F7800
G1 X22.966 Y3.733
;TYPE:Solid infill
;WIDTH:0.499817
G1 F1200
G1 X23.212 Y2.544 E.06594
;WIDTH:0.503003
G1 X23.356 Y1.171 E.07553
;WIDTH:0.472401
G1 X23.357 Y1.163 E.00041
;WIDTH:0.473271
G1 X23.49 Y.14 E.05261
G1 X23.325 Y-.907 E.05405
;WIDTH:0.473479
G1 X23.324 Y-.914 E.00036
;WIDTH:0.519013
G1 X23.134 Y-2.2 E.07371
G1 X23.036 Y-2.708 E.02934
;WIDTH:0.534187
G1 X22.81 Y-3.486 E.04747
G1 E-2 F2400
G1 X23.032 Y.603 F7800
G1 E2 F2400
;TYPE:Internal infill
;WIDTH:0.45
G1 F4800
G1 X22.722 Y2.894 E.11119
G1 X19.96 Y3.6 E.13711
G1 X12.945 Y-3.416 E.47719
G1 X12.892 Y-3.415 E.00255
G1 X12.535 Y-2.082 E.06637
G1 X12.543 Y-.367 E.08249
G1 X22.506 Y-3.036 E.49608
G1 X22.639 Y-2.622 E.02091
G1 X22.782 Y-1.759 E.04207
G1 X21.08 Y-3.461 E.11577
G1 X18.856 Y-3.325 E.10717
G1 X17.033 Y3.48 E.33884
G1 X15.898 Y3.511 E.05461
G1 X14.725 Y3.623 E.05667
G1 E-2 F2400
G1 X10.942 Y.268 F7800
G1 E2 F2400
;TYPE:Solid infill
;WIDTH:0.45
G1 F1200
G1 X10.921 Y1.184 E.04407
G1 X11.059 Y2.234 E.05094
G1 X11.028 Y2.703 E.02261
G1 X10.813 Y3.158 E.0242
G1 X10.478 Y3.586 E.02614
G1 X11.791 Y3.603 E.06316
G1 X12.102 Y2.677 E.04698
G1 X12.162 Y2.176 E.02427
G1 X12.174 Y1.67 E.02434
G1 X12.151 Y.08 E.07648
G1 X12.172 Y-1.504 E.07619
G1 X12.107 Y-2.446 E.04541
G1 X11.85 Y-3.408 E.04789
G1 X10.775 Y-3.409 E.0517
G1 X10.998 Y-2.603 E.04022
G1 X11.043 Y-2.193 E.01984
G1 X10.927 Y-1.107 E.05253
G1 X10.947 Y.075 E.05686
G1 X11.344 Y.085 E.0191
;WIDTH:0.473988
G1 X11.344 Y.061 E.00123
;WIDTH:0.490934
G1 X11.334 Y-1.075 E.06044
G1 X11.369 Y-1.509 E.02316
;WIDTH:0.472064
G1 X11.384 Y-1.923 E.02107
;WIDTH:0.441787
G1 X11.4 Y-2.337 E.0195
;WIDTH:0.411511
G1 X11.241 Y-3.054 E.0318
;WIDTH:0.387722
G1 X11.578 Y-3.054 E.01359
;WIDTH:0.390784
G1 X11.677 Y-2.676 E.01591
;WIDTH:0.41541
G1 X11.758 Y-2.148 E.02339
;WIDTH:0.453172
G1 X11.759 Y-1.612 E.02599
;WIDTH:0.490934
G1 X11.754 Y.061 E.08901
;WIDTH:0.47398
G1 X11.754 Y.086 E.00128
;WIDTH:0.493986
G1 X11.759 Y1.148 E.05691
G1 X11.782 Y1.684 E.02875
;WIDTH:0.463395
G1 X11.788 Y2.282 E.02976
;WIDTH:0.421286
G1 X11.719 Y2.7 E.01886
;WIDTH:0.390425
G1 X11.537 Y3.245 E.02337
;WIDTH:0.388779
G1 X11.167 Y3.24 E.01497
G1 X11.367 Y2.792 E.01985
;WIDTH:0.421286
G1 X11.431 Y2.273 E.02328
;WIDTH:0.463395
G1 X11.385 Y1.705 E.02836
;WIDTH:0.493986
G1 X11.33 Y1.146 E.0301
G1 X11.341 Y.277 E.04657
G1 E-2 F2400
G1 X-23.324 Y3.789 F7800
G1 E2 F2400
;TYPE:Perimeter
;WIDTH:0.45
G1 F900
G1 X-23.571 Y2.826 E.04782
G1 X-23.778 Y2.177 E.03276
G1 X-24.042 Y-.275 E.11861
G1 X-24.014 Y-.72 E.02145
G1 X-23.826 Y-2.542 E.0881
G1 X-23.567 Y-4.076 E.07482
G1 X-22.4 Y-3.996 E.05626
G1 X-19.36 Y-3.865 E.14635
G1 X-15.528 Y-3.914 E.18432
G1 X-13.537 Y-3.826 E.09585
G1 X-11.668 Y-3.823 E.08989
G1 X-11.975 Y-3.077 E.0388
G1 X-12.086 Y-2.475 E.02944
G1 X-12.317 Y-.288 E.10577
G1 X-12.336 Y.032 E.01542
G1 X-12.175 Y2.373 E.11286
G1 X-12.052 Y2.891 E.02561
G1 X-11.746 Y3.729 E.04291
G1 X-14.169 Y3.707 E.11654
G1 X-15.367 Y3.675 E.05764
G1 X-15.933 Y3.62 E.02735
G1 X-16.475 Y3.603 E.02608
G1 X-19.251 Y3.6 E.13352
G1 X-19.901 Y3.653 E.03137
G1 X-22.285 Y3.722 E.11471
G1 X-23.267 Y3.789 E.04734
G1 X-23.618 Y4.197 F7800
G1 F3600
G1 X-23.928 Y2.977 E.06054
G1 X-24.157 Y2.257 E.03634
G1 X-24.429 Y-.267 E.1221
G1 X-24.398 Y-.752 E.02337
G1 X-24.208 Y-2.594 E.08906
G1 X-23.957 Y-4.11 E.07391
G1 X-23.836 Y-4.481 E.01877
G1 X-22.383 Y-4.381 E.07005
G1 X-19.365 Y-4.251 E.14529
G1 X-15.522 Y-4.3 E.18485
G1 X-13.495 Y-4.211 E.09759
G1 X-11.072 Y-4.208 E.11654
G1 X-11.556 Y-3.135 E.05661
G1 X-11.597 Y-3.005 E.00656
G1 X-11.703 Y-2.435 E.02789
G1 X-11.951 Y.006 E.11801
G1 X-11.79 Y2.347 E.11286
G1 X-11.69 Y2.759 E.02039
G1 X-11.192 Y4.119 E.06966
G1 X-14.176 Y4.092 E.14353
G1 X-15.391 Y4.06 E.05846
G1 X-15.945 Y4.006 E.02677
G1 X-16.476 Y3.989 E.02555
G1 X-19.252 Y3.985 E.13352
G1 X-19.879 Y4.038 E.03026
G1 X-22.259 Y4.107 E.11452
G1 X-23.56 Y4.195 E.06272
G1 X-23.912 Y4.605 F7800
;TYPE:External perimeter
G1 F1800
G1 X-24.302 Y3.072 E.07608
G1 X-24.537 Y2.337 E.03711
G1 X-24.816 Y-.258 E.12553
G1 X-24.782 Y-.784 E.02535
G1 X-24.591 Y-2.645 E.08998
G1 X-24.327 Y-4.239 E.07771
G1 X-24.105 Y-4.886 E.0329
G1 X-22.366 Y-4.767 E.08384
G1 X-19.37 Y-4.636 E.14423
G1 X-15.516 Y-4.686 E.18538
G1 X-13.494 Y-4.596 E.09735
G1 X-10.524 Y-4.593 E.14285
G1 X-10.688 Y-4.125 E.02385
G1 X-11.218 Y-2.933 E.06274
G1 X-11.319 Y-2.394 E.02638
G1 X-11.567 Y-.021 E.11475
G1 X-11.405 Y2.32 E.11286
G1 X-11.327 Y2.627 E.01523
G1 X-10.639 Y4.51 E.09642
G1 X-14.183 Y4.478 E.17046
G1 X-15.416 Y4.445 E.05932
G1 X-15.958 Y4.391 E.0262
G1 X-16.476 Y4.374 E.02493
G1 X-19.252 Y4.371 E.13352
G1 X-19.856 Y4.423 E.02916
G1 X-22.23 Y4.491 E.11423
G1 X-23.852 Y4.601 E.07819
G1 X-24.005 Y4.231 F7800
G1 X-23.077 Y3.453
;TYPE:Solid infill
;WIDTH:0.516647
G1 F1200
G1 X-23.277 Y2.758 E.0408
;WIDTH:0.474035
G1 X-23.437 Y2.256 E.02692
;WIDTH:0.499457
G1 X-23.469 Y2.111 E.00806
;WIDTH:0.501309
G1 X-23.719 Y-.209 E.12716
G1 X-23.632 Y-1.455 E.06807
;WIDTH:0.480467
G1 X-23.631 Y-1.463 E.00042
;WIDTH:0.480311
G1 X-23.524 Y-2.502 E.05419
G1 X-23.367 Y-3.463 E.05051
;WIDTH:0.517899
G1 X-23.301 Y-3.734 E.01578
G1 E-2 F2400
G1 X-23.292 Y-.498 F7800
G1 E2 F2400
;TYPE:Internal infill
;WIDTH:0.45
G1 F4800
G1 X-23.074 Y-2.8 E.11121
G1 X-19.961 Y-3.6 E.15459
G1 X-13.467 Y2.894 E.44171
G1 X-13.586 Y2.342 E.02716
G1 X-13.694 Y.675 E.08035
G1 X-22.749 Y3.101 E.45087
G1 X-23.055 Y2.146 E.04823
G1 X-23.133 Y1.407 E.03574
G1 X-21.141 Y3.399 E.13549
G1 X-18.852 Y3.311 E.11017
G1 X-16.999 Y-3.607 E.34446
G1 X-14.686 Y-3.587 E.11125
G1 E-2 F2400
G1 X-13.354 Y-.077 F7800
G1 E2 F2400
;TYPE:Solid infill
;WIDTH:0.45
G1 F1200
G1 X-13.107 Y-2.444 E.11446
G1 X-12.903 Y-3.536 E.05343
G1 X-12.103 Y-3.535 E.03848
G1 X-12.262 Y-3.116 E.02155
G1 X-12.36 Y-2.596 E.02545
G1 X-12.627 Y-.048 E.12322
G1 X-12.463 Y2.392 E.11762
G1 X-12.354 Y2.892 E.02461
G1 X-12.16 Y3.436 E.02778
G1 X-12.928 Y3.429 E.03694
G1 X-13.203 Y2.303 E.05575
G1 X-13.342 Y.116 E.1054
G1 E-2 F2400
G1 X-12.657 Y3.082 F7800
G1 E2 F2400
;WIDTH:0.388983
G1 F1200
G1 X-12.807 Y2.49 E.02473
;WIDTH:0.410435
G1 X-12.839 Y2.262 E.00994
G1 X-12.988 Y-.025 E.09892
;WIDTH:0.403187
G1 X-12.986 Y-.118 E.00393
;WIDTH:0.405599
G1 X-12.747 Y-2.392 E.09731
G1 X-12.61 Y-3.182 E.03412
M106 S219.3
;LAYER_CHANGE
;Z:21.05
;HEIGHT:0.299999
G1 E-2 F2400
G1 Z21.05 F7800
G1 Z21.05
G1 X23.403 Y4.038
G1 E2 F2400
;TYPE:Perimeter
;WIDTH:0.45
G1 F900
G1 X22.365 Y3.972 E.05003
G1 X20.351 Y3.887 E.09695
G1 X19.132 Y3.793 E.0588
G1 X16.795 Y3.771 E.11241
G1 X15.888 Y3.797 E.04364
G1 X15.029 Y3.882 E.04152
G1 X14.241 Y3.892 E.0379
G1 X10.917 Y3.839 E.15989
G1 X11.325 Y3.328 E.03145
G1 X11.486 Y3.033 E.01616
G1 X11.604 Y2.682 E.01781
G1 X11.654 Y2.366 E.01539
G1 X11.632 Y.928 E.06917
G1 X11.54 Y.232 E.03377
G1 X11.569 Y-.355 E.02827
G1 X11.64 Y-1.057 E.03394
G1 X11.649 Y-2.209 E.05541
G1 X11.616 Y-2.464 E.01237
G1 X11.448 Y-3.097 E.0315
G1 X11.243 Y-3.646 E.02819
G1 X14.636 Y-3.688 E.1632
G1 X15.154 Y-3.679 E.02492
G1 X15.95 Y-3.616 E.0384
G1 X16.724 Y-3.596 E.03724
G1 X19.03 Y-3.607 E.11091
G1 X19.917 Y-3.681 E.04281
G1 X23.258 Y-3.81 E.16081
G1 X23.346 Y-3.536 E.01384
G1 X23.632 Y-2.238 E.06393
G1 X23.85 Y-.562 E.08129
G1 X23.96 Y.115 E.03299
G1 X23.889 Y.655 E.0262
G1 X23.721 Y2.478 E.08805
G1 X23.417 Y3.982 E.0738
G1 X23.713 Y4.453 F7800
G1 F3600
G1 X22.349 Y4.357 E.06577
G1 X20.334 Y4.272 E.097
G1 X19.128 Y4.179 E.05818
G1 X16.791 Y4.157 E.11241
G1 X15.924 Y4.181 E.04172
G1 X15.05 Y4.267 E.04224
G1 X14.24 Y4.278 E.03896
G1 X10.142 Y4.224 E.19712
G1 X10.26 Y4.043 E.01039
G1 X11.024 Y3.087 E.05886
G1 X11.12 Y2.91 E.00968
G1 X11.268 Y2.37 E.02693
G1 X11.249 Y.978 E.06696
G1 X11.155 Y.257 E.03497
G1 X11.186 Y-.396 E.03144
G1 X11.255 Y-1.06 E.03211
G1 X11.263 Y-2.212 E.05541
G1 X11.243 Y-2.365 E.00742
G1 X11.056 Y-3.055 E.03438
G1 X10.683 Y-4.03 E.05021
G1 X14.631 Y-4.074 E.1899
G1 X15.187 Y-4.063 E.02675
G1 X15.96 Y-4.001 E.0373
G1 X16.722 Y-3.981 E.03666
G1 X19.028 Y-3.993 E.11091
G1 X19.893 Y-4.066 E.04175
G1 X22.979 Y-4.181 E.14853
G1 X23.532 Y-4.217 E.02665
G1 X23.719 Y-3.637 E.02931
G1 X24.013 Y-2.305 E.06561
G1 X24.233 Y-.612 E.08211
G1 X24.35 Y.109 E.03513
G1 X24.272 Y.705 E.02891
G1 X24.103 Y2.534 E.08834
G1 X23.727 Y4.396 E.09136
G1 X24.025 Y4.869 F7800
;TYPE:External perimeter
G1 F1800
G1 X23.271 Y4.8 E.03642
G1 X20.318 Y4.657 E.1422
G1 X19.124 Y4.564 E.0576
G1 X16.788 Y4.542 E.11236
G1 X15.961 Y4.565 E.03979
G1 X15.072 Y4.652 E.04296
G1 X14.24 Y4.663 E.04002
G1 X10.65 Y4.606 E.17269
G1 X9.426 Y4.615 E.05887
G1 X9.947 Y3.817 E.04584
G1 X10.723 Y2.847 E.05975
G1 X10.882 Y2.374 E.024
G1 X10.867 Y1.028 E.06474
G1 X10.769 Y.281 E.03624
G1 X10.802 Y-.438 E.03462
G1 X10.869 Y-1.063 E.03023
G1 X10.877 Y-2.215 E.05541
G1 X10.696 Y-2.917 E.03487
G1 X10.122 Y-4.416 E.0772
G1 X14.626 Y-4.459 E.21664
G1 X15.22 Y-4.447 E.02858
G1 X15.908 Y-4.389 E.03321
G1 X16.717 Y-4.367 E.03892
G1 X19.027 Y-4.378 E.1111
G1 X19.869 Y-4.451 E.04065
G1 X23.096 Y-4.571 E.15531
G1 X23.806 Y-4.624 E.03424
G1 X24.092 Y-3.737 E.04482
G1 X24.393 Y-2.371 E.06728
G1 X24.615 Y-.662 E.08289
G1 X24.74 Y.103 E.03728
G1 X24.654 Y.755 E.03163
G1 X24.485 Y2.589 E.08858
G1 X24.036 Y4.81 E.10898
G1 X23.637 Y4.832 F7800
G1 E-2 F2400
G1 X23.203 Y.55 F7800
G1 E2 F2400
;TYPE:Internal infill
;WIDTH:0.45
G1 F4800
G1 X22.911 Y2.843 E.11118
G1 X20.131 Y3.588 E.13843
G1 X19.936 Y3.575 E.0094
G1 X12.982 Y-3.378 E.47297
G1 X12.882 Y-3.377 E.00481
G1 X12.82 Y-3.147 E.01146
G1 X13.036 Y-2.237 E.04498
G1 X13.085 Y-.512 E.083
G1 X22.694 Y-3.087 E.47847
G1 X22.762 Y-2.874 E.01075
G1 X22.995 Y-1.545 E.0649
G1 X21.105 Y-3.436 E.12859
G1 X18.854 Y-3.317 E.10842
G1 X17.031 Y3.485 E.3387
G1 X14.722 Y3.596 E.11118
G1 E-2 F2400
G1 X11.761 Y-3.293 F7800
G1 E2 F2400
;TYPE:Solid infill
;WIDTH:0.589049
G1 F1200
G1 X12.307 Y-3.3 E.03573
;WIDTH:0.589682
G1 X12.469 Y-2.699 E.04078
;WIDTH:0.616
G1 X12.572 Y-2.159 E.03782
;WIDTH:0.643768
G1 X12.605 Y-1.069 E.0788
;WIDTH:0.646828
G1 X12.607 Y-.991 E.00567
;WIDTH:0.681875
G1 X12.577 Y.076 E.08221
;WIDTH:0.688182
G1 X12.61 Y1.135 E.08243
;WIDTH:0.646122
G1 X12.591 Y2.313 E.08548
;WIDTH:0.625408
G1 X12.529 Y2.672 E.02549
;WIDTH:0.613537
G1 X12.435 Y2.975 E.02173
;WIDTH:0.587593
G1 X12.248 Y3.504 E.03661
;WIDTH:0.584152
G1 X11.637 Y3.494 E.03962
G1 X11.808 Y3.18 E.02318
;WIDTH:0.587593
G1 X11.94 Y2.804 E.02601
;WIDTH:0.625408
G1 X12.03 Y2.309 E.03521
;WIDTH:0.646122
G1 X12.028 Y1.131 E.08547
;WIDTH:0.647583
G1 X12.026 Y1.012 E.00866
;WIDTH:0.681875
G1 X11.96 Y.048 E.07442
G1 X12.025 Y-1.017 E.08218
;WIDTH:0.646828
G1 X12.026 Y-1.059 E.00305
;WIDTH:0.643768
G1 X12.02 Y-2.149 E.07877
;WIDTH:0.616
G1 X11.961 Y-2.563 E.02877
;WIDTH:0.589682
G1 X11.812 Y-3.107 E.03695
G1 E-2 F2400
G1 X23.021 Y-3.465 F7800
G1 E2 F2400
;WIDTH:0.534189
G1 F1200
G1 X23.154 Y-2.973 E.02986
;WIDTH:0.488211
G1 X23.305 Y-2.291 E.03693
;WIDTH:0.496035
G1 X23.553 Y-.525 E.09601
;WIDTH:0.470483
G1 X23.651 Y.079 E.03099
;WIDTH:0.472625
G1 X23.572 Y.769 E.03536
;WIDTH:0.502995
G1 X23.487 Y1.548 E.04287
;WIDTH:0.503983
G1 X23.393 Y2.527 E.05393
;WIDTH:0.500041
G1 X23.152 Y3.707 E.06544
G1 E-2 F2400
G1 X-23.531 Y3.769 F7800
G1 E2 F2400
;TYPE:Perimeter
;WIDTH:0.45
G1 F900
G1 X-23.958 Y2.153 E.08039
G1 X-24.222 Y-.277 E.11756
G1 X-23.996 Y-2.525 E.10867
G1 X-23.742 Y-4.06 E.07483
G1 X-22.488 Y-3.975 E.06045
G1 X-19.654 Y-3.861 E.13642
G1 X-15.895 Y-3.907 E.18081
G1 X-13.343 Y-3.795 E.12286
G1 X-12.356 Y-3.792 E.04747
G1 X-12.54 Y-2.822 E.04749
G1 X-12.604 Y-2.463 E.01754
G1 X-12.853 Y.017 E.11988
G1 X-12.712 Y2.108 E.1008
G1 X-12.666 Y2.528 E.02032
G1 X-12.358 Y3.691 E.05786
G1 X-14.204 Y3.678 E.08879
G1 X-15.68 Y3.639 E.07102
G1 X-16.229 Y3.606 E.02645
G1 X-19.554 Y3.602 E.15992
G1 X-19.907 Y3.629 E.01703
G1 X-22.379 Y3.697 E.11894
G1 X-23.474 Y3.77 E.05278
G1 X-23.825 Y4.176 F7800
G1 F3600
G1 X-24.187 Y2.75 E.07076
G1 X-24.337 Y2.234 E.02585
G1 X-24.609 Y-.275 E.12138
G1 X-24.379 Y-2.576 E.11122
G1 X-24.058 Y-4.468 E.0923
G1 X-22.472 Y-4.36 E.07646
G1 X-19.659 Y-4.247 E.1354
G1 X-15.889 Y-4.293 E.18134
G1 X-13.342 Y-4.18 E.12262
G1 X-11.89 Y-4.176 E.06984
G1 X-12.161 Y-2.75 E.06981
G1 X-12.221 Y-2.422 E.01604
G1 X-12.468 Y-.007 E.11676
G1 X-12.293 Y2.429 E.11747
G1 X-11.856 Y4.08 E.08214
G1 X-14.211 Y4.064 E.11327
G1 X-15.691 Y4.024 E.07121
G1 X-16.233 Y3.991 E.02612
G1 X-19.554 Y3.987 E.15973
G1 X-19.885 Y4.014 E.01597
G1 X-22.353 Y4.082 E.11875
G1 X-23.767 Y4.175 E.06816
G1 X-24.119 Y4.585 F7800
;TYPE:External perimeter
G1 F1800
G1 X-24.561 Y2.845 E.08635
G1 X-24.716 Y2.314 E.02661
G1 X-24.997 Y-.274 E.12521
G1 X-24.761 Y-2.627 E.11374
G1 X-24.452 Y-4.488 E.09073
G1 X-24.327 Y-4.873 E.01947
G1 X-22.457 Y-4.745 E.09015
G1 X-19.664 Y-4.632 E.13444
G1 X-15.883 Y-4.678 E.18187
G1 X-13.341 Y-4.566 E.12238
G1 X-11.425 Y-4.561 E.09215
G1 X-11.782 Y-2.678 E.09218
G1 X-11.837 Y-2.381 E.01453
G1 X-12.083 Y-.03 E.11369
G1 X-11.92 Y2.33 E.11378
G1 X-11.354 Y4.469 E.10642
G1 X-14.217 Y4.449 E.1377
G1 X-15.701 Y4.41 E.0714
G1 X-16.236 Y4.377 E.02578
G1 X-19.555 Y4.373 E.15963
G1 X-19.863 Y4.399 E.01487
G1 X-22.328 Y4.467 E.1186
G1 X-24.059 Y4.581 E.08344
G1 X-24.212 Y4.211 F7800
G1 E-2 F2400
G1 X-23.481 Y-3.731 F7800
G1 E2 F2400
;TYPE:Solid infill
;WIDTH:0.493031
G1 F1200
G1 X-23.618 Y-2.961 E.04181
;WIDTH:0.524373
G1 X-23.632 Y-2.682 E.01603
;WIDTH:0.573571
G1 X-23.645 Y-2.403 E.01774
;WIDTH:0.622769
G1 X-23.659 Y-2.123 E.01953
G1 X-23.684 Y-2.064 E.00446
;WIDTH:0.583758
G1 X-23.71 Y-2.006 E.00412
;WIDTH:0.544748
G1 X-23.735 Y-1.947 E.00384
;WIDTH:0.505738
G1 X-23.765 Y-1.877 E.00419
;WIDTH:0.459978
G1 X-23.795 Y-1.808 E.00371
;WIDTH:0.414217
G1 X-23.825 Y-1.739 E.00328
;WIDTH:0.413419
G1 X-23.875 Y-1.019 E.03142
;WIDTH:0.458382
G1 X-23.924 Y-.258 E.03747
G1 X-23.849 Y.61 E.04281
;WIDTH:0.421928
G1 X-23.773 Y1.477 E.03881
;WIDTH:0.385475
G1 X-23.755 Y1.718 E.00968
;WIDTH:0.419045
G1 X-23.721 Y1.795 E.00372
;WIDTH:0.468733
G1 X-23.687 Y1.871 E.0042
;WIDTH:0.518421
G1 X-23.653 Y1.948 E.00477
;WIDTH:0.568108
G1 X-23.619 Y2.025 E.00529
;WIDTH:0.617797
G1 X-23.585 Y2.101 E.00575
G1 X-23.558 Y2.022 E.00576
;WIDTH:0.568108
G1 X-23.531 Y1.943 E.00525
;WIDTH:0.518421
G1 X-23.504 Y1.864 E.00473
;WIDTH:0.468733
G1 X-23.478 Y1.785 E.00419
;WIDTH:0.419045
G1 X-23.451 Y1.705 E.00373
;WIDTH:0.385475
G1 X-23.453 Y1.456 E.00997
;WIDTH:0.421928
G1 X-23.492 Y.586 E.03884
;WIDTH:0.458382
G1 X-23.532 Y-.284 E.0428
G1 X-23.527 Y-1.006 E.03548
;WIDTH:0.413419
G1 X-23.522 Y-1.727 E.03139
;WIDTH:0.410842
G1 X-23.545 Y-1.793 E.00302
;WIDTH:0.453227
G1 X-23.568 Y-1.859 E.00339
;WIDTH:0.495613
G1 X-23.59 Y-1.925 E.00374
;WIDTH:0.537998
G1 X-23.613 Y-1.991 E.00413
;WIDTH:0.580383
G1 X-23.636 Y-2.057 E.0045
;WIDTH:0.622769
G1 X-23.659 Y-2.123 E.00487
G1 E-2 F2400
G1 X-23.585 Y2.101 F7800
G1 E2 F2400
;WIDTH:0.617797
G1 F1200
G1 X-23.565 Y2.254 E.01065
;WIDTH:0.578086
G1 X-23.545 Y2.407 E.00989
;WIDTH:0.538375
G1 X-23.525 Y2.56 E.00912
;WIDTH:0.536723
G1 X-23.277 Y3.424 E.05296
G1 E-2 F2400
G1 X-21.161 Y-3.632 F7800
G1 E2 F2400
;TYPE:Internal infill
;WIDTH:0.45
G1 F4800
G1 X-22.958 Y-3.717 E.08653
G1 X-23.211 Y-2.763 E.04747
G1 X-20.126 Y-3.59 E.15362
G1 X-19.943 Y-3.582 E.00881
G1 X-14.112 Y2.249 E.39662
G1 X-14.205 Y.812 E.06926
G1 X-22.908 Y3.144 E.43335
G1 X-23.127 Y2.458 E.03463
G1 X-23.099 Y1.441 E.04893
G1 X-21.167 Y3.374 E.13145
G1 X-18.853 Y3.313 E.11133
G1 X-16.999 Y-3.605 E.34447
G1 X-14.687 Y-3.564 E.11122
G1 X-12.898 Y-3.498 F7800
;TYPE:Solid infill
;WIDTH:0.45
G1 F1200
G1 X-13.426 Y-3.492 E.0254
G1 X-13.625 Y-2.431 E.05192
G1 X-13.775 Y-1.028 E.06786
G1 X-13.833 Y.07 E.05288
G1 X-13.823 Y.753 E.03285
G1 X-13.724 Y2.275 E.07336
G1 X-13.605 Y2.786 E.02523
G1 X-13.434 Y3.394 E.03038
G1 X-12.734 Y3.399 E.03367
G1 X-12.944 Y2.606 E.03946
G1 X-12.995 Y2.209 E.01925
G1 X-13.143 Y-.053 E.10903
G1 X-12.892 Y-2.489 E.11778
G1 X-12.705 Y-3.5 E.04945
G1 X-13.132 Y-3.141 E.02683
;WIDTH:0.387849
G1 X-13.239 Y-2.569 E.02348
;WIDTH:0.401959
G1 X-13.267 Y-2.379 E.00809
;WIDTH:0.405145
G1 X-13.413 Y-.999 E.05898
G1 X-13.482 Y-.121 E.03743
;WIDTH:0.409621
G1 X-13.457 Y.739 E.03705
;WIDTH:0.410657
G1 X-13.36 Y2.232 E.06462
G1 X-13.268 Y2.644 E.01823
;WIDTH:0.384239
G1 X-13.176 Y3.056 E.01684
M106 S216.75
;LAYER_CHANGE
;Z:21.35
;HEIGHT:0.300001
G1 E-2 F2400
G1 Z21.35 F7800
G1 Z21.35
G1 X23.591 Y4.02
G1 E2 F2400
;TYPE:Perimeter
;WIDTH:0.45
G1 F900
G1 X23.591 Y4.022 E.0001
G1 X22.456 Y3.953 E.05469
G1 X20.004 Y3.85 E.11804
G1 X19.44 Y3.8 E.02723
G1 X16.55 Y3.773 E.13901
G1 X15.928 Y3.792 E.02993
G1 X15.393 Y3.844 E.02585
G1 X14.264 Y3.859 E.05431
G1 X11.737 Y3.816 E.12156
G1 X12.124 Y2.66 E.05863
G1 X12.174 Y2.376 E.01387
G1 X12.19 Y1.639 E.03546
G1 X12.166 Y.077 E.07514
G1 X12.187 Y-1.564 E.07893
G1 X12.126 Y-2.436 E.04204
G1 X11.811 Y-3.614 E.05865
G1 X15.357 Y-3.659 E.17056
G1 X15.966 Y-3.61 E.02939
G1 X16.486 Y-3.597 E.02502
G1 X19.343 Y-3.611 E.13741
G1 X19.924 Y-3.658 E.02804
G1 X22.327 Y-3.741 E.11564
G1 X23.463 Y-3.803 E.05472
G1 X23.812 Y-2.219 E.07801
G1 X24.126 Y.099 E.11251
G1 X24.091 Y.368 E.01305
G1 X23.903 Y2.46 E.10102
G1 X23.603 Y3.961 E.07362
G1 X23.902 Y4.432 F7800
G1 F3600
G1 X22.44 Y4.338 E.07046
G1 X19.978 Y4.235 E.11852
G1 X19.437 Y4.186 E.02613
G1 X16.546 Y4.158 E.13905
G1 X15.966 Y4.175 E.02791
G1 X15.415 Y4.229 E.02663
G1 X14.263 Y4.245 E.05541
G1 X11.154 Y4.191 E.14955
G1 X11.273 Y3.986 E.0114
G1 X11.758 Y2.537 E.07349
G1 X11.788 Y2.367 E.0083
G1 X11.805 Y1.645 E.03474
G1 X11.781 Y.077 E.07542
G1 X11.802 Y-1.548 E.07816
G1 X11.754 Y-2.337 E.03802
G1 X11.31 Y-3.994 E.08251
G1 X15.371 Y-4.045 E.19534
G1 X15.977 Y-3.996 E.02924
G1 X16.484 Y-3.983 E.02439
G1 X19.341 Y-3.996 E.13741
G1 X19.901 Y-4.044 E.02703
G1 X22.306 Y-4.126 E.11574
G1 X23.741 Y-4.204 E.06912
G1 X23.832 Y-3.919 E.01439
G1 X24.192 Y-2.286 E.08043
G1 X24.515 Y.098 E.11571
G1 X24.473 Y.418 E.01552
G1 X24.285 Y2.515 E.10126
G1 X23.914 Y4.373 E.09113
G1 X24.212 Y4.847 F7800
;TYPE:External perimeter
G1 F1800
G1 X22.428 Y4.723 E.08601
G1 X19.951 Y4.619 E.11924
G1 X19.433 Y4.571 E.02502
G1 X16.536 Y4.544 E.13934
G1 X16.003 Y4.559 E.02565
G1 X15.436 Y4.615 E.0274
G1 X14.262 Y4.63 E.05647
G1 X10.383 Y4.573 E.18659
G1 X10.907 Y3.864 E.0424
G1 X11.403 Y2.358 E.07626
G1 X11.419 Y1.651 E.03401
G1 X11.395 Y.078 E.07566
G1 X11.417 Y-1.531 E.07739
G1 X11.381 Y-2.237 E.034
G1 X10.81 Y-4.373 E.10634
G1 X15.385 Y-4.431 E.22006
G1 X15.971 Y-4.382 E.02828
G1 X16.482 Y-4.368 E.02459
G1 X19.34 Y-4.382 E.13746
G1 X19.878 Y-4.429 E.02597
G1 X22.285 Y-4.511 E.11584
G1 X24.017 Y-4.606 E.08343
G1 X24.205 Y-4.02 E.0296
G1 X24.572 Y-2.354 E.08205
G1 X24.904 Y.098 E.11901
G1 X24.855 Y.468 E.01795
G1 X24.667 Y2.57 E.1015
G1 X24.224 Y4.788 E.10879
G1 X23.825 Y4.819 F7800
G1 X23.336 Y3.691
;TYPE:Solid infill
;WIDTH:0.500307
G1 F1200
G1 X23.575 Y2.508 E.06562
;WIDTH:0.504091
G1 X23.589 Y2.415 E.00516
;WIDTH:0.509797
G1 X23.819 Y.135 E.12731
;WIDTH:0.475573
G1 X23.818 Y.076 E.00303
;WIDTH:0.503199
G1 X23.504 Y-2.164 E.1238
;WIDTH:0.497209
G1 X23.484 Y-2.274 E.00604
;WIDTH:0.488635
G1 X23.268 Y-3.256 E.05321
;WIDTH:0.508587
G1 X23.21 Y-3.47 E.01228
G1 E-2 F2400
G1 X23.373 Y.497 F7800
G1 E2 F2400
;TYPE:Internal infill
;WIDTH:0.45
G1 F4800
G1 X23.101 Y2.793 E.1112
G1 X20.205 Y3.569 E.1442
G1 X19.912 Y3.551 E.01412
G1 X13.361 Y-3 E.44559
G1 X13.547 Y-2.207 E.03918
G1 X13.616 Y-.654 E.07477
G1 X22.88 Y-3.136 E.46128
G1 X23.088 Y-2.192 E.04649
G1 X23.199 Y-1.342 E.04123
G1 X21.131 Y-3.41 E.14066
G1 X18.854 Y-3.319 E.1096
G1 X17.03 Y3.488 E.33894
G1 X14.72 Y3.564 E.11116
G1 E-2 F2400
G1 X12.555 Y.077 F7800
G1 E2 F2400
;TYPE:Solid infill
;WIDTH:0.649487
G1 F1200
G1 X12.56 Y-.429 E.03693
;WIDTH:0.645642
G1 X12.56 Y-1.502 E.07779
;WIDTH:0.614951
G1 X12.559 Y-1.517 E.00103
;WIDTH:0.614502
G1 X12.534 Y-2.106 E.04045
;WIDTH:0.613753
G1 X12.471 Y-2.534 E.02964
;WIDTH:0.589245
G1 X12.276 Y-3.262 E.04934
;WIDTH:0.588251
G1 X12.816 Y-3.269 E.03529
;WIDTH:0.589245
G1 X12.978 Y-2.671 E.04056
;WIDTH:0.613753
G1 X13.083 Y-2.129 E.03783
;WIDTH:0.614951
G1 X13.11 Y-1.51 E.04255
;WIDTH:0.645642
G1 X13.142 Y-.426 E.07862
;WIDTH:0.646485
G1 X13.12 Y1.681 E.15298
;WIDTH:0.620461
G1 X13.12 Y1.703 E.00153
;WIDTH:0.620176
G1 X13.098 Y2.442 E.05125
;WIDTH:0.618466
G1 X12.956 Y2.952 E.03659
;WIDTH:0.587593
G1 X12.77 Y3.477 E.03635
;WIDTH:0.583965
G1 X12.229 Y3.468 E.03506
;WIDTH:0.587593
G1 X12.461 Y2.781 E.04732
;WIDTH:0.617551
G1 X12.547 Y2.378 E.02843
;WIDTH:0.620461
G1 X12.565 Y1.677 E.04864
;WIDTH:0.646485
G1 X12.561 Y.545 E.08219
;WIDTH:0.648251
G1 X12.558 Y.269 E.0201
G1 E-2 F2400
G1 X-23.738 Y3.748 F7800
G1 E2 F2400
;TYPE:Perimeter
;WIDTH:0.45
G1 F900
G1 X-23.996 Y2.732 E.05042
G1 X-23.954 Y2.15 E.02806
G1 X-24.062 Y-2.488 E.22313
G1 X-24.09 Y-2.97 E.02322
G1 X-23.911 Y-4.043 E.05232
G1 X-22.576 Y-3.953 E.06435
G1 X-19.971 Y-3.858 E.12537
G1 X-16.261 Y-3.9 E.17845
G1 X-12.875 Y-3.763 E.16299
G1 X-13.123 Y-2.45 E.06427
G1 X-13.369 Y.015 E.11915
G1 X-13.217 Y2.319 E.11106
G1 X-13.187 Y2.5 E.00882
G1 X-12.883 Y3.658 E.05758
G1 X-14.239 Y3.65 E.06522
G1 X-16.006 Y3.603 E.08502
G1 X-19.855 Y3.604 E.18512
G1 X-22.473 Y3.673 E.12596
G1 X-23.682 Y3.75 E.05827
G1 X-24.032 Y4.156 F7800
G1 F900
G1 X-24.385 Y2.765 E.06902
G1 X-24.34 Y2.159 E.02923
G1 X-24.447 Y-2.479 E.22313
G1 X-24.478 Y-2.986 E.02443
G1 X-24.235 Y-4.452 E.07147
G1 X-22.561 Y-4.339 E.0807
G1 X-19.975 Y-4.243 E.12446
G1 X-16.255 Y-4.285 E.17893
G1 X-13.189 Y-4.15 E.14761
G1 X-12.409 Y-4.148 E.03752
G1 X-12.739 Y-2.409 E.08513
G1 X-12.985 Y-.011 E.11594
G1 X-12.832 Y2.293 E.11106
G1 X-12.376 Y4.046 E.08712
G1 X-14.245 Y4.035 E.08989
G1 X-16.006 Y3.988 E.08473
G1 X-19.855 Y3.989 E.18512
G1 X-22.448 Y4.058 E.12476
G1 X-23.975 Y4.155 E.07359
G1 X-24.326 Y4.564 F7800
;TYPE:External perimeter
G1 F1800
G1 X-24.775 Y2.798 E.08764
G1 X-24.725 Y2.168 E.0304
G1 X-24.833 Y-2.47 E.22313
G1 X-24.866 Y-3.002 E.02564
G1 X-24.549 Y-4.859 E.09061
G1 X-22.547 Y-4.724 E.09651
G1 X-19.981 Y-4.629 E.1235
G1 X-16.249 Y-4.671 E.17951
G1 X-13.188 Y-4.535 E.14737
G1 X-11.944 Y-4.532 E.05983
G1 X-12.356 Y-2.369 E.1059
G1 X-12.6 Y-.036 E.11282
G1 X-12.442 Y2.304 E.1128
G1 X-11.864 Y4.435 E.1062
G1 X-14.252 Y4.421 E.11486
G1 X-16.006 Y4.374 E.08439
G1 X-19.857 Y4.375 E.18522
G1 X-22.423 Y4.442 E.12346
G1 X-24.266 Y4.561 E.08883
G1 X-24.419 Y4.191 F7800
G1 E-2 F2400
G1 X-23.618 Y.796 F7800
G1 E2 F2400
;TYPE:Solid infill
;WIDTH:0.605564
G1 F1200
G1 X-23.698 Y-2.526 E.2243
;WIDTH:0.600307
G1 X-23.725 Y-2.954 E.02867
;WIDTH:0.59539
G1 X-23.608 Y-3.66 E.0474
G1 X-23.247 Y-3.636 E.02396
G1 X-23.233 Y-3.46 E.01169
;WIDTH:0.600307
G1 X-23.163 Y-2.547 E.06121
;WIDTH:0.605564
G1 X-23.077 Y.783 E.22485
G1 X-23.093 Y2.138 E.09147
;WIDTH:0.574804
G1 X-23.136 Y2.703 E.03607
;WIDTH:0.570547
G1 X-23.198 Y3.355 E.04135
G1 X-23.47 Y3.38 E.01724
G1 X-23.64 Y2.661 E.04664
;WIDTH:0.574795
G1 X-23.603 Y2.138 E.03338
;WIDTH:0.601142
G1 X-23.616 Y.989 E.07693
G1 X-22.65 Y-.581 F7800
;TYPE:Internal infill
;WIDTH:0.45
G1 F4800
G1 X-22.728 Y-2.893 E.11126
G1 X-20.176 Y-3.576 E.12706
G1 X-19.929 Y-3.569 E.01188
G1 X-14.572 Y1.789 E.36441
G1 X-14.585 Y.914 E.04209
G1 X-22.725 Y3.095 E.40532
G1 X-22.639 Y1.902 E.05753
G1 X-21.191 Y3.349 E.09846
G1 X-18.853 Y3.314 E.11246
G1 X-17 Y-3.602 E.34437
G1 X-14.688 Y-3.542 E.11124
G1 E-2 F2400
G1 X-14.16 Y-.081 F7800
G1 E2 F2400
;TYPE:Solid infill
;WIDTH:0.548015
G1 F1200
G1 X-14.14 Y-.617 E.03235
;WIDTH:0.581469
G1 X-13.978 Y-2.587 E.12748
;WIDTH:0.590861
G1 X-13.849 Y-3.436 E.05639
G1 X-13.308 Y-3.413 E.03556
G1 X-13.494 Y-2.311 E.07339
;WIDTH:0.581469
G1 X-13.658 Y-.576 E.1124
;WIDTH:0.548015
G1 X-13.697 Y-.094 E.02917
;WIDTH:0.545679
G1 X-13.677 Y.416 E.03064
;WIDTH:0.589027
G1 X-13.587 Y2.161 E.11434
G1 X-13.526 Y2.593 E.02855
;WIDTH:0.576726
G1 X-13.341 Y3.302 E.04682
G1 X-13.876 Y3.299 E.03419
G1 X-14.021 Y2.709 E.03882
;WIDTH:0.589027
G1 X-14.111 Y2.182 E.03498
G1 X-14.158 Y.435 E.11436
;WIDTH:0.545679
G1 X-14.159 Y.111 E.01945
M106 S211.65
;LAYER_CHANGE
;Z:21.65
;HEIGHT:0.299999
G1 E-2 F2400
G1 Z21.65 F7800
G1 Z21.65
G1 X23.776 Y4.004
G1 E2 F2400
;TYPE:Perimeter
;WIDTH:0.45
G1 F900
G1 X23.774 Y4.015 E.00054
G1 X22.551 Y3.933 E.05895
G1 X19.748 Y3.807 E.13495
G1 X16.305 Y3.774 E.1656
G1 X15.774 Y3.806 E.02559
G1 X14.286 Y3.826 E.07157
G1 X12.24 Y3.788 E.09842
G1 X12.638 Y2.655 E.05776
G1 X12.694 Y2.354 E.01473
G1 X12.723 Y1.124 E.05918
G1 X12.709 Y.145 E.04709
G1 X12.721 Y-.998 E.05498
G1 X12.668 Y-2.2 E.05787
G1 X12.636 Y-2.409 E.01017
G1 X12.319 Y-3.581 E.05839
G1 X15.735 Y-3.626 E.16431
G1 X16.247 Y-3.598 E.02466
G1 X19.656 Y-3.615 E.16396
G1 X23.643 Y-3.782 E.19193
G1 X23.991 Y-2.204 E.07772
G1 X24.293 Y.115 E.11248
G1 X24.257 Y.514 E.01927
G1 X24.084 Y2.442 E.0931
G1 X23.788 Y3.945 E.07368
G1 X24.088 Y4.416 F7800
G1 F3600
G1 X24.087 Y4.423 E.00034
G1 X22.534 Y4.318 E.07486
G1 X19.751 Y4.193 E.13399
G1 X16.301 Y4.16 E.16594
G1 X15.789 Y4.192 E.02467
G1 X14.285 Y4.212 E.07234
G1 X11.714 Y4.165 E.12368
G1 X12.309 Y2.345 E.09209
G1 X12.338 Y1.115 E.05918
G1 X12.323 Y.138 E.047
G1 X12.336 Y-.981 E.05382
G1 X12.283 Y-2.183 E.05787
G1 X12.264 Y-2.309 E.00613
G1 X11.817 Y-3.961 E.08231
G1 X15.743 Y-4.012 E.18884
G1 X16.245 Y-3.984 E.02418
G1 X19.667 Y-4 E.16459
G1 X23.95 Y-4.184 E.20619
G1 X24.371 Y-2.271 E.09421
G1 X24.681 Y.107 E.11534
G1 X24.641 Y.548 E.0213
G1 X24.467 Y2.497 E.09411
G1 X24.1 Y4.357 E.09118
G1 X24.4 Y4.828 F7800
;TYPE:External perimeter
G1 F1800
G1 X24.399 Y4.83 E.00011
G1 X22.516 Y4.704 E.09077
G1 X19.743 Y4.578 E.13351
G1 X16.353 Y4.546 E.16305
G1 X15.804 Y4.577 E.02645
G1 X14.284 Y4.597 E.07311
G1 X11.188 Y4.541 E.14893
G1 X11.567 Y3.363 E.05952
G1 X11.923 Y2.336 E.05228
G1 X11.952 Y1.106 E.05918
G1 X11.938 Y.144 E.04627
G1 X11.951 Y-.965 E.05334
G1 X11.898 Y-2.166 E.05782
G1 X11.315 Y-4.34 E.10826
G1 X15.62 Y-4.396 E.20707
G1 X16.244 Y-4.369 E.03004
G1 X19.656 Y-4.386 E.16411
G1 X22.378 Y-4.491 E.13102
G1 X24.228 Y-4.584 E.08909
G1 X24.318 Y-4.303 E.01419
G1 X24.751 Y-2.337 E.09682
G1 X25.068 Y.099 E.11815
G1 X25.025 Y.583 E.02337
G1 X24.849 Y2.552 E.09508
G1 X24.411 Y4.769 E.10869
G1 X24.013 Y4.803 F7800
G1 E-2 F2400
G1 X21.323 Y3.588 F7800
G1 E2 F2400
;TYPE:Internal infill
;WIDTH:0.45
G1 F4800
G1 X22.97 Y3.671 E.07932
G1 X23.069 Y3.301 E.01842
G1 X23.016 Y2.815 E.02351
G1 X20.303 Y3.542 E.13509
G1 X19.884 Y3.523 E.02017
G1 X13.975 Y-2.386 E.40192
G1 X14.086 Y-.78 E.07743
G1 X23.028 Y-3.176 E.44525
G1 X22.931 Y-2.279 E.04339
G1 X22.947 Y-1.593 E.033
G1 X21.153 Y-3.387 E.12203
G1 X18.855 Y-3.322 E.11057
G1 X17.029 Y3.492 E.33929
G1 X14.717 Y3.531 E.11122
G1 E-2 F2400
G1 X12.778 Y-3.235 F7800
G1 E2 F2400
;TYPE:Solid infill
;WIDTH:0.577347
G1 F1200
G1 X13.315 Y-3.241 E.03436
G1 X13.462 Y-2.629 E.04027
;WIDTH:0.586402
G1 X13.552 Y-2.131 E.03295
;WIDTH:0.594643
G1 X13.612 Y-1.044 E.072
;WIDTH:0.595276
G1 X13.613 Y-1.015 E.00192
;WIDTH:0.633363
G1 X13.657 Y.062 E.07649
;WIDTH:0.633745
G1 X13.627 Y1.133 E.07609
;WIDTH:0.602814
G1 X13.626 Y1.153 E.00134
;WIDTH:0.60239
G1 X13.58 Y2.292 E.07649
;WIDTH:0.589682
G1 X13.546 Y2.496 E.01355
;WIDTH:0.58442
G1 X13.407 Y3.109 E.04077
;WIDTH:0.585805
G1 X13.29 Y3.45 E.02345
G1 X12.737 Y3.44 E.03597
G1 X12.966 Y2.781 E.04537
;WIDTH:0.589682
G1 X13.055 Y2.273 E.03379
;WIDTH:0.60239
G1 X13.089 Y1.134 E.07646
;WIDTH:0.602814
G1 X13.089 Y1.124 E.00067
;WIDTH:0.633745
G1 X13.089 Y.075 E.07449
;WIDTH:0.633363
G1 X13.083 Y-1.002 E.07643
;WIDTH:0.595276
G1 X13.082 Y-1.017 E.001
;WIDTH:0.594643
G1 X13.03 Y-2.104 E.07197
;WIDTH:0.586402
G1 X12.972 Y-2.505 E.02638
;WIDTH:0.575403
G1 X12.828 Y-3.048 E.03581
G1 E-2 F2400
G1 X23.443 Y-3.224 F7800
G1 E2 F2400
;WIDTH:0.502903
G1 F1200
G1 X23.575 Y-2.685 E.03035
;WIDTH:0.47711
G1 X23.706 Y-2.146 E.02855
;WIDTH:0.490226
G1 X23.783 Y-1.404 E.03962
;WIDTH:0.529135
G1 X23.86 Y-.661 E.0433
;WIDTH:0.568044
G1 X23.937 Y.081 E.04686
;WIDTH:0.568792
G1 X23.863 Y1.269 E.07489
;WIDTH:0.521018
G1 X23.787 Y2.389 E.06394
;WIDTH:0.473244
G1 X23.767 Y2.497 E.0056
;WIDTH:0.505256
G1 X23.524 Y3.621 E.06323
;WIDTH:0.507757
G1 X23.522 Y3.65 E.00161
G1 X23.524 Y3.621 E.00161
;WIDTH:0.505256
G1 X23.38 Y2.48 E.06324
;WIDTH:0.473244
G1 X23.379 Y2.37 E.00561
;WIDTH:0.520974
G1 X23.408 Y1.249 E.06386
;WIDTH:0.568705
G1 X23.436 Y.12 E.07104
;WIDTH:0.568044
G1 X23.398 Y-.625 E.04686
;WIDTH:0.529135
G1 X23.359 Y-1.371 E.0433
;WIDTH:0.490226
G1 X23.321 Y-2.116 E.03962
;WIDTH:0.451318
G1 X23.319 Y-2.268 E.00734
;WIDTH:0.492583
G1 X23.418 Y-3.033 E.0412
;WIDTH:0.502903
G1 X23.443 Y-3.224 E.01054
G1 X23.397 Y-3.461 E.0132
G1 E-2 F2400
G1 X-23.619 Y3.714 F7800
G1 E2 F2400
;TYPE:Perimeter
;WIDTH:0.45
G1 F900
G1 X-23.624 Y3.714 E.00024
G1 X-23.488 Y2.311 E.0678
G1 X-23.469 Y1.462 E.04084
G1 X-23.569 Y-2.608 E.19581
G1 X-23.685 Y-4 E.06718
G1 X-22.664 Y-3.932 E.04922
G1 X-20.131 Y-3.847 E.1219
G1 X-16.576 Y-3.898 E.171
G1 X-16.064 Y-3.859 E.0247
G1 X-13.393 Y-3.748 E.12858
G1 X-13.641 Y-2.437 E.06417
G1 X-13.8 Y-.87 E.07575
G1 X-13.849 Y.067 E.04513
G1 X-13.837 Y.769 E.03377
G1 X-13.704 Y2.49 E.08302
G1 X-13.385 Y3.625 E.0567
G1 X-15.859 Y3.583 E.11901
G1 X-16.48 Y3.623 E.02993
G1 X-19.52 Y3.617 E.14621
G1 X-20.496 Y3.593 E.04696
G1 X-22.567 Y3.648 E.09964
G1 X-23.559 Y3.71 E.0478
G1 X-24.045 Y4.127 F7800
G1 F900
G1 X-24.053 Y4.127 E.00038
G1 X-23.873 Y2.303 E.08815
G1 X-23.855 Y1.472 E.03998
G1 X-23.954 Y-2.599 E.19586
G1 X-24.107 Y-4.415 E.08765
G1 X-22.651 Y-4.317 E.07019
G1 X-20.118 Y-4.232 E.1219
G1 X-16.564 Y-4.284 E.17095
G1 X-16.048 Y-4.244 E.02489
G1 X-12.929 Y-4.119 E.15013
G1 X-12.949 Y-4.014 E.00514
G1 X-13.257 Y-2.396 E.07922
G1 X-13.415 Y-.849 E.07479
G1 X-13.464 Y.061 E.04383
G1 X-13.453 Y.744 E.03285
G1 X-13.333 Y2.386 E.07919
G1 X-12.876 Y4.014 E.08133
G1 X-14.28 Y4.007 E.06753
G1 X-15.834 Y3.968 E.07477
G1 X-16.468 Y4.008 E.03055
G1 X-19.52 Y4.003 E.14679
G1 X-20.486 Y3.979 E.04648
G1 X-22.543 Y4.033 E.09897
G1 X-23.985 Y4.123 E.06949
G1 X-24.471 Y4.54 F7800
;TYPE:External perimeter
G1 F1800
G1 X-24.481 Y4.541 E.00048
G1 X-24.259 Y2.294 E.1086
G1 X-24.24 Y1.481 E.03911
G1 X-24.34 Y-2.589 E.19581
G1 X-24.529 Y-4.83 E.10817
G1 X-22.638 Y-4.703 E.09116
G1 X-20.105 Y-4.617 E.1219
G1 X-16.552 Y-4.67 E.17091
G1 X-16.032 Y-4.629 E.02509
G1 X-13.042 Y-4.505 E.14393
G1 X-12.462 Y-4.503 E.0279
G1 X-12.57 Y-3.941 E.02752
G1 X-12.874 Y-2.356 E.07762
G1 X-13.03 Y-.828 E.07387
G1 X-13.078 Y.056 E.04258
G1 X-13.068 Y.716 E.03175
G1 X-12.962 Y2.281 E.07544
G1 X-12.366 Y4.402 E.10596
G1 X-14.286 Y4.392 E.09235
G1 X-15.809 Y4.353 E.07328
G1 X-16.456 Y4.394 E.03118
G1 X-19.521 Y4.388 E.14742
G1 X-20.476 Y4.364 E.04595
G1 X-22.519 Y4.418 E.0983
G1 X-24.411 Y4.536 E.09118
G1 X-24.444 Y4.138 F7800
G1 E-2 F2400
G1 X-22.485 Y3.345 F7800
G1 E2 F2400
;TYPE:Solid infill
;WIDTH:0.433479
G1 F1200
G1 X-22.454 Y3.346 E.00143
;WIDTH:0.430709
G1 X-21.088 Y3.306 E.06244
;WIDTH:0.423573
G1 X-21.082 Y3.306 E.00027
;WIDTH:0.432917
G1 X-20.139 Y3.304 E.04335
;WIDTH:0.437285
G1 X-19.264 Y3.335 E.04072
G1 X-16.815 Y3.339 E.1139
;WIDTH:0.448273
G1 X-15.55 Y3.283 E.06063
;WIDTH:0.430253
G1 X-14.525 Y3.305 E.04679
G1 E-2 F2400
G1 X-14.34 Y-3.34 F7800
G1 E2 F2400
;WIDTH:0.527261
G1 F1200
G1 X-14.288 Y-3.279 E.00463
G1 X-14.4 Y-2.559 E.04207
;WIDTH:0.516151
G1 X-14.523 Y-1.093 E.0829
;WIDTH:0.490731
G1 X-14.568 Y-.035 E.05631
;WIDTH:0.482915
G1 X-14.56 Y.77 E.04202
;WIDTH:0.481634
G1 X-14.559 Y.79 E.00104
;WIDTH:0.518092
G1 X-14.525 Y2.166 E.07789
G1 X-14.435 Y2.678 E.02942
;WIDTH:0.51268
G1 X-14.33 Y3.097 E.02415
G1 X-14.391 Y3.243 E.00885
;WIDTH:0.465882
G1 X-14.457 Y3.299 E.00433
;WIDTH:0.478505
G1 X-14.285 Y3.297 E.00888
;WIDTH:0.51268
G1 X-13.81 Y3.3 E.02656
G1 X-14.007 Y2.58 E.04174
;WIDTH:0.518092
G1 X-14.071 Y2.149 E.02466
G1 X-14.143 Y.774 E.07792
;WIDTH:0.481634
G1 X-14.153 Y.075 E.03638
;WIDTH:0.49104
G1 X-14.099 Y-1.057 E.06031
;WIDTH:0.516151
G1 X-13.977 Y-2.319 E.07144
;WIDTH:0.527261
G1 X-13.787 Y-3.429 E.06502
G1 X-14.126 Y-3.458 E.01964
;WIDTH:0.478613
G1 X-14.465 Y-3.487 E.01758
;WIDTH:0.429966
G1 X-14.469 Y-3.488 E.00019
;WIDTH:0.428965
G1 X-14.509 Y-3.492 E.00183
;WIDTH:0.424103
G1 X-15.852 Y-3.544 E.0603
;WIDTH:0.425497
G1 X-16.078 Y-3.558 E.0102
;WIDTH:0.448919
G1 X-16.85 Y-3.605 E.03709
G1 X-19.32 Y-3.574 E.11847
;WIDTH:0.438109
G1 X-20.289 Y-3.555 E.04518
;WIDTH:0.432665
G1 X-22.481 Y-3.625 E.10074
;WIDTH:0.429307
G1 X-22.513 Y-3.625 E.00146
;WIDTH:0.469365
G1 X-22.648 Y-3.621 E.00682
;WIDTH:0.509423
G1 X-22.783 Y-3.617 E.0075
;WIDTH:0.549798
G1 X-23.038 Y-3.616 E.01544
;WIDTH:0.590174
G1 X-23.292 Y-3.615 E.01666
;WIDTH:0.594593
G1 X-23.208 Y-2.63 E.06538
;WIDTH:0.600255
G1 X-23.201 Y-2.473 E.0105
;WIDTH:0.606467
G1 X-23.118 Y1.451 E.26537
;WIDTH:0.575343
G1 X-23.136 Y2.192 E.04724
G1 X-23.207 Y3.036 E.05398
;WIDTH:0.568449
G1 X-23.236 Y3.336 E.01895
G1 X-22.61 Y3.286 E.03948
G1 X-22.71 Y3.139 E.01118
G1 X-22.646 Y2.471 E.04219
;WIDTH:0.574468
G1 X-22.608 Y1.476 E.06335
;WIDTH:0.574751
G1 X-22.608 Y1.451 E.00159
;WIDTH:0.606467
G1 X-22.593 Y.093 E.09182
G1 X-22.666 Y-2.497 E.17518
;WIDTH:0.600255
G1 X-22.743 Y-3.359 E.05784
;WIDTH:0.590174
G1 X-22.749 Y-3.419 E.00395
G1 X-22.696 Y-3.485 E.00555
;WIDTH:0.553055
G1 X-22.643 Y-3.551 E.00516
;WIDTH:0.515937
G1 X-22.591 Y-3.617 E.00473
G1 E-2 F2400
G1 X-22.152 Y-.709 F7800
G1 E2 F2400
;TYPE:Internal infill
;WIDTH:0.45
G1 F4800
G1 X-22.253 Y-3.02 E.11126
G1 X-21.511 Y-3.219 E.03695
G1 X-19.547 Y-3.186 E.09448
G1 X-14.953 Y1.407 E.31244
G1 X-14.958 Y1.014 E.0189
G1 X-22.247 Y2.964 E.3629
G1 X-22.188 Y2.353 E.02952
G1 X-21.594 Y2.947 E.0404
G1 E-2 F2400
G1 X-16.444 Y2.945 F7800
G1 E2 F2400
G1 F4800
G1 X-18.757 Y2.956 E.11125
G1 X-17.102 Y-3.22 E.30752
G1 X-14.791 Y-3.13 E.11124
M106 S204
;LAYER_CHANGE
;Z:21.95
;HEIGHT:0.300001
G1 E-2 F2400
G1 Z21.95 F7800
G1 Z21.95
G1 X23.981 Y3.868
G1 E2 F2400
;TYPE:Perimeter
;WIDTH:0.45
G1 F900
G1 X23.961 Y3.997 E.00628
G1 X22.639 Y3.913 E.06371
G1 X20.178 Y3.813 E.11846
G1 X16.042 Y3.77 E.19894
G1 X14.31 Y3.793 E.08331
G1 X12.756 Y3.762 E.07476
G1 X13.159 Y2.632 E.0577
G1 X13.215 Y2.331 E.01473
G1 X13.25 Y.857 E.07091
G1 X13.255 Y-.432 E.062
G1 X13.179 Y-2.17 E.08367
G1 X13.146 Y-2.382 E.01032
G1 X12.826 Y-3.551 E.05829
G1 X16.124 Y-3.602 E.15864
G1 X20.083 Y-3.618 E.19042
G1 X23.823 Y-3.762 E.18001
G1 X23.864 Y-3.543 E.01072
G1 X23.784 Y-2.319 E.059
G1 X23.837 Y.157 E.11911
G1 X23.835 Y2.544 E.11481
G1 X23.974 Y3.808 E.06116
G1 X24.307 Y4.237 F7800
G1 F900
G1 X24.274 Y4.403 E.00814
G1 X22.623 Y4.299 E.07956
G1 X20.174 Y4.198 E.11789
G1 X16.047 Y4.155 E.19851
G1 X14.308 Y4.178 E.08365
G1 X12.222 Y4.137 E.10035
G1 X12.796 Y2.503 E.0833
G1 X12.829 Y2.322 E.00885
G1 X12.864 Y.847 E.07096
G1 X12.87 Y-.416 E.06075
G1 X12.794 Y-2.153 E.08362
G1 X12.774 Y-2.28 E.00618
G1 X12.323 Y-3.929 E.08222
G1 X16.12 Y-3.987 E.18264
G1 X20.069 Y-4.003 E.18993
G1 X24.13 Y-4.162 E.19547
G1 X24.249 Y-3.523 E.03126
G1 X24.169 Y-2.328 E.0576
G1 X24.222 Y.157 E.11955
G1 X24.221 Y2.544 E.11481
G1 X24.373 Y3.9 E.06563
G1 X24.318 Y4.179 E.01368
G1 X24.59 Y4.795 F7800
;TYPE:External perimeter
G1 F1800
G1 X24.587 Y4.809 E.00069
G1 X22.61 Y4.684 E.09528
G1 X20.17 Y4.584 E.11745
G1 X16.053 Y4.541 E.19802
G1 X14.307 Y4.564 E.08398
G1 X11.696 Y4.512 E.1256
G1 X11.945 Y3.739 E.03906
G1 X12.433 Y2.373 E.06977
G1 X12.485 Y.549 E.08776
G1 X12.485 Y-.399 E.0456
G1 X12.408 Y-2.136 E.08363
G1 X11.82 Y-4.307 E.10818
G1 X16.116 Y-4.373 E.20665
G1 X20.056 Y-4.388 E.1895
G1 X22.474 Y-4.471 E.11637
G1 X24.437 Y-4.563 E.09452
G1 X24.613 Y-3.763 E.0394
G1 X24.634 Y-3.503 E.01255
G1 X24.555 Y-2.336 E.05626
G1 X24.608 Y.157 E.11993
G1 X24.606 Y2.545 E.11485
G1 X24.763 Y3.916 E.06637
G1 X24.602 Y4.736 E.04019
G1 X24.205 Y4.785 F7800
G1 E-2 F2400
G1 X22.512 Y.63 F7800
G1 E2 F2400
;TYPE:Internal infill
;WIDTH:0.45
G1 F4800
G1 X22.498 Y2.468 E.0884
G1 X22.55 Y2.94 E.02284
G1 X21.598 Y3.195 E.0474
G1 X19.508 Y3.147 E.10055
G1 X14.401 Y-1.959 E.34734
G1 X14.476 Y-.885 E.05178
G1 X22.534 Y-3.032 E.40108
G1 X22.462 Y-2.078 E.04601
G1 X21.545 Y-2.996 E.06241
G1 E-2 F2400
G1 X16.442 Y-2.937 F7800
G1 E2 F2400
G1 F4800
G1 X18.756 Y-2.952 E.1113
G1 X17.128 Y3.124 E.30254
G1 X14.815 Y3.111 E.11125
G1 E-2 F2400
G1 X13.598 Y.096 F7800
G1 E2 F2400
;TYPE:Solid infill
;WIDTH:0.556504
G1 F1200
G1 X13.59 Y-.449 E.03346
;WIDTH:0.541794
G1 X13.54 Y-1.505 E.06295
;WIDTH:0.535555
G1 X13.506 Y-2.111 E.03567
;WIDTH:0.52054
G1 X13.449 Y-2.471 E.02074
;WIDTH:0.517217
G1 X13.247 Y-3.235 E.04463
G1 X13.563 Y-3.241 E.01785
;WIDTH:0.491724
G1 X13.879 Y-3.246 E.01685
;WIDTH:0.466231
G1 X13.826 Y-3.204 E.00339
;WIDTH:0.491276
G1 X13.797 Y-3.121 E.00468
;WIDTH:0.516322
G1 X13.769 Y-3.039 E.00488
;WIDTH:0.52054
G1 X13.961 Y-2.142 E.05219
;WIDTH:0.535555
G1 X14.011 Y-1.533 E.03591
;WIDTH:0.541794
G1 X14.067 Y-.473 E.06321
;WIDTH:0.542121
G1 X14.067 Y-.453 E.00119
;WIDTH:0.544711
G1 X14.073 Y.573 E.06147
G1 X13.997 Y2.291 E.10303
;WIDTH:0.5279
G1 X13.933 Y2.65 E.02108
;WIDTH:0.53256
G1 X13.783 Y3.254 E.03634
G1 X13.851 Y3.366 E.00765
;WIDTH:0.494021
G1 X13.919 Y3.479 E.00707
G1 X13.571 Y3.458 E.01868
;WIDTH:0.532697
G1 X13.223 Y3.437 E.02036
G1 X13.457 Y2.743 E.04278
;WIDTH:0.5279
G1 X13.533 Y2.273 E.02752
;WIDTH:0.544711
G1 X13.593 Y.554 E.10305
;WIDTH:0.551531
G1 X13.596 Y.289 E.0161
G1 E-2 F2400
G1 X14.008 Y3.489 F7800
G1 E2 F2400
;WIDTH:0.433075
G1 F1200
G1 X14.328 Y3.487 E.01472
;WIDTH:0.417199
G1 X15.809 Y3.469 E.06518
;WIDTH:0.413987
G1 X15.824 Y3.469 E.00065
;WIDTH:0.431385
G1 X16.562 Y3.495 E.0338
;WIDTH:0.433517
G1 X19.52 Y3.525 E.1362
;WIDTH:0.443997
G1 X20.833 Y3.539 E.06217
;WIDTH:0.432459
G1 X22.792 Y3.624 E.09002
;WIDTH:0.435251
G1 X22.824 Y3.625 E.00148
G1 E-2 F2400
G1 X22.808 Y-3.413 F7800
G1 E2 F2400
;WIDTH:0.442437
G1 F1200
G1 X22.746 Y-3.416 E.00293
;WIDTH:0.431835
G1 X20.701 Y-3.339 E.09379
;WIDTH:0.425685
G1 X20.694 Y-3.338 E.00032
;WIDTH:0.446473
G1 X19.47 Y-3.332 E.05833
;WIDTH:0.437831
G1 X16.494 Y-3.32 E.13862
;WIDTH:0.445041
G1 X15.723 Y-3.293 E.03663
;WIDTH:0.423473
G1 X13.986 Y-3.263 E.07781
G1 E-2 F2400
G1 X22.967 Y.131 F7800
G1 E2 F2400
;WIDTH:0.582559
G1 F1200
G1 X22.91 Y-2.296 E.1569
;WIDTH:0.583978
G1 X23 Y-3.203 E.05907
;WIDTH:0.562156
G1 X22.937 Y-3.273 E.00585
;WIDTH:0.522544
G1 X22.874 Y-3.343 E.00538
;WIDTH:0.482933
G1 X22.811 Y-3.413 E.00492
G1 X22.935 Y-3.4 E.00651
;WIDTH:0.522544
G1 X23.059 Y-3.387 E.00712
;WIDTH:0.562156
G1 X23.183 Y-3.374 E.00774
G1 X23.508 Y-3.392 E.02021
G1 X23.49 Y-3.112 E.01742
;WIDTH:0.582559
G1 X23.428 Y-2.307 E.05218
G1 X23.482 Y.116 E.15664
;WIDTH:0.580302
G1 X23.482 Y.138 E.00142
;WIDTH:0.588234
G1 X23.482 Y2.567 E.15871
;WIDTH:0.580905
G1 X23.597 Y3.619 E.06818
;WIDTH:0.579749
G1 X23.365 Y3.618 E.01491
;WIDTH:0.546089
G1 X23.132 Y3.618 E.014
;WIDTH:0.512429
G1 X22.9 Y3.617 E.01296
;WIDTH:0.478769
G1 X22.933 Y3.599 E.00194
;WIDTH:0.512429
G1 X22.973 Y3.523 E.0048
;WIDTH:0.546089
G1 X23.012 Y3.447 E.00513
;WIDTH:0.579749
G1 X23.052 Y3.371 E.00552
;WIDTH:0.588234
G1 X22.953 Y2.45 E.06052
G1 X22.966 Y.324 E.13891
G1 E-2 F2400
G1 X-23.152 Y3.654 F7800
G1 E2 F2400
;TYPE:Perimeter
;WIDTH:0.45
G1 F900
G1 X-23.017 Y2.266 E.06707
G1 X-22.984 Y.774 E.07178
G1 X-23.072 Y-2.56 E.16041
G1 X-23.184 Y-3.939 E.06654
G1 X-22.752 Y-3.91 E.02082
G1 X-20.277 Y-3.835 E.11909
G1 X-19.33 Y-3.869 E.04558
G1 X-16.754 Y-3.887 E.1239
G1 X-15.844 Y-3.817 E.0439
G1 X-13.89 Y-3.745 E.09404
G1 X-14.089 Y-2.377 E.06649
G1 X-14.205 Y-.606 E.08536
G1 X-14.221 Y.464 E.05147
G1 X-14.198 Y1.991 E.07345
G1 X-14.168 Y2.432 E.02126
G1 X-13.885 Y3.594 E.05752
G1 X-15.649 Y3.561 E.08486
G1 X-16.8 Y3.635 E.05547
G1 X-19.181 Y3.63 E.11452
G1 X-20.292 Y3.584 E.05348
G1 X-21.113 Y3.582 E.03949
G1 X-22.628 Y3.622 E.07289
G1 X-23.092 Y3.651 E.02236
G1 X-23.58 Y4.067 F7800
G1 F900
G1 X-23.403 Y2.257 E.08747
G1 X-23.37 Y.784 E.07086
G1 X-23.458 Y-2.549 E.16036
G1 X-23.616 Y-4.354 E.08715
G1 X-22.74 Y-4.296 E.04222
G1 X-20.265 Y-4.221 E.11909
G1 X-19.339 Y-4.255 E.04457
G1 X-16.724 Y-4.272 E.12578
G1 X-15.83 Y-4.202 E.04313
G1 X-13.443 Y-4.115 E.11488
G1 X-13.452 Y-4.066 E.0024
G1 X-13.704 Y-2.352 E.08332
G1 X-13.82 Y-.581 E.08536
G1 X-13.836 Y.459 E.05003
G1 X-13.793 Y2.341 E.09054
G1 X-13.383 Y3.981 E.08131
G1 X-15.624 Y3.946 E.1078
G1 X-16.788 Y4.021 E.0561
G1 X-19.182 Y4.016 E.11514
G1 X-20.293 Y3.97 E.05348
G1 X-21.103 Y3.968 E.03896
G1 X-22.639 Y4.009 E.0739
G1 X-23.52 Y4.064 E.04246
G1 X-24.008 Y4.481 F7800
;TYPE:External perimeter
G1 F900
G1 X-23.788 Y2.248 E.10792
G1 X-23.755 Y.797 E.06981
G1 X-23.843 Y-2.539 E.16051
G1 X-23.964 Y-4.016 E.07128
G1 X-24.055 Y-4.771 E.03658
G1 X-22.728 Y-4.681 E.06397
G1 X-20.254 Y-4.606 E.11905
G1 X-19.349 Y-4.64 E.04356
G1 X-16.694 Y-4.656 E.1277
G1 X-15.816 Y-4.588 E.04236
G1 X-12.979 Y-4.484 E.13654
G1 X-13.073 Y-3.993 E.02404
G1 X-13.318 Y-2.342 E.08028
G1 X-13.415 Y-.87 E.07095
G1 X-13.45 Y.453 E.06365
G1 X-13.427 Y1.98 E.07345
G1 X-13.418 Y2.25 E.01299
G1 X-13.086 Y3.616 E.06761
G1 X-12.871 Y4.368 E.03762
G1 X-14.334 Y4.364 E.07037
G1 X-15.599 Y4.331 E.06086
G1 X-16.776 Y4.406 E.05672
G1 X-19.183 Y4.402 E.11577
G1 X-20.294 Y4.355 E.05348
G1 X-21.092 Y4.353 E.03838
G1 X-22.615 Y4.393 E.07328
G1 X-23.948 Y4.477 E.06424
G1 X-23.969 Y4.077 F7800
G1 E-2 F2400
G1 X-16.581 Y3.503 F7800
G1 E2 F2400
;TYPE:Bridge infill
;WIDTH:0.426423
;HEIGHT:0.4
M106 S255
G1 F3600
G1 X-22.752 Y2.859 E.36839
G1 X-22.706 Y2.385 E.02828
G1 X-14.297 Y3.262 E.50199
G1 X-14.416 Y2.77 E.03005
G1 X-22.688 Y1.908 E.49381
G1 X-22.677 Y1.43 E.02839
G1 X-14.51 Y2.282 E.48755
G1 X-14.523 Y1.801 E.02857
G1 X-22.666 Y.952 E.48611
G1 X-22.671 Y.473 E.02844
G1 X-14.53 Y1.321 E.48599
G1 X-14.537 Y.842 E.02844
G1 X-22.683 Y-.008 E.4863
G1 X-22.696 Y-.488 E.02851
G1 X-14.542 Y.362 E.48677
G1 X-14.534 Y-.116 E.02839
G1 X-22.709 Y-.968 E.48802
G1 X-22.721 Y-1.449 E.02857
G1 X-14.526 Y-.594 E.48922
G1 X-14.497 Y-1.07 E.02832
G1 X-22.734 Y-1.929 E.49173
G1 X-22.747 Y-2.409 E.02851
G1 X-14.466 Y-1.546 E.49435
G1 X-14.434 Y-2.022 E.02833
G1 X-22.777 Y-2.891 E.49805
G1 X-22.815 Y-3.374 E.02877
G1 X-14.396 Y-2.497 E.50258
G1 X-14.328 Y-2.969 E.02831
G1 X-22.012 Y-3.77 E.45871
M106 S204
M106 S193.8
;LAYER_CHANGE
;Z:22.25
;HEIGHT:0.299999
G1 E-2 F2400
G1 Z22.25 F7800
G1 Z22.25
G1 X23.512 Y3.941
G1 E2 F2400
;TYPE:Perimeter
;WIDTH:0.45
G1 F900
G1 X20.826 Y3.816 E.12933
G1 X17.237 Y3.8 E.17262
G1 X16.442 Y3.785 E.03824
G1 X15.817 Y3.74 E.03014
G1 X14.333 Y3.76 E.07138
G1 X13.277 Y3.736 E.0508
G1 X13.489 Y3.128 E.03097
G1 X13.664 Y2.335 E.03906
G1 X13.765 Y.027 E.11111
G1 X13.61 Y-2.323 E.11327
G1 X13.331 Y-3.523 E.05926
G1 X15.761 Y-3.571 E.1169
G1 X16.479 Y-3.615 E.0346
G1 X19.393 Y-3.63 E.14016
G1 X20.08 Y-3.608 E.03306
G1 X20.72 Y-3.616 E.03078
G1 X23.427 Y-3.724 E.1303
G1 X23.398 Y-3.162 E.02707
G1 X23.3 Y-2.263 E.04349
G1 X23.361 Y.126 E.11494
G1 X23.352 Y2.488 E.1136
G1 X23.506 Y3.882 E.06745
G1 X23.948 Y4.355 F7800
G1 F900
G1 X22.715 Y4.279 E.05942
G1 X20.82 Y4.201 E.09122
G1 X17.233 Y4.186 E.17252
G1 X16.412 Y4.17 E.03949
G1 X15.822 Y4.126 E.02846
G1 X14.331 Y4.145 E.07172
G1 X12.734 Y4.11 E.07683
G1 X13.097 Y3.094 E.05189
G1 X13.279 Y2.318 E.03834
G1 X13.38 Y.05 E.10919
G1 X13.235 Y-2.235 E.11012
G1 X12.958 Y-3.426 E.05881
G1 X12.828 Y-3.899 E.02359
G1 X15.737 Y-3.955 E.13994
G1 X16.466 Y-4 E.03513
G1 X19.391 Y-4.015 E.14068
G1 X20.075 Y-3.994 E.03291
G1 X20.705 Y-4.002 E.0303
G1 X23.835 Y-4.126 E.15066
G1 X23.783 Y-3.141 E.04744
G1 X23.686 Y-2.273 E.04201
G1 X23.747 Y.122 E.11523
G1 X23.737 Y2.489 E.11385
G1 X23.941 Y4.295 E.08741
G1 X24.384 Y4.768 F7800
;TYPE:External perimeter
G1 F1800
G1 X22.699 Y4.664 E.0812
G1 X20.815 Y4.587 E.09069
G1 X17.229 Y4.571 E.17248
G1 X16.381 Y4.554 E.04079
G1 X15.827 Y4.511 E.02673
G1 X14.329 Y4.531 E.07206
G1 X12.204 Y4.483 E.10223
G1 X12.734 Y2.964 E.07738
G1 X12.894 Y2.3 E.03285
G1 X12.996 Y.074 E.10718
G1 X12.859 Y-2.148 E.10707
G1 X12.582 Y-3.338 E.05876
G1 X12.325 Y-4.275 E.04673
G1 X15.714 Y-4.34 E.16303
G1 X16.453 Y-4.386 E.03561
G1 X19.487 Y-4.401 E.14593
G1 X20.07 Y-4.379 E.02806
G1 X20.69 Y-4.387 E.02982
G1 X24.242 Y-4.528 E.17097
G1 X24.168 Y-3.121 E.06777
G1 X24.071 Y-2.283 E.04057
G1 X24.133 Y.118 E.11552
G1 X24.123 Y2.491 E.11413
G1 X24.377 Y4.708 E.10733
G1 X23.979 Y4.744 F7800
G1 E-2 F2400
G1 X21.415 Y3.724 F7800
G1 E2 F2400
;TYPE:Bridge infill
;WIDTH:0.404264
;HEIGHT:0.4
M106 S255
G1 F3600
G1 X13.851 Y3 E.4055
G1 X13.956 Y2.554 E.02445
G1 X23.132 Y3.432 E.49191
G1 X23.082 Y2.971 E.02475
G1 X13.997 Y2.101 E.48704
G1 X14.017 Y1.647 E.02425
G1 X23.032 Y2.509 E.48328
G1 X23.032 Y2.053 E.02433
G1 X14.038 Y1.192 E.48216
G1 X14.059 Y.738 E.02425
G1 X23.034 Y1.597 E.48114
G1 X23.036 Y1.141 E.02433
G1 X14.08 Y.284 E.48012
G1 X14.073 Y-.173 E.02439
G1 X23.038 Y.685 E.4806
G1 X23.04 Y.228 E.02439
G1 X14.046 Y-.632 E.48215
G1 X14.019 Y-1.091 E.02454
G1 X23.031 Y-.229 E.48312
G1 X23.019 Y-.686 E.0244
G1 X13.992 Y-1.55 E.48392
G1 X13.965 Y-2.009 E.02454
G1 X23.008 Y-1.144 E.48478
G1 X22.996 Y-1.601 E.0244
G1 X13.906 Y-2.471 E.4873
G1 X13.797 Y-2.938 E.02559
G1 X22.984 Y-2.059 E.4925
G1 X22.979 Y-2.263 E.01089
G1 X23.006 Y-2.513 E.01342
G1 X15.395 Y-3.241 E.40801
G1 X16.489 Y-3.294 E.05845
G1 X19.46 Y-3.309 E.15855
G1 X23.256 Y-2.945 E.2035
M106 S193.8
G1 E-2 F2400
G1 X-22.679 Y3.596 F7800
G1 E2 F2400
;TYPE:Perimeter
;WIDTH:0.45
;HEIGHT:0.3
G1 F900
G1 X-22.547 Y2.221 E.06644
G1 X-22.499 Y.085 E.10276
G1 X-22.578 Y-2.562 E.12737
G1 X-22.713 Y-3.886 E.06401
G1 X-20.36 Y-3.825 E.11321
G1 X-19.047 Y-3.875 E.0632
G1 X-17.178 Y-3.896 E.0899
G1 X-15.63 Y-3.776 E.07468
G1 X-14.277 Y-3.724 E.06512
G1 X-14.477 Y-2.352 E.06669
G1 X-14.567 Y-.964 E.0669
G1 X-14.601 Y-.033 E.04481
G1 X-14.574 Y2.194 E.10712
G1 X-14.545 Y2.414 E.01067
G1 X-14.26 Y3.565 E.05703
G1 X-15.439 Y3.539 E.05672
G1 X-17.12 Y3.647 E.08102
G1 X-19 Y3.644 E.09042
G1 X-20.319 Y3.575 E.06353
G1 X-21.728 Y3.571 E.06777
G1 X-22.619 Y3.595 E.04287
G1 X-23.107 Y4.007 F7800
G1 F900
G1 X-22.933 Y2.212 E.08674
G1 X-22.885 Y.096 E.1018
G1 X-22.963 Y-2.531 E.12641
G1 X-23.015 Y-3.167 E.03069
G1 X-23.151 Y-4.296 E.05469
G1 X-20.375 Y-4.21 E.13358
G1 X-19.057 Y-4.26 E.06344
G1 X-17.165 Y-4.282 E.091
G1 X-15.615 Y-4.161 E.07478
G1 X-13.833 Y-4.093 E.08577
G1 X-14.092 Y-2.327 E.08585
G1 X-14.182 Y-.95 E.06637
G1 X-14.215 Y-.038 E.04389
G1 X-14.188 Y2.189 E.10712
G1 X-14.171 Y2.321 E.0064
G1 X-13.767 Y3.951 E.08077
G1 X-15.414 Y3.924 E.07923
G1 X-17.108 Y4.033 E.08164
G1 X-19.011 Y4.029 E.09153
G1 X-20.32 Y3.96 E.06305
G1 X-21.718 Y3.957 E.06724
G1 X-23.047 Y4.005 E.06396
G1 X-23.535 Y4.42 F7800
;TYPE:External perimeter
G1 F900
G1 X-23.318 Y2.203 E.10714
G1 X-23.27 Y.111 E.10064
G1 X-23.347 Y-2.499 E.12559
G1 X-23.398 Y-3.12 E.02997
G1 X-23.59 Y-4.712 E.07712
G1 X-22.819 Y-4.66 E.03717
G1 X-20.39 Y-4.595 E.11687
G1 X-19.066 Y-4.646 E.06373
G1 X-17.153 Y-4.667 E.09201
G1 X-15.601 Y-4.546 E.07487
G1 X-13.373 Y-4.462 E.10724
G1 X-13.414 Y-4.285 E.00874
G1 X-13.706 Y-2.317 E.09569
G1 X-13.796 Y-.936 E.06656
G1 X-13.829 Y-.042 E.04303
G1 X-13.803 Y2.185 E.10712
G1 X-13.274 Y4.338 E.10663
G1 X-14.355 Y4.336 E.05199
G1 X-15.389 Y4.309 E.04975
G1 X-17.096 Y4.418 E.08227
G1 X-19.021 Y4.415 E.09259
G1 X-20.321 Y4.346 E.06261
G1 X-21.708 Y4.342 E.06671
G1 X-22.711 Y4.369 E.04826
G1 X-23.475 Y4.417 E.03682
G1 X-23.496 Y4.017 F7800
G1 E-2 F2400
G1 X-22.292 Y-3.564 F7800
G1 E2 F2400
;TYPE:Solid infill
;WIDTH:0.525525
G1 F1200
G1 X-22.332 Y-3.604 E.00325
G1 X-22.388 Y-3.59 E.00332
G1 X-22.403 Y-3.534 E.00333
G1 X-22.362 Y-3.493 E.00333
G1 X-22.306 Y-3.508 E.00333
;WIDTH:0.45
G1 X-22.329 Y-2.968 E.026
G1 X-21.727 Y-3.57 E.04095
G1 X-21.196 Y-3.556 E.02555
G1 X-22.285 Y-2.467 E.07407
G1 X-22.269 Y-1.937 E.0255
G1 X-20.665 Y-3.541 E.1091
G1 X-20.115 Y-3.546 E.02645
G1 X-22.254 Y-1.407 E.14549
G1 X-22.238 Y-.878 E.02545
G1 X-19.549 Y-3.567 E.1829
G1 X-18.985 Y-3.586 E.02714
G1 X-22.223 Y-.348 E.22024
G1 X-22.212 Y.187 E.02574
G1 X-18.436 Y-3.589 E.25684
G1 X-17.887 Y-3.593 E.02641
G1 X-22.224 Y.745 E.29503
G1 X-22.237 Y1.303 E.02685
G1 X-17.338 Y-3.596 E.33322
G1 X-16.812 Y-3.577 E.02532
G1 X-22.25 Y1.86 E.36985
G1 X-22.418 Y2.597 E.03636
;WIDTH:0.404381
G1 X-22.46 Y2.608 E.00184
G1 X-22.479 Y2.537 E.00312
G1 X-22.407 Y2.556 E.00316
;WIDTH:0.45
G1 X-16.306 Y-3.538 E.41474
G1 X-15.8 Y-3.498 E.02441
G1 X-22.335 Y3.036 E.44447
G1 X-22.405 Y3.399 E.01778
;WIDTH:0.404381
G1 X-22.446 Y3.41 E.0018
G1 X-22.465 Y3.339 E.00312
G1 X-22.394 Y3.358 E.00312
;WIDTH:0.45
G1 X-22.044 Y3.291 E.01714
G1 X-15.279 Y-3.474 E.46015
G1 X-14.754 Y-3.453 E.02527
G1 X-21.49 Y3.282 E.45814
G1 X-20.946 Y3.284 E.02616
G1 X-14.678 Y-2.985 E.42638
G1 X-14.767 Y-2.351 E.03079
G1 X-20.402 Y3.285 E.38332
G1 X-19.88 Y3.308 E.02513
G1 X-14.805 Y-1.767 E.3452
G1 X-14.633 Y-1.329 E.02263
;WIDTH:0.404381
G1 X-14.704 Y-1.348 E.00312
G1 X-14.685 Y-1.277 E.00312
G1 X-14.644 Y-1.288 E.0018
;WIDTH:0.45
G1 X-14.843 Y-1.183 E.01082
G1 X-19.361 Y3.335 E.30731
G1 X-18.836 Y3.355 E.02527
G1 X-14.869 Y-.612 E.26983
G1 X-14.889 Y-.046 E.02724
G1 X-18.291 Y3.356 E.2314
G1 X-17.747 Y3.357 E.02616
G1 X-14.883 Y.493 E.19481
G1 X-14.877 Y1.032 E.02593
G1 X-17.203 Y3.358 E.15821
G1 X-16.625 Y3.326 E.02784
G1 X-14.87 Y1.571 E.11937
G1 X-14.864 Y2.11 E.02593
G1 X-14.835 Y2.446 E.01622
G1 X-14.632 Y3.268 E.04072
G1 X-15.417 Y3.249 E.03777
G1 X-16.043 Y3.289 E.03017
G1 X-15 Y2.246 E.07094
M106 S175.95
;LAYER_CHANGE
;Z:22.55
;HEIGHT:0.299999
G1 E-2 F2400
G1 Z22.55 F7800
G1 Z22.55
G1 X23.03 Y3.887
G1 E2 F2400
;TYPE:Perimeter
G1 F900
G1 X21.47 Y3.819 E.0751
G1 X20.321 Y3.803 E.05527
G1 X19.221 Y3.83 E.05292
G1 X16.873 Y3.808 E.11294
G1 X15.59 Y3.71 E.06189
G1 X14.357 Y3.727 E.05931
G1 X13.73 Y3.71 E.03017
G1 X14.05 Y2.329 E.06818
G1 X14.158 Y.033 E.11055
G1 X14.066 Y-1.578 E.07761
G1 X13.988 Y-2.306 E.03521
G1 X13.714 Y-3.506 E.0592
G1 X15.467 Y-3.545 E.08433
G1 X16.81 Y-3.628 E.06472
G1 X19.087 Y-3.64 E.10952
G1 X20.229 Y-3.6 E.05496
G1 X21.352 Y-3.615 E.05402
G1 X22.979 Y-3.679 E.07831
G1 X22.974 Y-3.587 E.00443
G1 X22.817 Y-2.206 E.06685
G1 X22.886 Y.137 E.11274
G1 X22.868 Y2.431 E.11034
G1 X23.023 Y3.827 E.06756
G1 X23.466 Y4.3 F7800
G1 F900
G1 X21.465 Y4.205 E.09635
G1 X20.316 Y4.188 E.05527
G1 X19.224 Y4.216 E.05254
G1 X16.856 Y4.193 E.1139
G1 X15.595 Y4.096 E.06083
G1 X14.355 Y4.112 E.05964
G1 X13.242 Y4.083 E.05355
G1 X13.664 Y2.31 E.08766
G1 X13.773 Y.055 E.10858
G1 X13.682 Y-1.542 E.07693
G1 X13.613 Y-2.22 E.03278
G1 X13.232 Y-3.881 E.08196
G1 X15.443 Y-3.93 E.10637
G1 X16.797 Y-4.014 E.06525
G1 X19.085 Y-4.025 E.11005
G1 X20.224 Y-3.986 E.05481
G1 X21.337 Y-4 E.05354
G1 X23.386 Y-4.081 E.09863
G1 X23.359 Y-3.567 E.02476
G1 X23.203 Y-2.217 E.06536
G1 X23.272 Y.132 E.11303
G1 X23.253 Y2.434 E.11072
G1 X23.459 Y4.24 E.08743
G1 X23.902 Y4.713 F7800
;TYPE:External perimeter
G1 F900
G1 X21.459 Y4.59 E.11765
G1 X20.31 Y4.574 E.05527
G1 X19.227 Y4.602 E.05211
G1 X16.839 Y4.579 E.11486
G1 X15.6 Y4.481 E.05978
G1 X14.352 Y4.498 E.06003
G1 X12.718 Y4.455 E.07862
G1 X12.844 Y4.089 E.01862
G1 X13.279 Y2.291 E.08897
G1 X13.388 Y.077 E.10661
G1 X13.298 Y-1.506 E.07626
G1 X13.237 Y-2.134 E.03035
G1 X12.75 Y-4.256 E.10471
G1 X15.419 Y-4.315 E.1284
G1 X16.784 Y-4.399 E.06578
G1 X19.083 Y-4.411 E.11058
G1 X20.219 Y-4.372 E.05467
G1 X21.318 Y-4.385 E.05286
G1 X23.793 Y-4.483 E.11913
G1 X23.745 Y-3.547 E.04508
G1 X23.588 Y-2.232 E.0637
G1 X23.658 Y.128 E.11356
G1 X23.639 Y2.437 E.11106
G1 X23.895 Y4.653 E.10729
G1 X23.497 Y4.693 F7800
G1 E-2 F2400
G1 X14.12 Y3.344 F7800
G1 E2 F2400
;TYPE:Solid infill
;WIDTH:0.507975
G1 F1200
G1 X14.08 Y3.383 E.00309
G1 X14.095 Y3.437 E.0031
G1 X14.148 Y3.451 E.00303
G1 X14.187 Y3.412 E.00305
G1 X14.173 Y3.358 E.00309
;WIDTH:0.45
G1 X14.225 Y2.902 E.02207
G1 X14.747 Y3.424 E.03551
G1 X15.29 Y3.422 E.02612
G1 X14.323 Y2.455 E.06577
G1 X14.358 Y1.945 E.02459
G1 X15.854 Y3.441 E.10176
G1 X16.444 Y3.485 E.02846
G1 X14.384 Y1.425 E.14012
G1 X14.409 Y.905 E.02504
G1 X17.024 Y3.52 E.17787
G1 X17.575 Y3.525 E.0265
G1 X14.435 Y.385 E.21358
G1 X14.436 Y-.159 E.02616
G1 X18.125 Y3.531 E.25096
G1 X18.676 Y3.536 E.0265
G1 X14.403 Y-.737 E.29064
G1 X14.371 Y-1.315 E.02784
G1 X19.226 Y3.541 E.33027
G1 X19.758 Y3.528 E.02559
G1 X14.325 Y-1.906 E.36958
G1 X14.221 Y-2.555 E.03161
G1 X20.29 Y3.514 E.41281
G1 X20.843 Y3.521 E.0266
G1 X14.097 Y-3.225 E.45885
G1 X13.904 Y-3.357 E.01125
;WIDTH:0.404381
G1 X13.973 Y-3.018 E.01467
;WIDTH:0.45
G1 X14.63 Y-3.237 E.03331
G1 X21.396 Y3.529 E.46021
G1 X21.962 Y3.549 E.02724
G1 X15.164 Y-3.248 E.46236
G1 X15.688 Y-3.27 E.02522
G1 X22.53 Y3.573 E.46542
G1 X22.784 Y3.625 E.01247
;WIDTH:0.404381
G1 X22.765 Y3.696 E.00312
G1 X22.836 Y3.677 E.00312
G1 X22.825 Y3.636 E.0018
;WIDTH:0.45
G1 X22.655 Y3.152 E.02467
G1 X16.202 Y-3.301 E.43893
G1 X16.716 Y-3.333 E.02477
G1 X22.586 Y2.538 E.3993
G1 X22.583 Y1.989 E.02641
G1 X17.252 Y-3.341 E.36257
G1 X17.795 Y-3.344 E.02612
G1 X22.587 Y1.448 E.32595
G1 X22.591 Y.907 E.02602
G1 X18.338 Y-3.347 E.28932
G1 X18.88 Y-3.349 E.02607
G1 X22.595 Y.366 E.25269
G1 X22.589 Y-.186 E.02655
G1 X19.434 Y-3.341 E.2146
G1 X20 Y-3.32 E.02724
G1 X22.576 Y-.745 E.17518
G1 X22.562 Y-1.304 E.02689
G1 X20.55 Y-3.315 E.13682
G1 X21.345 Y-3.325 E.03824
G1 X22.658 Y-3.377 E.0632
G1 X22.536 Y-2.365 E.04903
G1 X22.549 Y-1.862 E.0242
G1 X21.225 Y-3.186 E.09006
G1 X22.128 Y-2.967 F7800
;WIDTH:0.582179
G1 F1200
G1 X22.083 Y-2.921 E.00416
G1 X22.099 Y-2.859 E.00414
G1 X22.162 Y-2.842 E.00421
G1 X22.208 Y-2.888 E.0042
G1 X22.191 Y-2.95 E.00415
G1 E-2 F2400
G1 X-22.208 Y3.549 F7800
G1 E2 F2400
;TYPE:Perimeter
;WIDTH:0.45
G1 F900
G1 X-22.124 Y2.694 E.04132
G1 X-22.101 Y2.165 E.02547
G1 X-22.08 Y-.159 E.11178
G1 X-22.128 Y-2.629 E.11882
G1 X-22.167 Y-3.147 E.02498
G1 X-22.252 Y-3.852 E.03415
G1 X-20.51 Y-3.814 E.0838
G1 X-18.764 Y-3.88 E.08404
G1 X-17.478 Y-3.895 E.06186
G1 X-15.415 Y-3.734 E.09952
G1 X-14.664 Y-3.706 E.03615
G1 X-14.865 Y-2.327 E.06703
G1 X-14.935 Y-1.163 E.05609
G1 X-14.976 Y-.03 E.05453
G1 X-14.952 Y2.171 E.10587
G1 X-14.925 Y2.388 E.01052
G1 X-14.649 Y3.522 E.05613
G1 X-15.229 Y3.517 E.0279
G1 X-17.441 Y3.659 E.10661
G1 X-18.724 Y3.657 E.06171
G1 X-20.474 Y3.565 E.08429
G1 X-22.16 Y3.561 E.08109
G1 X-22.635 Y3.954 F7800
G1 F900
G1 X-22.486 Y2.164 E.08639
G1 X-22.482 Y.255 E.09182
G1 X-22.466 Y-.153 E.01964
G1 X-22.513 Y-2.601 E.11776
G1 X-22.55 Y-3.101 E.02411
G1 X-22.688 Y-4.248 E.05556
G1 X-20.524 Y-4.199 E.10411
G1 X-18.774 Y-4.266 E.08423
G1 X-17.465 Y-4.281 E.06296
G1 X-15.4 Y-4.12 E.09962
G1 X-14.191 Y-4.074 E.05819
G1 X-14.273 Y-3.713 E.01781
G1 X-14.48 Y-2.302 E.06859
G1 X-14.55 Y-1.149 E.05556
G1 X-14.59 Y-.034 E.05366
G1 X-14.567 Y2.166 E.10582
G1 X-14.55 Y2.297 E.00635
G1 X-14.151 Y3.914 E.0801
G1 X-15.204 Y3.902 E.05065
G1 X-17.429 Y4.045 E.10724
G1 X-18.734 Y4.042 E.06277
G1 X-20.475 Y3.951 E.08385
G1 X-22.581 Y3.959 E.10129
G1 X-23.063 Y4.363 F7800
;TYPE:External perimeter
G1 F900
G1 X-22.872 Y2.163 E.10621
G1 X-22.868 Y.254 E.09182
G1 X-22.851 Y-.148 E.01935
G1 X-22.891 Y-2.254 E.10131
G1 X-22.932 Y-3.055 E.03858
G1 X-23.125 Y-4.653 E.07742
G1 X-20.539 Y-4.584 E.12442
G1 X-18.783 Y-4.651 E.08452
G1 X-17.453 Y-4.666 E.06397
G1 X-15.385 Y-4.505 E.09976
G1 X-13.709 Y-4.441 E.08067
G1 X-13.891 Y-3.656 E.03876
G1 X-14.095 Y-2.277 E.06705
G1 X-14.164 Y-1.134 E.05507
G1 X-14.205 Y-.038 E.05275
G1 X-14.176 Y2.206 E.10794
G1 X-13.645 Y4.306 E.10418
G1 X-15.179 Y4.287 E.07379
G1 X-17.417 Y4.431 E.10786
G1 X-18.745 Y4.428 E.06387
G1 X-20.476 Y4.336 E.08337
G1 X-22.328 Y4.332 E.08907
G1 X-23.005 Y4.362 E.03259
G1 X-23.028 Y3.963 F7800
G1 X-21.861 Y3.176
;TYPE:Solid infill
;WIDTH:0.530013
G1 F1200
G1 X-21.902 Y3.217 E.00337
G1 X-21.887 Y3.273 E.00337
G1 X-21.831 Y3.289 E.00338
G1 X-21.79 Y3.247 E.00341
G1 X-21.805 Y3.191 E.00337
;WIDTH:0.45
G1 X-21.833 Y2.644 E.02634
G1 X-21.203 Y3.274 E.04285
G1 X-20.656 Y3.276 E.02631
G1 X-21.812 Y2.119 E.07866
G1 X-21.811 Y1.575 E.02616
G1 X-20.09 Y3.296 E.11706
G1 X-19.515 Y3.326 E.02769
G1 X-21.809 Y1.031 E.15607
G1 X-21.808 Y.487 E.02616
G1 X-18.939 Y3.356 E.19515
G1 X-18.382 Y3.368 E.0268
G1 X-21.796 Y-.046 E.23222
G1 X-21.799 Y-.595 E.02641
G1 X-17.835 Y3.369 E.26963
G1 X-17.299 Y3.36 E.02578
G1 X-21.81 Y-1.15 E.3068
G1 X-21.82 Y-1.706 E.02675
G1 X-16.786 Y3.327 E.34237
G1 X-16.274 Y3.295 E.02467
G1 X-21.83 Y-2.262 E.37795
G1 X-21.854 Y-2.83 E.02734
G1 X-15.761 Y3.262 E.4144
G1 X-14.957 Y3.245 F7800
;WIDTH:0.404381
G1 F1200
G1 X-14.976 Y3.316 E.00312
G1 X-14.905 Y3.297 E.00312
G1 X-14.916 Y3.256 E.0018
;WIDTH:0.45
G1 X-15.249 Y3.229 E.01607
G1 X-21.91 Y-3.433 E.45311
G1 X-21.478 Y-3.546 E.02148
G1 X-15.119 Y2.813 E.43253
G1 X-15.242 Y2.145 E.03267
G1 X-20.921 Y-3.534 E.38628
G1 X-20.371 Y-3.529 E.02645
G1 X-15.248 Y1.594 E.34846
G1 X-15.254 Y1.043 E.0265
G1 X-19.846 Y-3.549 E.31234
G1 X-19.321 Y-3.57 E.02527
G1 X-15.26 Y.492 E.27626
G1 X-15.264 Y-.058 E.02645
G1 X-18.795 Y-3.59 E.24021
G1 X-18.254 Y-3.593 E.02602
G1 X-15.245 Y-.585 E.20463
G1 X-15.226 Y-1.111 E.02532
G1 X-17.711 Y-3.596 E.16903
G1 X-17.149 Y-3.579 E.02704
G1 X-15.2 Y-1.63 E.13257
G1 E-2 F2400
G1 X-16.421 Y-3.396 F7800
G1 E2 F2400
G1 F1200
G1 X-15.166 Y-2.142 E.08533
G1 X-14.997 Y-3.429 E.06243
G1 X-15.477 Y-3.448 E.0231
G1 X-16.557 Y-3.533 E.0521
G1 X-15.487 Y-3.087 F7800
;WIDTH:0.506929
G1 F1200
G1 X-15.526 Y-3.048 E.00304
G1 X-15.511 Y-2.994 E.00309
G1 X-15.458 Y-2.98 E.00303
G1 X-15.419 Y-3.019 E.00304
G1 X-15.433 Y-3.073 E.00308
M106 S183.6
;LAYER_CHANGE
;Z:22.85
;HEIGHT:0.300001
G1 E-2 F2400
G1 Z22.85 F7800
G1 Z22.85
G1 X22.548 Y3.837
G1 E2 F2400
;TYPE:Perimeter
;WIDTH:0.45
G1 F900
G1 X22.549 Y3.844 E.00034
G1 X20.44 Y3.799 E.10146
G1 X18.921 Y3.839 E.07308
G1 X17.202 Y3.822 E.08268
G1 X15.363 Y3.68 E.08871
G1 X14.132 Y3.686 E.05921
G1 X14.435 Y2.323 E.06716
G1 X14.551 Y.035 E.11019
G1 X14.484 Y-1.14 E.05661
G1 X14.386 Y-2.168 E.04967
G1 X14.086 Y-3.495 E.06543
G1 X15.173 Y-3.52 E.05229
G1 X17.141 Y-3.641 E.09483
G1 X18.862 Y-3.65 E.08278
G1 X20.378 Y-3.593 E.07297
G1 X22.504 Y-3.634 E.10227
G1 X22.334 Y-2.149 E.07189
G1 X22.411 Y.147 E.11049
G1 X22.391 Y2.498 E.11308
G1 X22.541 Y3.778 E.06198
G1 X22.984 Y4.248 F7800
G1 F900
G1 X22.985 Y4.252 E.0002
G1 X22.109 Y4.208 E.04219
G1 X20.45 Y4.185 E.0798
G1 X18.924 Y4.224 E.07342
G1 X17.185 Y4.207 E.08364
G1 X15.373 Y4.066 E.08741
G1 X14.378 Y4.079 E.04786
G1 X13.641 Y4.058 E.03546
G1 X13.831 Y3.3 E.03759
G1 X14.05 Y2.302 E.04914
G1 X14.166 Y.057 E.10812
G1 X14.1 Y-1.103 E.05588
G1 X14.002 Y-2.132 E.04972
G1 X13.608 Y-3.87 E.08571
G1 X15.149 Y-3.904 E.07413
G1 X17.128 Y-4.027 E.09537
G1 X18.868 Y-4.036 E.08369
G1 X20.373 Y-3.979 E.07244
G1 X21.969 Y-3.999 E.07677
G1 X22.938 Y-4.037 E.04664
G1 X22.936 Y-3.993 E.00212
G1 X22.72 Y-2.162 E.08868
G1 X22.797 Y.143 E.11092
G1 X22.774 Y2.453 E.11111
G1 X22.977 Y4.189 E.08406
G1 X23.421 Y4.659 F7800
;TYPE:External perimeter
G1 F900
G1 X23.421 Y4.661 E.0001
G1 X22.104 Y4.593 E.06343
G1 X20.46 Y4.57 E.07908
G1 X18.927 Y4.61 E.07376
G1 X17.168 Y4.593 E.08461
G1 X15.375 Y4.452 E.0865
G1 X14.375 Y4.465 E.0481
G1 X13.15 Y4.429 E.05894
G1 X13.455 Y3.215 E.0602
G1 X13.665 Y2.282 E.046
G1 X13.781 Y.079 E.1061
G1 X13.716 Y-1.067 E.05521
G1 X13.618 Y-2.096 E.04972
G1 X13.136 Y-4.245 E.10593
G1 X15.118 Y-4.289 E.09535
G1 X17.115 Y-4.413 E.09623
G1 X18.875 Y-4.421 E.08465
G1 X20.368 Y-4.364 E.07186
G1 X21.954 Y-4.384 E.07629
G1 X23.345 Y-4.439 E.06695
G1 X23.321 Y-3.973 E.02244
G1 X23.105 Y-2.175 E.0871
G1 X23.182 Y.139 E.11136
G1 X23.157 Y2.408 E.10914
G1 X23.414 Y4.6 E.10615
G1 X23.016 Y4.641 F7800
G1 E-2 F2400
G1 X14.543 Y-3.196 F7800
G1 E2 F2400
;TYPE:Solid infill
;WIDTH:0.515437
G1 F1200
G1 X14.503 Y-3.236 E.00318
G1 X14.448 Y-3.222 E.00319
G1 X14.434 Y-3.167 E.00319
G1 X14.474 Y-3.127 E.00318
G1 X14.528 Y-3.142 E.00315
;WIDTH:0.45
G1 X14.569 Y-2.671 E.02274
G1 X15.127 Y-3.229 E.03795
G1 X15.706 Y-3.263 E.0279
G1 X14.668 Y-2.225 E.0706
G1 X14.718 Y-1.729 E.02398
G1 X16.287 Y-3.299 E.10676
G1 X16.869 Y-3.335 E.02805
G1 X14.765 Y-1.231 E.14311
G1 X14.797 Y-.718 E.02472
G1 X17.432 Y-3.353 E.17923
G1 X17.98 Y-3.355 E.02636
G1 X14.826 Y-.201 E.21453
G1 X14.829 Y.341 E.02607
G1 X18.527 Y-3.357 E.25153
G1 X19.068 Y-3.353 E.02602
G1 X14.797 Y.918 E.29051
G1 X14.766 Y1.495 E.02779
G1 X19.594 Y-3.333 E.32839
G1 X20.12 Y-3.313 E.02532
G1 X14.734 Y2.072 E.36632
G1 X14.659 Y2.692 E.03004
G1 X20.66 Y-3.308 E.40815
G1 X20.826 Y-3.444 E.01032
;WIDTH:0.404381
G1 X20.785 Y-3.433 E.0018
G1 X20.766 Y-3.504 E.00312
G1 X20.837 Y-3.485 E.00312
;WIDTH:0.45
G1 X21.215 Y-3.318 E.01988
G1 X14.504 Y3.393 E.45647
G1 X15.045 Y3.397 E.02602
G1 X21.769 Y-3.327 E.45736
G1 X22.319 Y-3.437 E.02698
;WIDTH:0.404381
G1 X22.247 Y-3.456 E.00316
G1 X22.266 Y-3.385 E.00312
G1 X22.308 Y-3.396 E.00184
;WIDTH:0.45
G1 X22.159 Y-3.171 E.01298
G1 X15.584 Y3.404 E.44722
G1 X16.089 Y3.444 E.02436
G1 X22.091 Y-2.558 E.40825
G1 X22.051 Y-1.973 E.0282
G1 X16.594 Y3.484 E.37118
G1 X17.1 Y3.524 E.02441
G1 X22.068 Y-1.445 E.33795
G1 X22.086 Y-.917 E.02541
G1 X17.632 Y3.537 E.30296
G1 X18.172 Y3.542 E.02597
G1 X22.104 Y-.389 E.26742
G1 X22.121 Y.138 E.02536
G1 X18.712 Y3.547 E.23188
G1 X19.264 Y3.541 E.02655
G1 X22.115 Y.69 E.19392
G1 X22.109 Y1.242 E.02655
G1 X19.824 Y3.526 E.15539
G1 X20.383 Y3.512 E.02689
G1 X22.102 Y1.794 E.11689
G1 X22.082 Y2.359 E.02719
G1 X22.223 Y3.541 E.05725
G1 X20.923 Y3.518 E.06254
G1 X21.945 Y2.496 E.06952
G1 E-2 F2400
G1 X-21.809 Y3.552 F7800
G1 E2 F2400
;TYPE:Perimeter
G1 F900
G1 X-21.749 Y2.169 E.06658
G1 X-21.746 Y.714 E.06998
G1 X-21.704 Y-.146 E.04141
G1 X-21.728 Y-1.801 E.07961
G1 X-21.864 Y-3.825 E.09757
G1 X-20.659 Y-3.803 E.05797
G1 X-18.482 Y-3.886 E.10478
G1 X-17.778 Y-3.894 E.03386
G1 X-15.009 Y-3.686 E.13355
G1 X-15.052 Y-3.5 E.00918
G1 X-15.129 Y-3.156 E.01695
G1 X-15.253 Y-2.281 E.0425
G1 X-15.351 Y-.027 E.10851
G1 X-15.304 Y2.366 E.11512
G1 X-15.019 Y3.495 E.056
G1 X-17.761 Y3.671 E.13215
G1 X-18.447 Y3.67 E.03299
G1 X-20.629 Y3.556 E.10509
G1 X-21.749 Y3.553 E.05387
G1 X-22.212 Y3.937 F7800
G1 F900
G1 X-22.135 Y2.168 E.08516
G1 X-22.132 Y.714 E.06993
G1 X-22.089 Y-.14 E.04113
G1 X-22.113 Y-1.775 E.07865
G1 X-22.277 Y-4.219 E.11781
G1 X-20.674 Y-4.188 E.07711
G1 X-18.491 Y-4.271 E.10507
G1 X-17.766 Y-4.279 E.03487
G1 X-15.185 Y-4.078 E.12451
G1 X-14.528 Y-4.053 E.03162
G1 X-14.677 Y-3.413 E.0316
G1 X-14.748 Y-3.1 E.01544
G1 X-14.868 Y-2.264 E.04062
G1 X-14.966 Y-.031 E.1075
G1 X-14.955 Y1.146 E.05661
G1 X-14.929 Y2.275 E.05432
G1 X-14.514 Y3.885 E.07997
G1 X-14.994 Y3.88 E.02309
G1 X-17.749 Y4.057 E.13278
G1 X-18.458 Y4.056 E.0341
G1 X-20.63 Y3.941 E.10461
G1 X-22.152 Y3.937 E.0732
G1 X-22.615 Y4.322 F7800
;TYPE:External perimeter
G1 F900
G1 X-22.521 Y2.167 E.10375
G1 X-22.517 Y.713 E.06993
G1 X-22.475 Y-.135 E.04084
G1 X-22.497 Y-1.749 E.07764
G1 X-22.69 Y-4.612 E.13801
G1 X-20.688 Y-4.573 E.09631
G1 X-18.501 Y-4.657 E.10526
G1 X-17.753 Y-4.665 E.03598
G1 X-15.17 Y-4.463 E.12461
G1 X-14.046 Y-4.421 E.0541
G1 X-14.301 Y-3.326 E.05407
G1 X-14.366 Y-3.043 E.01397
G1 X-14.483 Y-2.247 E.0387
G1 X-14.58 Y-.034 E.10654
G1 X-14.554 Y2.184 E.10669
G1 X-14.373 Y2.931 E.03697
G1 X-14.009 Y4.277 E.06706
G1 X-14.969 Y4.265 E.04618
G1 X-17.737 Y4.443 E.13341
G1 X-18.468 Y4.441 E.03516
G1 X-20.631 Y4.327 E.10418
G1 X-22.555 Y4.322 E.09254
G1 X-22.597 Y3.924 F7800
G1 E-2 F2400
G1 X-21.455 Y-3.503 F7800
G1 E2 F2400
;TYPE:Solid infill
;WIDTH:0.531227
G1 F1200
G1 X-21.496 Y-3.545 E.00342
G1 X-21.552 Y-3.529 E.00339
G1 X-21.567 Y-3.473 E.00338
G1 X-21.526 Y-3.432 E.00338
G1 X-21.47 Y-3.447 E.00338
;WIDTH:0.45
G1 X-21.511 Y-2.885 E.0271
G1 X-20.879 Y-3.518 E.04302
G1 X-20.325 Y-3.526 E.02665
G1 X-21.477 Y-2.374 E.07836
G1 X-21.442 Y-1.863 E.02463
G1 X-19.758 Y-3.547 E.11454
G1 X-19.191 Y-3.569 E.02729
G1 X-21.432 Y-1.328 E.15243
G1 X-21.424 Y-.791 E.02583
G1 X-18.624 Y-3.591 E.19045
G1 X-18.073 Y-3.596 E.0265
G1 X-21.416 Y-.254 E.22735
G1 X-21.439 Y.315 E.02739
G1 X-17.54 Y-3.585 E.26524
G1 X-17.034 Y-3.545 E.02441
G1 X-21.457 Y.878 E.30085
G1 X-21.458 Y1.425 E.02631
G1 X-16.529 Y-3.505 E.3353
G1 X-16.024 Y-3.465 E.02436
G1 X-21.46 Y1.972 E.36978
G1 X-21.476 Y2.533 E.02699
G1 X-15.518 Y-3.425 E.40526
G1 X-15.451 Y-2.947 E.02321
G1 X-21.5 Y3.103 E.41148
G1 X-21.565 Y3.348 E.01219
;WIDTH:0.404381
G1 X-21.636 Y3.329 E.00312
G1 X-21.617 Y3.4 E.00312
G1 X-21.576 Y3.389 E.0018
;WIDTH:0.45
G1 X-21.118 Y3.266 E.02281
G1 X-15.54 Y-2.312 E.37941
G1 X-15.566 Y-1.741 E.02749
G1 X-20.575 Y3.268 E.34071
G1 X-20.057 Y3.295 E.02495
G1 X-15.591 Y-1.171 E.30377
G1 X-15.616 Y-.601 E.02744
G1 X-19.539 Y3.323 E.26687
G1 X-19.021 Y3.35 E.02495
G1 X-15.64 Y-.031 E.22997
G1 X-15.635 Y.51 E.02602
G1 X-18.503 Y3.377 E.19504
G1 X-17.962 Y3.382 E.02602
G1 X-15.63 Y1.05 E.15862
G1 X-15.625 Y1.591 E.02602
G1 X-17.393 Y3.358 E.12022
G1 X-15.739 Y2.25 F7800
G1 F1200
G1 X-16.81 Y3.321 E.07285
G1 X-15.388 Y3.229 E.06854
G1 X-15.589 Y2.404 E.04084
G1 X-15.603 Y2.114 E.01396
M106 S191.25
;LAYER_CHANGE
;Z:23.15
;HEIGHT:0.299999
G1 E-2 F2400
G1 Z23.15 F7800
G1 Z23.15
G1 X22.072 Y3.8
G1 E2 F2400
;TYPE:Perimeter
G1 F900
G1 X22.073 Y3.816 E.00077
G1 X20.597 Y3.796 E.071
G1 X18.621 Y3.847 E.09507
G1 X17.532 Y3.836 E.05238
G1 X15.136 Y3.651 E.11558
G1 X14.529 Y3.659 E.0292
G1 X14.821 Y2.317 E.06606
G1 X14.944 Y.038 E.10977
G1 X14.901 Y-.701 E.0356
G1 X14.763 Y-2.155 E.07025
G1 X14.471 Y-3.484 E.06544
G1 X14.879 Y-3.494 E.01963
G1 X17.473 Y-3.655 E.125
G1 X18.556 Y-3.66 E.05209
G1 X20.533 Y-3.586 E.09515
G1 X22.024 Y-3.613 E.07172
G1 X21.905 Y-2.097 E.07314
G1 X22.005 Y-.23 E.08992
G1 X22.014 Y.519 E.03603
G1 X21.966 Y2.431 E.09199
G1 X22.067 Y3.741 E.06319
G1 X22.504 Y4.2 F7800
G1 F900
G1 X22.504 Y4.207 E.00034
G1 X20.607 Y4.181 E.09125
G1 X18.624 Y4.232 E.09541
G1 X17.515 Y4.222 E.05334
G1 X15.142 Y4.036 E.11448
G1 X14.038 Y4.036 E.0531
G1 X14.436 Y2.295 E.0859
G1 X14.559 Y.06 E.10766
G1 X14.518 Y-.664 E.03488
G1 X14.38 Y-2.118 E.07025
G1 X13.999 Y-3.86 E.08576
G1 X14.855 Y-3.879 E.04118
G1 X17.46 Y-4.04 E.12553
G1 X18.562 Y-4.046 E.053
G1 X20.526 Y-3.971 E.09453
G1 X22.461 Y-4.006 E.09308
G1 X22.384 Y-3.371 E.03077
G1 X22.29 Y-2.117 E.06048
G1 X22.391 Y-.243 E.09026
G1 X22.4 Y.522 E.0368
G1 X22.35 Y2.401 E.09041
G1 X22.499 Y4.141 E.08399
G1 X22.939 Y4.606 F7800
;TYPE:External perimeter
G1 F900
G1 X20.617 Y4.567 E.1117
G1 X18.627 Y4.618 E.09574
G1 X17.498 Y4.607 E.0543
G1 X15.147 Y4.422 E.11342
G1 X14.397 Y4.432 E.03608
G1 X13.547 Y4.407 E.0409
G1 X13.76 Y3.56 E.04201
G1 X14.051 Y2.273 E.06346
G1 X14.174 Y.082 E.10555
G1 X14.134 Y-.628 E.0342
G1 X13.996 Y-2.082 E.07025
G1 X13.527 Y-4.235 E.10598
G1 X14.831 Y-4.264 E.06273
G1 X17.447 Y-4.426 E.12606
G1 X18.569 Y-4.431 E.05396
G1 X20.519 Y-4.357 E.09386
G1 X22.896 Y-4.399 E.11434
G1 X22.768 Y-3.341 E.05126
G1 X22.675 Y-2.138 E.05803
G1 X22.776 Y-.256 E.09065
G1 X22.785 Y.526 E.03761
G1 X22.735 Y2.372 E.08882
G1 X22.846 Y3.815 E.06961
G1 X22.932 Y4.547 E.03545
G1 X22.536 Y4.6 F7800
G1 E-2 F2400
G1 X14.916 Y3.286 F7800
G1 E2 F2400
;TYPE:Solid infill
;WIDTH:0.514503
G1 F1200
G1 X14.877 Y3.326 E.00314
G1 X14.891 Y3.38 E.00313
G1 X14.945 Y3.395 E.00315
G1 X14.985 Y3.355 E.00318
G1 X14.971 Y3.301 E.00313
;WIDTH:0.45
G1 X15.014 Y2.832 E.02265
G1 X15.572 Y3.391 E.03799
G1 X16.165 Y3.438 E.02861
G1 X15.103 Y2.377 E.0722
G1 X15.136 Y1.863 E.02477
G1 X16.757 Y3.485 E.11029
G1 X17.349 Y3.532 E.02856
G1 X15.164 Y1.347 E.14862
G1 X15.193 Y.83 E.0249
G1 X17.914 Y3.551 E.18508
G1 X18.464 Y3.556 E.02645
G1 X15.222 Y.314 E.22052
G1 X15.217 Y-.236 E.02645
G1 X19.001 Y3.548 E.25738
G1 X19.533 Y3.534 E.0256
G1 X15.181 Y-.818 E.29602
G1 X15.124 Y-1.421 E.02913
G1 X20.065 Y3.521 E.33611
G1 X20.597 Y3.507 E.0256
G1 X15.066 Y-2.023 E.37618
G1 X14.938 Y-2.697 E.033
G1 X21.148 Y3.513 E.4224
G1 X21.702 Y3.521 E.02665
G1 X14.965 Y-3.216 E.45824
G1 X14.749 Y-3.318 E.01149
;WIDTH:0.404381
G1 X14.76 Y-3.277 E.0018
G1 X14.689 Y-3.258 E.00312
G1 X14.708 Y-3.329 E.00312
G1 X15.48 Y-3.246 F7800
;WIDTH:0.45
G1 F1200
G1 X21.72 Y2.995 E.42447
G1 X21.676 Y2.405 E.02846
G1 X15.994 Y-3.277 E.38648
G1 X16.509 Y-3.308 E.02481
G1 X21.688 Y1.871 E.35227
G1 X21.702 Y1.34 E.02555
G1 X17.024 Y-3.338 E.31819
G1 X17.541 Y-3.366 E.0249
G1 X21.717 Y.81 E.28405
G1 X21.722 Y.269 E.02602
G1 X18.086 Y-3.367 E.24732
G1 X18.63 Y-3.368 E.02616
G1 X21.713 Y-.285 E.2097
G1 X21.682 Y-.861 E.02774
G1 X19.197 Y-3.346 E.16903
G1 X19.764 Y-3.324 E.02729
G1 X21.651 Y-1.437 E.12835
G1 E-2 F2400
G1 X20.468 Y-3.166 F7800
G1 E2 F2400
G1 F1200
G1 X21.62 Y-2.013 E.07839
G1 X21.703 Y-3.318 E.06289
G1 X20.331 Y-3.302 E.06599
G1 X21.264 Y-2.964 F7800
;WIDTH:0.468793
G1 F1200
G1 X21.228 Y-2.929 E.00253
G1 X21.241 Y-2.88 E.00256
G1 X21.29 Y-2.867 E.00256
G1 X21.326 Y-2.902 E.00253
G1 X21.313 Y-2.951 E.00256
G1 E-2 F2400
G1 X-21.457 Y3.544 F7800
G1 E2 F2400
;TYPE:Perimeter
;WIDTH:0.45
G1 F900
G1 X-21.398 Y2.173 E.066
G1 X-21.396 Y1.173 E.0481
G1 X-21.327 Y-.133 E.0629
G1 X-21.345 Y-1.254 E.05392
G1 X-21.44 Y-2.479 E.0591
G1 X-21.5 Y-3.804 E.06379
G1 X-20.81 Y-3.791 E.03319
G1 X-18.066 Y-3.891 E.13206
G1 X-15.343 Y-3.679 E.13136
G1 X-15.589 Y-2.62 E.05229
G1 X-15.641 Y-2.252 E.01788
G1 X-15.688 Y-1.08 E.05641
G1 X-15.716 Y1.301 E.11453
G1 X-15.676 Y2.367 E.05131
G1 X-15.369 Y3.51 E.05692
G1 X-18.057 Y3.682 E.12955
G1 X-20.785 Y3.546 E.13137
G1 X-21.397 Y3.544 E.02944
G1 X-21.86 Y3.929 F7800
G1 F900
G1 X-21.784 Y2.172 E.08458
G1 X-21.781 Y1.172 E.0481
G1 X-21.713 Y-.127 E.06256
G1 X-21.729 Y-1.224 E.05277
G1 X-21.823 Y-2.421 E.05775
G1 X-21.859 Y-3.412 E.0477
G1 X-21.916 Y-4.197 E.03786
G1 X-20.824 Y-4.177 E.05253
G1 X-18.058 Y-4.278 E.13312
G1 X-14.865 Y-4.033 E.15402
G1 X-14.888 Y-3.931 E.00503
G1 X-15.213 Y-2.533 E.06903
G1 X-15.256 Y-2.237 E.01439
G1 X-15.302 Y-1.076 E.05588
G1 X-15.331 Y1.298 E.11419
G1 X-15.304 Y2.267 E.04662
G1 X-14.874 Y3.864 E.07955
G1 X-18.055 Y4.068 E.15331
G1 X-20.786 Y3.932 E.13151
G1 X-21.8 Y3.929 E.04877
G1 X-22.263 Y4.313 F7800
;TYPE:External perimeter
G1 F900
G1 X-22.169 Y2.171 E.10312
G1 X-22.167 Y1.171 E.0481
G1 X-22.098 Y-.122 E.06228
G1 X-22.114 Y-1.194 E.05157
G1 X-22.207 Y-2.391 E.05775
G1 X-22.243 Y-3.384 E.04779
G1 X-22.331 Y-4.591 E.05821
G1 X-20.838 Y-4.562 E.07182
G1 X-18.05 Y-4.664 E.13418
G1 X-14.962 Y-4.422 E.14898
G1 X-14.383 Y-4.4 E.02787
G1 X-14.513 Y-3.843 E.02751
G1 X-14.838 Y-2.446 E.06899
G1 X-14.871 Y-2.221 E.01094
G1 X-14.917 Y-1.071 E.05536
G1 X-14.945 Y1.295 E.1138
G1 X-14.932 Y2.167 E.04194
G1 X-14.372 Y4.248 E.10365
G1 X-14.759 Y4.243 E.01861
G1 X-18.052 Y4.454 E.15871
G1 X-20.787 Y4.317 E.13171
G1 X-22.203 Y4.313 E.0681
G1 X-22.245 Y3.916 F7800
G1 X-21.124 Y3.157
;TYPE:Solid infill
;WIDTH:0.539779
G1 F1200
G1 X-21.166 Y3.199 E.00352
G1 X-21.151 Y3.256 E.00349
G1 X-21.093 Y3.272 E.00357
G1 X-21.051 Y3.23 E.00352
G1 X-21.066 Y3.172 E.00355
;WIDTH:0.45
G1 X-21.126 Y2.588 E.02824
G1 X-20.441 Y3.273 E.04659
G1 X-19.867 Y3.301 E.02764
G1 X-21.109 Y2.059 E.08448
G1 X-21.108 Y1.515 E.02616
G1 X-19.293 Y3.33 E.12345
G1 X-18.719 Y3.359 E.02764
G1 X-21.099 Y.979 E.16188
G1 X-21.071 Y.462 E.0249
G1 X-18.144 Y3.388 E.19906
G1 X-17.623 Y3.364 E.02508
G1 X-21.042 Y-.055 E.23256
G1 X-21.045 Y-.603 E.02636
G1 X-17.11 Y3.331 E.26762
G1 X-16.598 Y3.299 E.02467
G1 X-21.052 Y-1.156 E.30299
G1 X-21.094 Y-1.743 E.0283
G1 X-16.085 Y3.266 E.34071
G1 X-15.628 Y3.273 E.02198
;WIDTH:0.404381
G1 X-15.617 Y3.314 E.0018
G1 X-15.688 Y3.333 E.00312
G1 X-15.669 Y3.262 E.00312
;WIDTH:0.45
G1 X-15.806 Y3 E.01422
G1 X-21.139 Y-2.334 E.36278
G1 X-21.168 Y-2.908 E.02764
G1 X-15.978 Y2.282 E.35302
G1 X-16.002 Y1.713 E.02739
G1 X-21.191 Y-3.476 E.35295
G1 X-20.677 Y-3.507 E.02477
G1 X-16.004 Y1.165 E.31782
G1 X-15.998 Y.626 E.02593
G1 X-20.15 Y-3.526 E.28241
G1 X-19.624 Y-3.545 E.02532
G1 X-15.991 Y.088 E.24711
G1 X-15.985 Y-.451 E.02593
G1 X-19.098 Y-3.564 E.21174
G1 X-18.572 Y-3.584 E.02532
G1 X-15.978 Y-.99 E.17644
G1 X-15.96 Y-1.517 E.02536
G1 X-18.042 Y-3.6 E.14165
G1 X-15.701 Y-3.417 E.11294
G1 X-15.874 Y-2.661 E.0373
G1 X-15.924 Y-2.026 E.03064
G1 X-17.314 Y-3.417 E.09458
G1 X-16.279 Y-3.068 F7800
;WIDTH:0.585611
G1 F1200
G1 X-16.325 Y-3.022 E.00423
G1 X-16.308 Y-2.959 E.00424
G1 X-16.245 Y-2.943 E.00423
G1 X-16.199 Y-2.989 E.00423
G1 X-16.216 Y-3.052 E.00424
M106 S196.35
;LAYER_CHANGE
;Z:23.45
;HEIGHT:0.300001
G1 E-2 F2400
G1 Z23.45 F7800
G1 Z23.45
G1 X21.697 Y3.804
G1 E2 F2400
;TYPE:Perimeter
;WIDTH:0.45
G1 F900
G1 X20.755 Y3.792 E.04531
G1 X18.375 Y3.853 E.11451
G1 X17.861 Y3.85 E.02472
G1 X14.912 Y3.621 E.14226
G1 X15.206 Y2.31 E.06462
G1 X15.335 Y.008 E.11089
G1 X15.141 Y-2.136 E.10354
G1 X14.863 Y-3.486 E.06629
G1 X17.729 Y-3.663 E.13811
G1 X18.25 Y-3.67 E.02506
G1 X20.676 Y-3.578 E.11677
G1 X21.647 Y-3.59 E.04671
G1 X21.534 Y-2.088 E.07245
G1 X21.61 Y-.628 E.07032
G1 X21.629 Y.968 E.07677
G1 X21.591 Y2.321 E.0651
G1 X21.701 Y3.753 E.06908
G1 X22.119 Y4.196 F7800
G1 F900
G1 X20.765 Y4.177 E.06513
G1 X18.385 Y4.239 E.11451
G1 X17.844 Y4.236 E.02602
G1 X14.968 Y4.008 E.13876
G1 X14.424 Y4.013 E.02617
G1 X14.821 Y2.287 E.08518
G1 X14.951 Y.043 E.10811
G1 X14.757 Y-2.101 E.10354
G1 X14.392 Y-3.849 E.08589
G1 X17.705 Y-4.048 E.15963
G1 X18.256 Y-4.056 E.0265
G1 X20.671 Y-3.964 E.11624
G1 X22.065 Y-3.981 E.06705
G1 X21.92 Y-2.109 E.09031
G1 X21.996 Y-.633 E.07108
G1 X22.015 Y.971 E.07715
G1 X21.978 Y2.395 E.06851
G1 X22.119 Y4.141 E.08425
G1 X22.54 Y4.588 F7800
;TYPE:External perimeter
G1 F900
G1 X20.775 Y4.563 E.0849
G1 X18.327 Y4.626 E.11778
G1 X17.827 Y4.621 E.02405
G1 X14.938 Y4.393 E.13938
G1 X13.94 Y4.385 E.048
G1 X14.436 Y2.264 E.10476
G1 X14.567 Y.077 E.10538
G1 X14.37 Y-2.089 E.10461
G1 X13.918 Y-4.225 E.10501
G1 X14.537 Y-4.238 E.02978
G1 X17.681 Y-4.433 E.15151
G1 X18.262 Y-4.441 E.02795
G1 X20.666 Y-4.349 E.11571
G1 X22.484 Y-4.372 E.08745
G1 X22.305 Y-2.13 E.10818
G1 X22.381 Y-.637 E.0719
G1 X22.4 Y.974 E.07749
G1 X22.363 Y2.364 E.06688
G1 X22.538 Y4.53 E.10452
G1 X22.141 Y4.582 F7800
G1 E-2 F2400
G1 X15.315 Y-3.198 F7800
G1 E2 F2400
;TYPE:Solid infill
;WIDTH:0.525069
G1 F1200
G1 X15.275 Y-3.239 E.00329
G1 X15.219 Y-3.224 E.00333
G1 X15.204 Y-3.168 E.00333
G1 X15.245 Y-3.127 E.00333
G1 X15.301 Y-3.142 E.00333
;WIDTH:0.45
G1 X15.33 Y-2.654 E.02351
G1 X15.938 Y-3.263 E.04139
G1 X16.519 Y-3.299 E.028
G1 X15.422 Y-2.202 E.07462
G1 X15.47 Y-1.704 E.02406
G1 X17.101 Y-3.335 E.11094
G1 X17.682 Y-3.371 E.028
G1 X15.514 Y-1.203 E.14746
G1 X15.559 Y-.702 E.02419
G1 X18.235 Y-3.379 E.18205
G1 X18.763 Y-3.361 E.02541
G1 X15.603 Y-.201 E.21494
G1 X15.613 Y.334 E.02574
G1 X19.288 Y-3.341 E.24997
G1 X19.813 Y-3.321 E.02527
G1 X15.579 Y.914 E.28803
G1 X15.544 Y1.494 E.02795
G1 X20.338 Y-3.3 E.32608
G1 X20.876 Y-3.292 E.02588
G1 X15.51 Y2.073 E.36495
G1 X15.425 Y2.704 E.03062
G1 X21.327 Y-3.198 E.40145
G1 X21.489 Y-3.384 E.01186
;WIDTH:0.404381
G1 X21.448 Y-3.373 E.0018
G1 X21.428 Y-3.444 E.00313
G1 X21.5 Y-3.425 E.00316
G1 E-2 F2400
G1 X15.216 Y2.969 F7800
G1 E2 F2400
G1 F1200
G1 X15.115 Y3.469 E.02163
;WIDTH:0.45
G1 X15.315 Y3.359 E.01098
G1 X21.284 Y-2.61 E.406
G1 X21.248 Y-2.029 E.028
G1 X15.821 Y3.399 E.36917
G1 X16.326 Y3.439 E.02436
G1 X21.276 Y-1.511 E.33669
G1 X21.304 Y-.994 E.0249
G1 X16.831 Y3.479 E.30425
G1 X17.337 Y3.519 E.02441
G1 X21.323 Y-.468 E.27116
G1 X21.329 Y.071 E.02593
G1 X17.842 Y3.559 E.23722
G1 X18.382 Y3.564 E.02597
G1 X21.336 Y.61 E.20093
G1 X21.335 Y1.156 E.02626
G1 X18.942 Y3.549 E.16277
G1 X19.502 Y3.535 E.02694
G1 X21.322 Y1.714 E.12383
G1 X21.306 Y2.454 E.0356
G1 X21.391 Y3.511 E.051
G1 X20.745 Y3.503 E.03107
G1 X20.062 Y3.52 E.03286
G1 X21.173 Y2.409 E.07557
G1 E-2 F2400
G1 X-21.106 Y3.536 F7800
G1 E2 F2400
;TYPE:Perimeter
G1 F900
G1 X-21.048 Y2.218 E.06345
G1 X-21.045 Y1.577 E.03083
G1 X-20.951 Y-.12 E.08174
G1 X-20.961 Y-.698 E.0278
G1 X-21.099 Y-2.469 E.08544
G1 X-21.144 Y-3.783 E.06324
G1 X-18.58 Y-3.866 E.12338
G1 X-18.026 Y-3.863 E.02665
G1 X-15.668 Y-3.687 E.11373
G1 X-15.903 Y-2.658 E.05077
G1 X-15.963 Y-2.222 E.02117
G1 X-16.009 Y1.393 E.17388
G1 X-15.99 Y2.326 E.04488
G1 X-15.695 Y3.52 E.05915
G1 X-18.3 Y3.666 E.12549
G1 X-21.046 Y3.539 E.13221
G1 X-21.509 Y3.92 F7800
G1 F900
G1 X-21.433 Y2.201 E.08276
G1 X-21.431 Y1.566 E.03054
G1 X-21.336 Y-.115 E.08098
G1 X-21.345 Y-.668 E.0266
G1 X-21.484 Y-2.447 E.08582
G1 X-21.558 Y-4.176 E.08324
G1 X-20.973 Y-4.166 E.02814
G1 X-18.594 Y-4.251 E.11449
G1 X-18.003 Y-4.248 E.02843
G1 X-15.193 Y-4.038 E.13553
G1 X-15.527 Y-2.573 E.07227
G1 X-15.577 Y-2.217 E.01729
G1 X-15.623 Y1.398 E.17388
G1 X-15.615 Y2.233 E.04016
G1 X-15.21 Y3.879 E.08153
G1 X-18.299 Y4.052 E.1488
G1 X-20.914 Y3.923 E.12593
G1 X-21.449 Y3.921 E.02573
G1 X-21.912 Y4.305 F7800
;TYPE:External perimeter
G1 F900
G1 X-21.818 Y2.184 E.10211
G1 X-21.816 Y1.554 E.0303
G1 X-21.722 Y-.109 E.08011
G1 X-21.73 Y-.638 E.02545
G1 X-21.869 Y-2.426 E.08626
G1 X-21.916 Y-3.789 E.06559
G1 X-21.973 Y-4.57 E.03766
G1 X-20.987 Y-4.551 E.04743
G1 X-18.607 Y-4.637 E.11454
G1 X-17.979 Y-4.633 E.03021
G1 X-14.717 Y-4.389 E.15733
G1 X-15.151 Y-2.487 E.09383
G1 X-15.192 Y-2.212 E.01337
G1 X-15.241 Y2.141 E.20938
G1 X-14.724 Y4.238 E.10388
G1 X-18.298 Y4.438 E.17217
G1 X-20.933 Y4.308 E.12689
G1 X-21.852 Y4.305 E.0442
G1 X-21.894 Y3.907 F7800
G1 E-2 F2400
G1 X-20.739 Y-3.465 F7800
G1 E2 F2400
;TYPE:Solid infill
;WIDTH:0.543565
G1 F1200
G1 X-20.781 Y-3.507 E.00355
G1 X-20.839 Y-3.492 E.00358
G1 X-20.854 Y-3.434 E.00358
G1 X-20.812 Y-3.392 E.00355
G1 X-20.754 Y-3.407 E.00358
;WIDTH:0.45
G1 X-20.822 Y-2.813 E.02876
G1 X-20.116 Y-3.519 E.04802
G1 X-19.552 Y-3.538 E.02714
G1 X-20.795 Y-2.294 E.08458
G1 X-20.756 Y-1.788 E.02441
G1 X-18.987 Y-3.556 E.12029
G1 X-18.423 Y-3.575 E.02714
G1 X-20.716 Y-1.282 E.15597
G1 X-20.677 Y-.776 E.02441
G1 X-17.894 Y-3.56 E.18933
G1 X-17.385 Y-3.523 E.02455
G1 X-20.664 Y-.244 E.22303
G1 X-20.686 Y.324 E.02734
G1 X-16.877 Y-3.486 E.25912
G1 X-16.369 Y-3.449 E.0245
G1 X-20.718 Y.901 E.29585
G1 X-20.75 Y1.478 E.02779
G1 X-16.077 Y-3.194 E.31782
G1 X-15.907 Y-3.459 E.01514
;WIDTH:0.404381
G1 X-15.948 Y-3.448 E.0018
G1 X-15.967 Y-3.519 E.00312
G1 X-15.896 Y-3.5 E.00312
G1 X-16.214 Y-2.512 F7800
;WIDTH:0.45
G1 F1200
G1 X-20.758 Y2.031 E.30904
G1 X-20.775 Y2.594 E.02709
G1 X-16.256 Y-1.925 E.30738
G1 X-16.263 Y-1.373 E.02655
G1 X-20.8 Y3.164 E.3086
G1 X-20.893 Y3.36 E.01043
;WIDTH:0.404381
G1 X-20.964 Y3.341 E.00312
G1 X-20.945 Y3.412 E.00312
G1 X-20.904 Y3.401 E.0018
;WIDTH:0.45
G1 X-20.365 Y3.275 E.02662
G1 X-16.27 Y-.821 E.27857
G1 X-16.277 Y-.268 E.0266
G1 X-19.845 Y3.3 E.24269
G1 X-19.326 Y3.326 E.02499
G1 X-16.284 Y.284 E.20691
G1 X-16.291 Y.837 E.0266
G1 X-18.806 Y3.352 E.17107
G1 X-18.285 Y3.376 E.02508
G1 X-16.298 Y1.389 E.13515
G1 X-16.305 Y2.098 E.0341
G1 X-16.184 Y2.746 E.03171
G1 X-16.06 Y3.251 E.02501
G1 X-17.707 Y3.343 E.07934
G1 X-16.441 Y2.078 E.08608
G1 X-16.545 Y2.834 E.0367
;WIDTH:0.541503
G1 X-16.587 Y2.792 E.00353
G1 X-16.645 Y2.807 E.00357
G1 X-16.66 Y2.865 E.00357
G1 X-16.618 Y2.907 E.00353
G1 X-16.561 Y2.891 E.00352
M106 S201.45
;LAYER_CHANGE
;Z:23.75
;HEIGHT:0.299999
G1 E-2 F2400
G1 Z23.75 F7800
G1 Z23.75
G1 X21.335 Y3.793
G1 E2 F2400
;TYPE:Perimeter
;WIDTH:0.45
G1 F900
G1 X20.913 Y3.788 E.0203
G1 X18.152 Y3.856 E.13283
G1 X15.299 Y3.635 E.13763
G1 X15.378 Y3.292 E.01693
G1 X15.548 Y2.317 E.0476
G1 X15.692 Y.008 E.11127
G1 X15.492 Y-2.131 E.10333
G1 X15.229 Y-3.506 E.06733
G1 X18.233 Y-3.669 E.14469
G1 X20.776 Y-3.571 E.1224
G1 X21.281 Y-3.576 E.02429
G1 X21.164 Y-2.08 E.07217
G1 X21.214 Y-.865 E.05849
G1 X21.242 Y1.485 E.11303
G1 X21.222 Y2.423 E.04512
G1 X21.336 Y3.739 E.06353
G1 X21.758 Y4.185 F7800
G1 F900
G1 X20.923 Y4.174 E.04016
G1 X18.142 Y4.242 E.1338
G1 X14.821 Y3.985 E.16021
G1 X14.999 Y3.223 E.03764
G1 X15.163 Y2.291 E.04551
G1 X15.308 Y.044 E.1083
G1 X15.108 Y-2.095 E.10333
G1 X14.766 Y-3.865 E.08671
G1 X17.901 Y-4.049 E.15104
G1 X18.239 Y-4.055 E.01626
G1 X20.82 Y-3.956 E.12423
G1 X21.701 Y-3.967 E.04238
G1 X21.549 Y-2.101 E.09005
G1 X21.599 Y-.865 E.0595
G1 X21.628 Y1.496 E.11356
G1 X21.606 Y2.389 E.04296
G1 X21.757 Y4.129 E.084
G1 X22.183 Y4.577 F7800
;TYPE:External perimeter
G1 F900
G1 X20.932 Y4.559 E.06017
G1 X18.132 Y4.628 E.13471
G1 X15.541 Y4.427 E.12499
G1 X14.338 Y4.358 E.05796
G1 X14.619 Y3.155 E.05942
G1 X14.778 Y2.265 E.04348
G1 X14.924 Y.08 E.10533
G1 X14.722 Y-2.078 E.10425
G1 X14.303 Y-4.224 E.10516
G1 X17.878 Y-4.434 E.17224
G1 X18.246 Y-4.44 E.0177
G1 X20.816 Y-4.342 E.1237
G1 X22.121 Y-4.358 E.06277
G1 X21.934 Y-2.121 E.10797
G1 X21.985 Y-.865 E.06046
G1 X22.013 Y1.507 E.11409
G1 X21.991 Y2.356 E.04085
G1 X22.178 Y4.517 E.10433
G1 X21.781 Y4.571 F7800
G1 E-2 F2400
G1 X15.685 Y3.279 F7800
G1 E2 F2400
;TYPE:Solid infill
;WIDTH:0.531203
G1 F1200
G1 X15.643 Y3.32 E.00342
G1 X15.658 Y3.376 E.00338
G1 X15.715 Y3.391 E.00343
G1 X15.756 Y3.35 E.00338
G1 X15.741 Y3.294 E.00338
;WIDTH:0.45
G1 X15.756 Y2.789 E.0243
G1 X16.397 Y3.43 E.0436
G1 X16.988 Y3.476 E.02851
G1 X15.837 Y2.324 E.07832
G1 X15.871 Y1.813 E.02463
G1 X17.58 Y3.522 E.11624
G1 X18.17 Y3.566 E.02846
G1 X15.905 Y1.302 E.15403
G1 X15.939 Y.79 E.02468
G1 X18.703 Y3.555 E.18804
G1 X19.237 Y3.543 E.02569
G1 X15.973 Y.279 E.22201
G1 X15.768 Y-.464 E.03707
;WIDTH:0.404381
G1 X15.749 Y-.393 E.00312
G1 X15.82 Y-.412 E.00312
G1 X15.809 Y-.453 E.0018
;WIDTH:0.45
G1 X15.95 Y-.289 E.0104
G1 X19.771 Y3.531 E.25987
G1 X20.304 Y3.519 E.02564
G1 X15.896 Y-.889 E.29983
G1 X15.841 Y-1.489 E.02898
G1 X20.838 Y3.508 E.33989
G1 X21.146 Y3.555 E.01499
;WIDTH:0.404381
G1 X21.157 Y3.596 E.0018
G1 X21.086 Y3.615 E.00312
G1 X21.105 Y3.544 E.00312
;WIDTH:0.45
G1 X20.995 Y3.12 E.02107
G1 X15.786 Y-2.089 E.35431
G1 X15.667 Y-2.753 E.03244
G1 X20.947 Y2.526 E.35911
G1 X20.939 Y1.973 E.0266
G1 X15.721 Y-3.245 E.35492
G1 X15.502 Y-3.347 E.01162
;WIDTH:0.404381
G1 X15.513 Y-3.306 E.0018
G1 X15.442 Y-3.287 E.00312
G1 X15.461 Y-3.358 E.00312
G1 X16.236 Y-3.275 F7800
;WIDTH:0.45
G1 F1200
G1 X20.954 Y1.443 E.32091
G1 X20.942 Y.885 E.02684
G1 X16.751 Y-3.305 E.28503
G1 X17.267 Y-3.336 E.02486
G1 X20.929 Y.327 E.24912
G1 X20.925 Y-.223 E.02645
G1 X17.782 Y-3.366 E.21378
G1 X18.316 Y-3.377 E.02569
G1 X20.924 Y-.769 E.17739
G1 X20.915 Y-1.323 E.02665
G1 X18.881 Y-3.358 E.13838
G1 X20.967 Y-3.288 E.10039
G1 X20.884 Y-1.899 E.06693
G1 X19.581 Y-3.203 E.08866
G1 X20.494 Y-2.933 F7800
;WIDTH:0.530643
G1 F1200
G1 X20.453 Y-2.892 E.00337
G1 X20.468 Y-2.836 E.00337
G1 X20.524 Y-2.821 E.00337
G1 X20.565 Y-2.862 E.00337
G1 X20.55 Y-2.918 E.00337
G1 E-2 F2400
G1 X-20.757 Y3.536 F7800
G1 E2 F2400
;TYPE:Perimeter
;WIDTH:0.45
G1 F900
G1 X-20.581 Y-.043 E.17235
G1 X-20.758 Y-2.458 E.11646
G1 X-20.803 Y-3.779 E.06357
G1 X-18.513 Y-3.854 E.1102
G1 X-17.78 Y-3.819 E.03529
G1 X-15.99 Y-3.679 E.08636
G1 X-16.143 Y-2.998 E.03357
G1 X-16.253 Y-2.231 E.03727
G1 X-16.311 Y1.457 E.1774
G1 X-16.284 Y2.296 E.04037
G1 X-15.999 Y3.502 E.0596
G1 X-18.525 Y3.641 E.12168
G1 X-20.703 Y3.544 E.10486
G1 X-21.159 Y3.912 F7800
G1 F900
G1 X-21.081 Y2.048 E.08973
G1 X-20.966 Y-.064 E.10173
G1 X-21.143 Y-2.437 E.11445
G1 X-21.202 Y-4.155 E.08268
G1 X-18.51 Y-4.24 E.12954
G1 X-17.756 Y-4.204 E.03631
G1 X-15.517 Y-4.029 E.10802
G1 X-15.767 Y-2.914 E.05496
G1 X-15.868 Y-2.225 E.03349
G1 X-15.926 Y1.371 E.17298
G1 X-15.909 Y2.207 E.04022
G1 X-15.517 Y3.861 E.08176
G1 X-18.523 Y4.027 E.1448
G1 X-21.099 Y3.915 E.12401
G1 X-21.561 Y4.297 F7800
;TYPE:External perimeter
G1 F900
G1 X-21.466 Y2.03 E.10913
G1 X-21.351 Y-.085 E.10187
G1 X-21.528 Y-2.416 E.11244
G1 X-21.615 Y-4.549 E.10268
G1 X-21.137 Y-4.54 E.02299
G1 X-18.507 Y-4.626 E.12656
G1 X-17.732 Y-4.588 E.03732
G1 X-15.043 Y-4.379 E.12972
G1 X-15.391 Y-2.83 E.07636
G1 X-15.482 Y-2.219 E.02971
G1 X-15.54 Y1.377 E.17298
G1 X-15.534 Y2.118 E.03564
G1 X-15.036 Y4.221 E.10394
G1 X-18.521 Y4.413 E.16787
G1 X-21.089 Y4.298 E.12364
G1 X-21.501 Y4.297 E.01982
G1 X-21.544 Y3.899 F7800
G1 X-20.422 Y3.163
;TYPE:Solid infill
;WIDTH:0.543213
G1 F1200
G1 X-20.465 Y3.205 E.00359
G1 X-20.449 Y3.263 E.00359
G1 X-20.391 Y3.278 E.00358
G1 X-20.349 Y3.236 E.00355
G1 X-20.365 Y3.178 E.00359
;WIDTH:0.45
G1 X-20.423 Y2.594 E.02823
G1 X-19.718 Y3.298 E.04792
G1 X-19.147 Y3.324 E.02749
G1 X-20.397 Y2.074 E.08502
G1 X-20.371 Y1.554 E.02504
G1 X-18.576 Y3.349 E.12209
G1 X-18.055 Y3.326 E.02508
G1 X-20.345 Y1.035 E.1558
G1 X-20.32 Y.515 E.02504
G1 X-17.538 Y3.297 E.18923
G1 X-17.021 Y3.269 E.0249
G1 X-20.294 Y-.004 E.22263
G1 X-20.328 Y-.584 E.02794
G1 X-16.504 Y3.24 E.2601
G1 X-16.266 Y3.269 E.01153
;WIDTH:0.404381
G1 X-16.285 Y3.34 E.00312
G1 X-16.214 Y3.321 E.00312
G1 X-16.225 Y3.28 E.0018
;WIDTH:0.45
G1 X-16.481 Y2.718 E.0297
G1 X-20.372 Y-1.173 E.26466
G1 X-20.416 Y-1.762 E.02841
G1 X-16.599 Y2.054 E.25959
G1 X-16.6 Y1.508 E.02626
G1 X-20.46 Y-2.352 E.26255
G1 X-20.484 Y-2.921 E.02739
G1 X-16.594 Y.969 E.26459
G1 X-16.585 Y.432 E.02583
G1 X-20.504 Y-3.486 E.26653
G1 X-19.987 Y-3.515 E.0249
G1 X-16.577 Y-.104 E.23198
G1 X-16.568 Y-.641 E.02583
G1 X-19.457 Y-3.531 E.19654
G1 X-18.928 Y-3.546 E.02545
G1 X-16.559 Y-1.178 E.1611
G1 X-16.551 Y-1.715 E.02583
G1 X-18.395 Y-3.559 E.12543
G1 X-16.345 Y-3.417 E.09883
G1 X-16.442 Y-2.971 E.02195
G1 X-16.542 Y-2.253 E.03487
G1 X-17.669 Y-3.378 E.07659
M106 S206.55
;LAYER_CHANGE
;Z:24.05
;HEIGHT:0.299999
G1 E-2 F2400
G1 Z24.05 F7800
G1 Z24.05
G1 X20.977 Y3.787
G1 E2 F2400
;TYPE:Perimeter
G1 F900
G1 X19.345 Y3.829 E.07852
G1 X18.365 Y3.832 E.04713
G1 X17.809 Y3.807 E.02677
G1 X15.63 Y3.646 E.10509
G1 X15.864 Y2.295 E.06595
G1 X15.886 Y1.703 E.02849
G1 X15.996 Y.17 E.07392
G1 X15.801 Y-2.213 E.115
G1 X15.565 Y-3.497 E.06279
G1 X18.301 Y-3.648 E.13179
G1 X20.915 Y-3.564 E.12579
G1 X20.794 Y-2.072 E.072
G1 X20.858 Y1.922 E.19212
G1 X20.851 Y2.419 E.02391
G1 X20.971 Y3.727 E.06317
G1 X21.398 Y4.174 F7800
G1 F900
G1 X18.357 Y4.218 E.14628
G1 X17.786 Y4.192 E.02749
G1 X15.174 Y3.998 E.12597
G1 X15.47 Y2.363 E.07992
G1 X15.611 Y.143 E.10699
G1 X15.455 Y-1.577 E.08307
G1 X15.421 Y-2.143 E.02727
G1 X15.107 Y-3.856 E.08376
G1 X18.297 Y-4.033 E.15366
G1 X20.94 Y-3.949 E.12718
G1 X21.337 Y-3.953 E.0191
G1 X21.18 Y-2.174 E.0859
G1 X21.2 Y-1.698 E.02291
G1 X21.204 Y.128 E.08782
G1 X21.243 Y1.933 E.08683
G1 X21.235 Y2.384 E.02169
G1 X21.394 Y4.116 E.08365
G1 X21.823 Y4.566 F7800
;TYPE:External perimeter
G1 F900
G1 X21.089 Y4.555 E.03531
G1 X19.356 Y4.6 E.08338
G1 X18.349 Y4.604 E.04843
G1 X17.763 Y4.577 E.02821
G1 X14.718 Y4.351 E.14686
G1 X15.091 Y2.294 E.10055
G1 X15.116 Y1.661 E.03047
G1 X15.226 Y.115 E.07455
G1 X15.07 Y-1.558 E.08081
G1 X15.042 Y-2.074 E.02485
G1 X14.65 Y-4.215 E.10469
G1 X18.292 Y-4.419 E.17544
G1 X20.955 Y-4.334 E.12815
G1 X21.758 Y-4.344 E.03862
G1 X21.564 Y-2.14 E.10641
G1 X21.585 Y-1.719 E.02027
G1 X21.589 Y.118 E.08835
G1 X21.629 Y1.944 E.08785
G1 X21.619 Y2.348 E.01944
G1 X21.818 Y4.506 E.10423
G1 X21.421 Y4.56 F7800
G1 E-2 F2400
G1 X16.01 Y-3.205 F7800
G1 E2 F2400
;TYPE:Solid infill
;WIDTH:0.527477
G1 F1200
G1 X15.969 Y-3.246 E.00335
G1 X15.913 Y-3.231 E.00335
G1 X15.898 Y-3.175 E.00335
G1 X15.939 Y-3.134 E.00335
G1 X15.995 Y-3.149 E.00335
;WIDTH:0.45
G1 X16.01 Y-2.646 E.0242
G1 X16.628 Y-3.265 E.04207
G1 X17.204 Y-3.295 E.02774
G1 X16.091 Y-2.182 E.0757
G1 X16.126 Y-1.671 E.02463
G1 X17.78 Y-3.326 E.11254
G1 X18.356 Y-3.356 E.02774
G1 X16.168 Y-1.169 E.14879
G1 X16.215 Y-.67 E.02411
G1 X18.886 Y-3.341 E.18168
G1 X19.414 Y-3.324 E.02541
G1 X16.262 Y-.172 E.2144
G1 X16.269 Y.367 E.02593
G1 X19.943 Y-3.307 E.2499
G1 X20.752 Y-3.395 F7800
;WIDTH:0.404381
G1 F1200
G1 X20.68 Y-3.414 E.00316
G1 X20.699 Y-3.343 E.00312
G1 X20.741 Y-3.354 E.00184
;WIDTH:0.45
G1 X20.471 Y-3.29 E.01335
G1 X16.228 Y.953 E.2886
G1 X16.187 Y1.539 E.02825
G1 X20.566 Y-2.839 E.29782
G1 X20.518 Y-2.246 E.02861
G1 X16.161 Y2.111 E.29636
G1 X16.081 Y2.737 E.03035
G1 X20.524 Y-1.706 E.30221
G1 X20.529 Y-1.166 E.02597
G1 X15.981 Y3.382 E.30935
G1 X16.489 Y3.419 E.0245
G1 X20.529 Y-.621 E.2748
G1 X20.529 Y-.075 E.02626
G1 X16.996 Y3.457 E.24028
G1 X17.504 Y3.495 E.0245
G1 X20.537 Y.462 E.2063
G1 X20.549 Y.995 E.02564
G1 X18.017 Y3.527 E.17222
G1 X18.547 Y3.542 E.0255
G1 X20.562 Y1.528 E.13702
G1 X20.558 Y2.333 E.03872
G1 X20.661 Y3.506 E.05663
G1 X19.094 Y3.541 E.07539
G1 X20.423 Y2.211 E.09043
G1 X20.241 Y3.061 F7800
;WIDTH:0.560377
G1 F1200
G1 X20.197 Y3.017 E.00385
G1 X20.137 Y3.033 E.00384
G1 X20.121 Y3.093 E.00384
G1 X20.165 Y3.137 E.00385
G1 X20.225 Y3.121 E.00384
G1 E-2 F2400
G1 X-20.409 Y3.539 F7800
G1 E2 F2400
;TYPE:Perimeter
;WIDTH:0.45
G1 F900
G1 X-20.394 Y2.204 E.06421
G1 X-20.3 Y-.051 E.10855
G1 X-20.452 Y-2.427 E.11451
G1 X-20.464 Y-3.788 E.06546
G1 X-18.734 Y-3.832 E.08323
G1 X-17.532 Y-3.774 E.05788
G1 X-16.307 Y-3.679 E.0591
G1 X-16.395 Y-3.276 E.01984
G1 X-16.543 Y-2.245 E.0501
G1 X-16.594 Y-.091 E.10363
G1 X-16.601 Y1.721 E.08715
G1 X-16.575 Y2.279 E.02687
G1 X-16.284 Y3.485 E.05967
G1 X-18.751 Y3.616 E.11882
G1 X-20.364 Y3.556 E.07763
G1 X-20.807 Y3.915 F7800
G1 F900
G1 X-20.78 Y2.194 E.08278
G1 X-20.685 Y-.067 E.10884
G1 X-20.838 Y-2.413 E.11307
G1 X-20.863 Y-4.163 E.08418
G1 X-18.73 Y-4.218 E.10262
G1 X-17.508 Y-4.159 E.05884
G1 X-15.833 Y-4.028 E.08081
G1 X-16.013 Y-3.218 E.03991
G1 X-16.158 Y-2.236 E.04774
G1 X-16.209 Y-.09 E.10324
G1 X-16.215 Y1.722 E.08715
G1 X-16.201 Y2.188 E.02242
G1 X-15.839 Y3.684 E.07403
G1 X-15.805 Y3.846 E.00796
G1 X-18.748 Y4.002 E.14175
G1 X-20.757 Y3.927 E.09669
G1 X-21.209 Y4.293 F7800
;TYPE:External perimeter
G1 F900
G1 X-21.181 Y3.667 E.03014
G1 X-21.165 Y2.184 E.07133
G1 X-21.071 Y-.083 E.10913
G1 X-21.223 Y-2.398 E.11158
G1 X-21.236 Y-3.834 E.06907
G1 X-21.265 Y-4.539 E.03394
G1 X-18.725 Y-4.604 E.12221
G1 X-17.484 Y-4.544 E.05976
G1 X-15.359 Y-4.378 E.10252
G1 X-15.63 Y-3.173 E.0594
G1 X-15.772 Y-2.227 E.04601
G1 X-15.823 Y-.089 E.10286
G1 X-15.826 Y2.098 E.10519
G1 X-15.462 Y3.603 E.07447
G1 X-15.334 Y4.207 E.0297
G1 X-18.745 Y4.388 E.16429
G1 X-21.153 Y4.299 E.1159
G1 X-21.191 Y3.9 F7800
G1 E-2 F2400
G1 X-20.066 Y-3.475 F7800
G1 E2 F2400
;TYPE:Solid infill
;WIDTH:0.545589
G1 F1200
G1 X-20.109 Y-3.517 E.00361
G1 X-20.167 Y-3.502 E.0036
G1 X-20.182 Y-3.444 E.0036
G1 X-20.14 Y-3.401 E.00361
G1 X-20.082 Y-3.417 E.00361
;WIDTH:0.45
G1 X-20.166 Y-2.804 E.02976
G1 X-19.448 Y-3.523 E.04887
G1 X-18.89 Y-3.536 E.02685
G1 X-20.152 Y-2.273 E.08587
G1 X-20.119 Y-1.761 E.02468
G1 X-18.355 Y-3.524 E.11995
G1 X-17.835 Y-3.499 E.02504
G1 X-20.085 Y-1.249 E.15304
G1 X-20.052 Y-.737 E.02468
G1 X-17.322 Y-3.468 E.18573
G1 X-16.515 Y-3.505 F7800
;WIDTH:0.404381
G1 F1200
G1 X-16.586 Y-3.524 E.00312
G1 X-16.567 Y-3.453 E.00312
G1 X-16.526 Y-3.464 E.0018
;WIDTH:0.45
G1 X-16.816 Y-3.428 E.01406
G1 X-20.018 Y-.225 E.21783
G1 X-20.027 Y.329 E.02665
G1 X-16.722 Y-2.976 E.2248
G1 X-16.821 Y-2.332 E.03134
G1 X-20.051 Y.898 E.2197
G1 X-20.074 Y1.467 E.02739
G1 X-16.844 Y-1.764 E.21973
G1 X-16.857 Y-1.205 E.02689
G1 X-20.098 Y2.035 E.22041
G1 X-20.109 Y2.592 E.02679
G1 X-16.87 Y-.647 E.22031
G1 X-16.883 Y-.089 E.02685
G1 X-20.115 Y3.144 E.21987
G1 X-20.185 Y3.369 E.01133
;WIDTH:0.404381
G1 X-20.256 Y3.35 E.00312
G1 X-20.237 Y3.421 E.00312
G1 X-20.196 Y3.41 E.0018
;WIDTH:0.45
G1 X-19.717 Y3.291 E.02374
G1 X-16.885 Y.459 E.19263
G1 X-16.887 Y1.006 E.02631
G1 X-19.191 Y3.31 E.15672
G1 X-18.657 Y3.321 E.02569
G1 X-16.89 Y1.554 E.12019
G1 X-16.86 Y2.315 E.03663
G1 X-16.647 Y3.215 E.04448
G1 X-18.081 Y3.291 E.06907
G1 X-17.007 Y2.217 E.07305
M106 S211.65
;LAYER_CHANGE
;Z:24.35
;HEIGHT:0.300001
G1 E-2 F2400
G1 Z24.35 F7800
G1 Z24.35
G1 X20.613 Y3.784
G1 E2 F2400
;TYPE:Perimeter
G1 F900
G1 X20.614 Y3.794 E.00048
G1 X18.582 Y3.807 E.09773
G1 X17.526 Y3.76 E.05084
G1 X15.964 Y3.644 E.07533
G1 X16.18 Y2.302 E.06538
G1 X16.215 Y1.336 E.04649
G1 X16.298 Y.174 E.05603
G1 X16.186 Y-1.119 E.06242
G1 X16.12 Y-2.215 E.05281
G1 X15.882 Y-3.488 E.06229
G1 X18.515 Y-3.623 E.1268
G1 X20.554 Y-3.576 E.09809
G1 X20.422 Y-2.04 E.07415
G1 X20.479 Y2.417 E.21438
G1 X20.607 Y3.724 E.06316
G1 X21.039 Y4.171 F7800
G1 F900
G1 X21.039 Y4.177 E.00029
G1 X18.574 Y4.193 E.11856
G1 X17.503 Y4.145 E.05156
G1 X15.506 Y3.997 E.09631
G1 X15.655 Y3.197 E.03914
G1 X15.794 Y2.288 E.04423
G1 X15.83 Y1.315 E.04683
G1 X15.913 Y.147 E.05632
G1 X15.802 Y-1.081 E.0593
G1 X15.741 Y-2.144 E.05121
G1 X15.426 Y-3.847 E.0833
G1 X17.366 Y-3.962 E.09347
G1 X18.511 Y-4.009 E.05512
G1 X20.975 Y-3.946 E.11855
G1 X20.808 Y-2.045 E.09178
G1 X20.863 Y2.379 E.2128
G1 X21.033 Y4.111 E.0837
G1 X21.464 Y4.557 F7800
;TYPE:External perimeter
G1 F900
G1 X21.464 Y4.56 E.00014
G1 X18.567 Y4.579 E.13934
G1 X17.48 Y4.53 E.05233
G1 X15.048 Y4.349 E.11729
G1 X15.273 Y3.142 E.05905
G1 X15.409 Y2.274 E.04226
G1 X15.445 Y1.294 E.04717
G1 X15.529 Y.119 E.05666
G1 X15.418 Y-1.044 E.05619
G1 X15.362 Y-2.073 E.04956
G1 X14.977 Y-4.207 E.10429
G1 X17.346 Y-4.347 E.11414
G1 X18.507 Y-4.394 E.05589
G1 X21.396 Y-4.33 E.13898
G1 X21.193 Y-2.05 E.11009
G1 X21.247 Y2.341 E.21121
G1 X21.458 Y4.498 E.10424
G1 X21.063 Y4.563 F7800
G1 E-2 F2400
G1 X16.337 Y3.284 F7800
G1 E2 F2400
;TYPE:Solid infill
;WIDTH:0.533855
G1 F1200
G1 X16.296 Y3.326 E.00344
G1 X16.311 Y3.382 E.00339
G1 X16.368 Y3.398 E.00347
G1 X16.409 Y3.356 E.00344
G1 X16.394 Y3.299 E.00345
;WIDTH:0.45
G1 X16.397 Y2.781 E.02491
G1 X17.051 Y3.435 E.04448
G1 X17.638 Y3.476 E.0283
G1 X16.469 Y2.307 E.07951
G1 X16.488 Y1.781 E.02532
G1 X18.208 Y3.501 E.11699
G1 X18.769 Y3.517 E.02699
G1 X16.51 Y1.258 E.15365
G1 X16.545 Y.747 E.02463
G1 X19.311 Y3.513 E.18814
G1 X19.853 Y3.51 E.02607
G1 X16.58 Y.237 E.22263
G1 X16.549 Y-.339 E.02774
G1 X20.285 Y3.397 E.25412
G1 X20.408 Y3.577 E.01049
;WIDTH:0.404381
G1 X20.389 Y3.648 E.00312
G1 X20.46 Y3.629 E.00312
G1 X20.449 Y3.588 E.0018
G1 X20.228 Y2.795 F7800
;WIDTH:0.45
G1 F1200
G1 X16.493 Y-.941 E.25408
G1 X16.452 Y-1.527 E.02825
G1 X20.184 Y2.205 E.25385
G1 X20.177 Y1.653 E.02655
G1 X16.423 Y-2.101 E.25534
G1 X16.31 Y-2.759 E.03211
G1 X20.171 Y1.101 E.26259
G1 X20.164 Y.549 E.02655
G1 X16.387 Y-3.228 E.25691
G1 X16.158 Y-3.326 E.01198
;WIDTH:0.404381
G1 X16.169 Y-3.285 E.0018
G1 X16.098 Y-3.265 E.00313
G1 X16.117 Y-3.337 E.00316
G1 X16.902 Y-3.258 F7800
;WIDTH:0.45
G1 F1200
G1 X20.157 Y-.003 E.2214
G1 X20.151 Y-.555 E.02655
G1 X17.417 Y-3.288 E.18593
G1 X17.943 Y-3.309 E.02532
G1 X20.144 Y-1.107 E.14974
G1 X20.299 Y-1 E.00906
;WIDTH:0.404381
G1 X20.28 Y-.929 E.00312
G1 X20.351 Y-.948 E.00312
G1 X20.34 Y-.989 E.0018
G1 E-2 F2400
G1 X18.604 Y-3.192 F7800
G1 E2 F2400
;WIDTH:0.45
G1 F1200
G1 X20.138 Y-1.659 E.10431
G1 X20.24 Y-3.297 E.07893
G1 X18.468 Y-3.329 E.08524
G1 X19.317 Y-2.97 F7800
;WIDTH:0.371924
G1 F1200
G1 X19.863 Y-2.959 E.02095
G1 X19.821 Y-2.466 E.01898
G1 X19.453 Y-2.834 E.01996
G1 E-2 F2400
G1 X-20.132 Y3.547 F7800
G1 E2 F2400
;TYPE:Perimeter
;WIDTH:0.45
G1 F900
G1 X-20.119 Y2.202 E.06469
G1 X-20.02 Y-.044 E.10813
G1 X-20.17 Y-2.423 E.11465
G1 X-20.193 Y-3.776 E.06508
G1 X-18.95 Y-3.81 E.05981
G1 X-17.285 Y-3.729 E.08018
G1 X-16.623 Y-3.678 E.03193
G1 X-16.834 Y-2.254 E.06924
G1 X-16.891 Y-.106 E.10335
G1 X-16.895 Y1.966 E.09966
G1 X-16.868 Y2.257 E.01406
G1 X-16.579 Y3.477 E.0603
G1 X-18.969 Y3.591 E.11508
G1 X-20.073 Y3.549 E.05314
G1 X-20.522 Y3.918 F7800
G1 F900
G1 X-20.504 Y2.191 E.08307
G1 X-20.405 Y-.061 E.10842
G1 X-20.555 Y-2.404 E.11292
G1 X-20.58 Y-4.151 E.08403
G1 X-18.946 Y-4.196 E.07862
G1 X-17.26 Y-4.114 E.08119
G1 X-16.149 Y-4.028 E.0536
G1 X-16.245 Y-3.601 E.02105
G1 X-16.448 Y-2.244 E.06599
G1 X-16.505 Y-.106 E.10287
G1 X-16.509 Y1.966 E.09966
G1 X-16.493 Y2.167 E.0097
G1 X-16.108 Y3.836 E.08238
G1 X-18.967 Y3.977 E.13768
G1 X-20.462 Y3.92 E.07196
G1 X-20.911 Y4.289 F7800
;TYPE:External perimeter
G1 F900
G1 X-20.89 Y2.181 E.10139
G1 X-20.79 Y-.078 E.10876
G1 X-20.94 Y-2.385 E.11119
G1 X-20.961 Y-3.007 E.02993
G1 X-20.967 Y-4.526 E.07306
G1 X-18.942 Y-4.582 E.09743
G1 X-17.236 Y-4.499 E.08215
G1 X-15.676 Y-4.378 E.07526
G1 X-15.869 Y-3.517 E.04244
G1 X-16.063 Y-2.233 E.06246
G1 X-16.12 Y-.105 E.10239
G1 X-16.123 Y1.967 E.09966
G1 X-16.118 Y2.076 E.00525
G1 X-15.869 Y3.108 E.05106
G1 X-15.637 Y4.194 E.05341
G1 X-18.966 Y4.363 E.16032
G1 X-20.851 Y4.292 E.09073
G1 X-20.906 Y3.895 F7800
G1 E-2 F2400
G1 X-19.738 Y.085 F7800
G1 E2 F2400
;TYPE:Solid infill
G1 F1200
G1 X-19.83 Y2.209 E.10225
G1 X-19.84 Y3.269 E.05098
G1 X-18.97 Y3.302 E.04187
G1 X-16.936 Y3.207 E.09793
G1 X-17.147 Y2.331 E.04334
G1 X-17.184 Y1.963 E.01779
G1 X-17.18 Y-.105 E.09946
G1 X-17.123 Y-2.256 E.10349
G1 X-16.957 Y-3.411 E.05612
G1 X-18.915 Y-3.519 E.09432
G1 X-19.901 Y-3.494 E.04744
G1 X-19.881 Y-2.437 E.05085
G1 X-19.73 Y-.108 E.11225
G1 X-19.346 Y-.133 E.01851
G1 X-19.495 Y-2.453 E.11181
G1 X-19.508 Y-3.118 E.03199
G1 X-18.921 Y-3.133 E.02824
G1 X-17.399 Y-3.049 E.07331
G1 X-17.508 Y-2.266 E.03802
G1 X-17.566 Y-.106 E.10393
G1 X-17.569 Y1.963 E.09951
G1 X-17.534 Y2.354 E.01888
G1 X-17.42 Y2.843 E.02415
G1 X-18.951 Y2.915 E.07372
G1 X-19.451 Y2.897 E.02406
G1 X-19.444 Y2.22 E.03256
G1 X-19.351 Y.06 E.10398
G1 X-18.961 Y-.158 E.02149
G1 X-19.115 Y-2.742 E.1245
G1 X-18.926 Y-2.747 E.00909
G1 X-17.841 Y-2.687 E.05226
G1 X-17.894 Y-2.277 E.01988
G1 X-17.951 Y-.107 E.10441
G1 X-17.955 Y1.962 E.09951
G1 X-17.903 Y2.48 E.02504
G1 X-19.062 Y2.526 E.05579
G1 X-18.963 Y.035 E.1199
G1 X-18.788 Y.024 E.00843
;WIDTH:0.413481
G1 X-18.613 Y.013 E.00763
;WIDTH:0.417371
G1 X-18.685 Y2.146 E.09396
G1 X-18.318 Y2.129 E.01618
G1 X-18.3 Y-.032 E.09515
;WIDTH:0.377674
G1 X-18.299 Y-.186 E.00602
;WIDTH:0.421788
G1 X-18.295 Y-1.154 E.04315
;WIDTH:0.465902
G1 X-18.285 Y-2.318 E.0583
G1 X-18.707 Y-2.341 E.02117
G1 X-18.652 Y-1.148 E.05981
;WIDTH:0.421788
G1 X-18.612 Y-.18 E.04319
M106 S216.75
;LAYER_CHANGE
;Z:24.65
;HEIGHT:0.299999
G1 E-2 F2400
G1 Z24.65 F7800
G1 Z24.65
G1 X20.278 Y3.778
G1 E2 F2400
;TYPE:Perimeter
;WIDTH:0.45
G1 F900
G1 X18.802 Y3.783 E.07099
G1 X17.243 Y3.713 E.07506
G1 X16.29 Y3.642 E.04596
G1 X16.495 Y2.31 E.06482
G1 X16.598 Y.016 E.11044
G1 X16.52 Y-.786 E.03876
G1 X16.455 Y-2.084 E.06251
G1 X16.208 Y-3.479 E.06814
G1 X18.729 Y-3.598 E.12139
G1 X20.201 Y-3.569 E.07081
G1 X20.12 Y-2.524 E.05041
G1 X20.153 Y1.856 E.21067
G1 X20.165 Y2.386 E.0255
G1 X20.273 Y3.718 E.06427
G1 X20.696 Y4.162 F7800
G1 F900
G1 X18.794 Y4.169 E.09148
G1 X17.22 Y4.098 E.07578
G1 X15.832 Y3.995 E.06694
G1 X16.109 Y2.296 E.08279
G1 X16.161 Y.91 E.06671
G1 X16.214 Y.053 E.0413
G1 X16.133 Y-.809 E.04164
G1 X16.061 Y-2.142 E.06421
G1 X15.759 Y-3.839 E.0829
G1 X17.054 Y-3.916 E.0624
G1 X18.725 Y-3.984 E.08044
G1 X20.619 Y-3.947 E.09111
G1 X20.505 Y-2.527 E.06852
G1 X20.539 Y1.849 E.21048
G1 X20.55 Y2.355 E.02434
G1 X20.691 Y4.103 E.08435
G1 X21.114 Y4.547 F7800
;TYPE:External perimeter
G1 F900
G1 X18.786 Y4.554 E.11197
G1 X17.198 Y4.483 E.07645
G1 X15.374 Y4.347 E.08797
G1 X15.539 Y3.465 E.04316
G1 X15.724 Y2.282 E.05759
G1 X15.777 Y.882 E.06738
G1 X15.83 Y.091 E.03813
G1 X15.748 Y-.79 E.04256
G1 X15.682 Y-2.072 E.06174
G1 X15.473 Y-3.193 E.05485
G1 X15.31 Y-4.199 E.04902
G1 X17.035 Y-4.301 E.08311
G1 X18.721 Y-4.37 E.08116
G1 X21.037 Y-4.324 E.11141
G1 X20.891 Y-2.53 E.08657
G1 X20.918 Y1.046 E.172
G1 X20.934 Y2.324 E.06147
G1 X21.109 Y4.487 E.10437
G1 X20.714 Y4.548 F7800
G1 E-2 F2400
G1 X16.648 Y-3.187 F7800
G1 E2 F2400
;TYPE:Solid infill
;WIDTH:0.525741
G1 F1200
G1 X16.608 Y-3.228 E.0033
G1 X16.552 Y-3.213 E.00334
G1 X16.537 Y-3.157 E.00334
G1 X16.578 Y-3.117 E.0033
G1 X16.633 Y-3.131 E.00327
;WIDTH:0.45
G1 X16.65 Y-2.631 E.02406
G1 X17.259 Y-3.24 E.04142
G1 X17.831 Y-3.266 E.02754
G1 X16.733 Y-2.168 E.07468
G1 X16.766 Y-1.656 E.02468
G1 X18.402 Y-3.292 E.11128
G1 X18.96 Y-3.305 E.02685
G1 X16.792 Y-1.137 E.14746
G1 X16.825 Y-.625 E.02468
G1 X19.495 Y-3.294 E.18158
G1 X20.033 Y-3.392 E.0263
;WIDTH:0.404381
G1 X19.962 Y-3.411 E.00312
G1 X19.981 Y-3.34 E.00312
G1 X20.022 Y-3.351 E.0018
;WIDTH:0.45
G1 X19.877 Y-3.131 E.01267
G1 X16.871 Y-.125 E.20446
G1 X16.87 Y.421 E.02626
G1 X19.831 Y-2.54 E.2014
G1 X19.834 Y-1.998 E.02607
G1 X16.832 Y1.005 E.20423
G1 X16.811 Y1.571 E.02724
G1 X19.839 Y-1.456 E.20593
G1 X19.843 Y-.915 E.02602
G1 X16.79 Y2.137 E.20763
G1 X16.719 Y2.754 E.02987
G1 X19.847 Y-.374 E.21276
G1 X19.851 Y.167 E.02602
G1 X16.64 Y3.378 E.21841
G1 X17.147 Y3.416 E.02445
G1 X19.855 Y.708 E.18419
G1 X19.859 Y1.25 E.02607
G1 X17.666 Y3.443 E.14917
G1 E-2 F2400
G1 X19.73 Y1.924 F7800
G1 E2 F2400
G1 F1200
G1 X18.188 Y3.466 E.10488
G1 X18.808 Y3.494 E.02985
G1 X19.965 Y3.49 E.05565
G1 X19.876 Y2.388 E.05317
G1 X19.866 Y1.788 E.02886
G1 X19.539 Y2.616 F7800
;WIDTH:0.386797
G1 F1200
G1 X19.581 Y3.137 E.02102
G1 X19.016 Y3.139 E.02272
G1 X19.403 Y2.752 E.02201
G1 E-2 F2400
G1 X-19.854 Y3.541 F7800
G1 E2 F2400
;TYPE:Perimeter
;WIDTH:0.45
G1 F900
G1 X-19.855 Y3.541 E.00005
G1 X-19.844 Y2.199 E.06455
G1 X-19.741 Y-.144 E.1128
G1 X-19.886 Y-2.407 E.10907
G1 X-19.921 Y-3.767 E.06543
G1 X-19.168 Y-3.788 E.03623
G1 X-16.916 Y-3.675 E.10845
G1 X-17.124 Y-2.263 E.06865
G1 X-17.188 Y-.121 E.10307
G1 X-17.187 Y2.01 E.10249
G1 X-17.164 Y2.217 E.01002
G1 X-16.893 Y3.453 E.06086
G1 X-19.194 Y3.566 E.1108
G1 X-19.794 Y3.543 E.02888
G1 X-20.244 Y3.912 F7800
G1 F900
G1 X-20.229 Y2.188 E.08292
G1 X-20.125 Y-.055 E.108
G1 X-20.272 Y-2.388 E.11243
G1 X-20.306 Y-3.384 E.04793
G1 X-20.308 Y-4.142 E.03646
G1 X-19.164 Y-4.174 E.05504
G1 X-17.013 Y-4.07 E.10358
G1 X-16.466 Y-4.027 E.02639
G1 X-16.484 Y-3.945 E.00404
G1 X-16.739 Y-2.252 E.08235
G1 X-16.802 Y-.121 E.10254
G1 X-16.801 Y2.01 E.10249
G1 X-16.788 Y2.134 E.006
G1 X-16.418 Y3.816 E.08283
G1 X-19.192 Y3.952 E.13358
G1 X-20.184 Y3.914 E.04775
G1 X-20.633 Y4.283 F7800
;TYPE:External perimeter
G1 F900
G1 X-20.615 Y2.178 E.10125
G1 X-20.51 Y-.091 E.10925
G1 X-20.657 Y-2.369 E.10979
G1 X-20.691 Y-3.377 E.04851
G1 X-20.695 Y-4.517 E.05483
G1 X-19.16 Y-4.56 E.07386
G1 X-16.988 Y-4.454 E.10459
G1 X-15.992 Y-4.377 E.04805
G1 X-16.108 Y-3.861 E.02544
G1 X-16.353 Y-2.24 E.07885
G1 X-16.416 Y-.121 E.10196
G1 X-16.416 Y2.01 E.10249
G1 X-15.944 Y4.178 E.10672
G1 X-19.19 Y4.338 E.15631
G1 X-20.573 Y4.285 E.06657
G1 X-20.629 Y3.889 F7800
G1 E-2 F2400
G1 X-19.15 Y-3.498 F7800
G1 E2 F2400
;TYPE:Solid infill
G1 F1200
G1 X-17.249 Y-3.405 E.09154
G1 X-17.413 Y-2.266 E.05535
G1 X-17.477 Y-.119 E.10331
G1 X-17.476 Y2.005 E.10216
G1 X-17.446 Y2.284 E.0135
G1 X-17.249 Y3.181 E.04417
G1 X-18.496 Y3.242 E.06005
G1 X-19.564 Y3.262 E.05138
G1 X-19.554 Y2.207 E.05074
G1 X-19.45 Y-.113 E.1117
G1 X-19.597 Y-2.421 E.11123
G1 X-19.629 Y-3.486 E.05125
G1 X-19.343 Y-3.493 E.01376
G1 X-19.155 Y-3.112 E.02043
G1 X-17.692 Y-3.041 E.07045
G1 X-17.799 Y-2.278 E.03706
G1 X-17.862 Y-.119 E.10388
G1 X-17.862 Y2.005 E.10216
G1 X-17.833 Y2.305 E.0145
G1 X-17.723 Y2.818 E.02523
G1 X-19.175 Y2.889 E.06992
G1 X-19.169 Y2.217 E.03232
G1 X-19.065 Y-.075 E.11035
G1 X-19.212 Y-2.439 E.11392
G1 X-19.228 Y-2.994 E.0267
G1 X-18.768 Y-2.643 E.02783
;WIDTH:0.577833
G1 X-18.208 Y-2.616 E.0359
G1 X-18.246 Y-2.291 E.02095
;WIDTH:0.573297
G1 X-18.252 Y-1.231 E.06728
;WIDTH:0.523749
G1 X-18.259 Y-.17 E.06079
;WIDTH:0.474201
G1 X-18.26 Y-.047 E.00629
;WIDTH:0.519983
G1 X-18.282 Y2.005 E.11661
;WIDTH:0.531074
G1 X-18.245 Y2.417 E.02408
G1 X-18.745 Y2.441 E.02914
G1 X-18.738 Y1.995 E.02596
;WIDTH:0.519983
G1 X-18.668 Y-.057 E.11667
;WIDTH:0.474201
G1 X-18.668 Y-.163 E.00542
;WIDTH:0.523749
G1 X-18.711 Y-1.223 E.06078
;WIDTH:0.573297
G1 X-18.754 Y-2.283 E.06734
;WIDTH:0.575408
G1 X-18.761 Y-2.45 E.01065
M106 S221.85
;LAYER_CHANGE
;Z:24.95
;HEIGHT:0.300001
G1 E-2 F2400
G1 Z24.95 F7800
G1 Z24.95
G1 X19.962 Y3.753
G1 E2 F2400
;TYPE:Perimeter
;WIDTH:0.45
G1 F900
G1 X19.963 Y3.755 E.00011
G1 X19.02 Y3.758 E.04536
G1 X16.608 Y3.64 E.11615
G1 X16.81 Y2.324 E.06404
G1 X16.905 Y.112 E.10649
G1 X16.859 Y-.403 E.02487
G1 X16.763 Y-2.195 E.08631
G1 X16.548 Y-3.472 E.06228
G1 X18.943 Y-3.574 E.1153
G1 X19.864 Y-3.556 E.04431
G1 X19.818 Y-2.953 E.02909
G1 X19.813 Y.087 E.14621
G1 X19.85 Y2.309 E.10689
G1 X19.89 Y2.836 E.02542
G1 X19.958 Y3.693 E.04135
G1 X20.38 Y4.138 F7800
G1 F900
G1 X20.38 Y4.139 E.00005
G1 X19.012 Y4.144 E.0658
G1 X16.938 Y4.051 E.09985
G1 X16.158 Y3.993 E.03762
G1 X16.424 Y2.308 E.08205
G1 X16.519 Y.138 E.10447
G1 X16.475 Y-.375 E.02476
G1 X16.383 Y-2.131 E.08457
G1 X16.096 Y-3.831 E.08292
G1 X18.939 Y-3.959 E.13688
G1 X20.281 Y-3.933 E.06456
G1 X20.204 Y-2.952 E.04733
G1 X20.199 Y.08 E.14583
G1 X20.235 Y2.303 E.10693
G1 X20.274 Y2.806 E.02427
G1 X20.375 Y4.078 E.06137
G1 X20.797 Y4.524 F7800
;TYPE:External perimeter
G1 F900
G1 X19.004 Y4.53 E.08624
G1 X16.915 Y4.436 E.10058
G1 X15.7 Y4.346 E.0586
G1 X16.039 Y2.291 E.10017
G1 X16.133 Y.121 E.10447
G1 X16.09 Y-.346 E.02256
G1 X16.003 Y-2.067 E.08288
G1 X15.644 Y-4.191 E.10361
G1 X16.723 Y-4.255 E.05199
G1 X18.935 Y-4.345 E.10648
G1 X20.699 Y-4.311 E.08486
G1 X20.589 Y-2.952 E.06558
G1 X20.584 Y.07 E.14535
G1 X20.619 Y2.172 E.10111
G1 X20.659 Y2.775 E.02907
G1 X20.793 Y4.464 E.08149
G1 X20.397 Y4.525 F7800
G1 E-2 F2400
G1 X17.164 Y-.232 F7800
G1 E2 F2400
;TYPE:Solid infill
G1 F1200
G1 X17.194 Y.122 E.01709
G1 X17.099 Y2.332 E.10639
G1 X16.942 Y3.372 E.05059
G1 X19.026 Y3.469 E.10034
G1 X19.65 Y3.467 E.03001
G1 X19.561 Y2.323 E.05519
G1 X19.524 Y.089 E.10746
G1 X19.529 Y-2.95 E.14617
G1 X19.552 Y-3.272 E.01553
G1 X18.967 Y-3.284 E.02814
G1 X16.886 Y-3.2 E.10017
G1 X17.062 Y-2.113 E.05296
G1 X17.148 Y-.424 E.08134
G1 X17.533 Y-.45 E.01856
G1 X17.443 Y-2.175 E.08308
G1 X17.336 Y-2.832 E.03202
G1 X19.143 Y-2.895 E.08696
G1 X19.139 Y.098 E.14395
G1 X19.177 Y2.353 E.10847
G1 X19.233 Y3.083 E.03521
G1 X17.388 Y3.007 E.08881
G1 X17.484 Y2.348 E.03203
G1 X17.579 Y.139 E.10634
G1 X17.549 Y-.258 E.01915
G1 X17.934 Y-.284 E.01856
G1 X17.964 Y.155 E.02116
G1 X17.869 Y2.365 E.10639
G1 X17.833 Y2.641 E.01339
G1 X18.816 Y2.687 E.04733
G1 X18.787 Y2.201 E.02342
G1 X18.753 Y.105 E.10082
G1 X18.757 Y-2.504 E.12548
G1 X17.787 Y-2.464 E.04669
G1 X17.841 Y-2.004 E.02228
G1 X17.917 Y-.476 E.07358
G1 X18.298 Y-2.027 F7800
;WIDTH:0.594191
G1 F1200
G1 X18.317 Y-1.266 E.0503
;WIDTH:0.555159
G1 X18.335 Y-.505 E.0466
;WIDTH:0.516127
G1 X18.359 Y.172 E.03817
;WIDTH:0.509359
G1 X18.35 Y.851 E.03769
;WIDTH:0.549654
G1 X18.341 Y1.53 E.0411
;WIDTH:0.589949
G1 X18.332 Y2.208 E.04445
G1 E-2 F2400
G1 X-19.576 Y3.534 F7800
G1 E2 F2400
;TYPE:Perimeter
;WIDTH:0.45
G1 F900
G1 X-19.578 Y3.534 E.0001
G1 X-19.568 Y2.196 E.06435
G1 X-19.46 Y-.138 E.11238
G1 X-19.603 Y-2.391 E.10858
G1 X-19.65 Y-3.759 E.06583
G1 X-19.385 Y-3.766 E.01275
G1 X-17.21 Y-3.66 E.10473
G1 X-17.414 Y-2.272 E.06748
G1 X-17.483 Y-.136 E.10279
G1 X-17.479 Y1.99 E.10225
G1 X-17.458 Y2.19 E.00967
G1 X-17.191 Y3.436 E.06129
G1 X-19.516 Y3.532 E.11192
G1 X-19.967 Y3.905 F7800
G1 F900
G1 X-19.954 Y2.185 E.08273
G1 X-19.845 Y-.114 E.1107
G1 X-19.988 Y-2.372 E.10882
G1 X-20.037 Y-4.134 E.08478
G1 X-19.381 Y-4.152 E.03156
G1 X-16.765 Y-4.024 E.12597
G1 X-17.029 Y-2.26 E.08579
G1 X-17.097 Y-.137 E.10216
G1 X-17.094 Y1.989 E.10225
G1 X-16.719 Y3.8 E.08895
G1 X-19.414 Y3.926 E.12976
G1 X-19.907 Y3.908 E.02373
G1 X-20.355 Y4.277 F7800
;TYPE:External perimeter
G1 F900
G1 X-20.339 Y2.175 E.1011
G1 X-20.23 Y-.089 E.10902
G1 X-20.373 Y-2.353 E.10911
G1 X-20.421 Y-3.746 E.06704
G1 X-20.424 Y-4.509 E.0367
G1 X-19.377 Y-4.538 E.05038
G1 X-16.308 Y-4.376 E.14781
G1 X-16.347 Y-4.204 E.00848
G1 X-16.643 Y-2.247 E.0952
G1 X-16.712 Y-.137 E.10154
G1 X-16.708 Y1.989 E.10225
G1 X-16.246 Y4.164 E.10694
G1 X-19.412 Y4.312 E.15244
G1 X-20.295 Y4.279 E.0425
G1 X-20.351 Y3.883 F7800
G1 E-2 F2400
G1 X-19.178 Y.103 F7800
G1 E2 F2400
;TYPE:Solid infill
G1 F1200
G1 X-19.279 Y2.204 E.10117
G1 X-19.287 Y3.245 E.05007
G1 X-17.545 Y3.163 E.08388
G1 X-17.76 Y2.115 E.05145
G1 X-17.772 Y-.134 E.10817
G1 X-17.698 Y-2.353 E.10679
G1 X-17.544 Y-3.387 E.05028
G1 X-19.351 Y-3.475 E.08701
G1 X-19.314 Y-2.405 E.05149
G1 X-19.17 Y-.089 E.11161
G1 X-18.785 Y-.112 E.01855
G1 X-18.929 Y-2.424 E.11141
G1 X-18.951 Y-3.069 E.03104
G1 X-17.989 Y-3.023 E.04632
G1 X-18.084 Y-2.365 E.03198
G1 X-18.158 Y-.134 E.10736
G1 X-18.146 Y2.117 E.10827
G1 X-18.015 Y2.799 E.0334
G1 X-18.898 Y2.841 E.04252
G1 X-18.894 Y2.215 E.03011
G1 X-18.791 Y.081 E.10276
G1 E-2 F2400
G1 X-18.499 Y2.425 F7800
G1 E2 F2400
;WIDTH:0.471727
G1 F1200
G1 X-18.508 Y2.272 E.00779
;WIDTH:0.446463
G1 X-18.517 Y2.119 E.0073
;WIDTH:0.421199
G1 X-18.502 Y1.401 E.03196
;WIDTH:0.382889
G1 X-18.486 Y.683 E.02853
;WIDTH:0.344579
G1 X-18.471 Y-.035 E.0251
;WIDTH:0.308833
G1 X-18.472 Y-.164 E.00393
;WIDTH:0.351155
G1 X-18.479 Y-.607 E.01585
;WIDTH:0.393478
G1 X-18.485 Y-1.05 E.01819
;WIDTH:0.435801
G1 X-18.492 Y-1.493 E.02052
;WIDTH:0.478124
G1 X-18.498 Y-1.936 E.02286
;WIDTH:0.520447
G1 X-18.504 Y-2.379 E.0252
;WIDTH:0.557357
G1 X-18.496 Y-2.607 E.01403
M106 S226.95
;LAYER_CHANGE
;Z:25.25
;HEIGHT:0.299999
G1 E-2 F2400
G1 Z25.25 F7800
G1 Z25.25
G1 X19.647 Y3.731
G1 E2 F2400
;TYPE:Perimeter
;WIDTH:0.45
G1 F900
G1 X19.647 Y3.732 E.00005
G1 X19.239 Y3.734 E.01962
G1 X16.919 Y3.63 E.1117
G1 X17.125 Y2.326 E.0635
G1 X17.206 Y.153 E.10459
G1 X17.096 Y-2.082 E.10763
G1 X16.878 Y-3.447 E.06648
G1 X19.527 Y-3.542 E.12749
G1 X19.498 Y.071 E.17378
G1 X19.542 Y2.384 E.11127
G1 X19.642 Y3.671 E.06209
G1 X20.064 Y4.116 F7800
G1 F900
G1 X19.231 Y4.119 E.04006
G1 X16.469 Y3.99 E.13299
G1 X16.74 Y2.312 E.08175
G1 X16.821 Y.139 E.10459
G1 X16.71 Y-2.063 E.10604
G1 X16.427 Y-3.813 E.08526
G1 X19.154 Y-3.935 E.13129
G1 X19.944 Y-3.919 E.038
G1 X19.902 Y-3.374 E.02629
G1 X19.884 Y.017 E.1631
G1 X19.927 Y2.354 E.11242
G1 X20.059 Y4.057 E.08215
G1 X20.48 Y4.501 F7800
;TYPE:External perimeter
G1 F900
G1 X19.223 Y4.505 E.06046
G1 X16.632 Y4.389 E.12474
G1 X16.021 Y4.344 E.02947
G1 X16.354 Y2.298 E.0997
G1 X16.436 Y.11 E.10531
G1 X16.325 Y-2.043 E.10369
G1 X15.976 Y-4.179 E.1041
G1 X19.15 Y-4.321 E.15281
G1 X20.362 Y-4.297 E.0583
G1 X20.287 Y-3.372 E.04464
G1 X20.269 Y.057 E.16493
G1 X20.311 Y2.324 E.10905
G1 X20.476 Y4.441 E.10213
G1 X20.08 Y4.502 F7800
G1 E-2 F2400
G1 X18.255 Y-3.219 F7800
G1 E2 F2400
;TYPE:Solid infill
G1 F1200
G1 X19.226 Y-3.258 E.04674
G1 X19.209 Y.077 E.1604
G1 X19.249 Y2.327 E.10823
G1 X19.334 Y3.439 E.05364
G1 X17.257 Y3.355 E.09998
G1 X17.412 Y2.372 E.04786
G1 X17.496 Y.111 E.10882
G1 X17.378 Y-2.172 E.10995
G1 X17.216 Y-3.173 E.04877
G1 X18.062 Y-3.21 E.04073
G1 X18.646 Y-2.85 E.033
G1 X17.666 Y-2.807 E.04718
G1 X17.763 Y-2.192 E.02995
G1 X17.881 Y.125 E.11158
G1 X17.797 Y2.388 E.10892
G1 X17.706 Y2.987 E.02914
G1 X18.917 Y3.036 E.05829
G1 X18.863 Y2.334 E.03386
G1 X18.823 Y.084 E.10823
G1 X18.839 Y-2.859 E.14155
G1 X18.47 Y-2.476 E.02558
;WIDTH:0.411496
G1 X18.471 Y-2.219 E.01113
;WIDTH:0.408104
G1 X18.481 Y-1.085 E.04862
;WIDTH:0.375596
G1 X18.491 Y.05 E.04406
;WIDTH:0.343214
G1 X18.492 Y.14 E.00313
;WIDTH:0.373479
G1 X18.496 Y1.24 E.04241
;WIDTH:0.403744
G1 X18.501 Y2.341 E.0466
;WIDTH:0.411108
G1 X18.52 Y2.654 E.01356
G1 X18.132 Y2.638 E.01679
G1 X18.162 Y2.337 E.01308
;WIDTH:0.403744
G1 X18.187 Y1.237 E.04657
;WIDTH:0.373479
G1 X18.213 Y.137 E.04242
;WIDTH:0.343214
G1 X18.213 Y.056 E.00282
;WIDTH:0.375596
G1 X18.17 Y-1.077 E.04401
;WIDTH:0.408104
G1 X18.127 Y-2.211 E.04865
;WIDTH:0.411496
G1 X18.094 Y-2.459 E.01083
G1 X18.278 Y-2.467 E.00797
G1 E-2 F2400
G1 X-19.285 Y3.5 F7800
G1 E2 F2400
;TYPE:Perimeter
;WIDTH:0.45
G1 F900
G1 X-19.301 Y3.5 E.00077
G1 X-19.293 Y2.194 E.06282
G1 X-19.18 Y-.133 E.11205
G1 X-19.32 Y-2.375 E.10804
G1 X-19.366 Y-3.732 E.0653
G1 X-17.497 Y-3.64 E.09
G1 X-17.638 Y-2.707 E.04538
G1 X-17.696 Y-2.279 E.02077
G1 X-17.772 Y-.188 E.10064
G1 X-17.77 Y1.721 E.09182
G1 X-17.71 Y2.42 E.03374
G1 X-17.495 Y3.42 E.0492
G1 X-19.225 Y3.497 E.08329
G1 X-19.687 Y3.899 F7800
G1 F900
G1 X-19.689 Y3.899 E.0001
G1 X-19.678 Y2.183 E.08254
G1 X-19.565 Y-.109 E.11037
G1 X-19.705 Y-2.356 E.10828
G1 X-19.763 Y-4.123 E.08503
G1 X-19.599 Y-4.13 E.0079
G1 X-17.052 Y-4.004 E.12265
G1 X-17.256 Y-2.65 E.06586
G1 X-17.31 Y-2.265 E.0187
G1 X-17.387 Y-.174 E.10064
G1 X-17.384 Y1.72 E.09109
G1 X-17.332 Y2.34 E.02992
G1 X-17.023 Y3.785 E.07107
G1 X-19.627 Y3.897 E.12536
G1 X-20.077 Y4.27 F7800
;TYPE:External perimeter
G1 F900
G1 X-20.064 Y2.172 E.10091
G1 X-19.949 Y-.082 E.10855
G1 X-20.09 Y-2.338 E.10872
G1 X-20.152 Y-4.5 E.10403
G1 X-19.595 Y-4.516 E.0268
G1 X-16.608 Y-4.368 E.14384
G1 X-16.875 Y-2.592 E.08638
G1 X-16.925 Y-2.251 E.01658
G1 X-17.001 Y-.16 E.10064
G1 X-16.998 Y1.734 E.09109
G1 X-16.955 Y2.259 E.02534
G1 X-16.55 Y4.15 E.09301
G1 X-19.617 Y4.286 E.14766
G1 X-20.017 Y4.272 E.01925
G1 X-20.074 Y3.876 F7800
G1 E-2 F2400
G1 X-19.066 Y-3.428 F7800
G1 E2 F2400
;TYPE:Solid infill
G1 F1200
G1 X-17.831 Y-3.367 E.05947
G1 X-17.981 Y-2.353 E.0493
G1 X-18.062 Y-.149 E.10608
G1 X-18.055 Y1.821 E.09475
G1 X-17.978 Y2.546 E.03507
G1 X-17.85 Y3.146 E.02951
G1 X-19.01 Y3.198 E.05585
G1 X-19.004 Y2.202 E.04791
G1 X-18.889 Y-.085 E.11014
G1 X-19.031 Y-2.389 E.11102
G1 X-19.06 Y-3.235 E.04071
G1 X-18.674 Y-3.029 E.02104
;WIDTH:0.436219
G1 X-18.267 Y-3.009 E.0189
G1 X-18.339 Y-2.366 E.03001
;WIDTH:0.395827
G1 X-18.348 Y-1.633 E.0303
;WIDTH:0.359804
G1 X-18.357 Y-.9 E.02701
;WIDTH:0.323781
G1 X-18.366 Y-.168 E.02368
;WIDTH:0.287758
G1 X-18.365 Y-.043 E.00348
;WIDTH:0.335339
G1 X-18.384 Y1.807 E.06252
;WIDTH:0.337916
G1 X-18.383 Y1.85 E.00147
;WIDTH:0.364834
G1 X-18.355 Y2.235 E.01447
;WIDTH:0.391752
G1 X-18.326 Y2.62 E.01576
G1 X-18.286 Y2.809 E.00789
G1 X-18.651 Y2.825 E.01492
G1 X-18.658 Y2.456 E.01507
;WIDTH:0.373079
G1 X-18.655 Y1.8 E.02526
;WIDTH:0.335339
G1 X-18.586 Y-.049 E.06253
;WIDTH:0.287758
G1 X-18.589 Y-.165 E.00323
;WIDTH:0.323781
G1 X-18.616 Y-.897 E.0237
;WIDTH:0.359804
G1 X-18.643 Y-1.63 E.02703
;WIDTH:0.395827
G1 X-18.67 Y-2.362 E.03028
;WIDTH:0.401465
G1 X-18.671 Y-2.446 E.00353
;WIDTH:0.424723
G1 X-18.673 Y-2.836 E.01753
M106 S232.05
;LAYER_CHANGE
;Z:25.55
;HEIGHT:0.299999
G1 E-2 F2400
G1 Z25.55 F7800
G1 Z25.55
G1 X19.329 Y3.703
G1 E2 F2400
;TYPE:Perimeter
;WIDTH:0.45
G1 F900
G1 X17.242 Y3.605 E.10049
G1 X17.413 Y2.325 E.06211
G1 X17.486 Y.081 E.10799
G1 X17.39 Y-2.065 E.10332
G1 X17.193 Y-3.435 E.06657
G1 X19.213 Y-3.518 E.09724
G1 X19.187 Y.41 E.18893
G1 X19.233 Y2.407 E.09607
G1 X19.327 Y3.645 E.05971
G1 X19.747 Y4.094 F7800
G1 F900
G1 X19.45 Y4.095 E.01428
G1 X16.797 Y3.97 E.12774
G1 X17.027 Y2.312 E.08051
G1 X17.101 Y.098 E.10655
G1 X17.005 Y-2.048 E.10332
G1 X16.749 Y-3.802 E.08526
G1 X19.361 Y-3.91 E.12574
G1 X19.607 Y-3.905 E.01183
G1 X19.573 Y.402 E.20716
G1 X19.617 Y2.377 E.09501
G1 X19.743 Y4.034 E.07993
G1 X20.163 Y4.478 F7800
;TYPE:External perimeter
G1 F900
G1 X19.441 Y4.48 E.03473
G1 X16.347 Y4.335 E.14897
G1 X16.642 Y2.299 E.09895
G1 X16.716 Y.115 E.1051
G1 X16.619 Y-2.031 E.10332
G1 X16.305 Y-4.17 E.10398
G1 X19.363 Y-4.296 E.1472
G1 X20.025 Y-4.283 E.03185
G1 X19.986 Y-3.792 E.02369
G1 X19.958 Y.395 E.20138
G1 X20.002 Y2.348 E.09396
G1 X20.159 Y4.418 E.09985
G1 X19.763 Y4.479 F7800
G1 E-2 F2400
G1 X18.153 Y.107 F7800
G1 E2 F2400
;TYPE:Solid infill
;WIDTH:0.461747
G1 F1200
G1 X18.119 Y-.992 E.05449
;WIDTH:0.489506
G1 X18.084 Y-2.092 E.05836
;WIDTH:0.493442
G1 X18.081 Y-2.15 E.00311
;WIDTH:0.520132
G1 X18.007 Y-2.758 E.03482
G1 X18.498 Y-2.778 E.02793
G1 X18.509 Y-2.1 E.03855
;WIDTH:0.489506
G1 X18.516 Y-1 E.05833
;WIDTH:0.461747
G1 X18.523 Y.1 E.05452
;WIDTH:0.437524
G1 X18.519 Y.425 E.01513
;WIDTH:0.463339
G1 X18.525 Y1.377 E.04737
;WIDTH:0.489154
G1 X18.532 Y2.329 E.05044
;WIDTH:0.497701
G1 X18.535 Y2.447 E.00638
;WIDTH:0.523665
G1 X18.561 Y2.954 E.02908
G1 X18.051 Y2.93 E.02925
G1 X18.107 Y2.326 E.03475
;WIDTH:0.489154
G1 X18.127 Y1.374 E.05045
;WIDTH:0.463339
G1 X18.146 Y.422 E.04738
;WIDTH:0.437524
G1 X18.149 Y.3 E.00568
;WIDTH:0.45
G1 X17.77 Y.316 E.01824
G1 X17.7 Y2.361 E.09841
G1 X17.571 Y3.331 E.04706
G1 X19.018 Y3.399 E.06967
G1 X18.937 Y2.32 E.05204
G1 X18.898 Y.417 E.09155
G1 X18.921 Y-3.216 E.17474
G1 X17.525 Y-3.159 E.0672
G1 X17.679 Y-2.074 E.05271
G1 X17.776 Y.124 E.10582
G1 E-2 F2400
G1 X-18.993 Y3.454 F7800
G1 E2 F2400
;TYPE:Perimeter
G1 F900
G1 X-19.027 Y3.456 E.00164
G1 X-19.025 Y2.35 E.05319
G1 X-18.897 Y-.144 E.12011
G1 X-19.029 Y-2.359 E.10672
G1 X-19.075 Y-3.687 E.06391
G1 X-17.777 Y-3.627 E.0625
G1 X-17.975 Y-2.273 E.06582
G1 X-18.017 Y-.823 E.06977
G1 X-18.062 Y-.174 E.03129
G1 X-18.06 Y1.389 E.07517
G1 X-18.032 Y2.109 E.03466
G1 X-17.94 Y2.768 E.032
G1 X-17.803 Y3.405 E.03134
G1 X-18.933 Y3.452 E.0544
G1 X-19.395 Y3.857 F7800
G1 F900
G1 X-19.413 Y3.858 E.00087
G1 X-19.411 Y2.34 E.07301
G1 X-19.282 Y-.124 E.11867
G1 X-19.415 Y-2.341 E.10682
G1 X-19.474 Y-4.092 E.08426
G1 X-17.332 Y-3.992 E.10313
G1 X-17.589 Y-2.262 E.08412
G1 X-17.632 Y-.811 E.06982
G1 X-17.677 Y-.171 E.03086
G1 X-17.675 Y1.389 E.07503
G1 X-17.649 Y2.06 E.0323
G1 X-17.562 Y2.687 E.03045
G1 X-17.33 Y3.772 E.05336
G1 X-19.335 Y3.854 E.09651
G1 X-19.797 Y4.259 F7800
;TYPE:External perimeter
G1 F900
G1 X-19.8 Y4.26 E.00015
G1 X-19.797 Y2.329 E.09287
G1 X-19.667 Y-.103 E.11714
G1 X-19.8 Y-2.323 E.10697
G1 X-19.874 Y-4.492 E.10438
G1 X-16.887 Y-4.358 E.14381
G1 X-17.204 Y-2.251 E.10248
G1 X-17.246 Y-.8 E.06982
G1 X-17.291 Y-.169 E.03043
G1 X-17.289 Y1.388 E.07489
G1 X-17.267 Y2.011 E.02998
G1 X-17.185 Y2.606 E.02889
G1 X-16.856 Y4.138 E.07536
G1 X-19.737 Y4.257 E.13868
G1 X-19.799 Y3.862 F7800
G1 E-2 F2400
G1 X-18.642 Y-.184 F7800
G1 E2 F2400
;TYPE:Solid infill
;WIDTH:0.428689
G1 F1200
G1 X-18.66 Y-.825 E.02914
;WIDTH:0.462966
G1 X-18.687 Y-1.585 E.03781
;WIDTH:0.497243
G1 X-18.715 Y-2.345 E.04106
;WIDTH:0.500727
G1 X-18.716 Y-2.401 E.00305
;WIDTH:0.530662
G1 X-18.717 Y-2.863 E.02687
;WIDTH:0.560597
G1 X-18.718 Y-3.326 E.02866
G1 X-18.175 Y-3.301 E.03364
G1 X-18.249 Y-2.69 E.03809
;WIDTH:0.52892
G1 X-18.283 Y-2.351 E.01974
;WIDTH:0.497243
G1 X-18.289 Y-1.591 E.04103
;WIDTH:0.462966
G1 X-18.296 Y-.83 E.03783
;WIDTH:0.428689
G1 X-18.319 Y-.078 E.03419
;WIDTH:0.424745
G1 X-18.337 Y1.388 E.0659
;WIDTH:0.425146
G1 X-18.337 Y1.394 E.00027
;WIDTH:0.452935
G1 X-18.321 Y1.867 E.02294
;WIDTH:0.480724
G1 X-18.306 Y2.339 E.02452
;WIDTH:0.51781
G1 X-18.199 Y3.098 E.04335
G1 X-18.703 Y3.119 E.02853
G1 X-18.71 Y2.748 E.02099
;WIDTH:0.504442
G1 X-18.713 Y2.385 E.01992
;WIDTH:0.478389
G1 X-18.717 Y2.021 E.0188
;WIDTH:0.452336
G1 X-18.697 Y1.379 E.03108
;WIDTH:0.424745
G1 X-18.643 Y.009 E.06162
M106 S239.7
;LAYER_CHANGE
;Z:25.85
;HEIGHT:0.300001
G1 E-2 F2400
G1 Z25.85 F7800
G1 Z25.85
G1 X19 Y3.656
G1 E2 F2400
;TYPE:Perimeter
;WIDTH:0.45
G1 F900
G1 X17.528 Y3.594 E.07086
G1 X17.634 Y2.844 E.03643
G1 X17.684 Y2.325 E.02508
G1 X17.762 Y.089 E.10761
G1 X17.667 Y-2.049 E.10293
G1 X17.472 Y-3.415 E.06637
G1 X18.905 Y-3.473 E.06898
G1 X18.868 Y.02 E.16801
G1 X18.921 Y2.403 E.11464
G1 X19.011 Y3.61 E.05821
G1 X19.426 Y4.06 F7800
G1 F900
G1 X17.086 Y3.961 E.11265
G1 X17.248 Y2.821 E.05538
G1 X17.299 Y2.312 E.0246
G1 X17.376 Y.106 E.10617
G1 X17.282 Y-2.032 E.10293
G1 X17.029 Y-3.783 E.08509
G1 X19.295 Y-3.874 E.10907
G1 X19.253 Y.024 E.18749
G1 X19.306 Y2.375 E.1131
G1 X19.426 Y4.005 E.07861
G1 X19.846 Y4.455 F7800
;TYPE:External perimeter
G1 F900
G1 X16.644 Y4.329 E.15412
G1 X16.865 Y2.773 E.07559
G1 X16.914 Y2.3 E.02287
G1 X16.991 Y.123 E.10477
G1 X16.897 Y-2.015 E.10293
G1 X16.585 Y-4.151 E.10382
G1 X19.688 Y-4.269 E.14935
G1 X19.639 Y.028 E.20668
G1 X19.691 Y2.346 E.11152
G1 X19.842 Y4.395 E.09882
G1 X19.444 Y4.439 F7800
G1 E-2 F2400
G1 X18.612 Y-3.171 F7800
G1 E2 F2400
;TYPE:Solid infill
G1 F1200
G1 X18.606 Y-2.599 E.02751
;WIDTH:0.493172
G1 X18.583 Y-2.422 E.00955
;WIDTH:0.536344
G1 X18.559 Y-2.245 E.01051
;WIDTH:0.579517
G1 X18.536 Y-2.068 E.01147
G1 X18.539 Y-1.009 E.06804
;WIDTH:0.550703
G1 X18.543 Y.051 E.0643
;WIDTH:0.52189
G1 X18.544 Y.12 E.00394
;WIDTH:0.551559
G1 X18.551 Y1.198 E.0655
;WIDTH:0.581515
G1 X18.558 Y2.277 E.0696
;WIDTH:0.584328
G1 X18.6 Y2.564 E.01881
;WIDTH:0.539552
G1 X18.635 Y2.744 E.01087
;WIDTH:0.494776
G1 X18.671 Y2.924 E.00985
;WIDTH:0.45
G1 X18.702 Y3.354 E.02074
G1 X17.857 Y3.318 E.04068
G1 X17.906 Y2.906 E.01996
;WIDTH:0.493838
G1 X17.951 Y2.695 E.01156
;WIDTH:0.537676
G1 X17.996 Y2.484 E.01274
;WIDTH:0.581515
G1 X18.041 Y2.274 E.01385
G1 X18.064 Y1.195 E.06961
;WIDTH:0.551559
G1 X18.087 Y.116 E.06558
;WIDTH:0.52189
G1 X18.085 Y.059 E.00325
;WIDTH:0.550703
G1 X18.053 Y-1 E.06426
;WIDTH:0.579517
G1 X18.021 Y-2.059 E.06807
G1 X17.977 Y-2.224 E.01097
;WIDTH:0.536344
G1 X17.932 Y-2.388 E.01001
;WIDTH:0.493172
G1 X17.887 Y-2.552 E.0091
;WIDTH:0.45
G1 X17.804 Y-3.139 E.02851
G1 X18.42 Y-3.164 E.02965
G1 E-2 F2400
G1 X-18.714 Y3.368 F7800
G1 E2 F2400
;TYPE:Perimeter
;WIDTH:0.551767
G1 F900
G1 X-18.731 Y2.668 E.04257
;WIDTH:0.520384
G1 X-18.727 Y2.343 E.01849
;WIDTH:0.491762
G1 X-18.723 Y2.017 E.01738
;WIDTH:0.463141
G1 X-18.691 Y1.049 E.04817
;WIDTH:0.419945
G1 X-18.644 Y-.07 E.04967
;WIDTH:0.389759
G1 X-18.644 Y-.26 E.00771
;WIDTH:0.437081
G1 X-18.653 Y-1.093 E.03872
;WIDTH:0.46482
G1 X-18.678 Y-1.68 E.02934
;WIDTH:0.49256
G1 X-18.702 Y-2.268 E.03143
;WIDTH:0.502699
G1 X-18.705 Y-2.412 E.00787
;WIDTH:0.544519
G1 X-18.71 Y-2.994 E.03485
;WIDTH:0.58634
G1 X-18.715 Y-3.576 E.03789
G1 X-18.141 Y-3.55 E.03741
G1 X-18.229 Y-2.77 E.0511
;WIDTH:0.53945
G1 X-18.274 Y-2.275 E.02945
;WIDTH:0.49256
G1 X-18.278 Y-1.687 E.0314
;WIDTH:0.46482
G1 X-18.281 Y-1.1 E.02932
;WIDTH:0.437081
G1 X-18.297 Y-.712 E.01805
;WIDTH:0.411418
G1 X-18.321 Y-.062 E.02815
;WIDTH:0.419945
G1 X-18.335 Y1.059 E.04972
;WIDTH:0.421296
G1 X-18.335 Y1.09 E.00138
;WIDTH:0.470648
G1 X-18.321 Y2.112 E.05179
;WIDTH:0.520384
G1 X-18.277 Y2.652 E.03081
;WIDTH:0.551767
G1 X-18.172 Y3.346 E.04267
G1 X-18.654 Y3.365 E.02932
G1 X-19.15 Y3.822 F7800
;WIDTH:0.45
G1 F900
G1 X-19.152 Y2.663 E.05574
G1 X-18.998 Y-.171 E.13651
G1 X-19.01 Y-.739 E.02732
G1 X-19.114 Y-2.334 E.07688
G1 X-19.19 Y-4.051 E.08266
G1 X-17.619 Y-3.981 E.07563
G1 X-17.868 Y-2.263 E.08349
G1 X-17.902 Y-1.088 E.05654
G1 X-17.967 Y-.182 E.04369
G1 X-17.965 Y1.058 E.05964
G1 X-17.928 Y2.062 E.04832
G1 X-17.815 Y2.928 E.042
G1 X-17.636 Y3.761 E.04098
G1 X-19.09 Y3.819 E.06999
G1 X-19.535 Y4.223 F7800
;TYPE:External perimeter
G1 F900
G1 X-19.538 Y2.653 E.07551
G1 X-19.383 Y-.112 E.1332
G1 X-19.395 Y-.714 E.02896
G1 X-19.499 Y-2.313 E.07707
G1 X-19.594 Y-4.456 E.10317
G1 X-17.162 Y-4.347 E.11709
G1 X-17.236 Y-3.935 E.02013
G1 X-17.482 Y-2.252 E.08181
G1 X-17.517 Y-1.077 E.05654
G1 X-17.581 Y-.183 E.04311
G1 X-17.579 Y1.058 E.05969
G1 X-17.546 Y2.013 E.04596
G1 X-17.438 Y2.847 E.04045
G1 X-17.163 Y4.128 E.06302
G1 X-19.475 Y4.221 E.11129
G1 X-19.535 Y3.825 F7800
M106 S244.8
;LAYER_CHANGE
;Z:26.15
;HEIGHT:0.299999
G1 E-2 F2400
G1 Z26.15 F7800
G1 Z26.15
G1 X18.59 Y3.506
G1 E2 F2400
;TYPE:Perimeter
;WIDTH:0.657566
G1 F900
G1 X18.59 Y3.509 E.00022
G1 X17.931 Y3.483 E.04879
G1 X17.978 Y3.132 E.0262
;WIDTH:0.654034
G1 X18.001 Y2.706 E.03138
;WIDTH:0.61814
G1 X18.024 Y2.28 E.02947
;WIDTH:0.582246
G1 X18.048 Y1.228 E.06797
;WIDTH:0.549892
G1 X18.071 Y.177 E.06366
;WIDTH:0.517538
G1 X18.069 Y.053 E.00701
;WIDTH:0.54589
G1 X18.038 Y-.991 E.06273
;WIDTH:0.574484
G1 X18.007 Y-2.034 E.06639
;WIDTH:0.581454
G1 X18 Y-2.139 E.00679
;WIDTH:0.6147
G1 X17.932 Y-2.72 E.04015
;WIDTH:0.647947
G1 X17.864 Y-3.301 E.04258
G1 X18.495 Y-3.326 E.04596
G1 X18.504 Y-2.531 E.05787
;WIDTH:0.611215
G1 X18.517 Y-2.042 E.03336
;WIDTH:0.574484
G1 X18.519 Y-.998 E.06642
;WIDTH:0.54589
G1 X18.522 Y.045 E.06264
;WIDTH:0.517538
G1 X18.524 Y.18 E.00763
;WIDTH:0.549892
G1 X18.533 Y1.231 E.06365
;WIDTH:0.582246
G1 X18.542 Y2.283 E.06795
;WIDTH:0.590074
G1 X18.545 Y2.403 E.00787
;WIDTH:0.62382
G1 X18.568 Y2.956 E.03862
;WIDTH:0.657566
G1 X18.588 Y3.446 E.03628
G1 X19.117 Y4.019 F7800
;WIDTH:0.45
G1 F900
G1 X17.37 Y3.951 E.08409
G1 X17.493 Y3.082 E.04221
G1 X17.571 Y2.317 E.03698
G1 X17.652 Y.114 E.10603
G1 X17.56 Y-2.015 E.10249
G1 X17.306 Y-3.764 E.085
G1 X18.985 Y-3.83 E.08082
G1 X18.941 Y.05 E.18663
G1 X19 Y2.371 E.11167
G1 X19.113 Y3.959 E.07657
G1 X19.533 Y4.42 F7800
;TYPE:External perimeter
G1 F900
G1 X16.928 Y4.32 E.12538
G1 X17.109 Y3.05 E.0617
G1 X17.185 Y2.299 E.0363
G1 X17.267 Y.131 E.10435
G1 X17.172 Y-2.018 E.10346
G1 X16.862 Y-4.132 E.10276
G1 X19.375 Y-4.231 E.12096
G1 X19.326 Y.055 E.20616
G1 X19.384 Y2.343 E.11008
G1 X19.528 Y4.361 E.09731
G1 X19.131 Y4.405 F7800
G1 E-2 F2400
G1 X-18.466 Y3.346 F7800
G1 E2 F2400
;TYPE:Perimeter
;WIDTH:0.531311
G1 F900
G1 X-18.479 Y3.172 E.01016
;WIDTH:0.506147
G1 X-18.492 Y2.999 E.00956
G1 E-2 F2400
G1 X-18.46 Y-2.674 F7800
G1 E2 F2400
;WIDTH:0.45286
G1 F900
G1 X-18.449 Y-2.891 E.01053
;WIDTH:0.493677
G1 X-18.438 Y-3.109 E.01169
;WIDTH:0.534494
G1 X-18.426 Y-3.327 E.0128
;WIDTH:0.575311
G1 X-18.415 Y-3.545 E.01391
G1 E-2 F2400
G1 X-18.892 Y3.79 F7800
G1 E2 F2400
;WIDTH:0.45
G1 F900
G1 X-18.892 Y2.976 E.03915
;WIDTH:0.489962
G1 X-18.854 Y2.653 E.01726
;WIDTH:0.529925
G1 X-18.815 Y2.329 E.01895
;WIDTH:0.569888
G1 X-18.777 Y2.006 E.02051
G1 X-18.755 Y1.374 E.03987
;WIDTH:0.541015
G1 X-18.733 Y.743 E.03753
;WIDTH:0.512143
G1 X-18.732 Y.715 E.00156
;WIDTH:0.511123
G1 X-18.697 Y-.253 E.05397
;WIDTH:0.517166
G1 X-18.699 Y-.806 E.03123
;WIDTH:0.54636
G1 X-18.702 Y-1.358 E.03318
;WIDTH:0.588823
G1 X-18.739 Y-2.258 E.05892
G1 X-18.768 Y-2.391 E.0089
;WIDTH:0.542549
G1 X-18.798 Y-2.525 E.00819
;WIDTH:0.496274
G1 X-18.827 Y-2.658 E.00733
;WIDTH:0.45
G1 X-18.864 Y-4.014 E.06524
G1 X-17.887 Y-3.97 E.04704
G1 X-17.951 Y-3.616 E.0173
G1 X-18.098 Y-2.62 E.04842
;WIDTH:0.496274
G1 X-18.137 Y-2.502 E.00669
;WIDTH:0.542549
G1 X-18.176 Y-2.385 E.00736
;WIDTH:0.588823
G1 X-18.215 Y-2.267 E.00813
G1 X-18.224 Y-1.667 E.03925
;WIDTH:0.557779
G1 X-18.233 Y-1.066 E.03699
;WIDTH:0.526735
G1 X-18.275 Y-.107 E.05536
;WIDTH:0.512143
G1 X-18.286 Y.748 E.04775
;WIDTH:0.541015
G1 X-18.279 Y1.38 E.03757
;WIDTH:0.569888
G1 X-18.272 Y2.012 E.03985
;WIDTH:0.571634
G1 X-18.197 Y2.455 E.02843
;WIDTH:0.531089
G1 X-18.127 Y2.838 E.02266
;WIDTH:0.490544
G1 X-18.057 Y3.222 E.02075
;WIDTH:0.45
G1 X-17.943 Y3.752 E.02607
G1 X-18.832 Y3.787 E.04279
G1 X-19.277 Y4.191 F7800
;TYPE:External perimeter
G1 F900
G1 X-19.279 Y2.977 E.05839
G1 X-19.101 Y-.245 E.1552
G1 X-19.119 Y-1.078 E.04007
G1 X-19.198 Y-2.3 E.0589
G1 X-19.301 Y-4.42 E.10208
G1 X-17.43 Y-4.336 E.09008
G1 X-17.572 Y-3.548 E.03851
G1 X-17.761 Y-2.253 E.06294
G1 X-17.81 Y-1.035 E.05863
G1 X-17.871 Y-.107 E.04473
G1 X-17.869 Y.734 E.04045
G1 X-17.825 Y2.015 E.06165
G1 X-17.68 Y3.141 E.0546
G1 X-17.47 Y4.119 E.04811
G1 X-19.217 Y4.188 E.08409
G1 X-19.277 Y3.793 F7800
M106 S247.35
;LAYER_CHANGE
;Z:26.45
;HEIGHT:0.300001
G1 E-2 F2400
G1 Z26.45 F7800
G1 Z26.45
G1 X18.192 Y-2.827
G1 E2 F2400
;TYPE:Perimeter
;WIDTH:0.616387
G1 F900
G1 X18.156 Y-2.902 E.00573
;WIDTH:0.567467
G1 X18.12 Y-2.978 E.00528
;WIDTH:0.518547
G1 X18.085 Y-3.053 E.00469
;WIDTH:0.469627
G1 X18.049 Y-3.128 E.0042
;WIDTH:0.420707
G1 X18.013 Y-3.204 E.00374
;WIDTH:0.374794
G1 X17.984 Y-3.413 E.00817
G1 X18.319 Y-3.426 E.01298
G1 X18.318 Y-3.263 E.00631
;WIDTH:0.423112
G1 X18.293 Y-3.176 E.00405
;WIDTH:0.471431
G1 X18.267 Y-3.088 E.00466
;WIDTH:0.519749
G1 X18.242 Y-3.001 E.00514
;WIDTH:0.568068
G1 X18.217 Y-2.914 E.00569
;WIDTH:0.616387
G1 X18.209 Y-2.885 E.00207
G1 E-2 F2400
G1 X18.436 Y3.614 F7800
G1 E2 F2400
;WIDTH:0.39818
G1 F900
G1 X18.066 Y3.6 E.01542
G1 X18.113 Y3.063 E.02244
;WIDTH:0.406286
G1 X18.153 Y2.895 E.00736
;WIDTH:0.445061
G1 X18.193 Y2.727 E.0082
;WIDTH:0.483835
G1 X18.233 Y2.559 E.00903
;WIDTH:0.52261
G1 X18.273 Y2.391 E.00987
G1 X18.309 Y2.56 E.00988
;WIDTH:0.483835
G1 X18.344 Y2.73 E.00908
;WIDTH:0.445061
G1 X18.38 Y2.899 E.0082
;WIDTH:0.406286
G1 X18.415 Y3.068 E.00736
;WIDTH:0.39818
G1 X18.434 Y3.554 E.02025
G1 E-2 F2400
G1 X18.192 Y-2.827 F7800
G1 E2 F2400
;WIDTH:0.616387
G1 F900
G1 X18.208 Y-2.591 E.01629
;WIDTH:0.579172
G1 X18.224 Y-2.354 E.01525
;WIDTH:0.541957
G1 X18.24 Y-2.118 E.01409
;WIDTH:0.504743
G1 X18.244 Y-2.015 E.00566
;WIDTH:0.493951
G1 X18.255 Y-1.319 E.0373
;WIDTH:0.456472
G1 X18.266 Y-.623 E.03404
;WIDTH:0.418993
G1 X18.277 Y.073 E.03079
;WIDTH:0.382275
G1 X18.279 Y.183 E.00436
;WIDTH:0.429231
G1 X18.275 Y.886 E.03199
;WIDTH:0.476188
G1 X18.27 Y1.589 E.03611
;WIDTH:0.523145
G1 X18.266 Y2.292 E.04023
;WIDTH:0.531953
G1 X18.266 Y2.369 E.00449
G1 X18.822 Y3.989 F7800
;WIDTH:0.45
G1 F900
G1 X17.654 Y3.944 E.05622
G1 X17.843 Y2.312 E.07902
G1 X17.927 Y.123 E.10536
G1 X17.837 Y-1.998 E.1021
G1 X17.583 Y-3.745 E.08491
G1 X18.671 Y-3.764 E.05234
G1 X18.629 Y.098 E.18576
G1 X18.688 Y2.281 E.10503
G1 X18.759 Y3.045 E.0369
G1 X18.818 Y3.929 E.04261
G1 X19.235 Y4.391 F7800
;TYPE:External perimeter
G1 F900
G1 X17.212 Y4.313 E.09737
G1 X17.387 Y2.989 E.06423
G1 X17.457 Y2.297 E.03345
G1 X17.542 Y.141 E.10378
G1 X17.45 Y-2.001 E.10312
G1 X17.139 Y-4.114 E.10272
G1 X19.08 Y-4.19 E.09343
G1 X19.057 Y-3.76 E.02071
G1 X19.014 Y.088 E.18509
G1 X19.073 Y2.27 E.10498
G1 X19.143 Y3.02 E.03623
G1 X19.231 Y4.331 E.0632
G1 X18.834 Y4.376 F7800
G1 E-2 F2400
G1 X-18.643 Y3.768 F7800
G1 E2 F2400
;TYPE:Perimeter
;WIDTH:0.429543
G1 F900
G1 X-18.653 Y3.306 E.02105
;WIDTH:0.44757
G1 X-18.61 Y2.894 E.0198
;WIDTH:0.484568
G1 X-18.567 Y2.482 E.02171
;WIDTH:0.521566
G1 X-18.523 Y2.07 E.02363
;WIDTH:0.523731
G1 X-18.524 Y2.063 E.00041
G1 X-18.523 Y2.07 E.00041
;WIDTH:0.521566
G1 X-18.452 Y2.478 E.02361
;WIDTH:0.484568
G1 X-18.38 Y2.886 E.02171
;WIDTH:0.44757
G1 X-18.309 Y3.295 E.01984
;WIDTH:0.429543
G1 X-18.237 Y3.752 E.02107
G1 X-18.583 Y3.766 E.01577
G1 X-18.524 Y2.063 F7800
;WIDTH:0.523731
G1 F900
G1 X-18.524 Y2.013 E.00286
;WIDTH:0.517095
G1 X-18.518 Y1.48 E.0301
;WIDTH:0.467825
G1 X-18.511 Y.947 E.02682
;WIDTH:0.418556
G1 X-18.505 Y.415 E.0235
;WIDTH:0.369287
G1 X-18.489 Y-.152 E.02157
;WIDTH:0.336751
G1 X-18.488 Y-.251 E.00336
;WIDTH:0.373989
G1 X-18.478 Y-.648 E.01534
;WIDTH:0.411228
G1 X-18.467 Y-1.045 E.01718
;WIDTH:0.448467
G1 X-18.457 Y-1.442 E.01902
;WIDTH:0.486094
G1 X-18.459 Y-1.854 E.02167
;WIDTH:0.523721
G1 X-18.461 Y-2.267 E.02366
;WIDTH:0.533725
G1 X-18.46 Y-2.339 E.00422
G1 X-18.509 Y-2.906 E.03332
;WIDTH:0.493044
G1 X-18.559 Y-3.473 E.03043
;WIDTH:0.452364
G1 X-18.597 Y-3.978 E.02451
G1 X-18.157 Y-3.958 E.02131
G1 X-18.196 Y-3.74 E.01072
G1 X-18.291 Y-3.211 E.02601
;WIDTH:0.493044
G1 X-18.375 Y-2.775 E.02374
;WIDTH:0.533725
G1 X-18.449 Y-2.398 E.02249
G1 E-2 F2400
G1 X-19.018 Y4.159 F7800
G1 E2 F2400
;TYPE:External perimeter
;WIDTH:0.45
G1 F900
G1 X-19.019 Y3.301 E.04127
G1 X-18.816 Y-.186 E.168
G1 X-18.842 Y-1.439 E.06028
G1 X-18.945 Y-3.458 E.09723
G1 X-19.015 Y-4.384 E.04466
G1 X-17.698 Y-4.325 E.06341
G1 X-17.815 Y-3.672 E.03191
G1 X-18.039 Y-2.255 E.069
G1 X-18.058 Y-1.622 E.03046
G1 X-18.16 Y-.227 E.06727
G1 X-18.16 Y.403 E.0303
G1 X-18.104 Y2.014 E.07753
G1 X-17.921 Y3.434 E.06886
G1 X-17.776 Y4.109 E.03321
G1 X-18.958 Y4.156 E.0569
G1 X-19.018 Y3.761 F7800
M106 S252.45
;LAYER_CHANGE
;Z:26.75
;HEIGHT:0.299999
G1 E-2 F2400
G1 Z26.75 F7800
G1 Z26.75
G1 X18.485 Y3.922
G1 E2 F2400
;TYPE:Perimeter
;WIDTH:0.521291
G1 F900
G1 X17.979 Y3.903 E.02886
G1 X18.03 Y3.384 E.02972
;WIDTH:0.497704
G1 X18.048 Y3.037 E.01878
;WIDTH:0.463615
G1 X18.066 Y2.691 E.01725
;WIDTH:0.429526
G1 X18.085 Y2.345 E.01578
;WIDTH:0.395437
G1 X18.086 Y2.286 E.00244
;WIDTH:0.390853
G1 X18.111 Y1.23 E.04301
;WIDTH:0.352741
G1 X18.135 Y.175 E.03795
;WIDTH:0.314629
G1 X18.134 Y.109 E.00206
;WIDTH:0.341814
G1 X18.104 Y-.936 E.03618
;WIDTH:0.369401
G1 X18.074 Y-1.98 E.03973
;WIDTH:0.373201
G1 X18.071 Y-2.036 E.00216
;WIDTH:0.419366
G1 X18.008 Y-2.619 E.02596
;WIDTH:0.465531
G1 X17.945 Y-3.202 E.02934
;WIDTH:0.49217
G1 X17.885 Y-3.706 E.02708
G1 X18.357 Y-3.725 E.0252
G1 X18.344 Y-3.254 E.02514
;WIDTH:0.468547
G1 X18.361 Y-2.656 E.03016
;WIDTH:0.420874
G1 X18.378 Y-2.057 E.02664
;WIDTH:0.373201
G1 X18.379 Y-1.984 E.00281
;WIDTH:0.369401
G1 X18.381 Y-.94 E.03972
;WIDTH:0.341814
G1 X18.384 Y.105 E.03616
;WIDTH:0.314629
G1 X18.385 Y.176 E.00222
;WIDTH:0.352741
G1 X18.399 Y1.232 E.03798
;WIDTH:0.390853
G1 X18.412 Y2.288 E.043
;WIDTH:0.395437
G1 X18.414 Y2.346 E.0024
;WIDTH:0.429526
G1 X18.43 Y2.692 E.01577
;WIDTH:0.463615
G1 X18.445 Y3.039 E.01729
;WIDTH:0.497704
G1 X18.461 Y3.391 E.01904
;WIDTH:0.521291
G1 X18.483 Y3.862 E.02687
G1 X18.937 Y4.361 F7800
;TYPE:External perimeter
;WIDTH:0.45
G1 F900
G1 X17.496 Y4.306 E.06936
G1 X17.596 Y3.598 E.03439
G1 X17.728 Y2.308 E.06237
G1 X17.818 Y.148 E.10398
G1 X17.727 Y-1.985 E.10268
G1 X17.416 Y-4.095 E.10258
G1 X18.787 Y-4.149 E.06599
G1 X18.738 Y-3.225 E.0445
G1 X18.702 Y.115 E.16065
G1 X18.768 Y2.277 E.10403
G1 X18.87 Y3.364 E.05251
G1 X18.933 Y4.301 E.04517
G1 X18.535 Y4.346 F7800
G1 E-2 F2400
G1 X-18.327 Y-3.993 F7800
G1 E2 F2400
;TYPE:Perimeter
;WIDTH:0.356445
G1 F900
G1 X-18.345 Y-3.961 E.00134
G1 X-18.4 Y-3.993 E.00232
G1 X-18.345 Y-4.025 E.00232
G1 E-2 F2400
G1 X-18.704 Y4.069 F7800
G1 E2 F2400
;TYPE:External perimeter
;WIDTH:0.56124
G1 F900
G1 X-18.711 Y3.619 E.02789
;WIDTH:0.548437
G1 X-18.704 Y3.088 E.03206
;WIDTH:0.498689
G1 X-18.697 Y2.557 E.02877
;WIDTH:0.448941
G1 X-18.691 Y2.026 E.02547
;WIDTH:0.399193
G1 X-18.69 Y1.994 E.00134
;WIDTH:0.396934
G1 X-18.649 Y.894 E.04566
;WIDTH:0.347829
G1 X-18.608 Y-.206 E.03892
;WIDTH:0.298758
G1 X-18.608 Y-.243 E.00108
;WIDTH:0.335248
G1 X-18.606 Y-1.02 E.02625
;WIDTH:0.371739
G1 X-18.604 Y-1.797 E.02979
;WIDTH:0.396276
G1 X-18.617 Y-2.299 E.02079
;WIDTH:0.423138
G1 X-18.62 Y-2.614 E.0141
;WIDTH:0.45
G1 X-18.623 Y-2.93 E.0152
G1 X-18.73 Y-4.349 E.06844
G1 X-17.964 Y-4.314 E.03688
G1 X-18.248 Y-2.59 E.08404
;WIDTH:0.423138
G1 X-18.288 Y-2.279 E.01403
;WIDTH:0.396276
G1 X-18.297 Y-1.789 E.02029
;WIDTH:0.371739
G1 X-18.336 Y-1.013 E.02979
;WIDTH:0.335248
G1 X-18.374 Y-.236 E.02628
;WIDTH:0.298758
G1 X-18.374 Y-.202 E.00099
;WIDTH:0.347829
G1 X-18.366 Y.898 E.03889
;WIDTH:0.396934
G1 X-18.358 Y1.999 E.04567
;WIDTH:0.399193
G1 X-18.357 Y2.015 E.00067
;WIDTH:0.448941
G1 X-18.315 Y2.544 E.02545
;WIDTH:0.498689
G1 X-18.272 Y3.074 E.0288
;WIDTH:0.548437
G1 X-18.229 Y3.603 E.03204
;WIDTH:0.56124
G1 X-18.213 Y3.758 E.00966
G1 X-18.151 Y4.047 E.01832
G1 X-18.644 Y4.066 E.03057
G1 X-18.71 Y3.672 F7800
M106 S255
;LAYER_CHANGE
;Z:27.05
;HEIGHT:0.299999
G1 E-2 F2400
G1 Z27.05 F7800
G1 Z27.05
G1 X18.223 Y3.928
G1 E2 F2400
;TYPE:Perimeter
;WIDTH:0.453189
G1 F600
G1 X18.227 Y3.733 E.00946
G1 E-2 F2400
G1 X18.154 Y-3.729 F7800
G1 E2 F2400
;WIDTH:0.404025
G1 F600
G1 X18.132 Y-3.693 E.00179
G1 X18.069 Y-3.729 E.00307
G1 X18.132 Y-3.766 E.0031
G1 E-2 F2400
G1 X18.638 Y4.331 F7800
G1 E2 F2400
;TYPE:External perimeter
;WIDTH:0.45
G1 F600
G1 X17.779 Y4.298 E.04135
G1 X17.858 Y3.695 E.02925
;WIDTH:0.488767
G1 X18.02 Y2.282 E.07528
;WIDTH:0.4879
G1 X18.046 Y1.225 E.05585
;WIDTH:0.446855
G1 X18.071 Y.169 E.05039
;WIDTH:0.405811
G1 X18.07 Y.141 E.00119
;WIDTH:0.432527
G1 X18.041 Y-.904 E.048
;WIDTH:0.459535
G1 X18.011 Y-1.949 E.05152
;WIDTH:0.461718
G1 X18.01 Y-1.97 E.00104
;WIDTH:0.487383
G1 X17.971 Y-2.324 E.01879
;WIDTH:0.513049
G1 X17.932 Y-2.679 E.01999
G1 X17.842 Y-3.178 E.02837
;WIDTH:0.481524
G1 X17.752 Y-3.676 E.02633
;WIDTH:0.45
G1 X17.693 Y-4.076 E.01945
G1 X18.495 Y-4.107 E.0386
G1 X18.473 Y-3.71 E.01912
;WIDTH:0.481524
G1 X18.43 Y-3.205 E.02637
;WIDTH:0.513049
G1 X18.387 Y-2.7 E.02836
;WIDTH:0.516302
G1 X18.396 Y-2.323 E.02126
;WIDTH:0.487918
G1 X18.406 Y-1.955 E.01945
;WIDTH:0.459535
G1 X18.409 Y-.91 E.0515
;WIDTH:0.432527
G1 X18.411 Y.135 E.04798
;WIDTH:0.405811
G1 X18.412 Y.17 E.00149
;WIDTH:0.446855
G1 X18.428 Y1.227 E.05043
;WIDTH:0.4879
G1 X18.444 Y2.284 E.05584
;WIDTH:0.488767
G1 X18.596 Y3.698 E.07528
;WIDTH:0.45
G1 X18.597 Y3.708 E.00048
G1 X18.634 Y4.271 E.02714
G1 X18.237 Y4.316 F7800
G1 E-2 F2400
G1 X-18.272 Y-4.215 F7800
G1 E2 F2400
;WIDTH:0.636455
G1 F600
G1 X-18.308 Y-4.153 E.00512
G1 X-18.379 Y-4.153 E.00507
G1 X-18.415 Y-4.215 E.00512
G1 X-18.379 Y-4.277 E.00512
G1 X-18.308 Y-4.277 E.00507
G1 E-2 F2400
G1 X-18.451 Y4.042 F7800
G1 E2 F2400
;WIDTH:0.550259
G1 F600
G1 X-18.458 Y3.951 E.00553
;WIDTH:0.536965
G1 X-18.48 Y3.301 E.03834
;WIDTH:0.49277
G1 X-18.501 Y2.652 E.03469
;WIDTH:0.448575
G1 X-18.523 Y2.002 E.03117
;WIDTH:0.404381
G1 X-18.523 Y1.962 E.0017
G1 X-18.51 Y2.361 F7800
;LAYER_CHANGE
;Z:27.35
;HEIGHT:0.300001
G1 E-2 F2400
G1 Z27.35 F7800
G1 Z27.35
G1 X18.175 Y-2.154
G1 E2 F2400
G1 F600
G1 X18.191 Y-1.929 E.00957
G1 X18.175 Y-2.154 F7800
G1 F600
G1 X18.175 Y-2.16 E.00025
;WIDTH:0.403834
G1 X17.944 Y-3.935 E.07578
;WIDTH:0.361938
G1 X17.92 Y-4.099 E.00615
G1 X18.248 Y-4.112 E.01218
G1 X18.24 Y-3.949 E.00606
;WIDTH:0.403834
G1 X18.177 Y-2.214 E.07351
G1 X18.115 Y-2.61 F7800
G1 E-2 F2400
G1 X18.374 Y4.339 F7800
G1 E2 F2400
;WIDTH:0.378127
G1 F600
G1 X18.022 Y4.325 E.01379
G1 X18.047 Y4.147 E.00703
;WIDTH:0.404234
G1 X18.215 Y2.301 E.07857
;WIDTH:0.404381
G1 X18.215 Y2.299 E.00008
G1 X18.215 Y2.301 E.00008
;WIDTH:0.404234
G1 X18.357 Y4.149 E.07856
;WIDTH:0.378127
G1 X18.369 Y4.279 E.00511
G1 X17.969 Y4.278 F7800
G1 E-2 F2400
M107
;TYPE:Custom
; objects_info = {"objects":[]}
; filament used [mm] = 1652.57, 0.00, 0.00, 0.00
; filament used [cm3] = 3.97, 0.00, 0.00, 0.00
; total filament used [g] = 0.00
; total filament cost = 0.00
; total filament used for wipe tower [g] = 0.00
; estimated printing time (normal mode) = 24m 45s
; estimated first layer printing time (normal mode) = 1s

; prusaslicer_config = begin
; arc_fitting = disabled
; autoemit_temperature_commands = 1
; automatic_extrusion_widths = 0
; automatic_infill_combination = 0
; automatic_infill_combination_max_layer_height = 100%
; avoid_crossing_curled_overhangs = 0
; avoid_crossing_perimeters = 0
; avoid_crossing_perimeters_max_detour = 0
; bed_custom_model = 
; bed_custom_texture = 
; bed_shape = 49.8097x4.35779,49.2404x8.68241,48.2963x12.941,46.9846x17.101,45.3154x21.1309,43.3013x25,40.9576x28.6788,38.3022x32.1394,35.3553x35.3553,32.1394x38.3022,28.6788x40.9576,25x43.3013,21.1309x45.3154,17.101x46.9846,12.941x48.2963,8.68241x49.2404,4.35779x49.8097,3.06162e-15x50,-4.35779x49.8097,-8.68241x49.2404,-12.941x48.2963,-17.101x46.9846,-21.1309x45.3154,-25x43.3013,-28.6788x40.9576,-32.1394x38.3022,-35.3553x35.3553,-38.3022x32.1394,-40.9576x28.6788,-43.3013x25,-45.3154x21.1309,-46.9846x17.101,-48.2963x12.941,-49.2404x8.68241,-49.8097x4.35779,-50x6.12323e-15,-49.8097x-4.35779,-49.2404x-8.68241,-48.2963x-12.941,-46.9846x-17.101,-45.3154x-21.1309,-43.3013x-25,-40.9576x-28.6788,-38.3022x-32.1394,-35.3553x-35.3553,-32.1394x-38.3022,-28.6788x-40.9576,-25x-43.3013,-21.1309x-45.3154,-17.101x-46.9846,-12.941x-48.2963,-8.68241x-49.2404,-4.35779x-49.8097,-9.18485e-15x-50,4.35779x-49.8097,8.68241x-49.2404,12.941x-48.2963,17.101x-46.9846,21.1309x-45.3154,25x-43.3013,28.6788x-40.9576,32.1394x-38.3022,35.3553x-35.3553,38.3022x-32.1394,40.9576x-28.6788,43.3013x-25,45.3154x-21.1309,46.9846x-17.101,48.2963x-12.941,49.2404x-8.68241,49.8097x-4.35779,50x-1.22465e-14
; bed_temperature = 0,0,0,0
; bed_temperature_extruder = 0
; before_layer_gcode = 
; between_objects_gcode = 
; binary_gcode = 0
; bottom_fill_pattern = monotonic
; bottom_solid_layers = 3
; bottom_solid_min_thickness = 0
; bridge_acceleration = 0
; bridge_angle = 0
; bridge_fan_speed = 100,100,100,100
; bridge_flow_ratio = 1
; bridge_speed = 60
; brim_separation = 0
; brim_type = no_brim
; brim_width = 0
; chamber_minimal_temperature = 0,0,0,0
; chamber_temperature = 0,0,0,0
; color_change_gcode = M600
; colorprint_heights = 
; complete_objects = 0
; cooling = 1,1,1,1
; cooling_tube_length = 5
; cooling_tube_retraction = 91.5
; default_acceleration = 0
; default_filament_profile = 
; default_print_profile = 
; deretract_speed = 0,0,0,0
; disable_fan_first_layers = 3,3,3,3
; dont_support_bridges = 1
; draft_shield = disabled
; duplicate_distance = 6
; elefant_foot_compensation = 0
; enable_dynamic_fan_speeds = 0,0,0,0
; enable_dynamic_overhang_speeds = 0
; end_filament_gcode = ;;;
; end_gcode = 
; ensure_vertical_shell_thickness = enabled
; external_perimeter_acceleration = 0
; external_perimeter_extrusion_width = 0.45
; external_perimeter_speed = 50%
; external_perimeters_first = 0
; extra_loading_move = -2
; extra_perimeters = 1
; extra_perimeters_on_overhangs = 0
; extruder_clearance_height = 20
; extruder_clearance_radius = 20
; extruder_colour = ;#FFFF00;;
; extruder_offset = 0x0,0x0,0x0,0x0
; extrusion_axis = E
; extrusion_multiplier = 1,1,1,1
; extrusion_width = 0.45
; fan_always_on = 0,0,0,0
; fan_below_layer_time = 60,60,60,60
; filament_abrasive = 0,0,0,0
; filament_colour = #29B2B2;#29B2B2;#29B2B2;#29B2B2
; filament_cooling_final_speed = 3.4,3.4,3.4,3.4
; filament_cooling_initial_speed = 2.2,2.2,2.2,2.2
; filament_cooling_moves = 4,4,4,4
; filament_cost = 0,0,0,0
; filament_density = 0,0,0,0
; filament_deretract_speed = nil,nil,nil,nil
; filament_diameter = 1.75,1.75,1.75,1.75
; filament_infill_max_crossing_speed = 0,0,0,0
; filament_infill_max_speed = 0,0,0,0
; filament_load_time = 0,0,0,0
; filament_loading_speed = 28,28,28,28
; filament_loading_speed_start = 3,3,3,3
; filament_max_volumetric_speed = 0,0,0,0
; filament_minimal_purge_on_wipe_tower = 15,15,15,15
; filament_multitool_ramming = 0,0,0,0
; filament_multitool_ramming_flow = 10,10,10,10
; filament_multitool_ramming_volume = 10,10,10,10
; filament_notes = ;;;
; filament_purge_multiplier = 100%,100%,100%,100%
; filament_ramming_parameters = "120 100 6.6 6.8 7.2 7.6 7.9 8.2 8.7 9.4 9.9 10.0| 0.05 6.6 0.45 6.8 0.95 7.8 1.45 8.3 1.95 9.7 2.45 10 2.95 7.6 3.45 7.6 3.95 7.6 4.45 7.6 4.95 7.6";"120 100 6.6 6.8 7.2 7.6 7.9 8.2 8.7 9.4 9.9 10.0| 0.05 6.6 0.45 6.8 0.95 7.8 1.45 8.3 1.95 9.7 2.45 10 2.95 7.6 3.45 7.6 3.95 7.6 4.45 7.6 4.95 7.6";"120 100 6.6 6.8 7.2 7.6 7.9 8.2 8.7 9.4 9.9 10.0| 0.05 6.6 0.45 6.8 0.95 7.8 1.45 8.3 1.95 9.7 2.45 10 2.95 7.6 3.45 7.6 3.95 7.6 4.45 7.6 4.95 7.6";"120 100 6.6 6.8 7.2 7.6 7.9 8.2 8.7 9.4 9.9 10.0| 0.05 6.6 0.45 6.8 0.95 7.8 1.45 8.3 1.95 9.7 2.45 10 2.95 7.6 3.45 7.6 3.95 7.6 4.45 7.6 4.95 7.6"
; filament_retract_before_travel = nil,nil,nil,nil
; filament_retract_before_wipe = nil,nil,nil,nil
; filament_retract_layer_change = nil,nil,nil,nil
; filament_retract_length = nil,nil,nil,nil
; filament_retract_length_toolchange = nil,nil,nil,nil
; filament_retract_lift = nil,nil,nil,nil
; filament_retract_lift_above = nil,nil,nil,nil
; filament_retract_lift_below = nil,nil,nil,nil
; filament_retract_restart_extra = nil,nil,nil,nil
; filament_retract_restart_extra_toolchange = nil,nil,nil,nil
; filament_retract_speed = nil,nil,nil,nil
; filament_seam_gap_distance = nil,nil,nil,nil
; filament_settings_id = "S4 Slicer";"S4 Slicer";"S4 Slicer";"S4 Slicer"
; filament_shrinkage_compensation_xy = 0%,0%,0%,0%
; filament_shrinkage_compensation_z = 0%,0%,0%,0%
; filament_soluble = 0,0,0,0
; filament_spool_weight = 0,0,0,0
; filament_stamping_distance = 0,0,0,0
; filament_stamping_loading_speed = 20,20,20,20
; filament_toolchange_delay = 0,0,0,0
; filament_travel_lift_before_obstacle = nil,nil,nil,nil
; filament_travel_max_lift = nil,nil,nil,nil
; filament_travel_ramping_lift = nil,nil,nil,nil
; filament_travel_slope = nil,nil,nil,nil
; filament_type = PLA;PLA;PLA;PLA
; filament_unload_time = 0,0,0,0
; filament_unloading_speed = 90,90,90,90
; filament_unloading_speed_start = 100,100,100,100
; filament_vendor = (Unknown)
; filament_wipe = nil,nil,nil,nil
; fill_angle = 45
; fill_density = 20%
; fill_pattern = stars
; first_layer_acceleration = 0
; first_layer_acceleration_over_raft = 0
; first_layer_bed_temperature = 0,0,0,0
; first_layer_extrusion_width = 0.42
; first_layer_height = 0.35
; first_layer_infill_speed = 0
; first_layer_speed = 30
; first_layer_speed_over_raft = 30
; first_layer_temperature = 200,200,200,200
; full_fan_speed_layer = 0,0,0,0
; fuzzy_skin = none
; fuzzy_skin_point_dist = 0.8
; fuzzy_skin_thickness = 0.3
; gap_fill_enabled = 1
; gap_fill_speed = 20
; gcode_comments = 0
; gcode_flavor = reprapfirmware
; gcode_label_objects = disabled
; gcode_resolution = 0.0125
; gcode_substitutions = 
; high_current_on_filament_swap = 0
; host_type = prusalink
; idle_temperature = nil,nil,nil,nil
; infill_acceleration = 0
; infill_anchor = 600%
; infill_anchor_max = 50
; infill_every_layers = 1
; infill_extruder = 1
; infill_extrusion_width = 0.45
; infill_first = 0
; infill_overlap = 25%
; infill_speed = 80
; interface_shells = 0
; interlocking_beam = 0
; interlocking_beam_layer_count = 2
; interlocking_beam_width = 0.8
; interlocking_boundary_avoidance = 2
; interlocking_depth = 2
; interlocking_orientation = 22.5
; ironing = 0
; ironing_flowrate = 15%
; ironing_spacing = 0.1
; ironing_speed = 15
; ironing_type = top
; layer_gcode = 
; layer_height = 0.3
; machine_limits_usage = time_estimate_only
; machine_max_acceleration_e = 10000,5000
; machine_max_acceleration_extruding = 1500,1250
; machine_max_acceleration_retracting = 1500,1250
; machine_max_acceleration_travel = 1500,1250
; machine_max_acceleration_x = 9000,1000
; machine_max_acceleration_y = 9000,1000
; machine_max_acceleration_z = 500,200
; machine_max_feedrate_e = 120,120
; machine_max_feedrate_x = 500,200
; machine_max_feedrate_y = 500,200
; machine_max_feedrate_z = 12,12
; machine_max_jerk_e = 2.5,2.5
; machine_max_jerk_x = 10,10
; machine_max_jerk_y = 10,10
; machine_max_jerk_z = 0.2,0.4
; machine_min_extruding_rate = 0,0
; machine_min_travel_rate = 0,0
; max_fan_speed = 100,100,100,100
; max_layer_height = 0,0,0,0
; max_print_height = 300
; max_print_speed = 80
; max_volumetric_extrusion_rate_slope_negative = 0
; max_volumetric_extrusion_rate_slope_positive = 0
; max_volumetric_speed = 0
; min_bead_width = 85%
; min_fan_speed = 35,35,35,35
; min_feature_size = 25%
; min_layer_height = 0.07,0.07,0.07,0.07
; min_print_speed = 10,10,10,10
; min_skirt_length = 0
; mmu_segmented_region_interlocking_depth = 0
; mmu_segmented_region_max_width = 0
; multimaterial_purging = 140
; notes = 
; nozzle_diameter = 0.4,0.4,0.4,0.4
; nozzle_high_flow = 0,0,0,0
; only_one_perimeter_first_layer = 0
; only_retract_when_crossing_perimeters = 0
; ooze_prevention = 0
; output_filename_format = [input_filename_base].gcode
; over_bridge_speed = 0
; overhang_fan_speed_0 = 0,0,0,0
; overhang_fan_speed_1 = 0,0,0,0
; overhang_fan_speed_2 = 0,0,0,0
; overhang_fan_speed_3 = 0,0,0,0
; overhang_speed_0 = 15
; overhang_speed_1 = 15
; overhang_speed_2 = 20
; overhang_speed_3 = 25
; overhangs = 1
; parking_pos_retraction = 92
; pause_print_gcode = M601
; perimeter_acceleration = 0
; perimeter_extruder = 1
; perimeter_extrusion_width = 0.45
; perimeter_generator = arachne
; perimeter_speed = 60
; perimeters = 3
; physical_printer_settings_id = 
; post_process = 
; prefer_clockwise_movements = 0
; print_settings_id = S4 Slicer
; printer_model = 
; printer_notes = 
; printer_settings_id = S4 Slicer
; printer_technology = FFF
; printer_variant = 
; printer_vendor = 
; raft_contact_distance = 0.1
; raft_expansion = 1.5
; raft_first_layer_density = 90%
; raft_first_layer_expansion = 3
; raft_layers = 0
; remaining_times = 0
; resolution = 0
; retract_before_travel = 2,2,2,2
; retract_before_wipe = 0%,0%,0%,0%
; retract_layer_change = 0,0,0,0
; retract_length = 2,2,2,2
; retract_length_toolchange = 10,10,10,10
; retract_lift = 0,0,0,0
; retract_lift_above = 0,0,0,0
; retract_lift_below = 0,0,0,0
; retract_restart_extra = 0,0,0,0
; retract_restart_extra_toolchange = 0,0,0,0
; retract_speed = 40,40,40,40
; scarf_seam_entire_loop = 0
; scarf_seam_length = 20
; scarf_seam_max_segment_length = 1
; scarf_seam_on_inner_perimeters = 0
; scarf_seam_only_on_smooth = 1
; scarf_seam_placement = nowhere
; scarf_seam_start_height = 0%
; seam_gap_distance = 15%
; seam_position = aligned
; silent_mode = 1
; single_extruder_multi_material = 0
; single_extruder_multi_material_priming = 1
; skirt_distance = 6
; skirt_height = 1
; skirts = 0
; slice_closing_radius = 0.049
; slicing_mode = regular
; slowdown_below_layer_time = 5,5,5,5
; small_perimeter_speed = 15
; solid_infill_acceleration = 0
; solid_infill_below_area = 70
; solid_infill_every_layers = 0
; solid_infill_extruder = 1
; solid_infill_extrusion_width = 0.45
; solid_infill_speed = 20
; spiral_vase = 0
; staggered_inner_seams = 0
; standby_temperature_delta = -5
; start_filament_gcode = ;;;
; start_gcode = 
; support_material = 0
; support_material_angle = 0
; support_material_auto = 1
; support_material_bottom_contact_distance = 0
; support_material_bottom_interface_layers = -1
; support_material_buildplate_only = 0
; support_material_closing_radius = 2
; support_material_contact_distance = 0.2
; support_material_enforce_layers = 0
; support_material_extruder = 1
; support_material_extrusion_width = 0.35
; support_material_interface_contact_loops = 0
; support_material_interface_extruder = 1
; support_material_interface_layers = 3
; support_material_interface_pattern = rectilinear
; support_material_interface_spacing = 0
; support_material_interface_speed = 100%
; support_material_pattern = rectilinear
; support_material_spacing = 2.5
; support_material_speed = 60
; support_material_style = grid
; support_material_synchronize_layers = 0
; support_material_threshold = 0
; support_material_with_sheath = 1
; support_material_xy_spacing = 50%
; support_tree_angle = 40
; support_tree_angle_slow = 25
; support_tree_branch_diameter = 2
; support_tree_branch_diameter_angle = 5
; support_tree_branch_diameter_double_wall = 3
; support_tree_branch_distance = 1
; support_tree_tip_diameter = 0.8
; support_tree_top_rate = 15%
; temperature = 200,200,200,200
; template_custom_gcode = 
; thick_bridges = 1
; thin_walls = 1
; thumbnails = 
; thumbnails_format = PNG
; toolchange_gcode = 
; top_fill_pattern = monotonic
; top_infill_extrusion_width = 0.4
; top_one_perimeter_type = none
; top_solid_infill_acceleration = 0
; top_solid_infill_speed = 15
; top_solid_layers = 3
; top_solid_min_thickness = 0
; travel_acceleration = 0
; travel_lift_before_obstacle = 0,0,0,0
; travel_max_lift = 0,0,0,0
; travel_ramping_lift = 0,0,0,0
; travel_slope = 0,0,0,0
; travel_speed = 130
; travel_speed_z = 0
; use_firmware_retraction = 0
; use_relative_e_distances = 1
; use_volumetric_e = 0
; variable_layer_height = 1
; wall_distribution_count = 1
; wall_transition_angle = 10
; wall_transition_filter_deviation = 25%
; wall_transition_length = 100%
; wipe = 0,0,0,0
; wipe_into_infill = 0
; wipe_into_objects = 0
; wipe_tower = 0
; wipe_tower_acceleration = 0
; wipe_tower_bridging = 10
; wipe_tower_brim_width = 2
; wipe_tower_cone_angle = 0
; wipe_tower_extra_flow = 100%
; wipe_tower_extra_spacing = 100%
; wipe_tower_extruder = 0
; wipe_tower_no_sparse_layers = 0
; wipe_tower_width = 60
; wiping_volumes_matrix = 0,140,140,140,140,0,140,140,140,140,0,140,140,140,140,0
; wiping_volumes_use_custom_matrix = 0
; xy_size_compensation = 0
; z_offset = 0
; prusaslicer_config = end
